duration,tempo,acousticness,dynamic_range,energy,brightness,fullness,density,instrumentalness,danceability,valence,tension,filename
276.15414965986395,120.18531976744185,0.5231211497817672,0.7622808837890624,0.0844784677028656,0.3752241726834275,0.6168078948566605,0.23628451251299698,0.0007345468982080505,0.2999999999999739,0.5575422177762652,0.6189038048177785,/volumes/Seagate/mtg-jamendo-dataset/05/1181205.mp3
280.941179138322,112.34714673913044,0.5672772658375027,0.541822509765625,0.09834402054548264,0.6864156559553815,0.8630790101129429,0.6816062748007123,0.0012296822815061244,0.34650225185191486,0.5620650970301697,0.6229908279903398,/volumes/Seagate/mtg-jamendo-dataset/05/1136905.mp3
188.26448979591837,126.04801829268293,0.5672704795392381,0.6706076812744141,0.09296713024377823,0.7604904518653883,0.9684590595644029,0.2371999350235239,0.0034732755576844755,0.3,0.6675414884916487,0.5999598691894303,/volumes/Seagate/mtg-jamendo-dataset/05/269905.mp3
328.82938775510206,120.18531976744185,0.5195420991796851,0.5257624511718751,0.1848582625389099,0.5216958225758785,0.7606378825063347,0.5310850747965183,0.0005343119894803505,0.6280226880300257,0.5932452179150397,0.6478999309309996,/volumes/Seagate/mtg-jamendo-dataset/05/81805.mp3
210.42666666666668,99.38401442307692,0.5884426666590403,0.5752755126953125,0.1643391251564026,0.6018700769961381,0.8458130851080171,0.2606325988225399,0.0033803789646450395,0.8921875726544896,0.5999218627503607,0.6391777125062328,/volumes/Seagate/mtg-jamendo-dataset/05/492105.mp3
638.5643310657597,109.95678191489361,0.6174470138146739,0.45447819519042965,0.40507641434669495,0.4228937602791835,0.9256412736768913,0.17409406841968497,0.002970795621325996,0.7429121906677496,0.418565609762779,0.7621143872122543,/volumes/Seagate/mtg-jamendo-dataset/05/1355005.mp3
233.04283446712017,132.51201923076923,0.5209654786811448,0.7642851562499999,0.04755858704447746,0.2078325760608996,0.3331265437800138,0.06958017868924765,0.0010608517386298069,0.2906438648267084,0.4506616077428115,0.6269887697874497,/volumes/Seagate/mtg-jamendo-dataset/05/399205.mp3
214.97333333333333,92.28515625,0.5188429151094682,0.7417196960449219,0.06580468267202377,0.3761356101107366,0.7146835256776194,0.1147404428626562,0.003680939820276945,0.6406926708739102,0.3881392980763691,0.6460618261466547,/volumes/Seagate/mtg-jamendo-dataset/05/1269805.mp3
319.32081632653063,120.18531976744185,0.5617085146602241,0.4738566284179688,0.2693358063697815,0.4328904997050014,0.8206862176892705,0.3047655193512488,0.0013455895912795586,0.29999999923672627,0.5604164983049806,0.6848775906321253,/volumes/Seagate/mtg-jamendo-dataset/05/1312105.mp3
167.0530612244898,92.28515625,0.5819911156622154,0.5215903930664062,0.16996222734451294,0.3767262879130185,0.679227202868611,0.21565592958035354,0.0057805975763989305,0.7237239306505476,0.3888847605033432,0.683409449743356,/volumes/Seagate/mtg-jamendo-dataset/05/415605.mp3
119.98798185941043,120.18531976744185,0.6062362534220644,0.933448455810547,0.1481073498725891,0.5195543290911769,0.7714573755085951,0.2586597755672767,0.0013612463661404161,0.8630015263732227,0.5134106225394148,0.6506365214462491,/volumes/Seagate/mtg-jamendo-dataset/05/1154905.mp3
196.85333333333332,101.33272058823529,0.5784083003437297,0.28464790344238283,0.09027781337499619,0.1327185896485684,0.2834310063527331,0.12828698669152297,0.0005138420345470298,0.5606857954724693,0.40536024454373176,0.6514279639062522,/volumes/Seagate/mtg-jamendo-dataset/05/380605.mp3
144.52,105.46875,0.5765936876815545,0.38161697387695315,0.37615567445755005,0.5127954484338139,0.7320959873817227,0.6899304031600727,0.0005092131379878481,0.9482549972712884,0.4987067059889965,0.7356747016069187,/volumes/Seagate/mtg-jamendo-dataset/05/863505.mp3
288.0,126.04801829268293,0.5471434471743966,0.4766809997558595,0.17777995765209198,0.5339607487309894,0.8047258612272864,0.31250345349021275,0.001870837628822458,0.4401860894554541,0.5415442588615345,0.6556919329824462,/volumes/Seagate/mtg-jamendo-dataset/05/1400005.mp3
365.5384807256236,129.19921875,0.5406265547253817,0.5185830078125001,0.2421528846025467,0.8283838361472577,1.0,0.4041394857016698,0.003914286942641008,0.2999999998879817,0.751075896756392,0.6369598591056383,/volumes/Seagate/mtg-jamendo-dataset/05/1371705.mp3
336.0,161.4990234375,0.5786348508120744,0.722279052734375,0.1793840527534485,0.48530317501881876,0.8397591246425782,0.18269903192449566,0.003282041047085761,0.3,0.6555878656612343,0.6334606858589946,/volumes/Seagate/mtg-jamendo-dataset/05/1208805.mp3
215.46666666666667,109.95678191489361,0.5451001091414345,0.6066970520019531,0.21889083087444305,0.7242753455181766,0.8717350817834926,0.41765233881661523,0.0017636250315656065,0.9059937616190585,0.6286495276811779,0.6530707935785639,/volumes/Seagate/mtg-jamendo-dataset/05/193905.mp3
274.2187528344671,120.18531976744185,0.5532912761287783,0.7270015792846681,0.03485981747508049,0.12789461249297562,0.2084086777203858,0.1292678796389996,0.0002973090998219625,0.2989604554119371,0.39526432801064937,0.6334966686888992,/volumes/Seagate/mtg-jamendo-dataset/05/1150105.mp3
207.20433106575965,126.04801829268293,0.5290749391370835,0.44551255798339845,0.19869329035282135,0.4775308564858926,0.838625393494599,0.288408074690339,0.002551233181095242,0.8450364149440641,0.4965951087196416,0.6722105627830873,/volumes/Seagate/mtg-jamendo-dataset/05/1347105.mp3
222.8928798185941,126.04801829268293,0.552607934120803,0.3823721008300781,0.04178222268819809,0.24746210261068682,0.5512629899386721,0.14253435455860888,0.0005132429696081914,0.8000901315166937,0.28562393309439704,0.657916813548872,/volumes/Seagate/mtg-jamendo-dataset/05/188705.mp3
236.20024943310656,139.6748310810811,0.5617034542012962,1.0,0.09116809815168381,0.5802075859220421,0.8523625207919165,0.08589345977018384,0.0051624201275253315,0.34617810680322253,0.5838903189338991,0.6160424515478263,/volumes/Seagate/mtg-jamendo-dataset/05/3905.mp3
229.9239909297052,172.265625,0.5532341746497389,0.5107515716552736,0.07315446436405182,0.41270666064230715,0.6386398692158283,0.2973287110301045,0.0005034876290512601,0.5890465500910556,0.6800287956989509,0.5903298480312684,/volumes/Seagate/mtg-jamendo-dataset/05/320805.mp3
183.02401360544218,151.99908088235293,0.5821177713478797,0.7486818542480468,0.21330168843269348,0.5652065518677527,0.9766726207497851,0.20528184539695066,0.003067060244161402,0.2999999842166192,0.677871978014232,0.6412142122329233,/volumes/Seagate/mtg-jamendo-dataset/05/953505.mp3
140.5291836734694,126.04801829268293,0.518199797245456,0.8618295745849609,0.1451113522052765,0.4440896846436226,0.8245733152596962,0.196891427650336,0.004192198297468016,0.4307746943845014,0.48429389343475937,0.6553813081069477,/volumes/Seagate/mtg-jamendo-dataset/05/1076605.mp3
383.45142857142855,120.18531976744185,0.578252946592358,0.5436925659179687,0.16176080703735352,0.5298286643518355,0.9254573690236924,0.1661107943887965,0.0029038176595889385,0.789980585728562,0.5839558719131871,0.6414427161508098,/volumes/Seagate/mtg-jamendo-dataset/05/1414205.mp3
390.48572916666666,181.4516129032258,0.5592862952096684,0.4371122131347656,0.10276655852794647,0.39167821708552597,0.6518650847837264,0.24150025750032145,0.0008516577568580951,0.2999999992546698,0.6808023391941024,0.6008354932312403,/volumes/Seagate/mtg-jamendo-dataset/05/1030905.mp3
62.855873015873016,120.18531976744185,0.5997224417286446,0.42664909362792963,0.16198217868804932,0.5957873614849474,0.9346911511953714,0.6013551136619604,0.0029526363227396265,0.29999999933887944,0.5436446222107937,0.649584659885539,/volumes/Seagate/mtg-jamendo-dataset/05/1082105.mp3
121.4456462585034,90.66611842105263,0.5788104735713393,1.0,0.14011268317699432,0.4792219943870264,0.7445817408349,0.23393650282932427,0.0012442988947498888,0.30054266106535005,0.4592867345486506,0.6585832190339878,/volumes/Seagate/mtg-jamendo-dataset/05/1320005.mp3
176.58775510204083,129.19921875,0.5760876299913288,0.3068431091308594,0.1208503469824791,0.19747973038942915,0.3222993856619277,0.30534225071394094,4.5161835338423626e-05,0.2996643925926891,0.4028465361860431,0.6629368176764838,/volumes/Seagate/mtg-jamendo-dataset/05/169205.mp3
272.96,92.28515625,0.5952188240083547,0.5267741394042968,0.21822220087051392,0.7012186992148665,0.9138021608460418,0.48796007265929486,0.0015174925364396504,0.7508999729815151,0.5807896240030276,0.6624020675127795,/volumes/Seagate/mtg-jamendo-dataset/05/1061705.mp3
289.55319727891157,107.666015625,0.5413271943446956,0.5549952697753906,0.1584845632314682,0.40166515587745205,0.6982490656510734,0.17326764334561273,0.002182340219219396,0.29999999999918964,0.6365563650958967,0.6297431697441491,/volumes/Seagate/mtg-jamendo-dataset/05/1108005.mp3
566.9384126984127,123.046875,0.5529872841037581,0.4898473815917969,0.07910077273845673,0.2975828578871769,0.5153077334636539,0.14251358412668763,0.0008055063603487469,0.2988748163853759,0.3910190886402711,0.6502724604577902,/volumes/Seagate/mtg-jamendo-dataset/05/1028505.mp3
191.70666666666668,123.046875,0.5613058585779787,1.0,0.028997452929615974,0.4956106066480765,0.5176356964376001,0.16122286505975336,0.0004382520442368034,0.6322063693906015,0.6156318523003094,0.5873127125945999,/volumes/Seagate/mtg-jamendo-dataset/05/1380005.mp3
350.9289795918367,139.6748310810811,0.5624974230394582,0.3322067565917969,0.36382001638412476,0.7646470115572671,0.9310237391964931,0.8810259282001958,0.0009430221885618195,0.795145013591279,0.6934286266400422,0.6922894805702765,/volumes/Seagate/mtg-jamendo-dataset/05/454905.mp3
251.7344671201814,139.6748310810811,0.5538638533617051,0.9526801757812501,0.09750548750162125,0.4258702672483648,0.7544543572313201,0.1611265653771697,0.0010639374727457788,0.29999999999999927,0.5271652536364312,0.6296689247732975,/volumes/Seagate/mtg-jamendo-dataset/05/1406405.mp3
246.00607709750568,99.38401442307692,0.6035913682923304,0.5294079437255861,0.2652023732662201,0.8402412819858124,1.0,0.8163273057931146,0.0078061344792831845,0.9374314083065175,0.6021794072970741,0.6750369729164244,/volumes/Seagate/mtg-jamendo-dataset/05/1388005.mp3
352.05224489795916,120.18531976744185,0.5859205625328249,0.4696326522827149,0.07318234443664551,0.2638005540828416,0.5541553326362294,0.18331419048262504,0.0001870673967790203,0.5094844256801081,0.409904218822396,0.6443648002327133,/volumes/Seagate/mtg-jamendo-dataset/05/248705.mp3
246.11467120181405,156.60511363636363,0.5809382134684804,0.6859420928955079,0.14291441440582275,0.8217526692067088,1.0,0.7130676895711832,0.0031485419347674314,0.2999999999990604,0.7632102272727272,0.5988071437315508,/volumes/Seagate/mtg-jamendo-dataset/05/1266505.mp3
286.76643990929705,151.99908088235293,0.5667936906677917,0.36192413330078127,0.16751836240291595,0.8886658575410226,1.0,0.3794764900403953,0.01359844701794617,0.7669181602139312,0.7074706457987531,0.6188124813052991,/volumes/Seagate/mtg-jamendo-dataset/05/1135605.mp3
204.0,120.18531976744185,0.5848756195696456,0.30408697509765625,0.15309755504131317,0.2387713866148409,0.38184691035933643,0.2960360995597209,7.552159478640178e-05,0.29999999999162025,0.5008683399687556,0.6549414518211216,/volumes/Seagate/mtg-jamendo-dataset/05/1378005.mp3
349.70666666666665,99.38401442307692,0.5273313491191945,0.7737468719482422,0.08621824532747269,0.2630341564724462,0.4822001941511162,0.14566891389649572,0.0008839834341890004,0.29999999999999993,0.2855452487823862,0.6739295185614129,/volumes/Seagate/mtg-jamendo-dataset/05/320005.mp3
184.8,132.51201923076923,0.5754160400453436,0.45069363403320317,0.18787334859371185,0.3239708060465914,0.5408092528267879,0.3713369432978159,0.00019946352899719982,0.2999999999841373,0.48764875658989737,0.6701046541757567,/volumes/Seagate/mtg-jamendo-dataset/05/1294005.mp3
294.5454648526077,109.95678191489361,0.5848629119466686,1.0,0.1763060837984085,0.35016349625488813,0.7540681069286069,0.05051129049779324,0.011334840816077003,0.3,0.3939502232512997,0.6846801455171672,/volumes/Seagate/mtg-jamendo-dataset/05/665105.mp3
208.19698412698412,139.6748310810811,0.5940715444181901,0.8611740417480469,0.11771766096353531,0.9018186607245134,1.0,0.35653904166320977,0.0057959612026299845,0.4227612196172357,0.766926645760835,0.5889930287947057,/volumes/Seagate/mtg-jamendo-dataset/05/195105.mp3
240.00532879818593,139.6748310810811,0.5684802596292435,0.4729870147705077,0.09155644476413727,0.27291738321006176,0.517809429697092,0.2935753362757833,0.0002760295185819794,0.8647608658090739,0.45892360816382993,0.6411755984823234,/volumes/Seagate/mtg-jamendo-dataset/05/1366705.mp3
225.37498866213153,109.95678191489361,0.5824517780091891,0.7167056884765625,0.2406945377588272,0.561743592125909,0.7847046297987245,0.45748850719847023,0.0020395835930058664,0.29999999999999655,0.6105571533083618,0.6645386029315055,/volumes/Seagate/mtg-jamendo-dataset/05/22805.mp3
204.8261224489796,114.84375,0.5197242096205492,0.9213842315673828,0.18386611342430115,0.5029087011821429,0.742273050340951,0.5047706338311471,0.0008286022907914086,0.42276527640875156,0.6190047123321791,0.6423908583663126,/volumes/Seagate/mtg-jamendo-dataset/05/875005.mp3
313.49551020408165,99.38401442307692,0.5739605327455884,0.3540835876464844,0.2274015098810196,0.7517996752188371,0.9994220134861789,0.7114409148757637,0.00295771823798348,0.2999999999995511,0.6945666299731976,0.6429512175625275,/volumes/Seagate/mtg-jamendo-dataset/05/188505.mp3
174.86975056689343,109.95678191489361,0.5543807383548587,0.4690951385498047,0.07145790755748749,0.35449077564736975,0.5488161775587165,0.23793012437194674,0.0002477024908692623,0.46315166460547635,0.4527525934026866,0.6351743280401583,/volumes/Seagate/mtg-jamendo-dataset/05/1346205.mp3
279.97015873015874,132.51201923076923,0.43996768061817815,0.5956785583496095,0.05189191550016403,0.50954656741302,0.6987688743053097,0.11840398901604607,0.002483800976063613,0.4467872233777632,0.6006284856839845,0.5985553924432622,/volumes/Seagate/mtg-jamendo-dataset/05/1086405.mp3
226.9257142857143,129.19921875,0.5530501568398807,0.555675277709961,0.15432901680469513,0.5484185028202571,0.8108971489951654,0.4629464452835463,0.001298028674907595,0.8161966221580488,0.5426230681773092,0.6470338324142284,/volumes/Seagate/mtg-jamendo-dataset/05/367005.mp3
90.00521541950113,120.18531976744185,0.4104200357868497,0.2095968933105469,0.12892520427703857,0.15604486912143473,0.16825965519714686,0.21561000777039888,4.043922010567144e-05,0.6495100473530961,0.27806566935948634,0.6907999396678366,/volumes/Seagate/mtg-jamendo-dataset/05/1345305.mp3
302.39036281179136,120.18531976744185,0.569294569402396,0.4164372253417969,0.26693224906921387,0.5341121922192027,0.833807262315796,0.4868948558179431,0.0012204144579459621,0.3242358433126235,0.5316317983000622,0.6897692500049046,/volumes/Seagate/mtg-jamendo-dataset/05/378605.mp3
225.88371882086167,101.33272058823529,0.5781543349536492,0.5148057250976562,0.0779791921377182,0.374618404220275,0.7617969217050996,0.32133397347747444,0.00048008353135010624,0.2999999999999943,0.4861665386724089,0.6308392014350969,/volumes/Seagate/mtg-jamendo-dataset/05/1209205.mp3
259.2715646258503,107.666015625,0.6145736882290009,0.21904096984863283,0.30305418372154236,0.8718731739068845,1.0,0.8548000681511382,0.010604966216538619,0.7061586974502672,0.5986979254125246,0.6893599210572503,/volumes/Seagate/mtg-jamendo-dataset/05/1106305.mp3
271.7653287981859,161.4990234375,0.6126152344761624,0.1599054260253906,0.3453366160392761,0.577240105255263,0.8490195697077773,0.8536552023073205,0.0006724539842211766,0.7570857365624011,0.642940535915234,0.6957330745910926,/volumes/Seagate/mtg-jamendo-dataset/05/1226705.mp3
124.8,147.65625,0.5128731955449348,0.8144031524658203,0.08998353034257889,0.36346773950093614,0.7593454340831755,0.12681293250141804,0.003707358092422105,0.35774283940472834,0.5021978546341259,0.6319544999965032,/volumes/Seagate/mtg-jamendo-dataset/05/1406705.mp3
193.0,120.18531976744185,0.5707861649324073,0.38308222961425786,0.1560111790895462,0.7022258603005883,0.9799558503657075,0.4785176882086434,0.0030838580019793348,0.34055244378465155,0.714141625972218,0.6133356992777931,/volumes/Seagate/mtg-jamendo-dataset/05/1313105.mp3
90.0,114.84375,0.5201434625071157,0.8711504058837892,0.131520614027977,0.5368495923373758,0.8461642443571066,0.23964421455360066,0.0012787872525346499,0.2999999999481692,0.5582094311080797,0.6357055348284558,/volumes/Seagate/mtg-jamendo-dataset/05/1271205.mp3
141.59374149659865,123.046875,0.5851443816090498,0.5569056701660157,0.26231321692466736,0.49319136690738535,0.8313843198132638,0.2547936548568503,0.0023864221274560683,0.3,0.580168431341269,0.6783990718246264,/volumes/Seagate/mtg-jamendo-dataset/05/1353305.mp3
304.5,90.66611842105263,0.5174204930057948,0.7881875610351563,0.12219390273094177,0.47057688658891955,0.643806583260007,0.2630076961132582,0.0012537031403614467,0.7710629669250003,0.4696467509129854,0.650060454800542,/volumes/Seagate/mtg-jamendo-dataset/05/1403905.mp3
198.20960416666668,175.78125,0.5530472519854228,0.49602459716796865,0.2276967167854309,0.48173051887511276,0.7877338739499485,0.3259480537548743,0.0005050607915677752,0.7956527038265238,0.6154451663786286,0.6588817847670294,/volumes/Seagate/mtg-jamendo-dataset/05/1056205.mp3
115.86746031746031,114.84375,0.5785395795531267,1.0,0.09619153290987015,0.1992982042490726,0.4628495134643531,0.17545725597536535,0.0008073256437247917,0.2975892570104345,0.484833436019683,0.6376622646436166,/volumes/Seagate/mtg-jamendo-dataset/05/824305.mp3
223.5921088435374,95.703125,0.5954084238711734,0.6281561584472657,0.26039665937423706,0.7723892906810386,1.0,0.30158240873129954,0.010657875009819852,0.5495309253398937,0.5601632682995759,0.6817101437148102,/volumes/Seagate/mtg-jamendo-dataset/05/1281205.mp3
125.0,123.046875,0.4907235925806457,0.3163529052734375,0.11276151984930038,0.38432614092978307,0.660905717368513,0.24643139493529237,0.000754478600554462,0.28889273935610615,0.5878347039133689,0.6230272063630744,/volumes/Seagate/mtg-jamendo-dataset/05/1380605.mp3
60.0,139.6748310810811,0.5566928683638063,0.3942283782958985,0.2360905259847641,0.5407514996407887,0.7887657794469515,0.5368638148455788,0.0009662865125372611,0.32314158455461495,0.6591570858581567,0.6531611721828837,/volumes/Seagate/mtg-jamendo-dataset/05/1294205.mp3
124.50065759637188,120.18531976744185,0.5960769277236917,1.0,0.19600963592529297,0.35693907156574445,0.601168073652095,0.2812451669835609,0.0006937999650667045,0.2999999999933401,0.44684762574690473,0.6811939437837246,/volumes/Seagate/mtg-jamendo-dataset/05/565805.mp3
216.44961451247167,120.18531976744185,0.5500158023166339,0.9328236465454103,0.12591005861759186,0.5172750193707528,0.7511879359461371,0.3974516093584021,0.0015737982628394613,0.43192388143429306,0.6235358186628649,0.62062045736976,/volumes/Seagate/mtg-jamendo-dataset/05/1379105.mp3
243.68419501133786,114.84375,0.5819719156325621,0.8423736114501953,0.19083470106124878,0.527585360874522,0.8390952161704303,0.24064002602865478,0.002773119864824623,0.2999999999999999,0.5880586124315891,0.6510887698957317,/volumes/Seagate/mtg-jamendo-dataset/05/564205.mp3
201.5880045351474,86.1328125,0.5749537200273216,0.18405905151367186,0.26395976543426514,0.6842106117895431,0.8407965339870273,1.0,0.001076955283548898,0.9729838375872776,0.6216934835631713,0.6706868188437012,/volumes/Seagate/mtg-jamendo-dataset/05/1393805.mp3
306.97333333333336,120.18531976744185,0.5559345544631863,0.5606432342529297,0.057812828570604324,0.5968736260691894,0.9879024350465445,0.35115826215937734,0.0020657544868485137,0.3414910241932774,0.5516719470156469,0.6104782288822882,/volumes/Seagate/mtg-jamendo-dataset/05/628405.mp3
109.18913832199547,90.66611842105263,0.5566218553562895,0.6113856506347655,0.0716472640633583,0.30971200717289943,0.516878938784033,0.17977982650639904,0.00036500237795670604,0.4497012063422331,0.38892454618450606,0.6480081058259077,/volumes/Seagate/mtg-jamendo-dataset/05/1073705.mp3
322.05662131519273,117.45383522727273,0.5679720659396931,0.46630845642089847,0.2149246335029602,0.33725977418190967,0.6043007988316662,0.2922214992878119,0.0005114327933227352,0.29999999998409,0.42829288707139995,0.6917142906467857,/volumes/Seagate/mtg-jamendo-dataset/05/1314305.mp3
108.00809523809524,112.34714673913044,0.5729720194621317,0.7193923873901368,0.0643184706568718,0.10662257010071569,0.23600403158693511,0.15393064614223098,0.00014242394456374897,0.28374551428983613,0.4017571495066796,0.6428032195351379,/volumes/Seagate/mtg-jamendo-dataset/05/1384405.mp3
118.0238775510204,120.18531976744185,0.5599193504823619,0.4755371856689453,0.14398974180221558,0.255814667419059,0.5649946622403061,0.2221705061827325,0.0006433060833640879,0.6421358700408988,0.4914860503462194,0.6535390969795537,/volumes/Seagate/mtg-jamendo-dataset/05/1405305.mp3
157.94659863945577,109.95678191489361,0.5598109787439018,0.4664952697753907,0.1475333571434021,0.33424949985992697,0.6859368010621522,0.17192101182312816,0.0018945743887823054,0.64223910113134,0.49480314501490863,0.6541513795686431,/volumes/Seagate/mtg-jamendo-dataset/05/1217305.mp3
100.79780045351474,109.95678191489361,0.5218292177681112,1.0,0.12412374466657639,0.365671760903827,0.7116598292099299,0.17802462060557026,0.0007661038599148671,0.2920980565589061,0.49550553255059393,0.6455834415698487,/volumes/Seagate/mtg-jamendo-dataset/05/168805.mp3
430.3531972789116,143.5546875,0.5952060781546615,0.41080137634277347,0.28348496556282043,0.968820012385215,1.0,0.9884587850410715,0.006052985398705771,0.3,0.827109375,0.6366327126026153,/volumes/Seagate/mtg-jamendo-dataset/05/87505.mp3
283.0,92.28515625,0.5530492883840752,0.7135517883300782,0.24027299880981445,0.50775804958846,0.7757976922248608,0.3299442874638789,0.0008572039239002506,0.7433454022803851,0.5566782667046306,0.6751626262306071,/volumes/Seagate/mtg-jamendo-dataset/05/273605.mp3
451.6048979591837,139.6748310810811,0.589961439946958,0.5866755981445313,0.39383041858673096,0.6036136830645001,0.750432504567531,0.7772014955554064,0.0006045344254365395,0.695082139168703,0.6302710230183282,0.7157247460875575,/volumes/Seagate/mtg-jamendo-dataset/05/502605.mp3
234.76,139.6748310810811,0.5991722457704325,0.3104270935058594,0.2224157154560089,0.7454173144578307,1.0,0.6988578644997172,0.0032005944639964838,0.29999999816484785,0.6676260817494946,0.6465444412142642,/volumes/Seagate/mtg-jamendo-dataset/05/945205.mp3
232.5,129.19921875,0.5591116579793274,0.6103356170654297,0.26690059900283813,0.7440195662718841,0.9873242029954155,0.43183787904991805,0.00382597769280448,0.5334015976941854,0.654609611681823,0.6651622933046571,/volumes/Seagate/mtg-jamendo-dataset/05/1328505.mp3
267.67673469387756,99.38401442307692,0.5581734553918125,0.45554031372070314,0.09827310591936111,0.281664731062414,0.4967158287948902,0.2848720400805673,0.00032495528571043516,0.47872518255835306,0.38391688694572684,0.6585949407418247,/volumes/Seagate/mtg-jamendo-dataset/05/26905.mp3
316.15385487528346,103.359375,0.5874467264483992,0.7957003479003906,0.14598442614078522,0.38072444468673755,0.5905455095769404,0.19811735117938722,0.0006294196961604726,0.29999999999999893,0.4385890761806811,0.6648365781745464,/volumes/Seagate/mtg-jamendo-dataset/05/919605.mp3
203.5461224489796,129.19921875,0.5891871848422487,0.5478840026855469,0.1627543419599533,0.632590145946631,0.9058022384443127,0.5354482766295752,0.0009936792700353863,0.5969333413576131,0.6760386694573416,0.623383829214115,/volumes/Seagate/mtg-jamendo-dataset/05/1359805.mp3
295.0693197278912,129.19921875,0.5680249749676699,0.24923965454101563,0.2454988807439804,0.5114829520129212,0.894179281585934,0.48582552185295225,0.0013352291635788417,0.40982153428853924,0.6216867781575621,0.6640422414363205,/volumes/Seagate/mtg-jamendo-dataset/05/1165405.mp3
240.80034013605442,123.046875,0.5476045043280645,0.6235055541992187,0.0703335553407669,0.2414424491364367,0.452669715027166,0.16564504616166165,0.0002639969767747982,0.26734049364425366,0.4311364909784826,0.6390927817269796,/volumes/Seagate/mtg-jamendo-dataset/05/1151405.mp3
150.0,114.84375,0.5840027450595474,0.9826634674072267,0.04708908498287201,0.964334015570989,1.0,0.03619308313826172,0.01852182021448715,0.5262185095780543,0.7696875000000001,0.563014570593834,/volumes/Seagate/mtg-jamendo-dataset/05/963305.mp3
107.07698412698413,129.19921875,0.6455473365752616,0.7717400970458985,0.07020710408687592,0.1262706259561178,0.3774506962282602,0.07216000296184247,0.0035685412740095153,0.6819764292270618,0.44297736252285785,0.6366790849667038,/volumes/Seagate/mtg-jamendo-dataset/05/1370405.mp3
296.9139002267574,126.04801829268293,0.5814171509954507,0.2745950927734375,0.3041462302207947,0.6326168292696501,0.8655836394604309,0.9336362205850797,0.0008546199692796364,0.5975768588499508,0.5880268506965223,0.6918872727401816,/volumes/Seagate/mtg-jamendo-dataset/05/1234505.mp3
341.4262131519274,126.04801829268293,0.5751083272385693,0.18216873168945313,0.34965863823890686,0.6051868367196298,0.9014666750501333,0.6572804575337399,0.0010592108061482884,0.6809678360754237,0.6525622655126295,0.6953646566634806,/volumes/Seagate/mtg-jamendo-dataset/05/786205.mp3
548.1273469387755,120.18531976744185,0.5878411039733875,0.64910782623291,0.09053217619657516,0.3127138548520101,0.5960405614583468,0.17047608813798887,0.0007082351582481568,0.3293921515961093,0.4428326581769827,0.6440250517953705,/volumes/Seagate/mtg-jamendo-dataset/05/543405.mp3
520.0,105.46875,0.5671759554498266,0.8277372741699216,0.052296653389930725,0.16036942740338014,0.27445162022829844,0.18481335663992943,9.262380124056861e-05,0.7317326579686809,0.35816541305758764,0.6471937126088576,/volumes/Seagate/mtg-jamendo-dataset/05/1333205.mp3
930.6249886621315,123.046875,0.5821718381406356,0.8935044403076172,0.0047392710112035275,0.5711902446492995,0.8386902063431104,0.11407780608907164,0.000747707052236999,0.2968845927052796,0.5696039183671436,0.5877853538906046,/volumes/Seagate/mtg-jamendo-dataset/05/1118605.mp3
317.28,117.45383522727273,0.5839174503869276,0.47990222167968744,0.27913057804107666,0.3587772671485321,0.6764556581097991,0.24847383597697076,0.0009566150179058205,0.29999999995056964,0.4325582862395379,0.71397535084688,/volumes/Seagate/mtg-jamendo-dataset/05/530905.mp3
242.64272108843537,161.4990234375,0.5458970141258548,0.6589623413085939,0.15446177124977112,0.6028939503783737,0.916717415162894,0.2681505426537519,0.002288191666337523,0.8222298888187578,0.6304573392692345,0.6295147697960707,/volumes/Seagate/mtg-jamendo-dataset/05/1271905.mp3
180.0,139.6748310810811,0.5949620790768946,0.4529465942382814,0.19465723633766174,0.42420025210356815,0.782842812509429,0.39786868534320013,0.001069486197793023,0.3,0.5054677696241675,0.6689830511567247,/volumes/Seagate/mtg-jamendo-dataset/05/1163205.mp3
343.1581179138322,166.70866935483872,0.5246189198476926,0.4346510772705078,0.08311327546834946,0.3987710273798954,0.7043892689739255,0.3377765748697476,0.0007727330322481153,0.5378505848554124,0.6638844840450769,0.5971438823595904,/volumes/Seagate/mtg-jamendo-dataset/05/1178105.mp3
30.0,129.19921875,0.5592608886811721,0.7246878356933593,0.1249212697148323,0.234024655453886,0.4526880790429776,0.23754247526995395,0.00018343323097940153,0.29999999999999927,0.41392888239578574,0.6621858806181825,/volumes/Seagate/mtg-jamendo-dataset/05/1419105.mp3
278.2220408163265,135.99917763157896,0.5680684751022054,0.36103842163085953,0.24518968164920807,0.6635258029759781,0.9553087057818908,0.7346412705520754,0.0025013324685879477,0.8225087688334409,0.6375582207978738,0.6607566412341401,/volumes/Seagate/mtg-jamendo-dataset/05/1380905.mp3
275.7866666666667,87.5926906779661,0.5445202963639907,0.4730760955810547,0.0721997544169426,0.3071584031679142,0.5587069673630428,0.2727144477927625,0.0002478488061359615,0.7244097848193687,0.47086778925430944,0.6318183537392374,/volumes/Seagate/mtg-jamendo-dataset/05/1057705.mp3
199.4733106575964,87.5926906779661,0.5916718810421033,0.3079473266601563,0.23838159441947937,0.4851681275010773,0.7507024401997092,0.7806723428659034,0.0005619339274830237,0.2999999999118616,0.45281382724732305,0.695254608541548,/volumes/Seagate/mtg-jamendo-dataset/05/78305.mp3
268.42718820861677,166.70866935483872,0.5583485602140585,0.4092010498046875,0.24736559391021729,0.7185823350404529,1.0,0.47839288747110903,0.004126709953987841,0.5851269710598042,0.5218625336013064,0.684679107087417,/volumes/Seagate/mtg-jamendo-dataset/05/1151905.mp3
1041.2527437641722,132.51201923076923,0.5801150533788559,0.7187789611816406,0.06949702650308609,0.44856156068565267,0.7495175847485974,0.166157316216533,0.001147336927705234,0.31118604225366236,0.5161484939622357,0.6217892307486639,/volumes/Seagate/mtg-jamendo-dataset/05/145905.mp3
183.04179138321996,109.95678191489361,0.5509303422105494,0.5779947280883789,0.12449820339679718,0.5486821387216014,0.8565765052464933,0.2885248589895515,0.0013917434620417683,0.7485809032222941,0.5240033318485422,0.6400186868531386,/volumes/Seagate/mtg-jamendo-dataset/05/873805.mp3
161.09333333333333,99.38401442307692,0.5624863023056831,0.42641746520996093,0.20504102110862732,0.4233447985100427,0.7047917784994182,0.3925082085931842,0.0007409244853846429,0.44934601140571256,0.4340250951003941,0.6870097485790271,/volumes/Seagate/mtg-jamendo-dataset/05/1196205.mp3
147.47945578231293,123.046875,0.5727138116105591,0.5095478515624999,0.23104970157146454,0.7755303602252989,0.9714970398821382,0.44964757700792785,0.0037188822629221443,0.8723880370961591,0.6690090808159014,0.6493760764025469,/volumes/Seagate/mtg-jamendo-dataset/05/1179605.mp3
194.79510204081632,120.18531976744185,0.5841176819685725,0.2238486022949219,0.3134533762931824,0.5925831415648887,0.7364148590515271,0.9237900453383221,0.0002553062188561495,0.4457740284076045,0.6773037157732957,0.6773824723108866,/volumes/Seagate/mtg-jamendo-dataset/05/112605.mp3
185.6255328798186,89.10290948275862,0.5938434926606821,0.5230352478027344,0.22807839512825012,0.7485177419748105,1.0,0.33228545844780477,0.005862300471260197,0.5142136936597892,0.5556538914909291,0.6709774439479842,/volumes/Seagate/mtg-jamendo-dataset/05/1061405.mp3
300.0,95.703125,0.535485101115589,0.5667770538330078,0.05366558954119682,0.4237595332005476,0.68761939852989,0.1577255908781998,0.0017456000907997023,0.5496470060203706,0.516174152480671,0.6160847817386966,/volumes/Seagate/mtg-jamendo-dataset/05/785705.mp3
153.6,126.04801829268293,0.580224583119076,0.7423190307617188,0.11891727149486542,0.23047219124086155,0.44391312506114844,0.23661946905917552,0.00024771175116049775,0.29996710396129106,0.4965159400045677,0.643507029737238,/volumes/Seagate/mtg-jamendo-dataset/05/1132805.mp3
196.86428571428573,103.359375,0.5772001346309839,0.6084407653808593,0.08396708965301514,0.6944910074290217,1.0,0.24685337517997458,0.0038528078127442887,0.5561044785511607,0.5652202922351229,0.6171840938280608,/volumes/Seagate/mtg-jamendo-dataset/05/74105.mp3
605.3599319727891,139.6748310810811,0.5604956025849106,0.3106678009033203,0.1854473501443863,0.4357035923865488,0.6648766280124231,0.6630485606378829,0.00035241068334891955,0.29999999985633485,0.3954853483426909,0.6876639763834409,/volumes/Seagate/mtg-jamendo-dataset/05/768905.mp3
84.89365079365079,151.99908088235293,0.530568972120666,0.6302598266601562,0.22140063345432281,0.11998695172362572,0.3099744299193973,0.13566151824515646,0.00041909457797222564,0.5558044291164635,0.28326331478889905,0.7230515650857765,/volumes/Seagate/mtg-jamendo-dataset/05/1375205.mp3
219.50936507936507,99.38401442307692,0.5045823357452534,0.40261444091796883,0.20977512001991272,0.5051531204192659,0.8543686475594755,0.2936496613075297,0.004320327553604651,0.4190464016743994,0.4655346412154755,0.6824121149640735,/volumes/Seagate/mtg-jamendo-dataset/05/38005.mp3
296.1739229024943,92.28515625,0.585792474298352,0.5486178588867188,0.1610993891954422,0.49717205523369623,0.8549633063114832,0.16362372615925602,0.002161338138627404,0.5040711179153236,0.5308593969372705,0.6518239007229052,/volumes/Seagate/mtg-jamendo-dataset/05/436705.mp3
288.6041666666667,122.28260869565217,0.5468114073015957,0.4406214904785156,0.10531408339738846,0.44598785477960856,0.7649918951558307,0.24502364926077466,0.001058692124181854,0.8766095266543661,0.5618784039564088,0.6255373892317782,/volumes/Seagate/mtg-jamendo-dataset/05/269005.mp3
252.20868480725625,129.19921875,0.5593646188897565,0.5380496368408203,0.1515008509159088,1.0,1.0,0.44278419731352536,0.03341277181644315,0.7935570698470473,0.606642783260699,0.6332117496775874,/volumes/Seagate/mtg-jamendo-dataset/05/1379505.mp3
144.7,105.46875,0.5177228221705936,0.7565680236816408,0.12252026051282883,0.2825876316654203,0.6289797857226807,0.14982857947963305,0.0009277986967972244,0.4482242456890104,0.38100239735092667,0.6679068143144331,/volumes/Seagate/mtg-jamendo-dataset/05/961605.mp3
989.9653514739229,129.19921875,0.4021779070483451,0.7594853515624999,0.0775097906589508,0.20226650483228767,0.3078420905370551,0.14226724091819604,0.0004711280869048581,0.4034618125929972,0.42296892116945883,0.6433097404033306,/volumes/Seagate/mtg-jamendo-dataset/05/433605.mp3
286.0,120.18531976744185,0.5900298443088183,0.5165516967773437,0.3568916618824005,0.5028106753706174,0.8705187913016041,0.439414491571237,0.0016207682050230715,0.3,0.5796688724353444,0.7125472237905954,/volumes/Seagate/mtg-jamendo-dataset/05/1342005.mp3
276.97739229024944,132.51201923076923,0.5756872170416509,0.4839375915527343,0.18049132823944092,0.48789464000554333,0.6488288897126919,0.5566349090158127,0.0003622030790899031,0.9395510948023984,0.5685794581796211,0.6512609865302745,/volumes/Seagate/mtg-jamendo-dataset/05/1317905.mp3
73.34879818594105,147.65625,0.6261806602181677,0.34873599243164066,0.1791321337223053,0.31036241491590216,0.5714145938615943,0.47056802476856674,0.0001399822108563502,0.4879048821441296,0.4807039183657276,0.6683467844668843,/volumes/Seagate/mtg-jamendo-dataset/05/818605.mp3
102.94149659863946,151.99908088235293,0.5937788119483177,1.0,0.05715649574995041,0.5119546881545863,0.9142669855313607,0.06175047517927531,0.03855359128492101,0.35412013650809887,0.5471569343164912,0.611144951606684,/volumes/Seagate/mtg-jamendo-dataset/05/1404305.mp3
88.24997732426304,112.34714673913044,0.5223421125439538,0.771724853515625,0.13073812425136566,0.17691600456251133,0.45364110155019777,0.09147656906719029,0.001161272394552825,0.6181898531149144,0.4373095077453686,0.659603823181418,/volumes/Seagate/mtg-jamendo-dataset/05/1399805.mp3
441.19981859410433,129.19921875,0.5762007102612539,0.4442311096191407,0.1467750072479248,0.5730385154963734,0.9042883367155194,0.27408660134704077,0.002308368469073072,0.29999999999999993,0.640068054458602,0.6248253917175325,/volumes/Seagate/mtg-jamendo-dataset/05/203705.mp3
341.84868480725623,129.19921875,0.5994205564606678,0.5261578369140625,0.267561137676239,0.8593496917032638,1.0,0.5373136355917814,0.007244331262790832,0.29999999998830024,0.7629759668449652,0.643726816194453,/volumes/Seagate/mtg-jamendo-dataset/05/1289005.mp3
38.05172335600907,120.18531976744185,0.5816656241193161,1.0,0.061866335570812225,0.35897447780689734,0.606434506847488,0.3315317192220122,0.0005909229503861695,0.40067367295791223,0.5534584165331303,0.6115801974988663,/volumes/Seagate/mtg-jamendo-dataset/05/1297805.mp3
480.0,90.66611842105263,0.5638561291933397,0.28562922668457036,0.43352368474006653,0.517928430905632,0.9382932795426634,0.2431002463565657,0.004316174755782851,0.4048045363180316,0.6880694845796561,0.7184546295904927,/volumes/Seagate/mtg-jamendo-dataset/05/1349805.mp3
192.0,114.84375,0.5570632537351656,1.0,0.05237356945872307,0.20991792052286495,0.3719435360693657,0.038220034274354116,0.007157144135506188,0.2999999800901582,0.40036284675228473,0.6387819156546833,/volumes/Seagate/mtg-jamendo-dataset/05/1114505.mp3
465.648,133.92857142857142,0.5815348034746377,0.5692233886718749,0.24622765183448792,0.6636669071268159,0.9415999261070965,0.1931690555938889,0.003468902005465566,0.6155943071508443,0.5972298069956788,0.6691959932612799,/volumes/Seagate/mtg-jamendo-dataset/05/328005.mp3
192.41378684807256,114.84375,0.4999475948179043,0.6870456237792969,0.03458143770694733,0.15383935116491074,0.31047266440684174,0.11208651811388393,0.0010395895670690526,0.591404733453391,0.4542432539544132,0.6216006667836185,/volumes/Seagate/mtg-jamendo-dataset/05/1221305.mp3
300.0304761904762,139.6748310810811,0.5154298625065623,0.41291622924804683,0.10185454785823822,0.11992314675928856,0.1496164401326827,0.1824157695200757,6.418041805931099e-05,0.2999552427721089,0.40179608570238873,0.656308420088488,/volumes/Seagate/mtg-jamendo-dataset/05/1391005.mp3
223.66666666666666,120.18531976744185,0.55793096184874,0.9280762481689453,0.07079291343688965,0.12876986446470426,0.23699904641501426,0.12665962785445356,0.00037566019438740693,0.2983821131544982,0.22161916219021843,0.6811616163992367,/volumes/Seagate/mtg-jamendo-dataset/05/1385305.mp3
191.97659863945577,161.4990234375,0.564021446596563,0.43032676696777344,0.24890027940273285,0.7411934729391255,1.0,0.41046172725878205,0.010448559860752207,0.8091965002062425,0.6768822018969427,0.6542276602055953,/volumes/Seagate/mtg-jamendo-dataset/05/1066505.mp3
383.85253968253966,139.6748310810811,0.5558676717095288,0.7869261627197264,0.053999077528715134,0.3262115210626163,0.7016482160621874,0.11488414947664585,0.0016242230875591996,0.2999999999998392,0.5515241481029668,0.6091348382897441,/volumes/Seagate/mtg-jamendo-dataset/05/25805.mp3
209.45292517006803,161.4990234375,0.6122431665303344,0.6427450561523438,0.15067847073078156,0.3161771245079605,0.45105700506268775,0.3658022850390912,0.00020243666908819136,0.7828665186970025,0.36548532167352304,0.6811471851283768,/volumes/Seagate/mtg-jamendo-dataset/05/1046905.mp3
305.2030839002268,161.4990234375,0.58963234082517,0.44241870117187504,0.1459416151046753,0.27980042978286523,0.5760792336231941,0.21411700525769378,0.000943623856362756,0.2999999987934519,0.5712509942680326,0.6382887825840766,/volumes/Seagate/mtg-jamendo-dataset/05/1303605.mp3
175.71247165532878,161.4990234375,0.5034573309509047,0.31122509765625006,0.11543355137109756,0.24110592781791373,0.4619803801861591,0.1758827463398519,0.0001079893676681861,0.29998027179993086,0.5008060033711038,0.6413948778193743,/volumes/Seagate/mtg-jamendo-dataset/05/900505.mp3
184.79020408163265,129.19921875,0.5486358309146158,1.0,0.09558041393756866,0.41360333604489335,0.6215454396526666,0.2141729122260752,0.0010557037546159655,0.3,0.5921516414223247,0.6159786207330598,/volumes/Seagate/mtg-jamendo-dataset/05/1031805.mp3
60.24886621315193,99.38401442307692,0.5754586929028882,0.6751143264770508,0.18289002776145935,0.7449834396262546,1.0,0.40074439588326516,0.009765881243328514,0.47371492215706273,0.5578208567801741,0.6542762386380905,/volumes/Seagate/mtg-jamendo-dataset/05/1285605.mp3
247.58857142857144,90.66611842105263,0.6011888795236654,0.5762219619750977,0.07614696770906448,0.5139862866802598,0.7981656148225369,0.1934379882108865,0.0023163682125602815,0.9345511212665734,0.5471413887399439,0.6179846306272745,/volumes/Seagate/mtg-jamendo-dataset/05/1396205.mp3
30.107142857142858,139.6748310810811,0.5531949045577509,0.38218788146972654,0.23019792139530182,0.5741847640141502,0.8219108538145714,0.552003685804013,0.0012118024952789605,0.4988235488212823,0.674118190169362,0.6480476136684363,/volumes/Seagate/mtg-jamendo-dataset/05/1293705.mp3
204.0,92.28515625,0.5721745629030168,0.46930432128906246,0.07235818356275558,0.2619703763668653,0.3193273432700613,0.2937536435459961,3.078804025429047e-05,0.29999999577410946,0.38942248788582057,0.6481644485054279,/volumes/Seagate/mtg-jamendo-dataset/05/45605.mp3
190.97832199546485,107.666015625,0.5447696753789284,0.6847541122436521,0.025031594559550285,0.17312280944654593,0.2984351967161169,0.13559226036029356,0.00017935278007469177,0.2453710945857637,0.4621127119303229,0.6165888316553736,/volumes/Seagate/mtg-jamendo-dataset/05/974305.mp3
190.98873015873016,83.35433467741936,0.5657194201337188,0.7304507446289062,0.07306484878063202,0.17833680237104688,0.3014091268743224,0.16653268909444308,0.0002468198204905255,0.9391065907458702,0.3972059104732524,0.646862163466377,/volumes/Seagate/mtg-jamendo-dataset/05/409705.mp3
274.99102040816325,126.04801829268293,0.5898967983086454,0.9170737075805664,0.17418554425239563,0.5188041613729005,0.6992669418399609,0.19715484911329736,0.0012922768196290517,0.3,0.5549360586846916,0.6517195841939242,/volumes/Seagate/mtg-jamendo-dataset/05/473105.mp3
258.0,120.18531976744185,0.5895989227538433,0.23691827392578127,0.17202821373939514,0.7156871422533432,1.0,0.600600783850614,0.009831436142612239,0.642046684466919,0.5731991936347582,0.6472903182192306,/volumes/Seagate/mtg-jamendo-dataset/05/236405.mp3
147.78666666666666,132.51201923076923,0.525335500649944,0.95346435546875,0.03226517140865326,0.16171023780980953,0.28651883481028195,0.11796332841568793,0.00044146559811268735,0.2997693075074796,0.5025151324836777,0.6111124352103796,/volumes/Seagate/mtg-jamendo-dataset/05/1219605.mp3
351.75,161.4990234375,0.5494816255273253,0.3871358489990234,0.21261298656463623,0.36946756778235507,0.6069250485361883,0.3767472376024176,0.0002876724506177101,0.657594312213756,0.633869662987613,0.6497667425657464,/volumes/Seagate/mtg-jamendo-dataset/05/498805.mp3
278.33213151927436,103.359375,0.585785022318424,0.4756416015625001,0.1910538226366043,0.5751009943656741,0.8676960402294156,0.3078174119523793,0.0025424417118384297,0.30928635228196616,0.6012407238849657,0.6485312313721844,/volumes/Seagate/mtg-jamendo-dataset/05/308005.mp3
137.93013605442178,135.99917763157896,0.5698571519864285,0.4527685546875,0.1637524962425232,0.8660683237421386,1.0,0.4986227241280914,0.007140838669401477,0.29999999999992705,0.7910505676979276,0.6007407851077228,/volumes/Seagate/mtg-jamendo-dataset/05/1236105.mp3
571.6654875283447,135.99917763157896,0.5988832684013496,0.3112856903076172,0.2713090479373932,0.5835818590041102,1.0,0.2865865546551485,0.004834153808839853,0.9756585179040307,0.6183623921574017,0.6739987788259811,/volumes/Seagate/mtg-jamendo-dataset/05/44305.mp3
156.0,120.18531976744185,0.5452358322540641,0.4140887756347656,0.12026970833539963,0.26205597996398766,0.5153554573634623,0.27966463187739715,0.00017564267745242627,0.29999999999991067,0.4050478010623099,0.6622875347882818,/volumes/Seagate/mtg-jamendo-dataset/05/1173505.mp3
181.45333333333335,126.04801829268293,0.5615015341731777,0.5268200988769531,0.2116972953081131,0.747858333582107,1.0,0.43173915078882075,0.004845811384577497,0.8745542630232117,0.7233625058774056,0.6315385251354396,/volumes/Seagate/mtg-jamendo-dataset/05/1115105.mp3
234.69231292517006,129.19921875,0.5774014134322487,0.7181154174804688,0.1345176249742508,0.4528809488496693,0.756720902070864,0.3111143017440563,0.0012446986246489747,0.3,0.5885483216330208,0.6307166806641261,/volumes/Seagate/mtg-jamendo-dataset/05/351205.mp3
183.67857142857142,84.72079918032787,0.5835830402863434,0.7018313598632813,0.16340160369873047,0.6755011694826193,0.8575717691493482,0.673052950616732,0.0019849569543638978,0.8224647096603845,0.6338903151948401,0.632046514292575,/volumes/Seagate/mtg-jamendo-dataset/05/1352505.mp3
280.55510204081634,117.45383522727273,0.5666466300638111,0.665429458618164,0.1324230432510376,0.653617021952716,1.0,0.17617495251340826,0.004625195101249539,0.6866268122240577,0.5718834517305049,0.6332956052242726,/volumes/Seagate/mtg-jamendo-dataset/05/116105.mp3
214.5363492063492,93.96306818181819,0.5645113637807411,1.0,0.10827071219682693,0.6636932806430567,0.8568871331220216,0.24804398928777424,0.002905668138897135,0.6344193399090594,0.5509613914403863,0.6287851781027805,/volumes/Seagate/mtg-jamendo-dataset/05/1192105.mp3
619.1804081632653,97.50884433962264,0.581910381753397,1.0,0.13725706934928894,0.5682098992800148,0.9171315121079279,0.21588997041999222,0.00868768767917919,0.5908853413678634,0.5604935259387788,0.6373138397779883,/volumes/Seagate/mtg-jamendo-dataset/05/1391105.mp3
193.13029478458049,114.84375,0.5788991231322469,0.5154682922363282,0.23534034192562103,0.914175061609055,1.0,0.6239618201411952,0.005459220752407408,0.9022223533222895,0.7676659246318005,0.6311893381668635,/volumes/Seagate/mtg-jamendo-dataset/05/1420505.mp3
204.1034013605442,114.84375,0.5516817761858375,0.7608183288574218,0.24049332737922668,0.5615955108034679,0.8613289070303641,0.22351457574071787,0.0032934779094397943,0.7623001970484231,0.5108545876114239,0.6844066803342369,/volumes/Seagate/mtg-jamendo-dataset/05/1215805.mp3
150.0,129.19921875,0.5767383602654775,0.5505719528198242,0.12516164779663086,0.26115650281644054,0.4697471585189021,0.21087404666616325,0.00037072572103027615,0.29999999812329997,0.42680477791482996,0.659697237623821,/volumes/Seagate/mtg-jamendo-dataset/05/1299805.mp3
36.11947845804988,120.18531976744185,0.5898984001841358,1.0,0.13166114687919617,0.5865087362571874,0.6175601160007684,0.14439463289234433,0.0002620858649949453,0.2999926494935897,0.6054310633746416,0.6263118002015823,/volumes/Seagate/mtg-jamendo-dataset/05/1366005.mp3
651.3632653061225,120.18531976744185,0.5726514418848208,0.4499413757324218,0.1871187388896942,0.6739946705660622,0.9035333736653346,0.831222677049243,0.0017544729567096648,0.6800475255782288,0.6207796760616392,0.643206810787962,/volumes/Seagate/mtg-jamendo-dataset/05/391305.mp3
416.0,120.18531976744185,0.6389547219379141,0.33332940673828126,0.2583816647529602,0.31058085514302664,0.6479210369849394,0.287629806304761,0.0005630647450885587,0.8844306000207275,0.34615940281968766,0.7237855187471282,/volumes/Seagate/mtg-jamendo-dataset/05/76305.mp3
152.0065306122449,139.6748310810811,0.6055577420135805,0.25323095703125004,0.22016330063343048,0.6155068047979144,0.8353126599719356,0.7273087648771547,0.000850696000858742,0.8839447743912789,0.6358690564991952,0.652084976928196,/volumes/Seagate/mtg-jamendo-dataset/05/39105.mp3
198.0,120.18531976744185,0.5390810092715728,0.37217248535156244,0.1245487779378891,0.4919972901148163,0.7584937428051786,0.1706198740087665,0.0027514301155809363,0.5603156672276921,0.6093057213717086,0.6229764157832983,/volumes/Seagate/mtg-jamendo-dataset/05/1370705.mp3
267.64408163265307,114.84375,0.5943866311155701,0.6899197387695313,0.07448995113372803,0.7529960729616426,1.0,0.16294519627623727,0.004533260423757571,0.29999999999788995,0.7201020223911719,0.5827959779299077,/volumes/Seagate/mtg-jamendo-dataset/05/136805.mp3
149.185306122449,139.6748310810811,0.6029906875627317,0.39843722534179693,0.3973698318004608,0.5697567487052716,0.8599032314311694,0.6031701622852804,0.001315808684709406,0.9510498141126897,0.5904700719795307,0.7249591250522598,/volumes/Seagate/mtg-jamendo-dataset/05/279605.mp3
57.77777777777778,132.51201923076923,0.531304901135889,1.0,0.08206246048212051,0.6823014139891237,1.0,0.19959815149688565,0.00192815275562771,0.2999909334473872,0.6372420254670582,0.6020940806801517,/volumes/Seagate/mtg-jamendo-dataset/05/1358805.mp3
285.3066666666667,129.19921875,0.5769493425343777,0.9932969512939454,0.08682099729776382,0.7673052400706202,0.9387705905629526,0.4261437610103466,0.0025407653689268925,0.7025663475043247,0.7902247475176551,0.573210609523664,/volumes/Seagate/mtg-jamendo-dataset/05/257205.mp3
255.3218820861678,129.19921875,0.5474581165392567,1.0,0.08736424893140793,0.7221267117524858,0.9424271998653795,0.3814234000834006,0.005315993452064043,0.3,0.7209751541880078,0.5872560987777052,/volumes/Seagate/mtg-jamendo-dataset/05/1196505.mp3
214.12571428571428,129.19921875,0.5922758106061808,0.39038819885253917,0.1321730762720108,0.5081016231358246,0.881650672976372,0.26537362933811515,0.002329442851169426,0.2999999999746899,0.6061237300188023,0.6263575614541634,/volumes/Seagate/mtg-jamendo-dataset/05/1032505.mp3
277.2897505668934,99.38401442307692,0.5414576327812033,0.7368156204223633,0.08917217701673508,0.40779329003532677,0.6815696371250943,0.2646204623158273,0.0007098856574604651,0.29999991776838286,0.5290932949940326,0.626283324727218,/volumes/Seagate/mtg-jamendo-dataset/05/366005.mp3
225.46392290249432,129.19921875,0.5938257045556457,0.4823252410888675,0.20133821666240692,0.9918870164775914,1.0,1.0,0.00477796179470204,0.9521831226396349,0.7983984375,0.6128020704984665,/volumes/Seagate/mtg-jamendo-dataset/05/223905.mp3
664.7699546485261,123.046875,0.5948917923188416,0.8017208251953124,0.07611056417226791,0.30112892092107496,0.335470614151907,0.049750321495949726,0.018550585037313515,0.18287776771124495,0.38087120924778484,0.6512255612524595,/volumes/Seagate/mtg-jamendo-dataset/05/1400805.mp3
187.8726530612245,114.84375,0.5962725806572988,1.0,0.16050806641578674,0.49860810057458155,0.7631424312019812,0.35589952117774903,0.0015810962541063696,0.3,0.49198358063397474,0.6593861877828883,/volumes/Seagate/mtg-jamendo-dataset/05/1312905.mp3
60.05548752834467,129.19921875,0.5519135490148511,0.8578071746826171,0.081810362637043,0.32632840006531616,0.5107781100537432,0.3478662662134064,0.00012812602792138444,0.2999999357762058,0.424851133462759,0.6444815038567837,/volumes/Seagate/mtg-jamendo-dataset/05/1400905.mp3
85.33337868480726,178.20581896551724,0.5020959906439649,0.5950762176513672,0.1044987365603447,0.1996733196504233,0.5508860072258622,0.10025448669668305,0.0037209242477282026,0.2999999999999999,0.4858625144359406,0.640447042274536,/volumes/Seagate/mtg-jamendo-dataset/05/1166805.mp3
168.66124716553287,161.4990234375,0.5747281079501563,0.44304263305664066,0.19275443255901337,0.5114165990677213,0.6156670097984636,0.7221610749973139,0.0001949120974102741,0.5084616081487886,0.7510109337573282,0.6191894089697791,/volumes/Seagate/mtg-jamendo-dataset/05/96705.mp3
251.99975056689343,135.99917763157896,0.5640951512482021,0.40244277954101565,0.20261609554290771,1.0,1.0,1.0,0.028594736307386102,0.9294708548302321,0.6313322368421053,0.6466753470270258,/volumes/Seagate/mtg-jamendo-dataset/05/1081705.mp3
200.0,143.5546875,0.5883019828235798,0.36768945312499995,0.1991424709558487,1.0,1.0,0.7742398135654892,0.01107410698882421,0.5499331316838179,0.7370245925727057,0.6242863710295644,/volumes/Seagate/mtg-jamendo-dataset/05/1153405.mp3
140.69551020408164,90.66611842105263,0.554231844957441,0.7713472290039064,0.1667279601097107,0.3216736372755583,0.5619065689412437,0.16278168326695233,0.0022094316046158005,0.4419836851404962,0.4598364934101491,0.668054766957466,/volumes/Seagate/mtg-jamendo-dataset/05/1060605.mp3
312.0002494331066,105.46875,0.5867631492570435,0.4253768615722656,0.2235666811466217,0.43078877055376386,0.6646806465296777,0.5022052323671261,0.0003231041444236642,0.29999999999543087,0.395875470940814,0.701308911024621,/volumes/Seagate/mtg-jamendo-dataset/05/128405.mp3
141.17732426303854,117.45383522727273,0.5363332763204554,0.9429730224609375,0.03331775590777397,0.2050598217802666,0.33538895410630104,0.17465508492762752,0.0001605137840252318,0.6012752242315205,0.40194456398550144,0.6316054793296983,/volumes/Seagate/mtg-jamendo-dataset/05/1377105.mp3
310.2040816326531,129.19921875,0.4845488578215621,0.47564523315429696,0.1616724282503128,0.6722811618181661,0.8778912996920082,0.2527396691310376,0.001860022684322686,0.30389447645720774,0.637593983507706,0.6306832774685713,/volumes/Seagate/mtg-jamendo-dataset/05/175005.mp3
234.56213151927437,114.84375,0.5774579882675666,0.32882345581054684,0.2410822957754135,0.5747596650769264,0.7295273628615164,1.0,0.00044448088130394776,0.9398709243777559,0.6067410157575756,0.6654414233276338,/volumes/Seagate/mtg-jamendo-dataset/05/1196905.mp3
110.26927437641723,120.18531976744185,0.5464291476953753,0.31118249511718754,0.16160450875759125,0.25369167397883263,0.49623243157634095,0.2601646559737865,0.00036463275081737695,0.5113298093454022,0.3477796818818755,0.6886216867763578,/volumes/Seagate/mtg-jamendo-dataset/05/1056405.mp3
338.84,107.666015625,0.594966535268612,0.716158447265625,0.20905561745166779,0.23596225111680477,0.48064224671445716,0.12234733325199353,0.0014168714437496903,0.30118487372359454,0.35441166712931765,0.7043776888567369,/volumes/Seagate/mtg-jamendo-dataset/05/8305.mp3
199.64,109.95678191489361,0.6038401364229797,0.3248719024658203,0.2415047138929367,0.727831688746488,0.9049568672212721,0.9694571624711362,0.001700435117824067,0.6863086487345793,0.7419620784156353,0.6385492813183301,/volumes/Seagate/mtg-jamendo-dataset/05/1140605.mp3
262.0,120.18531976744185,0.5400917162741394,0.5175538024902344,0.08256703615188599,0.40750469302402814,0.6540824963271595,0.258436720140676,0.0013476546470726405,0.29999999999996807,0.5849684479495295,0.612730443424773,/volumes/Seagate/mtg-jamendo-dataset/05/671505.mp3
106.68408163265306,120.18531976744185,0.5532609617491612,0.5574136352539064,0.07978562265634537,0.6337671692574592,0.9656538026633589,0.3432686642426816,0.00386383625028188,0.7469218648963358,0.5405851039547664,0.6206058033653311,/volumes/Seagate/mtg-jamendo-dataset/05/128305.mp3
107.51963718820862,126.04801829268293,0.6089849838856275,0.26085830688476563,0.29450610280036926,0.5447538915051692,0.9943447834091934,0.3749976955551868,0.0022743341229148543,0.6308933122692324,0.5914406126767537,0.6877340744727822,/volumes/Seagate/mtg-jamendo-dataset/05/31505.mp3
198.42612244897958,126.04801829268293,0.6126793096178211,0.5064592285156249,0.2296304851770401,0.32705728056196787,0.506968198044735,0.30015012015320247,0.0003449666945581843,0.8311316679475436,0.5420483819167365,0.6742572982803872,/volumes/Seagate/mtg-jamendo-dataset/05/218905.mp3
109.06122448979592,117.45383522727273,0.4689776506857577,1.0,0.06703540682792664,0.23051234206839954,0.4287680939281223,0.10737627027111232,0.001304417035697898,0.39325379901672664,0.3899124339839173,0.6461502596612702,/volumes/Seagate/mtg-jamendo-dataset/05/1217505.mp3
344.24,114.84375,0.6116138357462617,0.70447998046875,0.2691533863544464,0.6562920146538206,0.9890197011639452,0.44438940487344236,0.00281873570142151,0.6668024669948579,0.5756077050120605,0.6817736780851886,/volumes/Seagate/mtg-jamendo-dataset/05/891905.mp3
271.27916099773245,132.51201923076923,0.5873548702691271,0.7797480773925781,0.18433789908885956,0.7295799339248175,1.0,0.18336490798468133,0.007325412083485348,0.6687351165861107,0.6395621718710607,0.6384492092977773,/volumes/Seagate/mtg-jamendo-dataset/05/1295505.mp3
427.24473922902496,107.666015625,0.5459406823317845,0.35543513488769535,0.12656676769256592,0.3747204270496475,0.701696622666775,0.1615106044538706,0.0020651178625443363,0.7017303960829686,0.41785955542919173,0.6619921252834854,/volumes/Seagate/mtg-jamendo-dataset/05/1066205.mp3
151.0,97.50884433962264,0.4933080750685407,0.5632490844726561,0.13413859903812408,0.4219778244690933,0.7272992553527718,0.11063498641444475,0.002381038949206881,0.6361065578305334,0.5342349659216821,0.6414429024693883,/volumes/Seagate/mtg-jamendo-dataset/05/1054105.mp3
265.0,120.18531976744185,0.605415333505152,0.6907260513305664,0.098179891705513,0.8553499084935687,1.0,0.30486479902037256,0.004160736015910873,0.8870931407023734,0.6903706395348838,0.5972706331070079,/volumes/Seagate/mtg-jamendo-dataset/05/1053505.mp3
259.05632653061224,166.70866935483872,0.5725514718580891,0.4854891357421875,0.17645376920700073,0.4403612124827444,0.6690266618909282,0.34500925810548777,0.0007066688245991331,0.2999999999999994,0.5954929512913522,0.6444247666562498,/volumes/Seagate/mtg-jamendo-dataset/05/23105.mp3
360.2808163265306,114.84375,0.5442809476434022,0.9239156188964843,0.08126365393400192,0.31338521391446367,0.5544029613572399,0.21160762775739123,0.00040291848955850706,0.297710430372496,0.46247704323713845,0.636759506768813,/volumes/Seagate/mtg-jamendo-dataset/05/1143805.mp3
127.016875,117.1875,0.5590184742933761,0.8219902114868164,0.18149296939373016,0.25024023518094773,0.593529538315756,0.12907166323930624,0.001580196624733219,0.29999989569449126,0.37994653726237965,0.6893481615292669,/volumes/Seagate/mtg-jamendo-dataset/05/1115705.mp3
270.9751927437642,135.99917763157896,0.5820310424139954,0.574785369873047,0.2663499712944031,0.4807047326860624,0.7328965068051574,0.3578356009781178,0.0007151461134726328,0.5079490440040227,0.4864968063499026,0.6985866283960046,/volumes/Seagate/mtg-jamendo-dataset/05/934005.mp3
206.57632653061225,123.046875,0.5667043233360742,0.3739068603515625,0.30082347989082336,0.7433730210768577,0.996407006513034,0.6670297195272729,0.0026790712850224014,0.8882860621397473,0.7281565460027483,0.6626651435601468,/volumes/Seagate/mtg-jamendo-dataset/05/397905.mp3
234.42666666666668,109.95678191489361,0.5316697384054374,0.7831377487182618,0.013219594955444336,0.35842864722565043,0.5339936572577473,0.17703630512929533,0.0007307950086412503,0.2997871808084242,0.4446168430551269,0.6158356855729346,/volumes/Seagate/mtg-jamendo-dataset/05/153605.mp3
224.05333333333334,161.4990234375,0.5843289657911037,0.7381774597167968,0.23770610988140106,0.5321261285026355,0.7799150542244029,0.501300585522566,0.0005417544061378325,0.2999999932962937,0.6288496571135144,0.6598042681346015,/volumes/Seagate/mtg-jamendo-dataset/05/347205.mp3
290.0,120.18531976744185,0.5400593813352992,0.23715771484374998,0.21189367771148682,0.5549533467106994,0.793338573192811,0.5676963771519296,0.0007048870421123419,0.6599070046756241,0.5431830797094961,0.667645108034236,/volumes/Seagate/mtg-jamendo-dataset/05/1315105.mp3
145.0,132.51201923076923,0.5504064582891289,0.9830184326171875,0.02844679355621338,0.21883873229194256,0.3442062494422364,0.1578363178347556,0.00027945079533726327,0.2999359297644722,0.4566737074174612,0.6189061041967446,/volumes/Seagate/mtg-jamendo-dataset/05/843405.mp3
92.5668253968254,114.84375,0.44422438346024185,0.4059803314208984,0.05773180350661278,0.5801669499938652,0.93078735231394,0.3030214049318823,0.0043160957249862185,0.2997291333467378,0.6463303531487863,0.5915173786326233,/volumes/Seagate/mtg-jamendo-dataset/05/1208105.mp3
228.25215419501134,99.38401442307692,0.4952171204395486,0.3029568481445313,0.1621628701686859,0.5122280683688496,0.836111286513718,0.2213568771158949,0.004199724468249215,0.8710029206882819,0.5434604913474248,0.649686534991242,/volumes/Seagate/mtg-jamendo-dataset/05/1129605.mp3
195.4838775510204,123.046875,0.5783166577184087,0.47638725280761735,0.1709567904472351,0.8684349741644346,1.0,0.7414778998722402,0.005820255412965295,0.29999999999983185,0.78609375,0.6043256945610046,/volumes/Seagate/mtg-jamendo-dataset/05/1121505.mp3
132.42666666666668,123.046875,0.5526231043300448,1.0,0.10824592411518097,0.28628593213937764,0.4896969170602565,0.14534079416361798,0.00018530288983667468,0.45042568344095557,0.5270899489439353,0.6335505428926781,/volumes/Seagate/mtg-jamendo-dataset/05/39905.mp3
73.38462585034014,97.50884433962264,0.5831145008359409,0.3973936462402344,0.27082186937332153,0.8403558929721654,1.0,0.9249007373794669,0.005180956936845739,0.487145920484669,0.6307409968978815,0.6713476735948195,/volumes/Seagate/mtg-jamendo-dataset/05/1083305.mp3
134.41857142857143,99.38401442307692,0.537199705536501,0.5531154861450196,0.07535522431135178,0.21222182219688515,0.2635617893636207,0.2710257890279715,3.5401660538597874e-05,0.7045910806205138,0.466025702502993,0.633922740251488,/volumes/Seagate/mtg-jamendo-dataset/05/903605.mp3
396.84179138321997,143.5546875,0.5744607520285141,0.5794897994995117,0.07468476891517639,0.3120767403111805,0.5278977547580606,0.24192536080179128,0.00029059371284675755,0.2996638134332628,0.4917233493217686,0.6285418469451098,/volumes/Seagate/mtg-jamendo-dataset/05/1121105.mp3
131.38666666666666,117.45383522727273,0.5997962793808951,0.2667676086425781,0.29727479815483093,0.543292717551906,0.8362469189705042,0.7621898417446664,0.0006270423599020965,0.5791679465669749,0.5293075658726094,0.7011574141612172,/volumes/Seagate/mtg-jamendo-dataset/05/429405.mp3
197.66666666666666,132.51201923076923,0.5555458519562236,0.7008827590942383,0.05024315416812897,0.2771263634509815,0.29760655065625324,0.20899685703071058,6.464378099516944e-05,0.40670069803608366,0.49135030038189415,0.6198174754241477,/volumes/Seagate/mtg-jamendo-dataset/05/326505.mp3
192.02612244897958,126.04801829268293,0.5744848262678088,0.6202124786376954,0.24604231119155884,0.4030277493104705,0.6787169771333954,0.26225912053558265,0.0013280311527919177,0.7213886714389655,0.4629140474468408,0.695992422539593,/volumes/Seagate/mtg-jamendo-dataset/05/706905.mp3
129.8,101.33272058823529,0.5249587736779103,0.7046502685546875,0.04865523427724838,0.21797347160491273,0.4495397399596738,0.16410504754363348,0.0003260462307577177,0.2996883443702198,0.36636124023882033,0.6442436362920454,/volumes/Seagate/mtg-jamendo-dataset/05/965305.mp3
358.28570833333333,140.625,0.5940849296464168,0.3604783477783203,0.3921356201171875,0.8986409883195905,1.0,0.513934605973032,0.005684672474030267,0.9014230226123325,0.6634564149021286,0.7084775402617618,/volumes/Seagate/mtg-jamendo-dataset/05/796005.mp3
221.1265306122449,112.34714673913044,0.531804030607496,0.4878004608154297,0.025529125705361366,0.42561199698441204,0.6857316598176483,0.1973254862490348,0.0013084597831650952,0.7555930049349863,0.5732422679185043,0.5945420316702292,/volumes/Seagate/mtg-jamendo-dataset/05/296705.mp3
268.0,120.18531976744185,0.5678277171974273,0.37149745178222665,0.2001282125711441,0.3019972949179573,0.675046316694724,0.2653112070022104,0.000323869720592701,0.7821523341729637,0.4204376139504543,0.687958633735521,/volumes/Seagate/mtg-jamendo-dataset/05/1334105.mp3
189.3774603174603,126.04801829268293,0.5931166541893382,0.563177215576172,0.1405591368675232,0.6754621613091792,0.996969713908015,0.34416051627411814,0.001978803652807064,0.8079622973506375,0.6009720274245538,0.6304068837873976,/volumes/Seagate/mtg-jamendo-dataset/05/1132205.mp3
192.2083673469388,139.6748310810811,0.6042387592470269,0.3683185577392578,0.4305586516857147,0.5739616727705856,0.8763862111665509,0.587403284639273,0.00048038726909234875,0.5532437946880926,0.6909213013811737,0.7168168543306226,/volumes/Seagate/mtg-jamendo-dataset/05/259405.mp3
204.2674829931973,129.19921875,0.53621691979643,0.48423147583007803,0.11882072687149048,0.23488104457460826,0.4510849173184081,0.1566021389114147,0.0007780690994568579,0.7620851665148578,0.41780121009932125,0.6592152196538723,/volumes/Seagate/mtg-jamendo-dataset/05/914905.mp3
105.80646258503401,93.96306818181819,0.56729633321811,1.0,0.12494862079620361,0.5501364499909326,0.875812457857818,0.14424284269175805,0.008304209394163216,0.29999999999999777,0.7711156302863001,0.5907583774293733,/volumes/Seagate/mtg-jamendo-dataset/05/1075205.mp3
367.16514739229024,129.19921875,0.5902924251040835,0.6244420166015626,0.3202211260795593,0.35943644147792936,0.6681163235753111,0.2898828882676179,0.000764231105962899,0.6953118937990272,0.45373441916394874,0.7245327215558516,/volumes/Seagate/mtg-jamendo-dataset/05/1033705.mp3
192.64,101.33272058823529,0.5070923307294212,0.6582799682617186,0.11527953296899796,0.36373827349340937,0.6233822455051744,0.2786655554134641,0.00022396518820660814,0.29999948778147745,0.4249329582141693,0.6565140402260053,/volumes/Seagate/mtg-jamendo-dataset/05/1051205.mp3
223.37727891156462,107.666015625,0.5298088758322119,0.4235082244873047,0.09637197852134705,0.34347792932715715,0.6491419079989527,0.23303311906358498,0.0005071930767214095,0.6667560594996673,0.35634956396175255,0.6634239994753344,/volumes/Seagate/mtg-jamendo-dataset/05/201905.mp3
378.0,120.18531976744185,0.5604032620726762,0.35586544799804687,0.1938849240541458,0.6556855722614123,0.8608206778267408,0.7055819866224093,0.0013135919740163877,0.7972548926924479,0.6224926033429654,0.6453000519908995,/volumes/Seagate/mtg-jamendo-dataset/05/1098805.mp3
273.3061224489796,90.66611842105263,0.5383364332515541,0.6105662536621094,0.16354970633983612,0.5852087000645256,0.9378101368436125,0.21919702107687572,0.0026776633603376224,0.29999999999997734,0.49397311846320247,0.6600832705897005,/volumes/Seagate/mtg-jamendo-dataset/05/19205.mp3
260.62650793650795,101.33272058823529,0.5303153738632089,0.915274658203125,0.09624700248241425,0.5045508708485132,0.5747562116370102,0.35451065776192975,0.00043222952519606417,0.29999998247389936,0.6368188468785985,0.6072851515179494,/volumes/Seagate/mtg-jamendo-dataset/05/23005.mp3
281.19351473922904,161.4990234375,0.5477091062829098,0.4692608947753911,0.0806448683142662,0.6512595137103521,0.9406634231062073,0.20260538559142816,0.0035838668259249164,0.8927000710613268,0.5927864940365094,0.610474853785834,/volumes/Seagate/mtg-jamendo-dataset/05/506005.mp3
202.74666666666667,99.38401442307692,0.5093687539899727,0.6218374938964844,0.13754068315029144,0.25030687988484873,0.5069872535749024,0.08831156497547568,0.0037026996704919773,0.6596539923029885,0.3511622058897721,0.6792822047561505,/volumes/Seagate/mtg-jamendo-dataset/05/1166105.mp3
371.25002267573694,129.19921875,0.5814675836756227,1.0,0.17445920407772064,0.7269392339142207,0.9282102193892245,0.20593856712560935,0.007022461834712669,0.5626645626511018,0.6401412106875647,0.6347770713304666,/volumes/Seagate/mtg-jamendo-dataset/05/235905.mp3
47.984920634920634,120.18531976744185,0.5742564866296528,0.9895936431884764,0.11376380920410156,0.6586869004887435,0.9626554218286228,0.6410492406810862,0.005136525882333656,0.48904616741677864,0.6530774850005625,0.6103394743133641,/volumes/Seagate/mtg-jamendo-dataset/05/1167305.mp3
196.85750566893424,135.99917763157896,0.5740386898330849,0.19063919067382812,0.30874404311180115,0.6017039262917974,0.9006541950832058,0.8992577632782697,0.0012234405616673247,0.2999983565352173,0.6012174147841788,0.6909043725634126,/volumes/Seagate/mtg-jamendo-dataset/05/1357105.mp3
77.91546485260771,135.99917763157896,0.5320145039734079,0.3831221160888672,0.10427486896514893,0.11160201089239258,0.2294539377683357,0.12467222884386174,0.0005235454943656458,0.28728468787221423,0.38398426472046343,0.6607420998833609,/volumes/Seagate/mtg-jamendo-dataset/05/1357405.mp3
154.92,109.95678191489361,0.5223373710041344,1.0,0.039034392684698105,0.19688501526384738,0.3968880207816086,0.10077425864186698,0.0006006615403547409,0.2999999973522184,0.3641284126135248,0.6412266988437864,/volumes/Seagate/mtg-jamendo-dataset/05/1374305.mp3
306.2073469387755,120.18531976744185,0.5848073705746482,0.540202362060547,0.21387262642383575,0.5029966883490065,0.8038083628514204,0.3767072477170269,0.0013297983479736313,0.9543626247223094,0.5924765947974908,0.6584988265530827,/volumes/Seagate/mtg-jamendo-dataset/05/1413905.mp3
225.3912925170068,114.84375,0.5806916289280155,0.6371686096191407,0.20600558817386627,0.46677073197264624,0.8896329361626646,0.13375562518373715,0.006039398171526584,0.6491462929634474,0.46595787177445336,0.6809704373877012,/volumes/Seagate/mtg-jamendo-dataset/05/1127605.mp3
255.34963718820862,126.04801829268293,0.5695622563624367,0.8667044372558594,0.22441770136356354,0.8864773863850564,1.0,0.5132779006247824,0.005041967208748645,0.7773689013221174,0.7020960365853659,0.6403711651738097,/volumes/Seagate/mtg-jamendo-dataset/05/1095105.mp3
308.51392290249436,129.19921875,0.5711751062875832,0.6087191314697266,0.08151848614215851,0.2688244004775162,0.4171646001328913,0.20873859833653655,0.00016729561872864078,0.4098373596082847,0.5841605333765101,0.612514548335875,/volumes/Seagate/mtg-jamendo-dataset/05/988505.mp3
216.00533333333334,119.68085106382979,0.5472920352087198,0.5171540069580078,0.02401014417409897,0.6015870777209585,0.9083406695283803,0.11229653217968158,0.001761796047405281,0.7305904351506977,0.5951019038870377,0.589623271125268,/volumes/Seagate/mtg-jamendo-dataset/05/1068405.mp3
127.3043537414966,114.84375,0.5764063236889174,0.6069510650634765,0.14710165560245514,0.5789844263015871,0.938131606556785,0.3035560023665165,0.0029120652373233044,0.4561738492947962,0.6202649831028452,0.6289035993963148,/volumes/Seagate/mtg-jamendo-dataset/05/1087105.mp3
231.0791836734694,129.19921875,0.5808963392146401,0.3475628967285156,0.2366596907377243,0.6193186391937519,0.8890162881942426,0.704231775939142,0.001585675883930526,0.4542191414812152,0.6842328968990208,0.6483509092857765,/volumes/Seagate/mtg-jamendo-dataset/05/275105.mp3
244.19739229024944,139.6748310810811,0.5693491888649971,0.5919844512939454,0.15542711317539215,0.43623184782480323,0.7427065450838167,0.3320222543292277,0.0010776752909925327,0.5917603721553663,0.527699811766932,0.6504137983897548,/volumes/Seagate/mtg-jamendo-dataset/05/926205.mp3
117.97333333333333,120.18531976744185,0.6279619259976454,0.25455857849121094,0.3360084891319275,0.6606383320394313,0.8676278009322702,1.0,0.0018674621736422157,0.64896936777432,0.6217935918987074,0.6966043377077524,/volumes/Seagate/mtg-jamendo-dataset/05/110805.mp3
1648.518775510204,120.18531976744185,0.5667004161637286,0.2397751617431642,0.17541851103305817,0.5097292491607083,0.8645228456307507,0.39915110298209866,0.000561929211565616,0.6838522018641463,0.6194503443910173,0.6392605950936975,/volumes/Seagate/mtg-jamendo-dataset/05/1364105.mp3
152.16666666666666,95.703125,0.5924448153161865,0.6511286621093751,0.11569447070360184,0.5666806854093825,0.7674863253591108,0.32364757614158884,0.0013605434503137055,0.49441096226468084,0.5131434895220259,0.6390213115488915,/volumes/Seagate/mtg-jamendo-dataset/05/1028805.mp3
155.8726530612245,161.4990234375,0.5423714467783878,0.2565479278564453,0.18649187684059143,0.62375777404576,0.8691434112677199,0.9077388975885886,0.0007420581739948968,0.7090861680322758,0.7558050596084719,0.6159760637409186,/volumes/Seagate/mtg-jamendo-dataset/05/381705.mp3
320.0,109.95678191489361,0.5567975088854293,0.6889009094238281,0.1495455801486969,0.5145123388554856,0.8626162775985013,0.31765949934650817,0.001486767285547645,0.5326560203467046,0.580791108870909,0.6376781870793491,/volumes/Seagate/mtg-jamendo-dataset/05/266105.mp3
133.22448979591837,129.19921875,0.5597868138522922,0.39234703063964843,0.15721270442008972,0.5446362961096579,0.8926610290209369,0.2852829659352711,0.0034206746527755253,0.8790998474681191,0.5371977736777717,0.6491570188556779,/volumes/Seagate/mtg-jamendo-dataset/05/283205.mp3
306.03714285714284,123.046875,0.5465898926301984,0.835767387390137,0.08269569277763367,0.6286724398597613,0.8651048291352935,0.14125855879196123,0.0017750153148147283,0.2999999999999128,0.6784000309626642,0.5940904432074152,/volumes/Seagate/mtg-jamendo-dataset/05/677105.mp3
140.14666666666668,123.046875,0.4506487800194925,0.38947595214843744,0.059621937572956085,0.2301880405181983,0.35702986886556687,0.15973953029788746,0.00015028982727619192,0.28665556064098946,0.5198734745202884,0.6174892026222065,/volumes/Seagate/mtg-jamendo-dataset/05/1171005.mp3
104.93068027210884,92.28515625,0.5810132499529321,0.6810009384155273,0.07062822580337524,0.2908776558854048,0.5576881810530028,0.15738049104323748,0.0006095557460025367,0.299999999999507,0.4755913894153101,0.6303078834061531,/volumes/Seagate/mtg-jamendo-dataset/05/1195905.mp3
239.99972789115645,117.45383522727273,0.5985206416014638,0.299751449584961,0.25638893246650696,0.5297929483875615,0.7422170821628937,0.8255255134788191,0.0005606445284335229,0.5310187085564353,0.5450730585437201,0.6832854039791986,/volumes/Seagate/mtg-jamendo-dataset/05/429205.mp3
136.05857142857144,112.34714673913044,0.5492477798918506,0.8545369033813478,0.013266806490719318,0.17736317591193548,0.35009014342707584,0.07712436527095647,0.0017755320284537554,0.2996462975803923,0.3731628971565434,0.6301434709053503,/volumes/Seagate/mtg-jamendo-dataset/05/1187705.mp3
200.95201814058956,172.265625,0.5559611718055124,0.5177903137207032,0.2150566279888153,0.3868936517349102,0.6783585780694236,0.2124508749853805,0.0012083137208475534,0.2999999999999991,0.6560282408050662,0.6462147379149602,/volumes/Seagate/mtg-jamendo-dataset/05/429005.mp3
152.01780045351475,147.65625,0.6079468595005838,0.49307157897949233,0.21038830280303955,0.5880810200323282,1.0,0.34333319673505275,0.0028292401090423427,0.9037221845776778,0.5801218008019571,0.6597154288487028,/volumes/Seagate/mtg-jamendo-dataset/05/1135705.mp3
283.1333333333333,114.84375,0.5630726483170856,0.638494155883789,0.007841742597520351,0.1612843458416483,0.39965047943104004,0.07062529752737251,0.0010567843997453198,0.261878763131376,0.4575830659687768,0.611306414141352,/volumes/Seagate/mtg-jamendo-dataset/05/1169705.mp3
268.88,117.45383522727273,0.6168748598989466,0.6974909744262695,0.1258915513753891,0.20470470241304833,0.4214320738719655,0.3027770756982181,0.00014488052289245287,0.2950649338625863,0.37265169576194085,0.670790619342752,/volumes/Seagate/mtg-jamendo-dataset/05/134105.mp3
263.81333333333333,129.19921875,0.5498157774539874,0.20806954956054688,0.1867673099040985,0.6065744691056064,0.7994116031777903,0.965981819216159,0.0005006431408495732,0.2999917941362902,0.6204980971159799,0.6431366121422795,/volumes/Seagate/mtg-jamendo-dataset/05/400405.mp3
194.50775510204082,132.51201923076923,0.5848626251193249,0.5889550704956055,0.10786788165569305,0.3211775727695136,0.606188354410829,0.21538038240594892,0.0010494295854243884,0.5686409037026624,0.42718628324952546,0.6533951807461444,/volumes/Seagate/mtg-jamendo-dataset/05/866705.mp3
223.7126530612245,120.18531976744185,0.5209687466669969,0.59167724609375,0.06205565109848976,0.28641005344427795,0.4529983391765188,0.14667156074778184,0.0005364613431595967,0.29884889875604914,0.5269591151267523,0.6169482113701058,/volumes/Seagate/mtg-jamendo-dataset/05/477305.mp3
204.0,90.66611842105263,0.5864396096459734,0.6885382995605468,0.22596389055252075,0.536820553832932,0.7996975288890701,0.4680919755930999,0.001314139284367313,0.37456299476955623,0.5600609070554031,0.6693348191878268,/volumes/Seagate/mtg-jamendo-dataset/05/1210705.mp3
452.5110884353742,129.19921875,0.5502031608308108,0.7605965270996091,0.10678454488515854,0.20196486882309722,0.3974755812203036,0.1798547861559381,0.000452886263773317,0.2901380050165828,0.3460201148191346,0.6692384131948301,/volumes/Seagate/mtg-jamendo-dataset/05/1395105.mp3
207.40625850340135,126.04801829268293,0.5768865168180397,0.6266239013671875,0.1913524717092514,0.19876655876365207,0.6179482018364238,0.1295185435481559,0.0009343851900978986,0.2999999981024959,0.40862838509894706,0.6871612127955411,/volumes/Seagate/mtg-jamendo-dataset/05/1268905.mp3
185.00024943310657,161.4990234375,0.5659554880518005,0.35895132446289063,0.08304227143526077,0.5746846526230659,0.887564110886194,0.3215079553368486,0.0018264564074329968,0.4847844662228122,0.715162025080186,0.5868628127006567,/volumes/Seagate/mtg-jamendo-dataset/05/1270605.mp3
212.6862358276644,139.6748310810811,0.5714143283022107,1.0,0.3223539888858795,0.8450558192832154,1.0,0.7673756523591436,0.010411521764174791,0.2999999868214683,0.6760261513133632,0.680842205736244,/volumes/Seagate/mtg-jamendo-dataset/05/1248105.mp3
37.81702947845805,92.28515625,0.5064545331595445,0.6119054718017578,0.10190153121948242,0.8476616268897474,1.0,0.36341613139888307,0.02109306031241615,0.8104577198694359,0.692907766638314,0.5981029979113509,/volumes/Seagate/mtg-jamendo-dataset/05/74605.mp3
247.74666666666667,109.95678191489361,0.5806851892210917,0.4929227294921876,0.0785793736577034,0.38041884511493634,0.570273423551632,0.4788655222072371,0.00017526599264622327,0.2999999996232756,0.549574923055452,0.6183735899056828,/volumes/Seagate/mtg-jamendo-dataset/05/80705.mp3
234.64,135.99917763157896,0.5654565010200052,0.28550918579101564,0.23379962146282196,0.8331297695951877,1.0,0.8692737956027325,0.005897695555057152,0.6341916311187643,0.8119936297269399,0.6217691377812279,/volumes/Seagate/mtg-jamendo-dataset/05/686505.mp3
182.0,92.28515625,0.5424385998468065,0.776680679321289,0.06625647842884064,0.12618515392173554,0.217452906653473,0.13017734540425074,0.0002499522720649087,0.29999998521535526,0.21940161844232073,0.6799720085459185,/volumes/Seagate/mtg-jamendo-dataset/05/1210605.mp3
223.68256235827664,107.666015625,0.5874025449784932,0.7878553466796875,0.16208615899085999,0.7775267242339986,0.8909243246939158,0.646005871279972,0.0019356971169098508,0.6258591411982548,0.6509421059835658,0.6281625960399964,/volumes/Seagate/mtg-jamendo-dataset/05/213405.mp3
174.54546485260772,109.95678191489361,0.5801966363305942,0.5815821533203125,0.16402053833007812,0.7502957239579805,1.0,0.2572436672155215,0.00784560945701403,0.9117822728611047,0.5878747292930103,0.6414724479402261,/volumes/Seagate/mtg-jamendo-dataset/05/1164205.mp3
138.76825396825396,132.51201923076923,0.6107341359256047,0.17670050048828123,0.18689976632595062,0.7296292644479165,0.9568239437130569,1.0,0.0013453114105205523,0.8348326867277798,0.7707270622410488,0.6131385034291325,/volumes/Seagate/mtg-jamendo-dataset/05/1323005.mp3
663.5066666666667,126.04801829268293,0.5932237938253673,0.48607113647460937,0.22262537479400635,0.45556308439903276,0.6791462543698307,0.541966242024625,0.0008318624841257101,0.2999877224358981,0.5215239085162702,0.6758403532225883,/volumes/Seagate/mtg-jamendo-dataset/05/1352705.mp3
176.3004081632653,129.19921875,0.5632146230852035,0.529501953125,0.14479593932628632,0.8869438789247666,1.0,0.981071140620533,0.0024322158604098416,0.7121592338909513,0.7983984375,0.592446850657463,/volumes/Seagate/mtg-jamendo-dataset/05/1291605.mp3
122.5,120.18531976744185,0.5142863455422138,0.9019849472045898,0.12508460879325867,0.5135228579697005,0.8979157540554059,0.18363597699661605,0.002286257318651662,0.5626950694890503,0.6111868557390697,0.6227930880177592,/volumes/Seagate/mtg-jamendo-dataset/05/1119405.mp3
209.97333333333333,135.99917763157896,0.5724091409482559,0.20129661560058593,0.10629135370254517,0.5245036298570503,0.6765931282794293,0.7243586873555343,0.0004053094614961443,0.7930116030768308,0.5801792772241307,0.6222290318880901,/volumes/Seagate/mtg-jamendo-dataset/05/1393405.mp3
217.76834467120182,139.6748310810811,0.5839223700955604,0.6135278930664063,0.231709286570549,0.5125077076996252,0.7272907814557168,0.2959156288438884,0.0006809269600888316,0.3,0.5799602668845416,0.6674232897884893,/volumes/Seagate/mtg-jamendo-dataset/05/146605.mp3
246.66666666666666,178.20581896551724,0.5902845030436128,0.541042938232422,0.20990702509880066,0.6591567638955118,0.8853158979583867,0.6210382642255377,0.0014267176178972894,0.8702189035118606,0.7320278997119676,0.6291609490931748,/volumes/Seagate/mtg-jamendo-dataset/05/387705.mp3
190.90285714285713,139.6748310810811,0.5688969373980104,0.48050352478027336,0.19169104099273682,0.876631332088051,1.0,0.6533808758180016,0.0036008526107420094,0.9545326234372065,0.7742939166204752,0.6141499914332902,/volumes/Seagate/mtg-jamendo-dataset/05/1391905.mp3
149.56850340136054,120.18531976744185,0.5228500794448274,0.3644763793945313,0.17075881361961365,0.33229884573123436,0.6972052927009182,0.12036773740399051,0.005382597589526574,0.7130365251901181,0.33310074198178785,0.6948530245067033,/volumes/Seagate/mtg-jamendo-dataset/05/727905.mp3
207.9869387755102,156.60511363636363,0.5539307246950576,0.19945507812499996,0.18135350942611694,0.6542921145271098,0.8144236000467928,1.0,0.0003344215565941918,0.8801431791200731,0.5503008400180782,0.6552270953897864,/volumes/Seagate/mtg-jamendo-dataset/05/230905.mp3
188.60387755102042,87.5926906779661,0.5540039687654613,0.3898928527832032,0.13006949424743652,0.37075046896041725,0.6386515265971833,0.23163840281062092,0.0006022708395718167,0.2999999999999757,0.3991477057174585,0.6669954767855855,/volumes/Seagate/mtg-jamendo-dataset/05/588705.mp3
208.56163265306122,139.6748310810811,0.5395595102845853,0.2578611450195312,0.22110925614833832,0.13445748244692157,0.5329831527852619,0.07664415224725585,0.0038652750801943347,0.7186838392023568,0.2241992285679854,0.7347594864998047,/volumes/Seagate/mtg-jamendo-dataset/05/389705.mp3
205.5140136054422,139.6748310810811,0.5612162719753491,0.7308254241943359,0.2704927325248718,0.6694598706801169,0.9544746814618928,0.2267515590080768,0.004008064008307751,0.3,0.6404621252599679,0.6692849586569602,/volumes/Seagate/mtg-jamendo-dataset/05/132205.mp3
181.62666666666667,156.60511363636363,0.5380855937786593,0.2782643737792969,0.12576286494731903,0.3380683824859044,0.5067249286939974,0.3012096126713904,0.00018068445469210782,0.7003758297201774,0.4621424591945641,0.652846139542122,/volumes/Seagate/mtg-jamendo-dataset/05/167505.mp3
161.14358276643992,139.6748310810811,0.5248030627327849,0.8792230377197265,0.3025503158569336,0.5947819361817741,0.8400754330218373,0.26888697546917834,0.0029582395492648043,0.8195684247035702,0.5816791829286072,0.6925822771227745,/volumes/Seagate/mtg-jamendo-dataset/05/1230805.mp3
132.04897959183674,120.18531976744185,0.5218563612125312,0.3604730224609376,0.06063464283943176,0.3941463995479827,0.6814309640501793,0.18232725900320373,0.0013868824827391144,0.8267065754288517,0.5536128110655404,0.6111059092090874,/volumes/Seagate/mtg-jamendo-dataset/05/374605.mp3
189.55852083333335,148.02631578947367,0.5205377788463945,0.23901452636718748,0.2009158730506897,0.18311402252683354,0.38999830847728223,0.19949001718241355,0.00021537387839784942,0.49034319808435534,0.5208315442765459,0.6681634054429392,/volumes/Seagate/mtg-jamendo-dataset/05/1148305.mp3
120.0,92.28515625,0.5581539153092778,0.4555001068115234,0.23465046286582947,0.5115963644524765,0.7874592803295986,0.40741287850185004,0.001379844938999696,0.8931140682801499,0.4667555265995258,0.6911230613117935,/volumes/Seagate/mtg-jamendo-dataset/05/1086705.mp3
248.15419501133786,129.19921875,0.5890301715641333,0.592043212890625,0.18127310276031494,0.33716788945548926,0.5951022825248129,0.4342316930537726,0.0002482481150187061,0.4640082458275131,0.41018838205797936,0.6832206405821175,/volumes/Seagate/mtg-jamendo-dataset/05/682405.mp3
415.0,97.50884433962264,0.5670064715493148,0.3300962066650391,0.17600910365581512,0.762565895132252,1.0,0.3652895155930802,0.006322856867507188,0.7075766477516927,0.5747623029360676,0.64841081672888,/volumes/Seagate/mtg-jamendo-dataset/05/1410605.mp3
115.392,125.0,0.5122151783263487,0.8043804168701172,0.12529250979423523,0.22906070668279585,0.6188444170902461,0.25325454992233626,4.808816960634032e-05,0.2535201360683749,0.5233959053300375,0.6404261224599171,/volumes/Seagate/mtg-jamendo-dataset/05/156205.mp3
96.3134693877551,120.18531976744185,0.5800705269292205,0.14943832397460938,0.30115291476249695,0.49642130670137485,0.873877104779846,0.4130053860808618,0.0015176395784388137,0.7792562791974724,0.478564410565941,0.7127021672013106,/volumes/Seagate/mtg-jamendo-dataset/05/1400605.mp3
323.17333333333335,120.18531976744185,0.5879151895539887,0.7046880722045898,0.1356920301914215,0.41066728897999244,0.6467785957084029,0.21910510691541749,0.0007578858918063827,0.7588173386772443,0.46808998762321424,0.6552311333442689,/volumes/Seagate/mtg-jamendo-dataset/05/20805.mp3
326.33122448979594,161.4990234375,0.5621499130957079,0.5863262329101563,0.14910420775413513,0.3459886978608647,0.645165526994859,0.2537926881332283,0.00046628380063669654,0.299999114464517,0.5363773867824391,0.6464020374350008,/volumes/Seagate/mtg-jamendo-dataset/05/1078705.mp3
143.63315192743764,105.46875,0.5849057323487221,0.17395639038085936,0.20028267800807953,0.4964833178952533,0.6800784495152483,0.7592955769518899,0.00027352248169412464,0.5547858461713097,0.6019284955999449,0.6517160649629197,/volumes/Seagate/mtg-jamendo-dataset/05/1124505.mp3
96.0,86.1328125,0.5519030812042807,0.4049448547363281,0.044303007423877716,0.48051205936400326,0.652077707612825,0.47183456282500913,0.0002451112122287372,0.967564993138258,0.559546943029113,0.6040396940667734,/volumes/Seagate/mtg-jamendo-dataset/05/1332905.mp3
165.50918367346938,139.6748310810811,0.531193512363985,0.27434951782226563,0.16310271620750427,0.5389541651457401,0.8135745009067007,0.5000872546604254,0.0007223157063072298,0.7079378923821444,0.6832448962446129,0.622067998585779,/volumes/Seagate/mtg-jamendo-dataset/05/1234305.mp3
30.666666666666668,120.18531976744185,0.5522876352943595,0.8013888549804687,0.2947407364845276,0.3331399601268591,0.7076641081684818,0.2956887797492661,0.0006242833226079939,0.2999999999999993,0.42352241490914205,0.7214021821526015,/volumes/Seagate/mtg-jamendo-dataset/05/1341605.mp3
315.0,160.71428571428572,0.5677522560317065,0.4853240509033203,0.2276659905910492,0.6819242800136034,0.8094119839962883,0.4706380511590569,0.0007756757520035631,0.9500121646707413,0.8026701525406849,0.6214257261046406,/volumes/Seagate/mtg-jamendo-dataset/05/10805.mp3
297.2154195011338,105.46875,0.49681609671314675,0.5261276245117188,0.14145955443382263,0.8295689553576807,1.0,0.43092390636417593,0.0056604907253049695,0.3,0.7387672295515801,0.60317199368586,/volumes/Seagate/mtg-jamendo-dataset/05/1072505.mp3
292.00666666666666,95.703125,0.5597405705096792,0.43081669616699214,0.2402767539024353,0.6501132942063413,0.9142521952280399,0.6235390290448706,0.0017403301890758633,0.8548826131060696,0.5406529741136679,0.6783690365821431,/volumes/Seagate/mtg-jamendo-dataset/05/810905.mp3
210.08,123.046875,0.5592467961479324,0.9695513000488281,0.10594408214092255,0.7697438201647925,0.9371591663945702,0.3161091529124741,0.003106757677898691,0.3,0.6878360461402586,0.6005726603426804,/volumes/Seagate/mtg-jamendo-dataset/05/288505.mp3
240.96591836734694,120.18531976744185,0.533555787748746,0.6407123184204102,0.08470281958580017,0.21137242618762134,0.4643214459039134,0.1326962758931887,0.0008725263211667104,0.6297309590438438,0.3315137353750628,0.6641902679758755,/volumes/Seagate/mtg-jamendo-dataset/05/26405.mp3
206.52,123.046875,0.6122161831524326,0.5399373474121092,0.0561363622546196,0.26377389029887954,0.3874779307248909,0.47394786309434855,1.8268329162263867e-05,0.2943920313399245,0.549165578925825,0.6103759746264981,/volumes/Seagate/mtg-jamendo-dataset/05/1390505.mp3
202.0,105.46875,0.5756690626927086,0.26190219116210933,0.2839468717575073,0.5104585340545387,0.7249601812483579,0.6584521958789333,0.0004412965511028417,0.5585487728655997,0.5936048798999213,0.6834998978527184,/volumes/Seagate/mtg-jamendo-dataset/05/1119005.mp3
113.441179138322,151.99908088235293,0.5655307181900557,0.6678295135498047,0.12719911336898804,0.6650342283073364,0.9891681266826778,0.5901415692421353,0.002212737974687335,0.3609954460437152,0.751961114212242,0.5953994579703873,/volumes/Seagate/mtg-jamendo-dataset/05/1417805.mp3
76.83325,108.17307692307692,0.5578625298238649,1.0,0.15926434099674225,0.4014729987957143,0.6970918574054735,0.061962866158367304,0.01038064809866679,0.3836518283395909,0.47152298428147876,0.6630305659025315,/volumes/Seagate/mtg-jamendo-dataset/05/1110005.mp3
347.8303401360544,161.4990234375,0.5749526547763679,0.3736759490966797,0.21536779403686523,0.618859589233837,0.989677895714403,0.36224934058419356,0.005465999419219864,0.5038456255904837,0.7172879634800213,0.6340748131572672,/volumes/Seagate/mtg-jamendo-dataset/05/1274505.mp3
233.79591836734693,114.84375,0.5481792549967468,0.4632561340332031,0.11767620593309402,0.5442107190977695,0.8156021467049803,0.2185420597874665,0.0018041001761669357,0.32115834477131194,0.5441812314398262,0.6335271878479486,/volumes/Seagate/mtg-jamendo-dataset/05/312405.mp3
170.35519274376418,147.65625,0.5923628503816789,0.6505889816284178,0.1500411480665207,0.9412882095807877,1.0,0.4804489107995891,0.01071082304378012,0.29999999999999993,0.6450176886792454,0.6250112755680983,/volumes/Seagate/mtg-jamendo-dataset/05/718305.mp3
537.8089795918368,132.51201923076923,0.5303578514793593,0.4796700897216798,0.16262800991535187,0.6304810827957565,0.8985516275496658,0.34361096076205555,0.0021086187151603216,0.29999999998764554,0.6499252839511244,0.6285610267793017,/volumes/Seagate/mtg-jamendo-dataset/05/1146205.mp3
90.0,92.28515625,0.5428244041592267,0.4483301620483398,0.08911234885454178,0.16168834457746023,0.3097156570557874,0.1897807646807118,6.844250905404118e-05,0.29998423258844015,0.3236791790719966,0.6673446097732357,/volumes/Seagate/mtg-jamendo-dataset/05/1116405.mp3
274.2857142857143,97.50884433962264,0.5760942557864905,0.6338032531738281,0.09632990509271622,0.2099651794642274,0.5272300095637584,0.15932798301994702,0.0009631635535980835,0.29999999999979954,0.32744323236016715,0.6691901193613444,/volumes/Seagate/mtg-jamendo-dataset/05/1161205.mp3
130.0,97.50884433962264,0.5631590311972052,0.5188106079101563,0.17754043638706207,0.4603553860482341,0.7897019883807984,0.46049512325807307,0.0012016421947386128,0.48635054971187897,0.5375001580759707,0.6564145254841482,/volumes/Seagate/mtg-jamendo-dataset/05/1031105.mp3
256.83591836734695,99.38401442307692,0.5853164486280533,0.5141575317382812,0.23417238891124725,0.6943542711023695,1.0,0.43904247097436394,0.002946319808330978,0.6259555811071194,0.6434264867671832,0.6556167626546123,/volumes/Seagate/mtg-jamendo-dataset/05/1036705.mp3
292.6902267573696,139.6748310810811,0.5922571512745838,0.43820144653320314,0.21535272896289825,0.9425834891862743,1.0,0.7469873293790651,0.0053498530392844254,0.2999999972033159,0.7293496621621622,0.6316570499942109,/volumes/Seagate/mtg-jamendo-dataset/05/1125105.mp3
69.0,126.04801829268293,0.5255435485181662,0.3887179946899414,0.04605019465088844,0.30386782729881,0.43133390127557203,0.3075928175163313,0.00013216444397384184,0.6534948591089906,0.4618257666539421,0.6242129167435315,/volumes/Seagate/mtg-jamendo-dataset/05/1170405.mp3
99.72,140.625,0.6012319695452772,0.6850475158691407,0.22759608924388885,0.5839984475144964,0.7737567378215359,0.5181584570150974,0.0005639258602554908,0.5672278479582481,0.6157260490309933,0.6587893823216013,/volumes/Seagate/mtg-jamendo-dataset/05/887205.mp3
173.56,103.359375,0.5582478854751078,0.41108399963378917,0.2040639966726303,0.4954330026676694,0.8946780458511231,0.21902536911656745,0.0025363795383213233,0.5106744721535162,0.45026924995375583,0.6834091888113958,/volumes/Seagate/mtg-jamendo-dataset/05/1194605.mp3
79.31936507936508,120.18531976744185,0.5690187873439598,1.0,0.06630179286003113,0.2670432388840231,0.44910529141983624,0.09839266400859531,0.00047244836742845104,0.2578438563626633,0.5557811773304013,0.6127124099635309,/volumes/Seagate/mtg-jamendo-dataset/05/1336205.mp3
254.5,120.18531976744185,0.5433460347127289,0.5266722106933593,0.1568032056093216,0.48695943441999096,0.6935296058770763,0.4192567323237212,0.0006070843563715355,0.3,0.6017320796142667,0.6361027380965025,/volumes/Seagate/mtg-jamendo-dataset/05/1276505.mp3
69.15709750566893,132.51201923076923,0.5782979860283992,1.0,0.07720938324928284,0.3029841000282331,0.5427743326387628,0.30073494188022293,0.00028704324171802695,0.29998869175734666,0.5428933913878157,0.6192166996921787,/volumes/Seagate/mtg-jamendo-dataset/05/1162605.mp3
119.73848072562359,112.34714673913044,0.5917315080346821,0.3589065093994141,0.25041916966438293,0.6345646120072722,0.8014794339039002,0.9159773360386309,0.0006058753023635939,0.29999741661569257,0.7997740588411252,0.6301960893109528,/volumes/Seagate/mtg-jamendo-dataset/05/1131105.mp3
279.8414375,119.68085106382979,0.5485121105145814,0.9317442321777344,0.057109732180833817,0.3200248750844821,0.5197311400622847,0.13677575775605294,0.0006847288898084291,0.29100693856670923,0.42262234066428145,0.6360350354522439,/volumes/Seagate/mtg-jamendo-dataset/05/729305.mp3
276.72414583333335,117.1875,0.5828691517438538,1.0,0.16506846249103546,0.48425055703856834,0.7355836289383482,0.23592021157077006,0.0010256014646570176,0.6931260322596744,0.4952642618673783,0.6603717941232972,/volumes/Seagate/mtg-jamendo-dataset/05/958805.mp3
507.3502040816326,117.45383522727273,0.5370880420572934,1.0,0.09480670839548111,0.2747811596275255,0.43163223472575246,0.14078350170229392,0.0011638419187164173,0.28849222493418014,0.5143439187781889,0.6312616312667355,/volumes/Seagate/mtg-jamendo-dataset/05/1104905.mp3
211.80081632653062,107.666015625,0.5936216362432993,0.905291015625,0.09617296606302261,0.2580490278654243,0.46640250956333307,0.19310431495018743,0.0006201618346653883,0.2999997325050032,0.4838278667216181,0.6378566944383646,/volumes/Seagate/mtg-jamendo-dataset/05/1024405.mp3
395.05333333333334,120.18531976744185,0.5370431293748603,0.28607702636718746,0.10000351816415787,0.5566583569854363,0.8470252911045674,0.4563588952569907,0.0015865556340886368,0.29999996055986256,0.6295757824704841,0.610086110045,/volumes/Seagate/mtg-jamendo-dataset/05/1027705.mp3
131.831,140.625,0.6140162380519296,0.3605330047607422,0.14393697679042816,0.17715902923201712,0.4260722512101355,0.23342371142158022,0.0002635182481464241,0.6858504265647918,0.4013463694894363,0.6715480377466669,/volumes/Seagate/mtg-jamendo-dataset/05/1012005.mp3
240.0,120.18531976744185,0.574151425182249,0.48496446228027346,0.2297157496213913,0.7938269504257233,0.9551708021479639,0.8757662066752246,0.0019504741740728338,0.31445883646568906,0.6888273771413146,0.6449321944354379,/volumes/Seagate/mtg-jamendo-dataset/05/1066805.mp3
285.24743764172337,129.19921875,0.5723425105517583,0.7472732467651367,0.09869883209466934,0.10562129724934426,0.33993482853065937,0.12252558642802545,0.0005079900610003602,0.2999999916371661,0.4494674300306918,0.6456380935479425,/volumes/Seagate/mtg-jamendo-dataset/05/933505.mp3
513.7778004535147,135.99917763157896,0.5863829299711846,0.7420168914794928,0.11220358312129974,0.5970052502090264,0.9156951660027949,0.1273667420996531,0.006001579619643843,0.29999999999999977,0.5848101784119143,0.623431254241285,/volumes/Seagate/mtg-jamendo-dataset/05/1402705.mp3
319.79102040816326,120.18531976744185,0.5862218600637709,0.4562155151367188,0.11585410684347153,1.0,1.0,1.0,0.03455643430956153,0.7774458251613643,0.6903706395348838,0.603633350556673,/volumes/Seagate/mtg-jamendo-dataset/05/1146605.mp3
138.69333333333333,120.18531976744185,0.5405000223104821,1.0,0.028148837387561798,0.1494248889154045,0.25723230329738306,0.14171084893237815,0.00025872751714470693,0.2999975816509027,0.46362595319359173,0.6174083908208039,/volumes/Seagate/mtg-jamendo-dataset/05/1028905.mp3
162.8734693877551,117.45383522727273,0.5980314021265989,0.8768400115966799,0.06732213497161865,0.07807307107783015,0.34995297688886323,0.04283357296471246,0.0034045271070236444,0.2933133767303253,0.32540726436828027,0.6591545157161267,/volumes/Seagate/mtg-jamendo-dataset/05/1044305.mp3
264.0,120.18531976744185,0.5784241839265585,0.6084947204589843,0.20077377557754517,0.6178628034435885,1.0,0.19868803226290838,0.003739906143529362,0.2999999999999996,0.5198167146674387,0.6683152162744286,/volumes/Seagate/mtg-jamendo-dataset/05/114405.mp3
284.14522916666664,114.79591836734694,0.5355201786512034,0.8879636840820312,0.1465153843164444,0.24343393187749088,0.5307985795983152,0.1623121793739053,0.0006877944227338841,0.29994309288638843,0.3889318326526571,0.6749591718233885,/volumes/Seagate/mtg-jamendo-dataset/05/1137205.mp3
233.0,103.359375,0.5396687484287106,0.33447256469726566,0.2458553910255432,0.5078028332552134,0.7514574879741305,0.4477158680600708,0.0008088521539776032,0.8647743854346596,0.5049764375168031,0.6875126532658349,/volumes/Seagate/mtg-jamendo-dataset/05/1354105.mp3
264.7733333333333,123.046875,0.5615263873042731,0.5422588348388672,0.2067362666130066,0.5778810439681816,0.8194364872079054,0.5846897371894003,0.001611452957192893,0.33996427378148525,0.5688226021385638,0.6606605355529697,/volumes/Seagate/mtg-jamendo-dataset/05/451205.mp3
228.9398866213152,129.19921875,0.5845651434860835,0.3953348236083984,0.13620120286941528,0.6480674205702495,0.8812655467795176,0.5269400880621382,0.0015197008225427563,0.29999999999998495,0.7148412204759802,0.6060641889377935,/volumes/Seagate/mtg-jamendo-dataset/05/1086305.mp3
357.7071041666667,156.25,0.5253389059742515,0.2536023712158203,0.208774596452713,0.5899062062052777,0.8417754867886313,0.4379754992087135,0.0010869308614018655,0.5746051308302057,0.4600860795034129,0.6831416388222941,/volumes/Seagate/mtg-jamendo-dataset/05/1165005.mp3
255.28163265306122,120.18531976744185,0.5717405279810328,0.21697979736328127,0.2912560999393463,0.3134129149994624,0.46615827914829666,0.4981774701097777,6.31817293073119e-05,0.49426931799416013,0.38465143756943687,0.7279219084642773,/volumes/Seagate/mtg-jamendo-dataset/05/82805.mp3
153.45333333333335,112.34714673913044,0.5938569978710064,0.22866650390624998,0.15786582231521606,0.4870995039315082,0.6108421066199028,1.0,3.2682285059223306e-05,0.8798630698772274,0.5826697819586298,0.6402977396417519,/volumes/Seagate/mtg-jamendo-dataset/05/7205.mp3
184.0378231292517,120.18531976744185,0.5285528761627101,0.6765233688354493,0.05422201007604599,0.2443235093629743,0.42187468105539505,0.13961829852969235,0.0006057791627883134,0.2711172550350119,0.5462983085008496,0.6102602619272066,/volumes/Seagate/mtg-jamendo-dataset/05/702505.mp3
243.93331065759637,123.046875,0.5754049037420502,0.3611322021484375,0.21492862701416016,0.5857662152045052,0.803093850517965,0.5162199591154923,0.0005760419980919998,0.46537456841582586,0.5748626133800373,0.6624017830490901,/volumes/Seagate/mtg-jamendo-dataset/05/1373105.mp3
206.9812471655329,151.99908088235293,0.5929782368329285,0.936098861694336,0.07098638266324997,0.47862224762440253,0.6740350038471832,0.13777970525947125,0.001609700727616224,0.7351201172538311,0.5774860139059703,0.6100578949775759,/volumes/Seagate/mtg-jamendo-dataset/05/259505.mp3
294.85716553287983,139.6748310810811,0.5834315017491178,0.5250923461914063,0.12878373265266418,0.3377347282043843,0.7346800938821985,0.17110893643094008,0.0006799468387479047,0.3975676037670149,0.3775005766400239,0.6708620284269543,/volumes/Seagate/mtg-jamendo-dataset/05/186605.mp3
289.6666666666667,166.70866935483872,0.5480002573570812,0.49454930114746093,0.24782967567443848,0.3246548434941851,0.5835898855582854,0.35813285106798964,0.0003227131715403541,0.3097389883309391,0.5307102219905383,0.6830766388446902,/volumes/Seagate/mtg-jamendo-dataset/05/37705.mp3
187.50666666666666,120.18531976744185,0.540005869561627,0.18427474975585936,0.25246402621269226,0.13963207737594055,0.31305237964023436,0.23509319818602187,7.558719300329877e-05,0.46353861387967865,0.5591231632398739,0.6790624167885945,/volumes/Seagate/mtg-jamendo-dataset/05/1062505.mp3
418.3266439909297,139.6748310810811,0.5722918089615343,0.5494345855712891,0.17887051403522491,0.9056233089556542,1.0,0.2622259888229433,0.014978122731429571,0.8143146345796861,0.7767490040232162,0.6090435842480377,/volumes/Seagate/mtg-jamendo-dataset/05/950105.mp3
184.68571428571428,129.19921875,0.5737163860833456,0.7972247619628906,0.12452065199613571,0.8660855621142614,1.0,0.1785955218113911,0.0053072462529211925,0.9688643902690237,0.6948495597733844,0.605857522763932,/volumes/Seagate/mtg-jamendo-dataset/05/434005.mp3
221.68,120.18531976744185,0.5754932726331689,0.567676887512207,0.12169700860977173,0.18814576512371164,0.3581844609475981,0.26569219803437166,0.00011855218458100342,0.29412238641691724,0.4858710167534628,0.6466367197488253,/volumes/Seagate/mtg-jamendo-dataset/05/202205.mp3
115.34034013605442,129.19921875,0.5528844446524603,0.6057694396972656,0.06914359331130981,0.24192301824672127,0.5454171792835361,0.12485840892631371,0.00042192133092810465,0.6786968800140606,0.4223900005984191,0.6404136934723877,/volumes/Seagate/mtg-jamendo-dataset/05/1412805.mp3
154.561179138322,120.18531976744185,0.6507288367111772,0.4395214233398439,0.1660059094429016,0.3706030588677565,0.7297941284902718,0.2746396791692697,0.0007005641823531612,0.6375203449915806,0.35539039751644996,0.6886840478961546,/volumes/Seagate/mtg-jamendo-dataset/05/558405.mp3
219.5911111111111,123.046875,0.5710161781736429,0.6118884887695314,0.1733323633670807,0.13866299679607963,0.24449649017619257,0.17789211040405406,0.00010774330427959019,0.27082397177563566,0.4296484379959403,0.6764699632129609,/volumes/Seagate/mtg-jamendo-dataset/05/123505.mp3
340.8,132.51201923076923,0.5475781917842314,0.6001755676269533,0.2708260715007782,0.6991967629283137,0.9722109344586939,0.4467252431338825,0.0021162337688594344,0.7572002628489047,0.6330247174409342,0.6708924422520932,/volumes/Seagate/mtg-jamendo-dataset/05/1147905.mp3
100.51020408163265,97.50884433962264,0.544679377303338,0.954697151184082,0.025101860985159874,0.23555244196944292,0.40073325788578673,0.16376958572080522,0.00024098252612383814,0.2999755961472207,0.3609971196326199,0.6368372460281336,/volumes/Seagate/mtg-jamendo-dataset/05/1193305.mp3
215.38829931972788,161.4990234375,0.6208096031697325,0.3511946411132813,0.18016602098941803,0.316765121507207,0.49368406484082833,0.45928513303351115,0.00010124682416410514,0.4739716812270961,0.5344856539914126,0.657962636757908,/volumes/Seagate/mtg-jamendo-dataset/05/365605.mp3
208.14532879818594,161.4990234375,0.5746652524954157,0.3919283752441406,0.07359080761671066,0.7465272160081047,0.9357127212240972,0.6848740764723728,0.0012305485202665752,0.5254190835730569,0.7596298508770261,0.5745667205666106,/volumes/Seagate/mtg-jamendo-dataset/05/695805.mp3
204.0,139.6748310810811,0.5345484555971919,0.8797747802734375,0.12980902194976807,0.3276238801563937,0.5279597730136285,0.12097100153792341,0.0016562276907817978,0.2999999999964095,0.486223476552359,0.6494865525914447,/volumes/Seagate/mtg-jamendo-dataset/05/34405.mp3
196.66213151927437,129.19921875,0.5766825131756934,0.9938372039794922,0.23060081899166107,0.6437165184864134,1.0,0.2532032712298788,0.008588998818079887,0.3,0.5432797513010602,0.674360344576786,/volumes/Seagate/mtg-jamendo-dataset/05/217705.mp3
181.23660416666667,98.6842105263158,0.5565557519986013,0.4005413818359375,0.09542062133550644,0.614003101427188,0.766928807972522,0.2870248381137216,0.0010810738621574666,0.2999999999999999,0.6562439145506503,0.6031026407706522,/volumes/Seagate/mtg-jamendo-dataset/05/108305.mp3
123.28798185941044,135.99917763157896,0.5499028699056954,1.0,0.04998679831624031,0.2588845896369936,0.4299762843177576,0.11484589591658628,0.0006567553356370941,0.2998825704968992,0.4547464602112481,0.6270459553515969,/volumes/Seagate/mtg-jamendo-dataset/05/233805.mp3
261.5018594104308,89.10290948275862,0.5502814799507938,0.46321908569335934,0.2154349833726883,0.7495060739592314,0.9950243801558736,0.46253383924356023,0.0039312892958653315,0.3819735756037834,0.6761824820233414,0.6423200976094995,/volumes/Seagate/mtg-jamendo-dataset/05/1133505.mp3
153.50158333333334,114.79591836734694,0.5445990973516335,0.7688524627685547,0.12965618073940277,0.15994684587837038,0.29303622751978975,0.07797624192627167,0.0023790742114492545,0.29999999999953975,0.46087145696670745,0.6545019336728435,/volumes/Seagate/mtg-jamendo-dataset/05/1115605.mp3
223.71430839002267,139.6748310810811,0.5759486659454688,0.3167957458496095,0.2754162847995758,0.4254509495569443,0.6921393290144805,0.3914111407849937,0.00044505842482441487,0.726396573802905,0.6060286598491409,0.6779441305580192,/volumes/Seagate/mtg-jamendo-dataset/05/316305.mp3
154.38961451247167,126.04801829268293,0.5033780222412998,0.21627645874023435,0.3181268870830536,0.3065915912546884,0.5891073388111793,0.22766721869790318,0.00032083612534797876,0.9334434200840256,0.4470608077364106,0.7251135178026172,/volumes/Seagate/mtg-jamendo-dataset/05/1302905.mp3
349.7142857142857,139.6748310810811,0.5913403881283992,0.6160840225219726,0.1282147765159607,0.7433303875514674,0.9901665015253057,0.7185314679652341,0.00402345949940986,0.31626738865331516,0.7540778246353986,0.5953417546186661,/volumes/Seagate/mtg-jamendo-dataset/05/11005.mp3
193.33160997732426,112.34714673913044,0.5442387603354046,0.34376867675781253,0.16592596471309662,0.33078893678005566,0.5140475244589706,0.3594152082756641,0.00020051372932315746,0.8922407682683815,0.5209744242422113,0.6555384624482725,/volumes/Seagate/mtg-jamendo-dataset/05/710605.mp3
157.74562358276643,123.046875,0.5860864638268735,0.6574766998291015,0.056463662534952164,0.18171443038153756,0.3147052073679121,0.10577195086051537,0.0005623486542008488,0.29838382047749024,0.3995978199608503,0.6404073545204126,/volumes/Seagate/mtg-jamendo-dataset/05/1400505.mp3
147.69231292517006,129.19921875,0.568447600859939,0.552377197265625,0.2279438078403473,0.6105833094090073,0.9151252083111858,0.36899666795756153,0.003943177104514362,0.8413394064033055,0.565045714727468,0.6690506278770314,/volumes/Seagate/mtg-jamendo-dataset/05/1297205.mp3
156.45024943310656,90.66611842105263,0.5708943776875327,0.46289794921875,0.19832922518253326,0.7794946101617668,1.0,0.39309630852319205,0.006196891844849379,0.7300589765869039,0.5727567888983529,0.6568471632860414,/volumes/Seagate/mtg-jamendo-dataset/05/1289105.mp3
330.1104535147392,129.19921875,0.5353199107874309,0.30354852294921875,0.20398162305355072,0.6352800387585217,0.972559536706153,0.32744876024409114,0.003800778220015094,0.61273628879919,0.5872341798951941,0.6559865483202394,/volumes/Seagate/mtg-jamendo-dataset/05/242605.mp3
196.6,143.5546875,0.5784799422747309,0.16445835876464845,0.3068361282348633,0.6135379699789748,0.946837849440655,0.7274641578351535,0.0022698816790091415,0.7341128583575376,0.5971594745943658,0.6910291112456777,/volumes/Seagate/mtg-jamendo-dataset/05/1357005.mp3
426.4663492063492,129.19921875,0.5815123908496214,0.6838702087402345,0.17210189998149872,0.6962857856601863,0.9296277175587362,0.4605596217397396,0.002193758541819506,0.7474754669543471,0.7155182519526422,0.6188530336028111,/volumes/Seagate/mtg-jamendo-dataset/05/1097205.mp3
251.100589569161,135.99917763157896,0.4740505383983956,0.8313522338867189,0.08191283047199249,0.33412650869547855,0.6286479837587696,0.17512305633019806,0.0031608637737031873,0.6091369092548417,0.5711129723152308,0.6152660245068711,/volumes/Seagate/mtg-jamendo-dataset/05/1251905.mp3
499.3466666666667,126.04801829268293,0.5972617178717434,0.6824452209472657,0.10922473669052124,0.6510585034082493,0.9473378664269562,0.19585449212935319,0.005309305623557742,0.800810729526324,0.6616393516826212,0.6069930348720635,/volumes/Seagate/mtg-jamendo-dataset/05/373005.mp3
158.17142857142858,147.65625,0.5773347546921568,0.28253135681152347,0.26433491706848145,0.5592006120512696,0.9268678781860205,0.39169936840296177,0.001214756270760365,0.4305065273622086,0.59956421539813,0.6752477270650273,/volumes/Seagate/mtg-jamendo-dataset/05/1374705.mp3
253.1526530612245,109.95678191489361,0.5904197557860265,0.2175390625,0.27345404028892517,0.5293842468701352,0.7577627586593633,0.6775756287716511,0.0010166369692937683,0.3554809626086174,0.5066580341364171,0.6971118476767296,/volumes/Seagate/mtg-jamendo-dataset/05/398305.mp3
202.01342403628118,129.19921875,0.5735000659598494,0.33793383789062503,0.2869676351547241,0.8590272623704943,1.0,0.7142842724978973,0.0060487082766951935,0.539729591447055,0.6972951463721263,0.6638493193812754,/volumes/Seagate/mtg-jamendo-dataset/05/1336605.mp3
193.3791156462585,123.046875,0.5790189609127327,0.5249210815429687,0.2755797207355499,0.6975704535847472,0.9615613706274779,0.4840874048411493,0.0037256127043075204,0.44123181936961164,0.6749515422624293,0.6642183910123121,/volumes/Seagate/mtg-jamendo-dataset/05/1420705.mp3
130.7849433106576,123.046875,0.6152649883667263,1.0,0.10500296205282211,0.21925663842248586,0.37138958386214294,0.08326069305966029,0.001657528447194627,0.29931606389040233,0.5439169704411742,0.6290176722507811,/volumes/Seagate/mtg-jamendo-dataset/05/1369905.mp3
214.5,120.18531976744185,0.5903887726715025,0.4650140380859375,0.1494213044643402,0.5754354377121682,0.8404232831443349,0.7236826680888588,0.0009609776976634458,0.7990785663212574,0.552616295516563,0.6432684105038499,/volumes/Seagate/mtg-jamendo-dataset/05/347605.mp3
227.5862358276644,114.84375,0.576023267361462,0.45280212402343745,0.2090664505958557,0.570205918071037,0.9369334076513626,0.37286527821152315,0.002298130805579514,0.6518359534323195,0.525216331915989,0.6702206558313103,/volumes/Seagate/mtg-jamendo-dataset/05/89805.mp3
284.55020408163267,132.51201923076923,0.5591842191840715,0.6329156341552735,0.15463721752166748,0.7994862703212635,0.976257489557588,0.799957807166811,0.0030717508097085813,0.6229550482687682,0.6942671077885904,0.6168159767500822,/volumes/Seagate/mtg-jamendo-dataset/05/817705.mp3
204.27526077097505,93.96306818181819,0.5223723676779084,1.0,0.09618070721626282,0.6709122099316885,0.8187958530643125,0.4473931757220385,0.003384717086022001,0.2999999999931424,0.6622211179279738,0.6021808310122598,/volumes/Seagate/mtg-jamendo-dataset/05/1338405.mp3
185.14385487528344,143.5546875,0.5835193435826669,0.6180950622558593,0.20739775896072388,0.763802206801367,1.0,0.46200202805941015,0.00370200197712438,0.6340670696591011,0.685504067839741,0.6375623796579124,/volumes/Seagate/mtg-jamendo-dataset/05/1027605.mp3
384.17333333333335,97.50884433962264,0.5391838486034262,0.5230406036376956,0.15602827072143555,0.4383292691811928,0.5693308713942876,0.3818809013112796,0.0002862181555979741,0.29999999999999855,0.48379261396600615,0.6594116546665155,/volumes/Seagate/mtg-jamendo-dataset/05/635305.mp3
317.68380952380954,132.51201923076923,0.5729700536223172,0.4072523803710937,0.2503160238265991,0.5671605998135507,0.83371501574245,0.6485380471404479,0.0012503789366760322,0.29999995219663717,0.6660296151617467,0.6569078455452263,/volumes/Seagate/mtg-jamendo-dataset/05/902705.mp3
132.5859410430839,109.95678191489361,0.4894097073102952,0.9312559509277344,0.13037177920341492,0.6660720256009375,1.0,0.08939971511614249,0.009017122675679869,0.48860661738496247,0.5516187459917763,0.6366100913148741,/volumes/Seagate/mtg-jamendo-dataset/05/80805.mp3
192.0,112.34714673913044,0.5542974065143227,0.4454561462402344,0.09226969629526138,0.19162511558464315,0.4021972019817391,0.16981084214034786,0.0002641307493588179,0.7538169622757305,0.5805283604280873,0.6171114185806766,/volumes/Seagate/mtg-jamendo-dataset/05/1209905.mp3
138.75,129.19921875,0.4885720804024336,0.7314712524414062,0.1174379512667656,0.7697095874898436,1.0,0.40734380835566364,0.008218217839679689,0.3,0.5978760038579294,0.6227024616844498,/volumes/Seagate/mtg-jamendo-dataset/05/764605.mp3
302.9351473922903,147.65625,0.6127175516001301,0.3857290954589843,0.36076197028160095,0.6830639946002501,1.0,0.44396207561508416,0.003407159338936752,0.9367778044234545,0.5809080940516069,0.713692690491055,/volumes/Seagate/mtg-jamendo-dataset/05/321105.mp3
178.07673469387754,120.18531976744185,0.5643546471302809,0.5478382263183597,0.07268252223730087,0.4548117700700972,0.6995179046325046,0.2554941254478064,0.0025497066585790824,0.4872568923516034,0.5778512357252354,0.6105954608603812,/volumes/Seagate/mtg-jamendo-dataset/05/438205.mp3
343.4318367346939,129.19921875,0.6065326164783384,0.3140403747558594,0.30902862548828125,0.49041173194930104,0.9154668190431237,0.29591357669433493,0.0012237990440288767,0.40528988782240716,0.5058463472566197,0.7100810357244574,/volumes/Seagate/mtg-jamendo-dataset/05/1294105.mp3
180.59331065759636,129.19921875,0.5701526496289878,0.735584716796875,0.20017968118190765,0.5377318370116175,0.7118457046857849,0.38615983794191244,0.0008070171164600039,0.3,0.5820099467296014,0.6556626958795664,/volumes/Seagate/mtg-jamendo-dataset/05/768505.mp3
209.28,126.04801829268293,0.6112612599486207,0.5000827026367187,0.2601871192455292,0.7279210995885638,1.0,0.3710502174366024,0.0025604330159486187,0.7004158756901895,0.6224936171278247,0.6691686395028256,/volumes/Seagate/mtg-jamendo-dataset/05/1147705.mp3
194.66666666666666,120.18531976744185,0.5767894719459317,0.27127308654785165,0.13335318863391876,0.4302829817935799,0.7388122280755355,0.21071524157512567,0.0009003304293831204,0.6173262116161253,0.4853197922359326,0.6509431894610243,/volumes/Seagate/mtg-jamendo-dataset/05/341805.mp3
180.9524036281179,126.04801829268293,0.617276943491827,0.5591927719116211,0.11863576620817184,0.8670325541361057,1.0,0.6960640099150895,0.006417485254834491,0.6479643441587684,0.7745367210337489,0.587801531628192,/volumes/Seagate/mtg-jamendo-dataset/05/1121405.mp3
409.1308616780045,172.265625,0.5534065363893026,0.4082858581542969,0.13979686796665192,0.4428136842413823,0.6671305262783568,0.4367553500733645,0.0003156358197041332,0.6090610013335107,0.6096083076416452,0.6284052109396657,/volumes/Seagate/mtg-jamendo-dataset/05/225605.mp3
230.4,126.04801829268293,0.598547412975976,0.4048832702636719,0.29982396960258484,0.4093617695435035,0.6503122952682919,0.37408951364531284,0.0010305208886348643,0.3,0.545914155911809,0.6987537978745688,/volumes/Seagate/mtg-jamendo-dataset/05/1349705.mp3
258.0,161.4990234375,0.5837961248013416,0.6371490478515625,0.18364876508712769,0.41595379701122837,0.8233293321903398,0.1259053737997219,0.009129488820352676,0.9597185255674578,0.6137512411976672,0.6433633071918325,/volumes/Seagate/mtg-jamendo-dataset/05/993605.mp3
291.34367346938774,79.50721153846153,0.5442502150086581,0.29520446777343756,0.13928931951522827,0.29762030831615427,0.562527578723749,0.25482541950344784,0.00044949491492826297,0.928815756406292,0.4327830203417556,0.6635875509571311,/volumes/Seagate/mtg-jamendo-dataset/05/81205.mp3
120.0,99.38401442307692,0.5905867630302166,0.6983720779418945,0.1634277105331421,0.5071680305155752,0.8384099708820465,0.36834837272521337,0.0012953308870602867,0.9221108664316506,0.46238641998897956,0.6663566917941353,/volumes/Seagate/mtg-jamendo-dataset/05/1317805.mp3
1044.5733333333333,120.18531976744185,0.5110816769247024,0.5661954650878906,0.05098629370331764,0.3303525941118096,0.5929620356268192,0.15501333326827316,0.000577428041211438,0.6587872702320687,0.47164247876299276,0.6240265699805958,/volumes/Seagate/mtg-jamendo-dataset/05/229605.mp3
187.93566893424037,120.18531976744185,0.5676110607458319,0.42249351501464844,0.17445585131645203,0.47902744054924506,0.8147812912277591,0.43726729224297434,0.0008990633089104675,0.4995161440960466,0.4964641789446499,0.6635112706849928,/volumes/Seagate/mtg-jamendo-dataset/05/992505.mp3
182.20183673469387,103.359375,0.579237617590062,0.22391529083251957,0.04405612871050835,0.3086003730723578,0.6596987718551778,0.48931734047810715,0.000115722904221379,0.7591241924907846,0.4936602693305974,0.6171281524696636,/volumes/Seagate/mtg-jamendo-dataset/05/371805.mp3
188.75861678004534,97.50884433962264,0.520465278115293,0.6059583129882813,0.135215163230896,0.4298425437165756,0.866778310153084,0.0906874841551171,0.00996378541570121,0.39768176752283285,0.4044718238818685,0.6677830939867488,/volumes/Seagate/mtg-jamendo-dataset/05/1397805.mp3
255.04,101.33272058823529,0.5908495437345967,0.37932752990722646,0.302738755941391,0.8299069269925405,1.0,0.7358616968361963,0.007142244398855403,0.8465955904216813,0.6172210234438595,0.6855417474501289,/volumes/Seagate/mtg-jamendo-dataset/05/1105.mp3
205.23138321995464,132.51201923076923,0.6065387987048432,0.8980255584716796,0.27118977904319763,0.475270378583391,0.8914455743042318,0.15361990513218854,0.002756888127953911,0.9372624506242122,0.4952544767548577,0.6985774251045797,/volumes/Seagate/mtg-jamendo-dataset/05/311105.mp3
218.38367346938776,172.265625,0.5765869594475754,0.6130079650878906,0.2688225507736206,0.5802805640268971,0.9572859885058926,0.3614683157623134,0.00229361252627436,0.7263969972535436,0.6366981071900745,0.6694364968404886,/volumes/Seagate/mtg-jamendo-dataset/05/1239105.mp3
508.16,129.19921875,0.6154958214733195,0.6863339843749999,0.24145549535751343,0.6689063117712487,1.0,0.3020180878984938,0.0034913270432825653,0.5779168613751116,0.5553974319809661,0.6758444919325116,/volumes/Seagate/mtg-jamendo-dataset/05/182505.mp3
214.2,99.38401442307692,0.5652026541054843,0.38412135314941426,0.25876346230506897,0.29145861991541594,0.5815824676471872,0.17396311719214755,0.0043450615157112765,0.3,0.35584132415359865,0.7219865815991051,/volumes/Seagate/mtg-jamendo-dataset/05/1247405.mp3
232.0,120.18531976744185,0.5441969001343985,0.6371825561523436,0.15279819071292877,0.4933119115172175,0.7477013303876637,0.2400044916227574,0.0015578596113401382,0.7406954534503903,0.6041212324963829,0.6341831021573778,/volumes/Seagate/mtg-jamendo-dataset/05/581705.mp3
152.0,99.38401442307692,0.5678975124865426,0.744181884765625,0.17831481993198395,0.30238795381311795,0.5490858426571482,0.2829227310068869,0.0003380893088654137,0.2999999999996026,0.4778494859802169,0.6686234379794708,/volumes/Seagate/mtg-jamendo-dataset/05/1265905.mp3
276.8504081632653,126.04801829268293,0.5916943245323157,0.8465642547607422,0.1400223821401596,0.20687618167953947,0.5196130077636636,0.08448520281562791,0.003983801364431716,0.29999999999845867,0.4690615528494175,0.6565957470005739,/volumes/Seagate/mtg-jamendo-dataset/05/1031905.mp3
276.50612244897957,123.046875,0.6156767783749353,0.31013427734375,0.2877306342124939,0.532105036089343,0.8051275021243951,0.4562846583246032,0.0013803377084185139,0.9121388089734886,0.4784720876649544,0.707888610783507,/volumes/Seagate/mtg-jamendo-dataset/05/191405.mp3
231.27292517006802,109.95678191489361,0.576205825436715,0.5982890319824219,0.13582471013069153,0.30887853194252984,0.5735524034183744,0.32690738171876477,0.0003923939802889772,0.3724953509535751,0.48440347792313554,0.6520162000624218,/volumes/Seagate/mtg-jamendo-dataset/05/1300205.mp3
54.81251700680272,117.45383522727273,0.5598901959449645,1.0,0.023632099851965904,0.12755976282572296,0.3279520190237431,0.09658267993099245,0.0006018629451474047,0.7357608766066353,0.31181215487680347,0.646145124971347,/volumes/Seagate/mtg-jamendo-dataset/05/966305.mp3
240.85714285714286,139.6748310810811,0.5480447258874912,0.43249046325683593,0.21186105906963348,0.497077830899598,0.8325793611449335,0.33126432835715613,0.0017409643131093748,0.4636267793105655,0.5510675455624932,0.6660564721525694,/volumes/Seagate/mtg-jamendo-dataset/05/1337505.mp3
141.86736961451248,126.04801829268293,0.5958951977870439,1.0,0.2244325876235962,0.42269215012590156,0.7140797041641176,0.1450281425891182,0.002057593337918081,0.7919216996334885,0.48357102212727493,0.6840815271190397,/volumes/Seagate/mtg-jamendo-dataset/05/235305.mp3
132.26086167800455,135.99917763157896,0.5188296638728485,0.6566295471191407,0.11312621086835861,0.3055688902314305,0.6592079330750957,0.09795274376863841,0.004213608457659059,0.8190029931146134,0.44149441625250857,0.6524265526621075,/volumes/Seagate/mtg-jamendo-dataset/05/1105605.mp3
104.0,120.18531976744185,0.5031196567661702,0.9130404510498047,0.023883819580078125,0.2889677243346241,0.5125457892818572,0.10698925609483824,0.0017506141320745767,0.2874889811723904,0.4280722374317235,0.6229837275624834,/volumes/Seagate/mtg-jamendo-dataset/05/1338305.mp3
223.7374829931973,105.46875,0.5670663376959355,0.7123428039550782,0.15103541314601898,0.6686777922199922,0.9447281106856451,0.35367296418916866,0.0029447837940712596,0.8253721886974295,0.6387994723454195,0.6266128542634829,/volumes/Seagate/mtg-jamendo-dataset/05/1420605.mp3
268.9044897959184,99.38401442307692,0.5475521965658416,0.5516339492797853,0.0776837170124054,0.39630391148987565,0.6560475275313462,0.32157402473774327,0.0005990995049337906,0.7339342327159557,0.5232565021313678,0.6233148376981924,/volumes/Seagate/mtg-jamendo-dataset/05/1113505.mp3
261.50031746031743,105.46875,0.562652296778275,0.6393295211791993,0.16399002075195312,0.35626568222833443,0.6197806062271244,0.16780561439072034,0.0007377020656030864,0.3,0.4173444604395423,0.6755675153827947,/volumes/Seagate/mtg-jamendo-dataset/05/378305.mp3
233.42800453514738,114.84375,0.5743028169243989,0.5113177490234375,0.18488067388534546,0.2353193502452989,0.41606768501514535,0.27254842020219666,0.00011022063501083033,0.299999999996104,0.39808910718233337,0.6869392211622576,/volumes/Seagate/mtg-jamendo-dataset/05/1168805.mp3
159.96226757369615,126.04801829268293,0.5816732022587714,0.4933603820800782,0.11674731224775314,0.5694887040673363,0.7634768336014156,0.7241960636458096,0.0006384011364418907,0.29999999999999993,0.6697530550254527,0.6080784214041005,/volumes/Seagate/mtg-jamendo-dataset/05/1415105.mp3
85.33353741496599,123.046875,0.5989516245162605,0.2946112060546875,0.1843576729297638,0.2300775172352272,0.45995482494897294,0.4271925837201509,4.6933262833847466e-05,0.9140515914544316,0.34697588283231595,0.6969735856882519,/volumes/Seagate/mtg-jamendo-dataset/05/976705.mp3
333.7503628117914,107.666015625,0.5813303655744249,0.5586040344238282,0.1776544600725174,0.48715689251341876,0.8541905238070415,0.18452996579918837,0.0017916953726839096,0.3,0.5607538341774424,0.6518048387906178,/volumes/Seagate/mtg-jamendo-dataset/05/1326605.mp3
217.77333333333334,123.046875,0.5740014826348361,0.32881895446777337,0.16668012738227844,0.3415315685094211,0.5901774880511926,0.3480125552934813,0.0003861781637157044,0.35036969172060256,0.45459341438785744,0.6690861629800487,/volumes/Seagate/mtg-jamendo-dataset/05/36705.mp3
177.99995464852609,99.38401442307692,0.5238315242927296,0.33484458923339844,0.0807250440120697,0.2950214656018166,0.5294744296820696,0.28890476160175116,0.00027345112207062533,0.5744764564481905,0.38577823754947127,0.6519053683344508,/volumes/Seagate/mtg-jamendo-dataset/05/329405.mp3
461.8514058956916,123.046875,0.5764675355492404,0.7256643676757812,0.05876926705241203,0.18283175921861175,0.3215235879638684,0.21009330965082607,9.513240153642135e-05,0.6865107530302577,0.3345263838718584,0.6542516593644967,/volumes/Seagate/mtg-jamendo-dataset/05/259905.mp3
218.97380952380954,147.65625,0.5837154994988412,0.39689117431640625,0.19152523577213287,1.0,1.0,1.0,0.01134860348611166,0.29999999163937896,0.7453125,0.6198865848779678,/volumes/Seagate/mtg-jamendo-dataset/05/1079805.mp3
147.87498866213153,112.34714673913044,0.6017254920213693,0.4250128479003907,0.2774204909801483,0.5786690161388326,0.8140311761892989,0.772976368061553,0.0008206362507472911,0.8637497426070533,0.4879880143941005,0.7022737738740333,/volumes/Seagate/mtg-jamendo-dataset/05/1179405.mp3
249.73333333333332,117.45383522727273,0.5518518367655465,0.45014419555664065,0.16460269689559937,0.33065279259843366,0.6173182843971273,0.3187372087564955,0.0008162540529070124,0.32052027022597157,0.42732817663841544,0.6737913355547327,/volumes/Seagate/mtg-jamendo-dataset/05/270105.mp3
287.4897732426304,109.95678191489361,0.5753452711302363,0.9658382263183592,0.17614997923374176,0.4989616090046962,0.751235904436726,0.44323956965693306,0.0008660242952667282,0.29999999965829566,0.44383812838239806,0.6746463668476674,/volumes/Seagate/mtg-jamendo-dataset/05/1070605.mp3
213.0138775510204,90.66611842105263,0.5643987765154834,0.5196634368896484,0.29698219895362854,0.24556727663982528,0.4699775972114977,0.19207330366305625,0.0008056913619174543,0.6867574232077438,0.3281906578626186,0.7412754600507826,/volumes/Seagate/mtg-jamendo-dataset/05/1287605.mp3
259.08351473922903,89.10290948275862,0.5668584581752896,0.4750850677490234,0.20572364330291748,0.3677276121125786,0.7214508083855913,0.19754501855826948,0.003414024912274021,0.5270181364287471,0.37679445091013436,0.6987016214070234,/volumes/Seagate/mtg-jamendo-dataset/05/1063105.mp3
48.35265306122449,120.18531976744185,0.5882716083960439,0.4469168701171874,0.14591734111309052,0.4065607097016767,0.812353519080778,0.2371340731414517,0.001263449298802257,0.554464534672892,0.4162400077421613,0.6692822412522803,/volumes/Seagate/mtg-jamendo-dataset/05/94005.mp3
369.37988662131517,129.19921875,0.5861627671353704,0.6917024993896485,0.2618762254714966,0.27549527386849987,0.5565069357194596,0.1317028707752504,0.0014382103167778792,0.5071005866226835,0.4179571216793452,0.7106840168338697,/volumes/Seagate/mtg-jamendo-dataset/05/1203505.mp3
288.25104308390024,135.99917763157896,0.5144456195440564,0.43439280700683597,0.04958431422710419,0.19146124870664852,0.3815162156766035,0.19255895193074693,0.00018778637659976915,0.2999998755290759,0.3215641877431914,0.6535375155731192,/volumes/Seagate/mtg-jamendo-dataset/05/1048305.mp3
425.0,139.6748310810811,0.5721111842725315,0.4551350708007812,0.1874741017818451,0.36793929894642263,0.6427281313735795,0.271144463240737,0.0006499027012080259,0.29999999999972315,0.5792071145724368,0.6516492537269769,/volumes/Seagate/mtg-jamendo-dataset/05/897105.mp3
154.0514739229025,97.50884433962264,0.5425997096284908,0.7282343444824219,0.1451154351234436,0.25343460434199067,0.5034078076886683,0.09125028261361066,0.005126065358995227,0.7125137253048417,0.35681219118534735,0.6808791184073703,/volumes/Seagate/mtg-jamendo-dataset/05/1109905.mp3
315.4808163265306,139.6748310810811,0.5692036148597903,0.7923360443115235,0.12834401428699493,0.4356615126461612,0.7831114207095936,0.09395099691778548,0.008285423420057657,0.2999999981628209,0.584961224520913,0.6292116002391356,/volumes/Seagate/mtg-jamendo-dataset/05/395005.mp3
230.0,139.6748310810811,0.5301950259521857,0.8030401611328125,0.07339195162057877,0.41207923641419547,0.7513014026059569,0.18807930061027933,0.0010146254201302642,0.4008330442704596,0.5017813214531069,0.6260648382927869,/volumes/Seagate/mtg-jamendo-dataset/05/345905.mp3
58.643741496598636,135.99917763157896,0.5817787171625102,0.6513971099853515,0.24744710326194763,0.6190761193477131,0.9733770533179644,0.18952069211903522,0.006538898372550024,0.9323031929969903,0.6582485976767884,0.6574312376389435,/volumes/Seagate/mtg-jamendo-dataset/05/1149205.mp3
213.94285714285715,120.18531976744185,0.5923449524600879,0.2952683105468749,0.13570325076580048,0.7281869422898879,0.9612913771880739,0.6949215668627274,0.0017754209528066428,0.7046659979758327,0.6548543850243299,0.6178822932708221,/volumes/Seagate/mtg-jamendo-dataset/05/230805.mp3
210.9090476190476,135.99917763157896,0.5437865991227853,0.31667462158203125,0.24179689586162567,0.24575222663233184,0.5215218198702204,0.26610673064401147,0.0004434166674511534,0.764725294573809,0.5171026297716014,0.6836263565558649,/volumes/Seagate/mtg-jamendo-dataset/05/316605.mp3
186.15333333333334,143.5546875,0.5686919024545904,0.5101124267578125,0.1942490041255951,0.4276943522908406,0.8147190115605618,0.18907747865055052,0.002266700893867164,0.6786443046985859,0.5038882534907281,0.6691519907870686,/volumes/Seagate/mtg-jamendo-dataset/05/1328105.mp3
141.15410430839003,120.18531976744185,0.5448241216481955,0.661272918701172,0.17613215744495392,0.6390704727173805,1.0,0.2637383931204227,0.005026716934159632,0.6182364859855785,0.6286688407699901,0.6376738085261854,/volumes/Seagate/mtg-jamendo-dataset/05/1064505.mp3
31.962312925170068,120.18531976744185,0.551539139988581,0.3244522705078127,0.26647764444351196,0.30408678780735676,0.6060146585984865,0.2522379864321519,0.0007469715270250507,0.5897212949380572,0.5025255177684949,0.6954268484459654,/volumes/Seagate/mtg-jamendo-dataset/05/1202105.mp3
214.27374149659863,120.18531976744185,0.5151431635737186,0.42070214843750003,0.243569016456604,0.2074045308711639,0.40021612527463596,0.2389720603062887,0.00032884270222318854,0.7634923922438759,0.47285284946913436,0.6931142760305505,/volumes/Seagate/mtg-jamendo-dataset/05/846405.mp3
368.2586394557823,95.703125,0.5410254555239451,0.3951078643798829,0.1790408045053482,0.6567184423412414,1.0,0.5287140528404023,0.004842418671096526,0.8144204778801755,0.5250046150186332,0.6594537666181988,/volumes/Seagate/mtg-jamendo-dataset/05/1337405.mp3
468.0,119.68085106382979,0.595255443085049,0.7540770721435547,0.05246791988611221,0.26151830355417766,0.39113174834057446,0.05562160767929131,0.0009651091558570401,0.29953326993450413,0.42546373573084295,0.6337957040128318,/volumes/Seagate/mtg-jamendo-dataset/05/725505.mp3
337.7142857142857,139.6748310810811,0.5518675696665158,0.5428225402832032,0.19714856147766113,0.6607669215213615,0.9283336717005296,0.34025970759209123,0.001991809308578331,0.29999999766300217,0.6335839644769108,0.6442566892365759,/volumes/Seagate/mtg-jamendo-dataset/05/953705.mp3
278.0,147.65625,0.5380527469802883,0.6473244628906251,0.12851330637931824,0.5353723953177051,0.8279350299858664,0.2670634431547907,0.00267094149395294,0.6190989251319329,0.5792980150436673,0.6304051872878211,/volumes/Seagate/mtg-jamendo-dataset/05/1319505.mp3
159.44197278911565,126.04801829268293,0.6350145075189434,0.712727081298828,0.18676622211933136,0.4989843776836115,0.7563137823845424,0.6146629159607454,0.0008109394239214433,0.29999999999999566,0.5260694563257313,0.6620219486978131,/volumes/Seagate/mtg-jamendo-dataset/05/1405005.mp3
271.02331065759637,120.18531976744185,0.5726676689109464,0.645751129150391,0.14272566139698029,0.6381600601547117,0.9208221353432614,0.20678016392500612,0.0025132470077323054,0.41673749648789293,0.5882938904110001,0.633722460020713,/volumes/Seagate/mtg-jamendo-dataset/05/1172905.mp3
277.26367346938775,107.666015625,0.5773021564231824,0.2369259948730469,0.25896283984184265,0.35487808452858316,0.6431455429621677,0.23706271280952487,0.001410217426827198,0.4684037628652523,0.4931980150030528,0.6945870193424528,/volumes/Seagate/mtg-jamendo-dataset/05/434205.mp3
163.47603174603174,114.84375,0.5554546031307437,1.0,0.06464549899101257,0.6551193510941874,0.9132982890125861,0.2676732701564641,0.0028525985801826385,0.29999999999984583,0.6784070781595279,0.587590964004859,/volumes/Seagate/mtg-jamendo-dataset/05/1235605.mp3
362.6666666666667,120.18531976744185,0.5747409170271442,0.43301571655273435,0.0853443369269371,0.13523014132695124,0.29931347787701823,0.07497606885922244,0.00324895087814149,0.29999916744183364,0.3871875785314844,0.6532864455874005,/volumes/Seagate/mtg-jamendo-dataset/05/267305.mp3
214.18333333333334,120.18531976744185,0.570941946846335,0.4102440185546875,0.25587841868400574,0.7139036235387978,0.9518357680472794,0.6612211118587961,0.002036624523683871,0.3674702644451897,0.6527077959939195,0.6615746715274582,/volumes/Seagate/mtg-jamendo-dataset/05/1100505.mp3
512.0098639455782,129.19921875,0.5534259668749218,0.4225688171386719,0.12503556907176971,0.418538110027096,0.698889401145773,0.34732800152200516,0.0005037784998850039,0.4723132839211944,0.5906867623625596,0.6268754523933252,/volumes/Seagate/mtg-jamendo-dataset/05/1178805.mp3
226.48,140.625,0.5076517861482477,0.6749232177734374,0.15835002064704895,0.22041925297370163,0.43316928552509426,0.12867751877255032,0.0043941068093550735,0.3,0.37067754118098767,0.68287049919674,/volumes/Seagate/mtg-jamendo-dataset/05/940505.mp3
180.65936507936507,90.66611842105263,0.5577037718001235,0.334034423828125,0.155024453997612,0.43640551324987037,0.7153463855590145,0.41399558934860603,0.0009359605541828176,0.7049525923541888,0.5128075814203977,0.6532472871550608,/volumes/Seagate/mtg-jamendo-dataset/05/49405.mp3
202.10526077097506,95.703125,0.5878652476658042,1.0,0.08166003972291946,0.13433948942805854,0.23050050519061138,0.14055802770803444,0.00024063951304892427,0.2999916113813154,0.3152237246447559,0.6663528693712999,/volumes/Seagate/mtg-jamendo-dataset/05/317905.mp3
204.56489795918367,114.84375,0.5486889566495612,0.3462200164794922,0.35658806562423706,0.7931206033210921,1.0,0.40628886243459483,0.007777709618169935,0.9341077596715759,0.7111698336303582,0.6861377368986538,/volumes/Seagate/mtg-jamendo-dataset/05/1078405.mp3
185.00024943310657,120.18531976744185,0.5297610872324123,0.8181338195800781,0.13999129831790924,0.24949375503605753,0.5347317440187279,0.13287180389845946,0.0009909061637607011,0.8868652342849259,0.49080529377868,0.6522358086387114,/volumes/Seagate/mtg-jamendo-dataset/05/1193205.mp3
190.24,114.84375,0.5557115822649188,0.5756946563720703,0.1603768914937973,0.45304330119884534,0.668654797234036,0.3212617552759196,0.0007486551789663582,0.5672953216243397,0.49114363350870066,0.6595069542360269,/volumes/Seagate/mtg-jamendo-dataset/05/1160605.mp3
289.6195918367347,120.18531976744185,0.6105986670165235,0.5118254089355468,0.24584360420703888,0.38779869296216957,0.6880207143766167,0.2966057415725284,0.0010521119868075967,0.521718803523495,0.44907119468034074,0.6986894585784659,/volumes/Seagate/mtg-jamendo-dataset/05/210605.mp3
453.61632653061224,135.99917763157896,0.5737708217933751,0.5772133026123046,0.19084693491458893,0.8011408883741685,1.0,0.5843202542897665,0.002834041531325511,0.2999999999999992,0.671758408618182,0.6343532148456157,/volumes/Seagate/mtg-jamendo-dataset/05/18505.mp3
206.5673469387755,123.046875,0.5307858230730045,0.4314426574707032,0.09013541042804718,0.1765293313863188,0.25210916089742924,0.17972099194942381,4.602384099746558e-05,0.2738090304208879,0.33366995824701806,0.6657147561046934,/volumes/Seagate/mtg-jamendo-dataset/05/390005.mp3
221.44,117.45383522727273,0.5441888646182642,1.0,0.05515137314796448,0.4594691798709978,0.8025277507293364,0.10909500098461192,0.0023797912798753282,0.2999940975322169,0.5781967761168267,0.6042151391099019,/volumes/Seagate/mtg-jamendo-dataset/05/1211605.mp3
171.0,107.666015625,0.5709708895780865,0.4498026733398437,0.09995689243078232,0.28040256084182613,0.4945015014641351,0.2750783670508984,0.00022159129124034557,0.6907475316716414,0.48763510798024745,0.6384574596790321,/volumes/Seagate/mtg-jamendo-dataset/05/1069105.mp3
75.70192743764173,129.19921875,0.539465553553875,0.72541015625,0.15408751368522644,0.8815178877301916,1.0,0.3384352990899944,0.004250335124678259,0.3,0.7083984374999999,0.6137918174266815,/volumes/Seagate/mtg-jamendo-dataset/05/1165505.mp3
159.75,161.4990234375,0.5468935919518596,0.5789465866088866,0.12267326563596725,0.5030489709187919,0.7369491114835061,0.334134288145207,0.0007803132436213612,0.2999999999999943,0.6951136945147633,0.6051396367259956,/volumes/Seagate/mtg-jamendo-dataset/05/354105.mp3
246.93551020408162,126.04801829268293,0.5733267206452035,0.5931198425292968,0.22068236768245697,0.6317611930929343,0.9461094614288019,0.3984904881488871,0.002789136472458561,0.941171248471645,0.6504654805890885,0.6493525562478668,/volumes/Seagate/mtg-jamendo-dataset/05/1051505.mp3
290.3225850340136,123.046875,0.5358151602021652,0.4263184204101562,0.06875327229499817,0.33816954777998987,0.5819434554729926,0.33252035771447414,0.0002064692242261424,0.518136415182753,0.4696927245379714,0.630812633118605,/volumes/Seagate/mtg-jamendo-dataset/05/1036105.mp3
220.0,123.046875,0.5407483347457083,0.5194681701660155,0.19343556463718414,0.3467346737982862,0.43710855392248665,0.37735246798378275,8.848399198750027e-05,0.2999999330012486,0.6551702542427774,0.6386027524208308,/volumes/Seagate/mtg-jamendo-dataset/05/1092305.mp3
254.73600907029478,114.84375,0.5931532914451129,0.6847351379394531,0.17611052095890045,0.471480675240147,0.6541456149453571,0.2178999624286645,0.0006167428783952125,0.29999999999999966,0.5067619862292556,0.662047390299353,/volumes/Seagate/mtg-jamendo-dataset/05/1393905.mp3
43.37326530612245,120.18531976744185,0.5448299194408498,0.7125193405151368,0.16731873154640198,0.4500793983399669,0.7014821695824778,0.2559643808429519,0.003202984715894873,0.491177927433345,0.5710481631863904,0.6460251107194267,/volumes/Seagate/mtg-jamendo-dataset/05/1349105.mp3
115.28433106575963,123.046875,0.5327015068226103,0.734419013977051,0.07044465094804764,0.3065545487817834,0.5167591127748116,0.2560916660526122,0.00013945157893893858,0.2994647646259628,0.4477018464742562,0.6358197050464459,/volumes/Seagate/mtg-jamendo-dataset/05/1023305.mp3
226.2871655328798,139.6748310810811,0.5811149187559194,0.53688720703125,0.11906713247299194,0.7562983195774698,0.8792428599745211,0.7798070654248177,0.0015247527638212548,0.3,0.7184242420565297,0.5991793192789712,/volumes/Seagate/mtg-jamendo-dataset/05/1247105.mp3
205.35213151927437,112.34714673913044,0.5905637104586328,0.42324751281738293,0.1994500607252121,1.0,1.0,0.7251982879394602,0.01263333310812135,0.6572994678479487,0.6746942934782609,0.6368631631654241,/volumes/Seagate/mtg-jamendo-dataset/05/1104505.mp3
60.313968253968255,129.19921875,0.5498164992213227,0.3211077880859375,0.0679418072104454,0.09449032674342896,0.3126214555417921,0.15622242250136126,0.0028349249285347217,0.24240047101603765,0.22672769709915594,0.6791135111759292,/volumes/Seagate/mtg-jamendo-dataset/05/1137405.mp3
279.79755102040815,107.666015625,0.5300709181940055,0.4360576934814454,0.13255301117897034,0.18538786055271328,0.41852940131713434,0.19171278210707415,0.0003180815314545072,0.3559692965154957,0.35007869004741066,0.6777033460149473,/volumes/Seagate/mtg-jamendo-dataset/05/946805.mp3
228.00521541950113,120.18531976744185,0.6034922834751169,1.0,0.0780540257692337,0.75974065145476,1.0,0.09457512987472662,0.008910676252673538,0.9299948204790642,0.6209995232792194,0.6038995446210802,/volumes/Seagate/mtg-jamendo-dataset/05/1404705.mp3
253.04349206349207,92.28515625,0.5285314375609749,0.5162563323974609,0.173805370926857,0.6105344852874522,0.7676473780102088,0.5485367644096701,0.0012262402597513964,0.8215085685835606,0.6335061760624119,0.6358686983211861,/volumes/Seagate/mtg-jamendo-dataset/05/1337805.mp3
234.90241666666665,90.7258064516129,0.49992422955357496,0.9037299499511718,0.18893711268901825,0.1528751169769373,0.3237482681805421,0.1114048173583493,0.00142366872863508,0.3,0.3933144624092319,0.6893544680862002,/volumes/Seagate/mtg-jamendo-dataset/05/1112005.mp3
214.0,95.703125,0.575325975086329,0.5836366577148436,0.20720265805721283,0.5862023874031146,0.8948691807127142,0.4966691498412841,0.0012897887612951815,0.5278282130488473,0.5206168202171596,0.6704695928571647,/volumes/Seagate/mtg-jamendo-dataset/05/32305.mp3
417.6,99.38401442307692,0.5777424163867578,0.7757558975219727,0.16390645503997803,0.612627950740047,0.9486007608275371,0.4913347844070601,0.0015371559585841525,0.3,0.5994390364609682,0.6391185165221984,/volumes/Seagate/mtg-jamendo-dataset/05/950505.mp3
264.0979591836735,90.66611842105263,0.6011758548106325,0.6735346374511718,0.21732741594314575,0.6092690406109996,0.8787752845347713,0.3642286429897884,0.0025510190820700425,0.8235048577496391,0.5844801967404373,0.6613418303914451,/volumes/Seagate/mtg-jamendo-dataset/05/1381005.mp3
196.3673469387755,135.99917763157896,0.5896804145744518,0.7959482727050782,0.1989063322544098,0.8899015395447252,1.0,0.6976324995601855,0.004089006066926565,0.3,0.8119983552631578,0.6092066085589559,/volumes/Seagate/mtg-jamendo-dataset/05/1208605.mp3
216.57124716553287,114.84375,0.6018131023934152,0.5273722686767578,0.21419167518615723,0.27985550377900353,0.5577275503308274,0.353696192799818,0.00022758343903498253,0.29999976419842844,0.49496625479111095,0.6781157521087945,/volumes/Seagate/mtg-jamendo-dataset/05/1220705.mp3
298.37041666666664,106.13207547169812,0.5560725496383945,0.6757906951904296,0.11487089842557907,0.3235075995227699,0.49547705161425326,0.2257790395442295,0.0001304950898897352,0.2999999999999786,0.4645359490164024,0.648446333629928,/volumes/Seagate/mtg-jamendo-dataset/05/400705.mp3
261.3333333333333,90.66611842105263,0.587958184815081,0.5449731140136719,0.1297423094511032,0.5463389885953402,0.9334736688890607,0.22119599960992944,0.00401407577689978,0.3,0.5464980573333437,0.6374076199357285,/volumes/Seagate/mtg-jamendo-dataset/05/369905.mp3
803.717641723356,120.18531976744185,0.6132683481545108,0.39749154663085934,0.07080946117639542,0.5240287551251362,0.69977836016145,0.1638827653245403,0.0007958134312284334,0.43893822870810983,0.652133568941213,0.5950646922352597,/volumes/Seagate/mtg-jamendo-dataset/05/167205.mp3
480.05224489795916,120.18531976744185,0.6093548179556045,0.5388660583496097,0.2612805664539337,0.22469852771063903,0.47922740856728296,0.17815595858926014,0.0012105319304253333,0.3,0.3800140467805681,0.7180581945673025,/volumes/Seagate/mtg-jamendo-dataset/05/35105.mp3
377.48761904761903,129.19921875,0.559896920102501,0.7685649871826175,0.1566990315914154,0.5249587730947392,0.7933332450612475,0.33848257652190544,0.0015710570242411966,0.29999998593652755,0.5860107251390682,0.6392095063450959,/volumes/Seagate/mtg-jamendo-dataset/05/1366605.mp3
259.9866666666667,120.18531976744185,0.5835406726141465,0.781593376159668,0.1717577576637268,0.376455994275149,0.6966373264065259,0.35141838950764254,0.0006094055520262222,0.29999999999999993,0.4677602486885375,0.6682807430212341,/volumes/Seagate/mtg-jamendo-dataset/05/91905.mp3
318.840589569161,126.04801829268293,0.5795113015010491,0.5855953063964844,0.14358356595039368,0.5678867001406137,0.7911644554462891,0.5967784593550702,0.0012002101212503645,0.6763389941198598,0.5670368897533707,0.6382827057914675,/volumes/Seagate/mtg-jamendo-dataset/05/40305.mp3
251.73333333333332,103.359375,0.6013798708185593,0.6688795471191402,0.19379866123199463,0.6488459002859327,0.9357591587273565,0.6993490460662112,0.0019674741525456,0.29999999999999977,0.5599065677852452,0.6577862044864691,/volumes/Seagate/mtg-jamendo-dataset/05/12305.mp3
280.33,126.04801829268293,0.5693714722365648,0.5508859252929688,0.29634347558021545,0.7238340729650536,1.0,0.38410543179398493,0.006276653806137596,0.684035081545841,0.6890665479491962,0.6688703416190384,/volumes/Seagate/mtg-jamendo-dataset/05/1029505.mp3
193.09868480725623,126.04801829268293,0.5300685966427858,0.7359106140136719,0.1267150491476059,0.47460007414593747,0.7604412109951514,0.3431169010181054,0.0007978585322195707,0.43227835500598755,0.4527064122386947,0.6550761352453992,/volumes/Seagate/mtg-jamendo-dataset/05/1298305.mp3
234.7439909297052,90.66611842105263,0.5477053470419664,0.30347059631347656,0.21482208371162415,0.6149654691935182,0.9092666496679737,0.3875069359002195,0.00189131049652423,0.9573349992029494,0.6642798752838155,0.6444799750794216,/volumes/Seagate/mtg-jamendo-dataset/05/1074805.mp3
66.89507936507937,117.45383522727273,0.5606390102630826,0.6292363433837891,0.11248109489679337,0.42259232909508143,0.7054160760883676,0.31392216456006977,0.0010623987539050421,0.7103007411148029,0.4673364115707317,0.6470259118486993,/volumes/Seagate/mtg-jamendo-dataset/05/1396105.mp3
276.8979591836735,147.65625,0.5793063768406663,0.3809130859375,0.24136599898338318,0.5806397106233535,0.7596509091325178,0.7172005877955723,0.0005500704635693167,0.40122441164759975,0.7352715090622783,0.6398374578215623,/volumes/Seagate/mtg-jamendo-dataset/05/316205.mp3
157.49333333333334,114.84375,0.5427059653372757,0.4349463653564453,0.17766520380973816,0.6348616462895333,0.8605947167874908,0.513926854438823,0.0018811298079925798,0.6136724191927949,0.5842482665729362,0.6471098200569185,/volumes/Seagate/mtg-jamendo-dataset/05/1333705.mp3
138.90927437641724,178.20581896551724,0.5718381724815877,0.8198867797851562,0.10936630517244339,0.30915057741477947,0.5866858744210152,0.1595490913538471,0.0004448415035738873,0.6071239952788248,0.5582572040068499,0.6277204290607097,/volumes/Seagate/mtg-jamendo-dataset/05/181805.mp3
30.726598639455784,83.35433467741936,0.5723844571893485,0.43975799560546874,0.17643320560455322,0.49160012020156546,0.882185197875164,0.2531222645056069,0.0028328914732211764,0.8908652901448151,0.41143271302914397,0.6812294114118103,/volumes/Seagate/mtg-jamendo-dataset/05/1250205.mp3
255.0608163265306,129.19921875,0.5721106845679451,0.8747306137084963,0.13904419541358948,0.7419277953238953,0.7615811324810177,0.7992608546021738,0.0012242398225065518,0.7553026688856022,0.7838803863309738,0.5932798330826975,/volumes/Seagate/mtg-jamendo-dataset/05/1209805.mp3
181.62163265306123,147.65625,0.6090216613190111,0.504968292236328,0.15024486184120178,0.3438175651712103,0.651021847228915,0.1608714632275446,0.0021644519861904444,0.29999999999999266,0.4851466235383919,0.6570588255551543,/volumes/Seagate/mtg-jamendo-dataset/05/891605.mp3
198.6884126984127,90.66611842105263,0.5676037621195562,0.22783705139160154,0.3353370428085327,0.45910635541215744,0.7711769679046148,0.45369502076462853,0.0008478890460076171,0.7182002568235781,0.423052752268418,0.7361107849573882,/volumes/Seagate/mtg-jamendo-dataset/05/1257405.mp3
227.02600907029478,99.38401442307692,0.5751504986993254,0.5901458740234375,0.22370439767837524,0.7828731834402854,1.0,0.49943162187950185,0.005193769803340728,0.7430911531158035,0.6066779496902447,0.6591979932261662,/volumes/Seagate/mtg-jamendo-dataset/05/1288105.mp3
274.05201814058955,109.95678191489361,0.5923294001410017,0.4152549438476562,0.16586828231811523,0.45401867572807897,0.7311035549462598,0.28399667288348374,0.0008175872078451928,0.3167333578895276,0.46645227447701565,0.6664221267391184,/volumes/Seagate/mtg-jamendo-dataset/05/368605.mp3
174.47183673469388,139.6748310810811,0.6196707375860673,0.18620751953124998,0.15654633939266205,0.42941079371365076,0.6989019906734709,0.61920577523582,0.00021480084630474665,0.7143177203869155,0.5102967552205988,0.6542973311372386,/volumes/Seagate/mtg-jamendo-dataset/05/32205.mp3
147.6239455782313,105.46875,0.5153844888202201,0.5255052947998047,0.1406553089618683,0.40640424516281454,0.6665081416390715,0.2683870522253508,0.0004549485451866085,0.29999902915253757,0.45757415866802353,0.6591210794926678,/volumes/Seagate/mtg-jamendo-dataset/05/1381605.mp3
304.4785260770975,151.99908088235293,0.5468448408611634,0.35315269470214844,0.20264704525470734,0.5410736087789819,0.7596445075254903,0.5019637931451381,0.000953610618109095,0.49761402511734076,0.702655678947917,0.6324218005021113,/volumes/Seagate/mtg-jamendo-dataset/05/1027905.mp3
98.59829166666667,119.68085106382979,0.5471200626626068,0.7963415451049808,0.11802012473344803,0.2743087711141018,0.5338182464996083,0.0829690451815812,0.003302296793930434,0.3,0.403762114697401,0.6617348219645611,/volumes/Seagate/mtg-jamendo-dataset/05/1110505.mp3
300.2409977324263,151.99908088235293,0.5641570840815113,0.7737263488769531,0.10089920461177826,0.37224053307211125,0.6774846865841522,0.06998635293185615,0.0039723577771833335,0.6791388992002927,0.5030604405172471,0.6357116255567907,/volumes/Seagate/mtg-jamendo-dataset/05/1225505.mp3
179.46428571428572,166.70866935483872,0.6009619339146063,0.6333832855224609,0.34740012884140015,0.5277912254711192,0.8922938789884309,0.12097958591178615,0.008043648193191992,0.687846137086155,0.5886977363125782,0.7073244991203884,/volumes/Seagate/mtg-jamendo-dataset/05/1236305.mp3
320.8,132.51201923076923,0.533063850856485,0.2591949157714844,0.17543965578079224,0.6032974271217699,0.8594481879973247,0.3399812165463867,0.001987813655760604,0.8864886742039959,0.597731797167681,0.6436119166475489,/volumes/Seagate/mtg-jamendo-dataset/05/359905.mp3
124.06401360544217,147.65625,0.5790566644601391,0.6151763916015625,0.21254301071166992,0.5072717437115125,0.6740437469297376,0.9183294303465213,0.0003563238453232394,0.29999598875931643,0.608965571156696,0.6547223696248621,/volumes/Seagate/mtg-jamendo-dataset/05/1236405.mp3
209.31492063492064,120.18531976744185,0.5995095143895599,0.9002311401367187,0.010844678618013859,1.0,1.0,0.026729564428042085,0.027205135514481546,0.29999999824572315,0.8532102272727271,0.5332620388479395,/volumes/Seagate/mtg-jamendo-dataset/05/311905.mp3
201.83716553287982,105.46875,0.5411999136668699,1.0,0.12653279304504395,0.25269753264971906,0.47530225275265237,0.1760657140652511,0.00045820411793687883,0.2999924437051415,0.3825132416431603,0.6690491571675838,/volumes/Seagate/mtg-jamendo-dataset/05/683805.mp3
887.1619047619048,143.5546875,0.5667273852619998,1.0,0.08461358398199081,0.21760377461544025,0.4176968744160678,0.08969069005998773,0.0010104693096148263,0.6989925047041265,0.44108241982723795,0.6422444062680691,/volumes/Seagate/mtg-jamendo-dataset/05/1232305.mp3
448.41909297052155,123.046875,0.6045059900973848,0.8743654098510742,0.1339166909456253,0.95316062464849,1.0,0.707555014448239,0.006720214583616597,0.5857186201986202,0.78609375,0.5909912587404251,/volumes/Seagate/mtg-jamendo-dataset/05/108505.mp3
399.52943310657594,112.34714673913044,0.5881092099400484,0.4573949584960937,0.2754412591457367,0.7239044762425604,1.0,0.39630159617784827,0.0050235674024853285,0.29999999999999627,0.5240560976300832,0.6943476337664486,/volumes/Seagate/mtg-jamendo-dataset/05/155905.mp3
62.01575963718821,120.18531976744185,0.52315462521666,0.5196111526489258,0.10920969396829605,0.3318458634564427,0.48212578032985476,0.40081179059637845,9.392112089967189e-05,0.3426540820272298,0.5617711409895971,0.6269612616306671,/volumes/Seagate/mtg-jamendo-dataset/05/1306705.mp3
193.11689342403628,84.72079918032787,0.5647218368619946,0.4854702758789064,0.11526378989219666,0.29469215885530564,0.580471918691258,0.1402029929882081,0.0007633197407434857,0.29999999893467205,0.4443358425727988,0.6526277958466311,/volumes/Seagate/mtg-jamendo-dataset/05/181605.mp3
81.09374149659864,129.19921875,0.5519911578214839,1.0,0.12699410319328308,0.5123696227152191,0.9554373870455081,0.21177016952703526,0.0024407835297238,0.2999999999999485,0.5145835474110882,0.6428011676673642,/volumes/Seagate/mtg-jamendo-dataset/05/666305.mp3
300.6706802721088,99.38401442307692,0.5441566985101811,0.3134262847900391,0.15064707398414612,0.2966744595275811,0.5565818709687005,0.4013213187194039,4.85355612934236e-05,0.5866161929100127,0.40968286779699264,0.6722963730748941,/volumes/Seagate/mtg-jamendo-dataset/05/1330505.mp3
125.88408163265306,117.45383522727273,0.5715952119037164,0.32841723632812503,0.22205878794193268,0.5918929892463085,0.8963395955766518,0.5041670134491625,0.003006047194364945,0.919658991501044,0.6354154482523809,0.6528580740086196,/volumes/Seagate/mtg-jamendo-dataset/05/173505.mp3
233.41333333333333,132.51201923076923,0.5414630109116338,0.6937371520996095,0.08213319629430771,0.3060586357205137,0.5687446796274914,0.18603453818671487,0.0003448146050254473,0.8546410595017127,0.44882565122060336,0.6398028204218301,/volumes/Seagate/mtg-jamendo-dataset/05/75205.mp3
196.98666666666668,135.99917763157896,0.5040571727967988,0.3098162384033204,0.15992234647274017,0.3455190947806057,0.6100661832328101,0.3178603051942825,0.0007419947684126796,0.36951836313152037,0.4864824479609794,0.6602755551379906,/volumes/Seagate/mtg-jamendo-dataset/05/80505.mp3
222.1221088435374,172.265625,0.6089418323006147,0.4575982666015625,0.16115330159664154,0.34521176890708194,0.567168657109311,0.31092850687039253,0.000258915306414577,0.7527686848631863,0.550574627600209,0.6479002630547491,/volumes/Seagate/mtg-jamendo-dataset/05/155505.mp3
203.07555555555555,161.4990234375,0.6001124005015188,0.7139037628173829,0.2346770018339157,0.4623953706934325,0.7607452874487223,0.22022276385581144,0.002006611285889107,0.38684560088757225,0.6416792428205683,0.6561478720960959,/volumes/Seagate/mtg-jamendo-dataset/05/1072905.mp3
219.7590476190476,109.95678191489361,0.6183413824428665,0.8862894287109374,0.2337784618139267,0.7653599625412011,1.0,0.2811515174161726,0.005438383283817835,0.7135048851248992,0.6032088235792774,0.6635184815371581,/volumes/Seagate/mtg-jamendo-dataset/05/1265805.mp3
154.34242630385486,117.45383522727273,0.5954028277961212,0.37746240234374995,0.2210167646408081,0.6264746375961497,0.8566923623490954,0.5376509483464024,0.0019228883981072793,0.8840071827895181,0.5778381910550647,0.663998397059678,/volumes/Seagate/mtg-jamendo-dataset/05/1368805.mp3
202.8834375,112.5,0.5631785151877515,0.46682281494140626,0.07156196981668472,0.1534084080728442,0.2618769078707301,0.21502754978130717,5.791183760665458e-05,0.8176570617938346,0.35543957893517125,0.6546743933469722,/volumes/Seagate/mtg-jamendo-dataset/05/1122005.mp3
262.5098866213152,123.046875,0.5812345075949243,0.786505126953125,0.16223284602165222,0.28551774393865514,0.5564751532405701,0.17339326531118568,0.000316591356418502,0.2999789840484545,0.5954232550403565,0.6393191735597235,/volumes/Seagate/mtg-jamendo-dataset/05/1049705.mp3
367.46666666666664,135.99917763157896,0.612219406522592,0.736876220703125,0.2880961000919342,0.7429037284345776,0.9979867089069434,0.2694229982330154,0.005749084375459286,0.9720598884264133,0.6564893342897512,0.672416729175146,/volumes/Seagate/mtg-jamendo-dataset/05/769505.mp3
211.35902494331066,172.265625,0.5177485817543708,0.533049087524414,0.06363743543624878,0.15569754069998304,0.23132687460293327,0.16349622523964874,0.00021134082957886892,0.7925382636898703,0.42679666179368075,0.6375501443983135,/volumes/Seagate/mtg-jamendo-dataset/05/1241405.mp3
82.0,120.18531976744185,0.5370581405173842,0.5352622680664062,0.07928536832332611,0.2733984696512792,0.5403088447063805,0.19514612390920738,0.0005569610273663029,0.29999999195845195,0.40526300723971825,0.6474901311484538,/volumes/Seagate/mtg-jamendo-dataset/05/1369705.mp3
217.94666666666666,107.666015625,0.5846651924703483,0.3849483642578124,0.18905097246170044,0.43438668860426005,0.6660715507605854,0.44144977283150555,0.00045682465056263825,0.29999999997241833,0.46816394150898594,0.674425561784415,/volumes/Seagate/mtg-jamendo-dataset/05/319805.mp3
259.9342403628118,161.4990234375,0.5622989801630801,0.38307229614257815,0.2052234411239624,0.34606720577337785,0.7300901588008295,0.18231579314319205,0.0029337608630122516,0.4890029185733139,0.5029030722368982,0.6732998243572468,/volumes/Seagate/mtg-jamendo-dataset/05/1404005.mp3
196.0,120.18531976744185,0.5616073496254429,0.7180620117187501,0.1701628714799881,0.3757855404818615,0.5700043020968745,0.33804216393167896,0.003031423889379069,0.29999999999999694,0.45615235596124853,0.670028162540546,/volumes/Seagate/mtg-jamendo-dataset/05/1248605.mp3
184.45646258503402,123.046875,0.5563795386502599,0.5769014587402344,0.04639609903097153,0.7250389967303204,0.9025400611547469,0.44856833198241347,0.0022173176891084616,0.3162490458656233,0.6646107722621055,0.5837804411987286,/volumes/Seagate/mtg-jamendo-dataset/05/1266905.mp3
298.99755102040814,139.6748310810811,0.5803322789534924,0.680845947265625,0.21353621780872345,0.640564067425455,0.7677637763424043,0.4214060993603646,0.001375359159922561,0.8890354902332278,0.6615807548319919,0.644556887444742,/volumes/Seagate/mtg-jamendo-dataset/05/81505.mp3
214.0,151.99908088235293,0.5261240716682309,0.5151223144531251,0.16194714605808258,0.45996144165517616,0.7870497026640131,0.2569178025095501,0.0026883198208006334,0.7727252453173323,0.6285744677313128,0.6325860790346471,/volumes/Seagate/mtg-jamendo-dataset/05/1176205.mp3
258.0,120.18531976744185,0.5483704720570687,0.5274281921386719,0.09993302822113037,0.4120517635232197,0.7260628752747842,0.20320279034136243,0.0015222723141142343,0.2999999999999263,0.55186837094802,0.6256022159700029,/volumes/Seagate/mtg-jamendo-dataset/05/1341305.mp3
361.11673469387756,139.6748310810811,0.5671592346860892,0.5432693176269532,0.16826646029949188,0.5183703833351306,0.7538003927943662,0.5277788450605934,0.0007572922913751245,0.7264801505599082,0.6667497284086599,0.6272259800260851,/volumes/Seagate/mtg-jamendo-dataset/05/1009005.mp3
