duration,tempo,acousticness,dynamic_range,energy,brightness,fullness,density,instrumentalness,danceability,valence,tension,filename
221.14732426303854,139.6748310810811,0.615954661799324,0.5212606506347656,0.21137551963329315,0.9719980833802381,1.0,1.0,0.0050483876149278765,0.299999999897963,0.8193496621621621,0.6122252546355531,/volumes/Seagate/mtg-jamendo-dataset/02/1368402.mp3
106.90265306122448,120.18531976744185,0.5541375963287514,0.4115893554687501,0.18130260705947876,0.4048908951204238,0.6728203595096202,0.3671462778919709,0.0006196902875362404,0.2999981091895959,0.5492180768358726,0.6554253231742379,/volumes/Seagate/mtg-jamendo-dataset/02/1082102.mp3
206.72151927437642,129.19921875,0.5414309938160781,0.6706641006469727,0.13645800948143005,0.4141505823078193,0.7145595538782076,0.27492322401602093,0.0005292870504766017,0.9868174382537231,0.4895636427829528,0.6512121548567242,/volumes/Seagate/mtg-jamendo-dataset/02/1271902.mp3
174.36301587301588,84.72079918032787,0.5649175921755606,0.5309058227539062,0.20956046879291534,0.33225977130060835,0.5899118428238643,0.40089220320926827,0.0002889605813467103,0.29999999987256115,0.3740415161550135,0.7006334655344468,/volumes/Seagate/mtg-jamendo-dataset/02/718502.mp3
248.0,129.19921875,0.5991821355746108,0.34584976196289063,0.17617985606193542,0.586948327017038,0.9096533475597661,0.5699516214299825,0.0022785858108260648,0.5715806399869936,0.5579684054136154,0.6518310670995736,/volumes/Seagate/mtg-jamendo-dataset/02/694402.mp3
478.49333333333334,129.19921875,0.5618343932248377,0.39699705505371097,0.17944934964179993,0.3872910290199949,0.6976449378802906,0.20929023644582057,0.0015989064314336791,0.6280512961116054,0.47535169406196964,0.669531427058654,/volumes/Seagate/mtg-jamendo-dataset/02/1126702.mp3
215.5,151.99908088235293,0.5601413026222526,0.8755869522094727,0.14667680859565735,0.6093761911144353,0.7919911157187494,0.22049190452038125,0.0024217550197905475,0.3,0.6631989178048168,0.6201638675334733,/volumes/Seagate/mtg-jamendo-dataset/02/659902.mp3
202.29018140589568,139.6748310810811,0.5308874221595532,0.1762251892089844,0.09443508088588715,0.6260561178711322,0.9599232380984172,0.4320897444511635,0.0026794647779843895,0.5996020968494276,0.5886639330354778,0.6162638425118238,/volumes/Seagate/mtg-jamendo-dataset/02/784902.mp3
31.466190476190476,147.65625,0.5757080671695068,0.6099858856201172,0.17239515483379364,0.6289216345748037,0.9854322819446493,0.505022896780056,0.002099451139735805,0.402050065592929,0.5317642035798624,0.6557094150241932,/volumes/Seagate/mtg-jamendo-dataset/02/1386702.mp3
230.62585034013605,120.18531976744185,0.553369319470606,0.5021395263671875,0.15848815441131592,0.34389457725901196,0.7202310422974206,0.2536953705806879,0.0005809782299798857,0.46847111056680774,0.43508217083680006,0.6700393014207138,/volumes/Seagate/mtg-jamendo-dataset/02/361002.mp3
202.0,120.18531976744185,0.5421952810015674,0.6377031097412109,0.06784170120954514,0.13492679072794664,0.26961854793925294,0.15046869808890054,0.00039012443727187273,0.3902166615247309,0.36012171602456045,0.6523986692305241,/volumes/Seagate/mtg-jamendo-dataset/02/1221302.mp3
510.30310657596374,120.18531976744185,0.5998935856694599,0.8888445434570313,0.017199421301484108,1.0,1.0,0.07752339752091156,0.041338904166295286,0.3,0.6903706395348838,0.5681176637615575,/volumes/Seagate/mtg-jamendo-dataset/02/311902.mp3
285.97523809523807,120.18531976744185,0.5613519694104807,0.4928985443115234,0.1252160519361496,0.44386226909054693,0.8069151936893324,0.33955215899999214,0.0010677414825906808,0.3414830990964494,0.480410770319923,0.6489956246330293,/volumes/Seagate/mtg-jamendo-dataset/02/1242002.mp3
270.0,120.18531976744185,0.5570088103438622,0.44950141906738283,0.20606312155723572,0.5405445948757495,0.8249006415041898,0.461777920410783,0.0023021029073332982,0.7322386799082073,0.5376418415219527,0.6666543554562143,/volumes/Seagate/mtg-jamendo-dataset/02/1403902.mp3
473.2342857142857,139.6748310810811,0.5883496279003835,0.2552420654296875,0.2501140832901001,0.4096022389443083,0.6996271787563131,0.35514294159672866,0.0010739768142631065,0.8125874124009054,0.5849996177816601,0.6730411464281041,/volumes/Seagate/mtg-jamendo-dataset/02/1391102.mp3
258.9866893424036,105.46875,0.562271944422677,0.44778689575195313,0.2433803379535675,0.6958897120891469,0.9941655332095489,0.5667805927655835,0.0028049737902672536,0.2999998005461693,0.6567034024765185,0.6562762411679806,/volumes/Seagate/mtg-jamendo-dataset/02/174902.mp3
284.7463038548753,86.1328125,0.5641226657473563,0.2884982299804688,0.2139902114868164,0.5057389032729213,0.9378723933997839,0.22942859387414766,0.003510428349997107,0.6883859692284219,0.5066337364111484,0.6757097288530243,/volumes/Seagate/mtg-jamendo-dataset/02/1135602.mp3
138.68054421768707,178.20581896551724,0.5317675170109544,0.9897239685058594,0.07203245162963867,0.2726903884391045,0.5799158457175663,0.07818313612185934,0.005349483665973784,0.5510810408354312,0.5190047071264112,0.6221307411613877,/volumes/Seagate/mtg-jamendo-dataset/02/1400402.mp3
248.24163265306123,120.18531976744185,0.5482845552318741,0.39402580261230474,0.23114155232906342,0.5145288708627239,0.8642844235463433,0.2310466291455544,0.002437446941485687,0.8255594497474805,0.5955720491380168,0.6640965490108595,/volumes/Seagate/mtg-jamendo-dataset/02/1036002.mp3
122.0667573696145,87.5926906779661,0.5858511507953457,0.6779636383056641,0.16098545491695404,0.29855625707784433,0.543313047776643,0.19178748892301556,0.001096681684829038,0.29999999999999993,0.34887780974109617,0.6881792018218842,/volumes/Seagate/mtg-jamendo-dataset/02/81202.mp3
200.57396825396825,139.6748310810811,0.5925376395852272,0.4264438171386719,0.1282859593629837,0.5437375191593615,0.7925316665592554,0.2400687788784469,0.005455381922126732,0.7756259400024035,0.5619254062839178,0.6337978641138906,/volumes/Seagate/mtg-jamendo-dataset/02/1247102.mp3
224.4,151.99908088235293,0.5709786739751632,0.7475606842041015,0.1352398544549942,0.8747380361351532,1.0,0.19102523820519907,0.017162541453644625,0.6789613303823248,0.8171223473310829,0.5852618781375812,/volumes/Seagate/mtg-jamendo-dataset/02/1100002.mp3
371.58986394557826,120.18531976744185,0.5562083046513271,0.2754978637695312,0.1508011817932129,0.36709372269557256,0.6907604886530871,0.20761891263115462,0.0008218950416104487,0.299999986343641,0.4417808354573944,0.6659322583540778,/volumes/Seagate/mtg-jamendo-dataset/02/1178802.mp3
192.76,107.666015625,0.5929042225366474,0.5825213775634766,0.1401793509721756,0.6225151506927775,0.8740989277671277,0.5860862641632499,0.0019811994979268277,0.31949575303756894,0.5503331462134431,0.6403979371072945,/volumes/Seagate/mtg-jamendo-dataset/02/5702.mp3
967.8715646258504,126.04801829268293,0.47762801119632126,0.613492431640625,0.04732707142829895,0.175712134384622,0.2566256429731106,0.055305695777011506,0.0012236870070087963,0.2824141782303786,0.45680853709503394,0.6256760382951808,/volumes/Seagate/mtg-jamendo-dataset/02/433602.mp3
223.95,129.19921875,0.5318708893460558,0.5535448989868165,0.11884679645299911,0.14467886102764524,0.2791589275144176,0.15593849966493445,0.00037152475898096686,0.2959015328433904,0.2677341145059086,0.689238023821898,/volumes/Seagate/mtg-jamendo-dataset/02/1049702.mp3
237.0,161.4990234375,0.5317946842360559,0.5471629180908204,0.09808016568422318,0.3666106768983088,0.5959718128450207,0.270324765165943,0.0006728932913298421,0.3,0.3774891797782319,0.659811023690674,/volumes/Seagate/mtg-jamendo-dataset/02/1173502.mp3
37.32208616780046,112.34714673913044,0.6231593351575124,0.6105147094726563,0.021212011575698853,0.14360555996692081,0.46852480602062363,0.12847854948222887,0.000278890205348555,0.9117900025262524,0.3605212416724173,0.6355320758327682,/volumes/Seagate/mtg-jamendo-dataset/02/1125402.mp3
316.50065759637187,114.84375,0.557899111948801,0.4009195556640625,0.11625457555055618,0.8530445313829487,1.0,0.6993230996061703,0.007873138103968585,0.765816176127214,0.6568392044099847,0.6104838063162032,/volumes/Seagate/mtg-jamendo-dataset/02/1379102.mp3
333.7866666666667,132.51201923076923,0.5883718536839929,0.3436372222900391,0.22639349102973938,0.5889181668617183,0.8718817598195038,0.5109823117709438,0.0016203948105427976,0.784981977880725,0.5707569429487072,0.6673502681809648,/volumes/Seagate/mtg-jamendo-dataset/02/629702.mp3
102.0,123.046875,0.4736328452923074,0.6842248916625977,0.08310266584157944,0.40458566370647747,0.6578942532779779,0.19617517891545863,0.0007741669639475218,0.2949232888981427,0.5652799204657363,0.6168609756098213,/volumes/Seagate/mtg-jamendo-dataset/02/1345302.mp3
290.4152380952381,114.84375,0.5846307756320088,0.2789049377441406,0.23056553304195404,0.41864895525229484,0.7575375406028548,0.27669934624591097,0.0028476158081398428,0.9119105392072038,0.5439404453266656,0.6742155028297703,/volumes/Seagate/mtg-jamendo-dataset/02/49402.mp3
233.50639455782314,139.6748310810811,0.5378924807315557,0.22084823608398438,0.2539511024951935,0.26369079890668756,0.5271364408049416,0.29291697033710756,0.00041748234142876286,0.2999999999998827,0.5337780411292508,0.6846667886724196,/volumes/Seagate/mtg-jamendo-dataset/02/1375002.mp3
269.9504761904762,135.99917763157896,0.5736438263510464,0.2800465545654297,0.06972777098417282,0.6270873766056956,0.7615844807099323,1.0,0.0006698624867163577,0.8764489782518552,0.6502721636273376,0.5950475648288347,/volumes/Seagate/mtg-jamendo-dataset/02/1393402.mp3
1114.1051247165533,126.04801829268293,0.533995858200519,0.9562818603515626,0.022666672244668007,0.16494208726960827,0.32735448544952167,0.06786232965182865,0.0017250019736568221,0.27420039155456005,0.5248816069865315,0.6031836806107742,/volumes/Seagate/mtg-jamendo-dataset/02/1150102.mp3
202.46278911564625,105.46875,0.5853237206997332,0.21913262939453126,0.19339269399642944,0.8447193320502101,1.0,1.0,0.003831573104464332,0.6294959628531784,0.7467187499999999,0.6202776198387147,/volumes/Seagate/mtg-jamendo-dataset/02/941402.mp3
380.0,120.18531976744185,0.5148119032010626,0.5634344482421875,0.06964108347892761,0.27225511563107796,0.5211197627870365,0.16682700296802241,0.0009842861477888534,0.29999315432372486,0.4177445310843385,0.6415218838355463,/volumes/Seagate/mtg-jamendo-dataset/02/1395102.mp3
364.06857142857143,151.99908088235293,0.6155680873726233,0.7179495239257812,0.1266711950302124,0.7164882880964439,1.0,0.45616701627649586,0.0049949901468931005,0.3,0.654380839296805,0.6147254623515155,/volumes/Seagate/mtg-jamendo-dataset/02/218902.mp3
281.07691609977326,129.19921875,0.5948038552705377,0.8358443984985352,0.27601733803749084,0.5052737505112669,0.8056611687463883,0.2605184312066169,0.0017572305403899889,0.6361710029906221,0.5198381124780852,0.6953986191978797,/volumes/Seagate/mtg-jamendo-dataset/02/322102.mp3
191.43371882086169,120.18531976744185,0.5082449858199343,0.6171753540039062,0.02329750545322895,0.25002619875695975,0.4993386930635302,0.15971475440389676,0.0004242631938176649,0.5112904136025306,0.42662226935462294,0.6230626480922379,/volumes/Seagate/mtg-jamendo-dataset/02/1266902.mp3
156.1380045351474,120.18531976744185,0.5353633962916378,0.5272355346679689,0.09878641366958618,0.19580256733505505,0.47969714426370824,0.13500976589065466,0.001055897077445509,0.4958051948096869,0.3850337149246999,0.6585563659361111,/volumes/Seagate/mtg-jamendo-dataset/02/1231702.mp3
496.43850340136055,120.18531976744185,0.5697982453755215,0.4480165557861328,0.12320151180028915,0.2772974165177946,0.4870177028264985,0.20123593967464465,0.00018554862080122182,0.3267135447071677,0.41920286645724636,0.6605119709566548,/volumes/Seagate/mtg-jamendo-dataset/02/136302.mp3
209.0,120.18531976744185,0.548379476112371,0.47877507019042964,0.10334810614585876,0.6487219975914806,0.9962171186170117,0.3536038001197699,0.0026670674551640713,0.6009412483494376,0.5812807050052736,0.6209491772114545,/volumes/Seagate/mtg-jamendo-dataset/02/3102.mp3
256.36126984126986,147.65625,0.5562490246286138,0.5978728942871093,0.23112329840660095,0.6815120963694374,1.0,0.2879316781574663,0.007282481903399858,0.3,0.7047864541768173,0.6422470965910129,/volumes/Seagate/mtg-jamendo-dataset/02/950102.mp3
227.65714285714284,139.6748310810811,0.5822283994996695,0.567651092529297,0.06426353752613068,0.2872007146037915,0.5551394050885867,0.16784378502156178,0.0009960656511972255,0.4304682547170551,0.44566807263587005,0.634001258982233,/volumes/Seagate/mtg-jamendo-dataset/02/759302.mp3
180.6900453514739,87.5926906779661,0.5471605960980819,0.550922218322754,0.13758599758148193,0.71826139729185,1.0,0.09780324827149581,0.013574310760832684,0.7705877733635862,0.49843949160153667,0.6498430608090262,/volumes/Seagate/mtg-jamendo-dataset/02/1399902.mp3
322.76897959183674,114.84375,0.5711874910405883,0.5395510406494141,0.17648667097091675,0.4232516875213787,0.7858942183720716,0.2868533760512053,0.0009361069522838779,0.29999999999999766,0.45554751269215676,0.6724256990110987,/volumes/Seagate/mtg-jamendo-dataset/02/1106002.mp3
145.31,129.19921875,0.6045754939400766,0.7801411819458007,0.08524515479803085,1.0,1.0,1.0,0.008500473270866993,0.2999999999999214,0.7083984374999999,0.5890085682272911,/volumes/Seagate/mtg-jamendo-dataset/02/945202.mp3
143.38063492063492,123.046875,0.5873017477162432,0.6587187042236329,0.23410052061080933,0.7313544266544608,1.0,0.3340843290214279,0.0068727520834940305,0.828430395005515,0.6072310029186759,0.6628299868361562,/volumes/Seagate/mtg-jamendo-dataset/02/1353302.mp3
221.53845804988663,129.19921875,0.5829420033683278,0.7890035095214845,0.20641648769378662,0.6533644101437408,0.9625407736991286,0.2562593786508036,0.0025102451082179367,0.5383951152962394,0.6965537321574371,0.6349991891382758,/volumes/Seagate/mtg-jamendo-dataset/02/1138702.mp3
378.80308390022674,139.6748310810811,0.5876725374159155,0.6143903503417968,0.14465723931789398,0.3728309711017007,0.7095532185898004,0.20138875184264898,0.0009133587625590456,0.29999999999996024,0.4885570232677027,0.6543652015009014,/volumes/Seagate/mtg-jamendo-dataset/02/372602.mp3
194.62945578231293,132.51201923076923,0.5669330515745983,0.36515220642089846,0.22577375173568726,0.7412909801779297,1.0,0.7290113541793972,0.003472066089441881,0.625804593560968,0.7468999349764337,0.6318985636295608,/volumes/Seagate/mtg-jamendo-dataset/02/1336602.mp3
191.79102040816326,151.99908088235293,0.5621002646797142,0.5104923553466797,0.1996329128742218,0.8466365303864958,1.0,0.45672946317840907,0.007538938041414779,0.7538022261134252,0.7245485363107107,0.6269581413725777,/volumes/Seagate/mtg-jamendo-dataset/02/1393202.mp3
292.01562358276647,120.18531976744185,0.6009234929019622,1.0,0.07136748731136322,0.705813953687542,0.8354631673433652,0.2765723528105555,0.004805110421188485,0.3,0.6293667887477286,0.599818937682545,/volumes/Seagate/mtg-jamendo-dataset/02/1404702.mp3
198.97768707482993,139.6748310810811,0.4979230018036517,0.4860050964355468,0.16589362919330597,0.6990030013589092,0.9513883323187161,0.4030559314870236,0.0030805834719709823,0.35863166559224235,0.6512381653061663,0.6294740734483569,/volumes/Seagate/mtg-jamendo-dataset/02/950502.mp3
220.75,90.66611842105263,0.578227377078233,0.8302402801513671,0.22538794577121735,0.36410486695121486,0.641496837712918,0.2034169944097674,0.0014704934009586678,0.47028771378357126,0.3881226499450872,0.7035151304886208,/volumes/Seagate/mtg-jamendo-dataset/02/1208802.mp3
75.28163265306122,126.04801829268293,0.5060621194761961,0.8465507507324217,0.08194418996572495,0.16307885749273573,0.2877824750283632,0.12881132820580327,0.00029921373206074476,0.299330341782502,0.49867388594320383,0.6297651311990202,/volumes/Seagate/mtg-jamendo-dataset/02/1195902.mp3
159.54666666666665,120.18531976744185,0.49571420238519237,0.3240655517578126,0.2937842011451721,0.6495892767972006,0.9211047285648932,0.39603878160589073,0.0033451218736580916,0.6631308089798051,0.585832717838819,0.6885957688444981,/volumes/Seagate/mtg-jamendo-dataset/02/1159702.mp3
279.84979591836736,129.19921875,0.6298735079781919,0.2633888854980469,0.36040496826171875,0.4482031727002938,0.6745703075738714,0.46792943473927584,0.0003435494476038766,0.8401640608177291,0.4167102987885354,0.7464037288165116,/volumes/Seagate/mtg-jamendo-dataset/02/1297002.mp3
319.09092970521544,109.95678191489361,0.5600139546836893,0.6744417114257815,0.11496468633413315,0.49424684663342666,0.7536336158047555,0.23879774777373022,0.0015118520435016475,0.3,0.4388321503635595,0.6536208570075761,/volumes/Seagate/mtg-jamendo-dataset/02/1385202.mp3
36.013401360544215,120.18531976744185,0.5832736788085444,0.786108528137207,0.203090101480484,0.09906111205679816,0.22538594634730302,0.10088849050966332,0.0014168109097638765,0.7357608766066353,0.2052310687338965,0.7320662227861949,/volumes/Seagate/mtg-jamendo-dataset/02/1406402.mp3
126.54546485260771,109.95678191489361,0.5955002160780993,0.6256055450439453,0.153806671500206,0.6806012176669988,1.0,0.2565262922353994,0.005496902338213607,0.46098874073477925,0.5589059697373626,0.6435892077926016,/volumes/Seagate/mtg-jamendo-dataset/02/1087102.mp3
38.427145833333334,130.8139534883721,0.5301950505120967,1.0,0.18263910710811615,0.39880461106921,0.6967538626638645,0.2576051122709395,0.0019991413079929665,0.3,0.4788907596295588,0.66997192663301,/volumes/Seagate/mtg-jamendo-dataset/02/1110002.mp3
295.86285714285714,126.04801829268293,0.576280808962459,0.6187516326904298,0.2230709344148636,0.2188101301561063,0.46900861790172654,0.15067244488172396,0.0006737362703116241,0.2999999999999983,0.38887591115762893,0.7025303541578252,/volumes/Seagate/mtg-jamendo-dataset/02/1209402.mp3
120.0,120.18531976744185,0.5647710402826316,0.29133033752441406,0.16795054078102112,0.3865419814269139,0.8311271152862744,0.15436976138337236,0.007142655817757253,0.7753109456175814,0.4341997270694373,0.6736222492672802,/volumes/Seagate/mtg-jamendo-dataset/02/1317802.mp3
188.82666666666665,114.84375,0.6009716264338039,0.34372509765625003,0.3381742537021637,0.6093196416965013,0.8922861922073493,0.7438141153006981,0.002227316845276285,0.8798514766504368,0.5568116508368213,0.7103804011654147,/volumes/Seagate/mtg-jamendo-dataset/02/604302.mp3
136.55154195011337,156.60511363636363,0.5393466371974502,0.44617053222656256,0.2189454436302185,0.44103674749115424,0.6315740088406508,0.35571186250886483,0.00046019440336463654,0.3,0.37180260885642136,0.7044598379355944,/volumes/Seagate/mtg-jamendo-dataset/02/1248602.mp3
237.0,147.65625,0.5480758930117887,0.6562160720825196,0.13937047123908997,0.173392066873589,0.33413865564537965,0.1845634392466194,0.00030799050932187646,0.2999988534327874,0.3882609124918789,0.6725211871476966,/volumes/Seagate/mtg-jamendo-dataset/02/1182602.mp3
199.02666666666667,139.6748310810811,0.5772902141275613,0.45337387084960945,0.0654519647359848,0.6672249516069548,0.8209050067527838,0.6346699143360797,0.0008453486487996245,0.5168269303615566,0.661169726771595,0.5913287619506356,/volumes/Seagate/mtg-jamendo-dataset/02/604402.mp3
356.0,120.18531976744185,0.5679028083422379,0.6345497589111327,0.1466129869222641,0.6883626188957757,0.9669588358507726,0.6349115193473875,0.0029633525865528586,0.7386799266221082,0.6038802130744584,0.6320046326771234,/volumes/Seagate/mtg-jamendo-dataset/02/1300202.mp3
239.29333333333332,123.046875,0.5515075804036018,0.6041139068603516,0.04256855696439743,0.14731729255143358,0.22432862288179709,0.15797285975964748,0.00017143234330098254,0.6232839051531731,0.344272809003244,0.6464701187065343,/volumes/Seagate/mtg-jamendo-dataset/02/1028902.mp3
95.948820861678,90.66611842105263,0.5082611500105582,1.0,0.11290737241506577,0.26379127164843075,0.38998741251946106,0.19757071400115092,0.00032415128182443066,0.299999990931832,0.37042842608663884,0.6665609688520959,/volumes/Seagate/mtg-jamendo-dataset/02/26402.mp3
227.30666666666667,103.359375,0.5401945584671766,0.2623065185546875,0.15286953747272491,0.5720061690626862,0.8239442819068011,0.5920419962154573,0.0006865367096196768,0.6835188522971136,0.6132161196668411,0.6323898095568128,/volumes/Seagate/mtg-jamendo-dataset/02/209102.mp3
229.53333333333333,120.18531976744185,0.5901185720474325,0.2237750244140625,0.2575186491012573,0.5325855910037964,0.7726434803240494,0.6068725936361584,0.0006064103573017791,0.6119115283000636,0.6166543066766073,0.6693758523411313,/volumes/Seagate/mtg-jamendo-dataset/02/1417802.mp3
983.5336961451247,120.18531976744185,0.5995480049062265,0.5300299835205079,0.06133055314421654,0.1877654141772748,0.5306405936397125,0.11534772976248915,0.0016067118441134762,0.29972760181712943,0.3073293536650328,0.6606131283989114,/volumes/Seagate/mtg-jamendo-dataset/02/1118602.mp3
109.55755102040817,105.46875,0.5100788778296174,0.3984567260742187,0.08967584371566772,0.8515354487741102,1.0,0.48582512528526794,0.005307809108715675,0.6761280363605056,0.6332817053221362,0.6056269626732131,/volumes/Seagate/mtg-jamendo-dataset/02/1374702.mp3
198.17011337868482,147.65625,0.5452833887508218,0.31176522827148445,0.17139743268489838,0.24660237413456718,0.4047493579748947,0.4898719544345833,4.883803269293236e-05,0.8515135434678832,0.46528147911202955,0.6686467799441576,/volumes/Seagate/mtg-jamendo-dataset/02/975402.mp3
198.46485260770976,107.666015625,0.5933226923142983,0.5387163085937501,0.14990536868572235,0.718913849781157,0.9086435136441604,0.5269713723168236,0.0020171047827994546,0.3839571323802853,0.7194474643692803,0.610076439853004,/volumes/Seagate/mtg-jamendo-dataset/02/36602.mp3
317.5384807256236,129.19921875,0.5467632706605264,0.5356719970703125,0.26422733068466187,0.919156432488194,1.0,0.5506380914417898,0.005309046386448173,0.40947891633594236,0.7814258733684326,0.6388366643727917,/volumes/Seagate/mtg-jamendo-dataset/02/1371702.mp3
311.04,126.04801829268293,0.5604824112735256,0.2583250427246094,0.04494480788707733,0.5576856408658845,0.9691991701013049,0.3713376625386574,0.0009642531956719464,0.29999999998864907,0.637251852712404,0.5887297602968671,/volumes/Seagate/mtg-jamendo-dataset/02/1053402.mp3
186.23997732426304,126.04801829268293,0.5802216405767042,0.5393512268066406,0.25256362557411194,0.5633452481986007,0.8687563268129792,0.2963774968755797,0.0032919304349732833,0.9877319939141027,0.620316734154278,0.6668595583758247,/volumes/Seagate/mtg-jamendo-dataset/02/1170202.mp3
211.2261224489796,109.95678191489361,0.5895853606887198,0.4107136535644531,0.11179502308368683,0.2692676609506864,0.5221911923462826,0.2269657378337002,0.000792912269471638,0.5442677525406875,0.4833358035391253,0.6435790476023022,/volumes/Seagate/mtg-jamendo-dataset/02/32202.mp3
163.72895691609978,117.45383522727273,0.5394852585005641,0.3562689819335937,0.21194244921207428,0.3381598135913296,0.6214729596591141,0.3302172345271634,0.0010089401778908256,0.3,0.529745513153413,0.6703501790856641,/volumes/Seagate/mtg-jamendo-dataset/02/588702.mp3
198.4522448979592,114.84375,0.6149525171557152,0.3628246307373047,0.34937775135040283,0.37995982444143506,0.6211915001726016,0.3464801513582001,0.0004290471947420914,0.7695174103288394,0.5221208001747966,0.7213518304511858,/volumes/Seagate/mtg-jamendo-dataset/02/1032802.mp3
82.0,120.18531976744185,0.6302203638009723,0.8982210388183595,0.057959072291851044,0.30648646936690627,0.7679190633828057,0.05510613537396878,0.009989040023647335,0.3,0.39101904037866325,0.6426614579493337,/volumes/Seagate/mtg-jamendo-dataset/02/1370402.mp3
222.37886621315192,95.703125,0.5794279275375773,0.9502538146972658,0.14480268955230713,0.336681797729675,0.5992800190030144,0.21868759987521566,0.0004252120091099601,0.2999967496215078,0.4086624126110927,0.670396485716612,/volumes/Seagate/mtg-jamendo-dataset/02/1075402.mp3
154.8,147.65625,0.5281351661464146,0.5141205749511719,0.035440608859062195,0.26399854816789053,0.4029725480778961,0.32057641020388,0.000180583575712851,0.291160880916699,0.5839476781164814,0.5959690835659661,/volumes/Seagate/mtg-jamendo-dataset/02/1170402.mp3
213.90222222222224,114.84375,0.6294485564026748,0.40199237060546883,0.09653463214635849,0.2474582925803117,0.497568050854641,0.288726743224013,0.0002194609506426116,0.29999786686896146,0.3990984499259463,0.6549327775874998,/volumes/Seagate/mtg-jamendo-dataset/02/1103302.mp3
442.85714285714283,126.04801829268293,0.6049583761473589,0.447331298828125,0.3872908055782318,0.4479578342962726,0.7476232261529091,0.26387539203744376,0.000991530817726657,0.9467516031052814,0.4786319881876815,0.7436982923706272,/volumes/Seagate/mtg-jamendo-dataset/02/1413402.mp3
253.19095238095238,90.66611842105263,0.5656060343754885,0.46397500610351555,0.1672804206609726,0.44963016845826914,0.7947076105830186,0.3267449441884029,0.0009200820855687844,0.3186009622892086,0.42402419601213126,0.6754161122355239,/volumes/Seagate/mtg-jamendo-dataset/02/1056402.mp3
135.7902947845805,93.96306818181819,0.5908998605163465,0.4923259887695312,0.24844244122505188,0.6152905116808606,0.8778874428207113,0.4954136666270484,0.0011506996833463917,0.891901804526543,0.5300065373773798,0.6834379713655427,/volumes/Seagate/mtg-jamendo-dataset/02/75002.mp3
220.03629166666667,127.8409090909091,0.5804986993971997,0.5427995300292969,0.2044326812028885,0.5447833735519358,0.7798715413187705,0.4160025727456848,0.000992588180847161,0.29999999993447884,0.5556177714424329,0.6624722109445533,/volumes/Seagate/mtg-jamendo-dataset/02/1152202.mp3
319.84,132.51201923076923,0.5753852469581899,0.5698376922607422,0.07027355581521988,0.7614276959519948,0.9414632638340985,0.4982970476552201,0.0024688746396857968,0.6141564511339503,0.6914193622099641,0.5870146076514863,/volumes/Seagate/mtg-jamendo-dataset/02/1160602.mp3
32.001179138321994,120.18531976744185,0.5672826419540533,0.32955474853515626,0.20294681191444397,0.3713042657433354,0.7479035327475959,0.2512115502003769,0.0019174416445959543,0.9094380427847661,0.5232029401020197,0.6684202642687959,/volumes/Seagate/mtg-jamendo-dataset/02/1202102.mp3
701.4661224489796,139.6748310810811,0.6002192813620333,0.4402418670654296,0.2748958468437195,0.7228457776787461,0.848981974258005,1.0,0.000561728178808634,0.29999999999998633,0.7035307933836115,0.6582563461870168,/volumes/Seagate/mtg-jamendo-dataset/02/422702.mp3
180.62802721088434,156.60511363636363,0.5874115086045446,0.3197262268066406,0.12744393944740295,0.5633340348868802,0.8309227502562517,0.8242557440678205,0.0009605327678417761,0.46804313119509766,0.617851459819886,0.6223095262370878,/volumes/Seagate/mtg-jamendo-dataset/02/1046002.mp3
174.75918367346938,120.18531976744185,0.6087384390284029,0.27391888427734373,0.21639756858348846,0.6657126859409088,0.90144677537775,0.7333046001688344,0.0016381401663239845,0.4144306282819074,0.8305617796115141,0.6117907687677531,/volumes/Seagate/mtg-jamendo-dataset/02/39102.mp3
98.37124716553288,99.38401442307692,0.5466593788204308,0.8156822509765624,0.21052958071231842,0.45198548976396025,0.769134777371797,0.3264377808418707,0.0012845751080752257,0.783409781496151,0.5366406257648968,0.6684625239034553,/volumes/Seagate/mtg-jamendo-dataset/02/1279602.mp3
287.85333333333335,109.95678191489361,0.5726672964710112,0.268091064453125,0.2009602040052414,0.3746911834156063,0.5941355776705205,0.4366481269071786,0.00013304735367527195,0.2999996487251689,0.45479703722916354,0.6813862659960542,/volumes/Seagate/mtg-jamendo-dataset/02/319802.mp3
213.0,120.18531976744185,0.6104455015280148,0.24352188110351564,0.11594320088624954,1.0,1.0,1.0,0.006351239419798128,0.7120811461662773,0.6903706395348838,0.603665424412073,/volumes/Seagate/mtg-jamendo-dataset/02/236302.mp3
317.92433106575965,120.18531976744185,0.565660704629215,0.7432102432250978,0.21338066458702087,0.7123443616560966,1.0,0.3377501906044477,0.00847382145367019,0.29999999995870535,0.6786331873464757,0.6410904017820324,/volumes/Seagate/mtg-jamendo-dataset/02/913702.mp3
383.72,120.18531976744185,0.46132236384907843,0.5625495910644531,0.049144599586725235,0.3854438406860486,0.6892483602151288,0.13947461830976665,0.002075229270644537,0.5922780563620543,0.512448129432654,0.6152024299646903,/volumes/Seagate/mtg-jamendo-dataset/02/1380002.mp3
104.94115646258503,120.18531976744185,0.566138767905229,0.7599227142333983,0.07868415117263794,0.15542979374747148,0.33095946265610193,0.10002131684111398,0.0012950295031203757,0.2999992463941998,0.362789685631891,0.6557683572957714,/volumes/Seagate/mtg-jamendo-dataset/02/702502.mp3
1112.5531292517007,114.84375,0.5201905223129373,0.8706144409179689,0.0269323717802763,0.1405730778618611,0.2765741337907886,0.07958960006597185,0.0011284939329927305,0.29080989170994254,0.35563577133078644,0.6385684995747422,/volumes/Seagate/mtg-jamendo-dataset/02/937102.mp3
290.38666666666666,99.38401442307692,0.5525539325481024,0.6203007278442383,0.08276741206645966,0.38065383913346884,0.7139998631787171,0.24027686222808176,0.0007430972115210818,0.2999999999954573,0.49393311753514635,0.6310096448368963,/volumes/Seagate/mtg-jamendo-dataset/02/80702.mp3
281.5070068027211,139.6748310810811,0.5958583178620689,0.21598410034179694,0.26292914152145386,0.6385761828205319,0.7951086193437977,1.0,0.0005358710662467223,0.934007604848103,0.648911566584353,0.6648721776308528,/volumes/Seagate/mtg-jamendo-dataset/02/1196902.mp3
487.68,132.51201923076923,0.5577969835396622,1.0,0.14485077559947968,0.26593073684813506,0.4819621793761107,0.26023912960169454,0.00035170078116914276,0.29997166001886494,0.3769046657673244,0.6767653460623478,/volumes/Seagate/mtg-jamendo-dataset/02/4402.mp3
153.55303854875282,103.359375,0.49768992951141744,1.0,0.05160818248987198,0.23496839004067288,0.3751941660525456,0.08530647320687633,0.0005106136560812114,0.29978445438676427,0.49607759258142936,0.619363427180068,/volumes/Seagate/mtg-jamendo-dataset/02/390002.mp3
198.20895691609977,93.96306818181819,0.5322175033893941,0.9967054748535156,0.05512446537613869,0.6200357653585384,0.9813615630288174,0.228805430911452,0.01073287255134294,0.29999999999983,0.5111515347004303,0.617614500595324,/volumes/Seagate/mtg-jamendo-dataset/02/1105602.mp3
92.8081179138322,99.38401442307692,0.5284343350393613,0.5261440124511719,0.11575538665056229,0.5022704314783741,0.8297454003274848,0.2759142527627428,0.0009589284821745441,0.312447663691414,0.4690075928312715,0.6478704206279481,/volumes/Seagate/mtg-jamendo-dataset/02/1088002.mp3
60.04297052154195,178.20581896551724,0.49354920380150535,1.0,0.13764536380767822,0.20126482840231485,0.35686322973663515,0.09809480693414822,0.00046645281075539556,0.5468485073492437,0.5245262441639604,0.6446470821379721,/volumes/Seagate/mtg-jamendo-dataset/02/1109902.mp3
172.8522448979592,132.51201923076923,0.5970785039849403,0.42932397460937494,0.21926510334014893,0.6140410904979506,0.8130253215166323,0.49257448206156457,0.0015128755013072267,0.9288369533785945,0.5881857473393004,0.6612982877345934,/volumes/Seagate/mtg-jamendo-dataset/02/279602.mp3
202.61333333333334,95.703125,0.6114576736107293,0.33429536437988283,0.2630459666252136,0.42067917932440296,0.6812200897803955,0.26240783081679087,0.002161216118281744,0.29999999999992194,0.4242601032484741,0.7098445273353821,/volumes/Seagate/mtg-jamendo-dataset/02/1236302.mp3
116.68566893424037,120.18531976744185,0.5966281638436493,0.6113841247558593,0.20890218019485474,0.7323580795382457,1.0,0.30787859962969344,0.004674514559811501,0.29999999999847915,0.6134614846918062,0.6525124879317865,/volumes/Seagate/mtg-jamendo-dataset/02/1371802.mp3
100.60045351473923,132.51201923076923,0.54989726031526,0.8889416885375977,0.05765426531434059,0.19795141914292907,0.3502437386476116,0.2251918064991866,9.164022654421082e-05,0.29998919495117904,0.5934270324989217,0.6020701290133782,/volumes/Seagate/mtg-jamendo-dataset/02/238202.mp3
135.61743764172334,139.6748310810811,0.5366654307885339,0.4873951263427735,0.10957841575145721,0.309314778524222,0.531964015383908,0.3174180832717418,0.0002854740558954798,0.7823117816095086,0.4906054688833992,0.6413271358938448,/volumes/Seagate/mtg-jamendo-dataset/02/159202.mp3
238.64281179138322,129.19921875,0.5872393897939183,0.6153376159667969,0.23124456405639648,0.5992004241525901,0.802789128892021,0.3867712443118107,0.0007952131789843062,0.3664466039676216,0.6126184687388285,0.6607243493125371,/volumes/Seagate/mtg-jamendo-dataset/02/1211802.mp3
192.2339455782313,161.4990234375,0.5718913316045691,0.48697158813476593,0.18533538281917572,0.4934076611743215,0.854307342810141,0.30551704429956483,0.0021555892431421417,0.8036719592219097,0.5824871036749519,0.6502233170799129,/volumes/Seagate/mtg-jamendo-dataset/02/938302.mp3
202.1034693877551,120.18531976744185,0.5150680246438556,0.6322892456054688,0.09839259833097458,0.6936665647331679,0.9578228420310109,0.3282673511477762,0.005110650394360371,0.8999902969655484,0.7250490917435772,0.5904115170504354,/volumes/Seagate/mtg-jamendo-dataset/02/1306402.mp3
297.401179138322,120.18531976744185,0.564531382389341,0.4300277709960939,0.27052709460258484,0.6596653469500522,0.9015255305886034,0.6836934695614669,0.0010189789702416323,0.3257602325749303,0.697222595807276,0.6579452348954753,/volumes/Seagate/mtg-jamendo-dataset/02/1312102.mp3
300.0304761904762,84.72079918032787,0.5861575522987683,0.31901635742187495,0.10365597158670425,0.15653551856345174,0.3807898000334719,0.17557351474145472,0.0003997631278260637,0.4403401558635985,0.2938562025932844,0.6785449092525567,/volumes/Seagate/mtg-jamendo-dataset/02/1391302.mp3
537.6,117.45383522727273,0.5805116077365031,0.4816248321533203,0.1726173609495163,0.6761013240784893,0.9636545101890694,0.5378763537991705,0.0021589443361171873,0.29999999999896393,0.5893090149429947,0.6442804469532268,/volumes/Seagate/mtg-jamendo-dataset/02/264302.mp3
46.17197278911565,129.19921875,0.5737116686027015,0.6746718139648437,0.2281738817691803,0.5853233887308342,0.896808835552945,0.4348442569162931,0.0025955783329708387,0.4984802965387737,0.553051227651655,0.6715323519065739,/volumes/Seagate/mtg-jamendo-dataset/02/1349102.mp3
79.99403628117913,120.18531976744185,0.5412759275765211,0.44645904541015624,0.1618913859128952,0.6267462985514921,0.9975735047145957,0.5194580417724073,0.0033559284019334325,0.9230558466136445,0.5314767979142312,0.6519855393457961,/volumes/Seagate/mtg-jamendo-dataset/02/1164202.mp3
343.02666666666664,143.5546875,0.5927645705187632,0.659584732055664,0.20270825922489166,0.5259484084492351,0.6766948486777714,0.5521581064994973,0.00044220720566880384,0.29999999987991827,0.6884977988859838,0.6352754135437643,/volumes/Seagate/mtg-jamendo-dataset/02/6702.mp3
202.44,107.666015625,0.610611486561528,0.16936404418945308,0.3079783022403717,0.5328653600611772,0.629012013956779,1.0,0.00011149963308215708,0.3749171601937196,0.6560863573455404,0.6796549173374258,/volumes/Seagate/mtg-jamendo-dataset/02/12102.mp3
249.04,132.51201923076923,0.5827690159576713,0.6989151000976562,0.250823050737381,0.5921383418733497,0.8723840103119416,0.7166190444245591,0.001244863871182802,0.5921088332906173,0.6840226615184499,0.6534917659617672,/volumes/Seagate/mtg-jamendo-dataset/02/347202.mp3
436.06204081632654,123.046875,0.5419082764307674,0.42278968811035156,0.10971347987651825,0.22452415186282423,0.4511289931826734,0.18560456115743265,0.0002652066105534713,0.2906926380730658,0.4954303881720426,0.6404107751211381,/volumes/Seagate/mtg-jamendo-dataset/02/1375802.mp3
147.75256235827663,109.95678191489361,0.5460963866997666,1.0,0.12793447077274323,0.20956081309410715,0.418153580252384,0.11306747513927562,0.0003504309436454866,0.41000382181044737,0.47270584965910095,0.6515152395463674,/volumes/Seagate/mtg-jamendo-dataset/02/1110302.mp3
217.00024943310657,120.18531976744185,0.5610401166513582,0.6517945861816407,0.2172040194272995,0.3725006696704422,0.5379526837841092,0.3281101769339881,0.00013677531424182237,0.2877127201930741,0.6379095898243595,0.6506115290289559,/volumes/Seagate/mtg-jamendo-dataset/02/1342002.mp3
302.0142916666667,104.16666666666667,0.6041707918260324,0.2376822509765625,0.12047433853149414,0.5404108014797879,0.7508977011734406,0.7963947853083109,0.00028155232153613785,0.6293540798195645,0.6168164189036229,0.6200074780906133,/volumes/Seagate/mtg-jamendo-dataset/02/1030902.mp3
158.64666666666668,132.51201923076923,0.5349256194654973,0.41828137207031263,0.18171504139900208,0.3806611888510832,0.6415117285319256,0.21418935682221807,0.0007509628626840364,0.2999999999999598,0.415010782151131,0.6824152584734146,/volumes/Seagate/mtg-jamendo-dataset/02/1324902.mp3
150.09390022675737,126.04801829268293,0.5518372054712233,0.3002521057128906,0.273494690656662,0.4602475079725518,0.6761394605990115,0.4901376938589558,0.00045702684243324705,0.8692640978368305,0.6068530937451834,0.6770874698873616,/volumes/Seagate/mtg-jamendo-dataset/02/973502.mp3
419.63102040816324,129.19921875,0.5897954920622649,0.6133958740234376,0.1989159733057022,0.7271299191869036,0.9398087195476884,0.5711051354807364,0.0019352548599396266,0.7140963177035593,0.5741769099997277,0.6567743683901073,/volumes/Seagate/mtg-jamendo-dataset/02/1051502.mp3
341.4987755102041,129.19921875,0.5767963495083888,0.42503955078125005,0.25067466497421265,0.8629654566532726,1.0,0.71784563210242,0.003735420560226397,0.787214737838257,0.6726351683346081,0.6557158457237949,/volumes/Seagate/mtg-jamendo-dataset/02/1197002.mp3
217.39102040816326,90.66611842105263,0.5663404619329127,0.6214188232421874,0.21742339432239532,0.5991643830820177,0.8663159874373918,0.666654596372399,0.0014597190971485327,0.29999999999997,0.5053109995017953,0.6772102220557032,/volumes/Seagate/mtg-jamendo-dataset/02/82802.mp3
90.82757369614512,123.046875,0.5790154334701807,1.0,0.060857925564050674,0.358806989746367,0.5396356588280884,0.277074916454686,0.00020859070691753211,0.2918023014052535,0.5810818159757022,0.6056924900079178,/volumes/Seagate/mtg-jamendo-dataset/02/1193602.mp3
253.12501133786847,112.34714673913044,0.495916916459302,0.7474237365722657,0.13929389417171478,0.15377486138803712,0.387978338596877,0.1646571348986434,0.0004894690474163052,0.29998722072143874,0.3471642896123178,0.6807129439793538,/volumes/Seagate/mtg-jamendo-dataset/02/1127402.mp3
256.78229166666665,127.8409090909091,0.5822001272925927,0.6610126800537109,0.17802612483501434,0.528582145205862,0.858703031745853,0.30773306694602215,0.0010944758503327705,0.3,0.6121741780143752,0.64165456933773,/volumes/Seagate/mtg-jamendo-dataset/02/1076602.mp3
148.42022675736962,105.46875,0.609084342149829,0.7670908584594727,0.18309913575649261,0.350948011699763,0.6363226611142764,0.153789798223389,0.0013372303679091934,0.8119412671296748,0.4887256227329038,0.6681705643257566,/volumes/Seagate/mtg-jamendo-dataset/02/1420602.mp3
211.95176870748298,120.18531976744185,0.6261970050522981,0.41230615234375007,0.31759750843048096,0.6812461615639371,1.0,0.3824380090763716,0.0050180475486313,0.8511671169726908,0.6456637815889288,0.6852023467171873,/volumes/Seagate/mtg-jamendo-dataset/02/155502.mp3
513.7529931972789,129.19921875,0.5770510545805025,0.8499642944335938,0.10077257454395294,0.5328065487643148,0.8491300744972313,0.35083170230133975,0.001217655001693712,0.7272747142107239,0.5420820244280903,0.6278617219502051,/volumes/Seagate/mtg-jamendo-dataset/02/1151702.mp3
405.47984126984124,129.19921875,0.5841531902905717,0.3408995819091797,0.17823171615600586,0.5884869947301372,1.0,0.49001694174303023,0.0033498364164134455,0.6800383907409938,0.5189421912384482,0.6603749795684725,/volumes/Seagate/mtg-jamendo-dataset/02/1179202.mp3
330.02521541950114,92.28515625,0.5624276300686144,0.7087651367187501,0.07838898152112961,0.7594133424742489,0.923124503442524,0.45742256374264595,0.0023992788849244123,0.9185769381896496,0.6992124135308463,0.5883775506414375,/volumes/Seagate/mtg-jamendo-dataset/02/28102.mp3
174.741768707483,109.95678191489361,0.5414727497083454,0.45775677490234373,0.20779012143611908,0.4459155666457081,0.6766525568842146,0.39692513109026917,0.0009224261260849791,0.8637084398988051,0.46376957678323527,0.6820505283603558,/volumes/Seagate/mtg-jamendo-dataset/02/1064502.mp3
203.58439909297053,109.95678191489361,0.5827003756204137,0.3271510314941406,0.10610343515872955,0.5111773898855184,0.8532669696809588,0.246735913298914,0.0028092346031999677,0.29999999999999993,0.4717947897226996,0.6438382787126027,/volumes/Seagate/mtg-jamendo-dataset/02/1404902.mp3
212.58666666666667,86.1328125,0.5717703117705881,0.7596052551269531,0.08713318407535553,0.6780518098197134,0.9783387732796983,0.3259189797948987,0.002258549568803944,0.5485632112056146,0.6218767104931294,0.6069926041685021,/volumes/Seagate/mtg-jamendo-dataset/02/350002.mp3
376.80002267573695,99.38401442307692,0.540359021664559,0.553258758544922,0.18351000547409058,0.46679448172270965,0.6580263771256416,0.4191343360976362,0.0007411907803533059,0.29999975344222457,0.5727540472124344,0.6515127925281857,/volumes/Seagate/mtg-jamendo-dataset/02/1094402.mp3
258.8586621315193,139.6748310810811,0.5432615331707473,0.4379365234375001,0.23257066309452057,0.4802508061149053,0.781872877926336,0.21534494961041462,0.0026776745962838037,0.2999999999998232,0.5401808632367916,0.6756892660666691,/volumes/Seagate/mtg-jamendo-dataset/02/1366702.mp3
325.7187074829932,90.66611842105263,0.5807363387342945,0.42432456970214844,0.043670061975717545,0.1734284256155857,0.3828200014515602,0.14612690994317984,0.0003668799329430813,0.37161527607293704,0.40980450494269755,0.6337603213227188,/volumes/Seagate/mtg-jamendo-dataset/02/318602.mp3
1835.6767346938775,139.6748310810811,0.578566125068407,0.40433178710937495,0.21236547827720642,0.6543540006142456,0.8488050436520153,0.7754712938400183,0.0009614301686838134,0.31013168249341666,0.6544027020689758,0.6455710317659991,/volumes/Seagate/mtg-jamendo-dataset/02/268702.mp3
72.43333333333334,114.84375,0.5535811085520397,0.7890543212890623,0.12183325737714767,0.3009050112133509,0.557756817986325,0.2403879608598939,0.0004179887666867137,0.2999999999999919,0.5128769618011739,0.6412845802955384,/volumes/Seagate/mtg-jamendo-dataset/02/1277702.mp3
126.44115646258503,99.38401442307692,0.523310287138807,0.5655876922607422,0.02672567032277584,0.22639601655225064,0.3916411375454329,0.10998878017427681,0.0005376737930032072,0.44049525110295495,0.37271200604109833,0.6350788401079797,/volumes/Seagate/mtg-jamendo-dataset/02/1193302.mp3
330.0115419501134,129.19921875,0.566219533741863,0.22259652709960942,0.2683793306350708,0.46344100801045435,0.7405592085649054,0.40826668382778813,0.0010978411291858055,0.4384247590606644,0.49700017614509373,0.6972165237996066,/volumes/Seagate/mtg-jamendo-dataset/02/934002.mp3
229.64535147392291,105.46875,0.5447765307444989,0.9928560638427735,0.02868030034005642,0.15697670874976322,0.3121392967632458,0.1588427426663428,0.00018822859676441523,0.2998398417209517,0.34363014296583927,0.6415988795292524,/volumes/Seagate/mtg-jamendo-dataset/02/1377102.mp3
147.69231292517006,129.19921875,0.5927573301280875,0.5834832916259766,0.20305921137332916,0.8590763053326047,1.0,0.4412314369960238,0.009296456729559754,0.9385204527384905,0.7703880427360085,0.6190237075471968,/volumes/Seagate/mtg-jamendo-dataset/02/1297202.mp3
310.43265306122447,101.33272058823529,0.582050530190967,0.3447575073242187,0.16377045214176178,0.49622830977410776,0.8568334011705037,0.4127963265496001,0.0009775298593020741,0.6417639756381067,0.5614476926219109,0.6466678242466521,/volumes/Seagate/mtg-jamendo-dataset/02/298402.mp3
247.85814058956916,89.10290948275862,0.5524891513843833,0.5325785675048829,0.07883159816265106,0.9696113290199508,1.0,0.749800813198539,0.012513744758610971,0.8498926677108545,0.6282058189655173,0.6027382115454509,/volumes/Seagate/mtg-jamendo-dataset/02/409702.mp3
323.8160090702948,126.04801829268293,0.5715805985694207,0.3484011688232421,0.2806452214717865,0.5418787124679687,0.8758916718467872,0.44736824616202564,0.0019205454848290168,0.6124603935055175,0.5402862108347616,0.6929750375628908,/volumes/Seagate/mtg-jamendo-dataset/02/1226702.mp3
387.6,161.4990234375,0.6115364483646926,0.49856727600097656,0.10480755567550659,0.37101302525871904,0.6659881656761146,0.33411083658551194,0.0009757564751320586,0.29999999999999044,0.6225921887311493,0.6132122822969525,/volumes/Seagate/mtg-jamendo-dataset/02/1107102.mp3
336.82566893424035,120.18531976744185,0.5744534974486166,1.0,0.2269395887851715,0.5868348738893777,0.9537616615130549,0.19119893198104737,0.0061346686651101,0.7044660967105032,0.5340109954008068,0.6748960528825003,/volumes/Seagate/mtg-jamendo-dataset/02/1072902.mp3
246.9877551020408,161.4990234375,0.5601936346595848,0.6469160614013673,0.04926789179444313,0.47729321947806064,0.794698348538708,0.26431485128990617,0.0011330239678646725,0.29999999970364727,0.5105767965424944,0.6156210817375006,/volumes/Seagate/mtg-jamendo-dataset/02/1365202.mp3
180.49086167800453,147.65625,0.5253684949881259,0.4428303222656249,0.2497832030057907,0.5400846815716387,0.8843180950666566,0.2837586107899414,0.0021983895434097927,0.722665580477561,0.582559984151191,0.6734099562518464,/volumes/Seagate/mtg-jamendo-dataset/02/98602.mp3
176.09945833333333,148.02631578947367,0.562734865385285,0.44686413574218753,0.23902209103107452,0.3064150863206942,0.6154444826100582,0.2710833050183924,0.0006696279491706623,0.29999999999964305,0.5572819378729308,0.6745915651966007,/volumes/Seagate/mtg-jamendo-dataset/02/1115702.mp3
407.5442176870748,112.34714673913044,0.5190504537563287,0.43728591918945314,0.1215488538146019,0.2234942993677934,0.4522884863051519,0.17915416860347563,0.0004912843130225519,0.42726391143768616,0.4700377987748712,0.6497500276182824,/volumes/Seagate/mtg-jamendo-dataset/02/1066202.mp3
345.0002494331066,139.6748310810811,0.5422258228279382,0.34677268981933596,0.19196517765522003,0.5451267800335309,0.8212206631075963,0.6048156696400724,0.0014099581562302735,0.5611367787683206,0.5796661272123574,0.6531742385134077,/volumes/Seagate/mtg-jamendo-dataset/02/1054102.mp3
213.9861224489796,84.72079918032787,0.534702306051732,0.651971206665039,0.21804942190647125,0.5536566710099013,0.8515763445318295,0.25482776507452576,0.0017408939172635107,0.9173698380034825,0.5514215649785553,0.6682134788906187,/volumes/Seagate/mtg-jamendo-dataset/02/1179602.mp3
213.6919274376417,129.19921875,0.55066543674208,0.5280363464355469,0.17183691263198853,0.496494280575935,0.7884097255455387,0.34342830943250213,0.0013879801742465291,0.5252453796834355,0.6214283276788908,0.6375756230117376,/volumes/Seagate/mtg-jamendo-dataset/02/1356502.mp3
127.66666666666667,120.18531976744185,0.547046800269347,0.8321304321289061,0.1340852677822113,0.14812630904253385,0.33693499024128665,0.10947375891872949,0.0004896696232291343,0.2999999725225593,0.3932492160873709,0.6696208531841219,/volumes/Seagate/mtg-jamendo-dataset/02/1385302.mp3
147.0,107.666015625,0.5655614082462371,0.739213668823242,0.18619993329048157,0.4861379406844674,0.8338334774720425,0.13400649533268355,0.004513690776248594,0.3,0.5631823938990035,0.6543954972047726,/volumes/Seagate/mtg-jamendo-dataset/02/1320002.mp3
74.55884353741497,101.33272058823529,0.5381121135964304,0.2595878753662111,0.15501832962036133,0.5585760741461522,0.8278791838538769,0.6466209903456867,0.0009599034745246875,0.4049205441421916,0.6040278934174621,0.6350010199798376,/volumes/Seagate/mtg-jamendo-dataset/02/1398502.mp3
247.84,161.4990234375,0.5632931508729704,0.4463229904174804,0.060747433453798294,0.5133789131221562,0.806404434226425,0.3405007380596572,0.0014412166754257784,0.8933883878503502,0.6965387939570662,0.5825613172519541,/volumes/Seagate/mtg-jamendo-dataset/02/61202.mp3
216.26253968253968,107.666015625,0.5249792486175149,0.8067476272583007,0.12128792703151703,0.2525603115945243,0.5186821153054904,0.11391296605686692,0.0015017001503616963,0.32534151589470994,0.37545557531850976,0.6685725386676442,/volumes/Seagate/mtg-jamendo-dataset/02/683802.mp3
288.0,105.46875,0.5755025707035685,0.21396148681640625,0.11203201860189438,0.5106529171459628,0.7386888938272093,0.7813066138884873,0.0002025026286671297,0.29999999999959975,0.6020583140281967,0.6199198638910426,/volumes/Seagate/mtg-jamendo-dataset/02/1073702.mp3
312.9418594104308,139.6748310810811,0.5646045690189851,0.4618331604003906,0.16902342438697815,0.31871180244587394,0.6067323785349176,0.3335003687265587,0.0003731342680587661,0.2999999535356736,0.46876490641117474,0.6670954514970773,/volumes/Seagate/mtg-jamendo-dataset/02/1372502.mp3
187.63637188208617,109.95678191489361,0.5531681055184827,0.4022073974609375,0.20358575880527496,0.6188659239441102,0.8377673404959208,0.6889023032044452,0.0010527077571507316,0.29999999999900173,0.5721935811974508,0.6588521569304089,/volumes/Seagate/mtg-jamendo-dataset/02/1066802.mp3
323.001179138322,123.046875,0.5606617721804089,0.3639875183105469,0.2018144428730011,0.40858741925606873,0.8318350593288307,0.3564973148114056,0.0013827672720700362,0.7688433519485446,0.49212681619740273,0.6742278361947999,/volumes/Seagate/mtg-jamendo-dataset/02/1388002.mp3
322.0095691609977,161.4990234375,0.583968649995023,0.5309644317626954,0.22378157079219818,0.6067595745931122,0.9758030850600607,0.2928800818870606,0.006116414310751372,0.7683812515679549,0.6200694294388571,0.6565474795974199,/volumes/Seagate/mtg-jamendo-dataset/02/1326602.mp3
301.6533333333333,90.66611842105263,0.5750138391612362,0.47231262207031244,0.18074968457221985,0.49953367081896993,0.654617456763351,0.41828850571152054,0.0005026892710827093,0.29999999999581367,0.5587853515602796,0.6533128161339432,/volumes/Seagate/mtg-jamendo-dataset/02/492102.mp3
158.12501133786847,97.50884433962264,0.5643766736105919,0.29308189392089845,0.2793193757534027,0.5175870553597226,0.7688019747084012,0.6473324737652663,0.0010255427809494452,0.3984202908507617,0.47875721591858855,0.7048035320875072,/volumes/Seagate/mtg-jamendo-dataset/02/1086702.mp3
172.49759637188208,99.38401442307692,0.562449260018551,0.30289912414550785,0.20697157084941864,0.49265052544542004,0.8076141288114935,0.5239985685628832,0.0009253223939571667,0.9306696486810208,0.46143007659010227,0.6822237501877703,/volumes/Seagate/mtg-jamendo-dataset/02/1363602.mp3
390.26938775510206,161.4990234375,0.5482582571627079,0.4291771697998047,0.1946571320295334,0.28235237444823735,0.6193284713896045,0.15659543655170013,0.0007082070610972026,0.29986286690179265,0.5840020510653554,0.653276157317561,/volumes/Seagate/mtg-jamendo-dataset/02/1095102.mp3
228.80943310657597,151.99908088235293,0.5793698876453821,0.4068442382812501,0.22166259586811066,0.6609336073313935,0.9008286579590378,0.6600307646995491,0.0018959567387873823,0.8807275764013069,0.744821784118636,0.6308341776887927,/volumes/Seagate/mtg-jamendo-dataset/02/1325602.mp3
280.72,112.34714673913044,0.48853623843880856,0.34326770782470706,0.06869275867938995,0.19985430176595212,0.2919551961268659,0.18541911275192155,0.00011237164926522467,0.5456514639575457,0.38508685368246603,0.6477120223880871,/volumes/Seagate/mtg-jamendo-dataset/02/1390502.mp3
166.8118820861678,95.703125,0.5607258987786267,0.5789096450805664,0.09864096343517303,0.5088808107025732,0.996317755469985,0.1489787603889402,0.004843913315741295,0.7634073260380347,0.6066333843119184,0.6141840699742787,/volumes/Seagate/mtg-jamendo-dataset/02/1174902.mp3
199.49179138321995,143.5546875,0.5604683861442188,0.6599095764160157,0.32350993156433105,0.4690377252233772,0.8208593546147603,0.16388489474139925,0.001524669008950807,0.8716731200954009,0.6106798609274179,0.6943276031776756,/volumes/Seagate/mtg-jamendo-dataset/02/262802.mp3
93.68043083900227,120.18531976744185,0.5722374890721544,0.46231579589843746,0.11300837993621826,0.1656673602139665,0.27636903008373587,0.14940588642470884,0.00032344351877625576,0.27710080828408085,0.29664735160414296,0.6813535464562099,/volumes/Seagate/mtg-jamendo-dataset/02/1380602.mp3
315.2690476190476,120.18531976744185,0.5594108038373083,0.4423944854736328,0.18325336277484894,0.5566985855893112,0.8984900419532393,0.39911549888808656,0.0017715059180422152,0.7198598090327558,0.6275098514863248,0.6404692403016806,/volumes/Seagate/mtg-jamendo-dataset/02/1189102.mp3
75.00301587301587,126.04801829268293,0.5453276867059453,0.48371673583984376,0.08239662647247314,0.31578619652916234,0.5164934155644988,0.27241573266994085,0.00020861505707691738,0.7044460059124938,0.5542459827827393,0.6188135889735425,/volumes/Seagate/mtg-jamendo-dataset/02/1349402.mp3
179.6,161.4990234375,0.517232392712263,0.6894887619018556,0.043257031589746475,0.19455000717902335,0.2995898795181999,0.15084743090481972,0.00016734757482097178,0.2999932910961602,0.4842572560065367,0.6187210801710015,/volumes/Seagate/mtg-jamendo-dataset/02/1219602.mp3
79.27467120181406,126.04801829268293,0.5791808188110721,0.5465799560546875,0.1781565397977829,0.7201820834364793,1.0,0.31181010682562527,0.01313407250016839,0.875427155057126,0.6821048687821633,0.6277153805707693,/volumes/Seagate/mtg-jamendo-dataset/02/1245902.mp3
351.63428571428574,120.18531976744185,0.5797277896953104,0.3800364837646484,0.2789306342601776,0.23571230389932374,0.43488819031239145,0.19215691958821332,0.0005008158167240304,0.3,0.394594442932704,0.7214961397471231,/volumes/Seagate/mtg-jamendo-dataset/02/87602.mp3
228.1360544217687,89.10290948275862,0.5569021213834968,0.692822265625,0.06490794569253922,0.1687914728238105,0.30342230947936943,0.20340527571984793,0.0001640637087962228,0.299990219364625,0.32349060068732144,0.6586687403118499,/volumes/Seagate/mtg-jamendo-dataset/02/1336202.mp3
126.82424036281179,99.38401442307692,0.5352364966131397,0.3907348175048828,0.0881274938583374,0.09993300647299198,0.24677860196699197,0.12195702458672336,0.0008152999315183843,0.29770191798965645,0.39184854980827766,0.653356187827346,/volumes/Seagate/mtg-jamendo-dataset/02/1357402.mp3
210.21,109.95678191489361,0.5534430266775754,0.48457244873046873,0.13146774470806122,0.7788506160180814,0.9725218102726989,0.46191775802658064,0.0022640142041872972,0.8672047571390179,0.8117109772468156,0.5849861926455389,/volumes/Seagate/mtg-jamendo-dataset/02/1377202.mp3
201.82784580498867,120.18531976744185,0.5976153441528564,0.6778670349121094,0.18223688006401062,0.44954279072665715,0.7565550280742992,0.23906732044024495,0.0012665482895070329,0.7451094159557974,0.49312912176500934,0.666979452470042,/volumes/Seagate/mtg-jamendo-dataset/02/1079402.mp3
226.97795918367348,109.95678191489361,0.4917725526903124,0.5769590759277343,0.08417391031980515,0.4702377165398413,0.7865375856557166,0.3589883119945209,0.0005737756482671298,0.9174422009815185,0.47997180816281926,0.634308246082566,/volumes/Seagate/mtg-jamendo-dataset/02/477402.mp3
50.40555555555556,132.51201923076923,0.5208831628051251,0.5306141281127931,0.03798235207796097,0.31133709886881844,0.6526470816702036,0.21238947995191604,0.00046587131747231745,0.746224256544139,0.4565883501000927,0.6223559767280474,/volumes/Seagate/mtg-jamendo-dataset/02/1162602.mp3
165.50918367346938,139.6748310810811,0.531193512363985,0.27434951782226563,0.16310271620750427,0.5389541651457401,0.8135745009067007,0.5000872546604254,0.0007223157063072298,0.7079378923821444,0.6832448962446129,0.622067998585779,/volumes/Seagate/mtg-jamendo-dataset/02/1083302.mp3
238.0,99.38401442307692,0.5429438812666605,0.7427810287475586,0.061444241553545,0.14421932570267043,0.22547148059997818,0.1427195716835217,0.0001592165454372706,0.29988149060543207,0.3292858461712117,0.656262757725034,/volumes/Seagate/mtg-jamendo-dataset/02/1117702.mp3
316.19938775510207,126.04801829268293,0.5874732324977039,0.3755775451660156,0.3072691857814789,0.7273677057315645,0.9541655238522992,0.624619853923609,0.0015561181673446052,0.49188344884288737,0.5892516017913881,0.6927665865230548,/volumes/Seagate/mtg-jamendo-dataset/02/1234502.mp3
275.47891156462583,114.84375,0.5905284353946679,0.5529247436523437,0.14455072581768036,0.7086458989776085,0.9659423838273666,0.3173724980675296,0.0036274958299285535,0.9604717269546386,0.5980974552447603,0.6324187702454129,/volumes/Seagate/mtg-jamendo-dataset/02/1384802.mp3
164.11766439909297,135.99917763157896,0.5929420346539054,0.21585678100585937,0.24288973212242126,0.5412287568977405,0.9189408324091798,0.5665051692961751,0.0007094676655424046,0.7107526195372117,0.6588431993448723,0.6556716636950971,/volumes/Seagate/mtg-jamendo-dataset/02/1079302.mp3
358.94104308390024,109.95678191489361,0.5581273904703139,0.5358694763183594,0.21381105482578278,0.28245867509790223,0.5961178547114876,0.18429169523121308,0.0008735780707781617,0.29999999999999993,0.3778987023296566,0.7013922392713504,/volumes/Seagate/mtg-jamendo-dataset/02/1066302.mp3
95.9998125,100.44642857142857,0.5323263550052607,0.6656440582275391,0.17913950979709625,0.2908267422110592,0.5909742236811646,0.0920829268292683,0.002155082770755145,0.3,0.4695283621400664,0.6705845510989414,/volumes/Seagate/mtg-jamendo-dataset/02/1112002.mp3
299.1495918367347,123.046875,0.5166329612530365,0.38565557861328115,0.19159184396266937,0.20097025503138752,0.42822690110332373,0.1719506988992349,0.00037451437505139565,0.29999999991070053,0.38161281962048127,0.6926504999024647,/volumes/Seagate/mtg-jamendo-dataset/02/1228102.mp3
248.05877551020407,120.18531976744185,0.5560396519125859,0.582207244873047,0.07494577020406723,0.17181839276118765,0.2968268677056494,0.13794602344394763,0.0007189043165594344,0.7373332675087416,0.3782085383464658,0.651338769604171,/volumes/Seagate/mtg-jamendo-dataset/02/438202.mp3
406.0167120181406,109.95678191489361,0.5816428096562665,0.7242619628906252,0.1639423370361328,0.2937316683152948,0.5491702874812489,0.15960517542954222,0.0012767332362266983,0.2999999999995464,0.3917380959863874,0.6806716221357304,/volumes/Seagate/mtg-jamendo-dataset/02/958302.mp3
119.32,107.666015625,0.6070616774626507,0.9309112701416017,0.0906076580286026,0.6189493123406355,0.7439539041316849,0.13872918238814613,0.0012086235089429377,0.887130515790558,0.5322987238227173,0.6261590121257534,/volumes/Seagate/mtg-jamendo-dataset/02/3902.mp3
261.09378684807257,129.19921875,0.5487139100277434,0.7436292724609375,0.26805493235588074,0.41093227619973915,0.6280616630830367,0.29417677368556333,0.0005721438296790063,0.6179057383010351,0.4937315676214586,0.6977534621238254,/volumes/Seagate/mtg-jamendo-dataset/02/1409402.mp3
279.92,132.51201923076923,0.5771185912393335,0.3320648193359375,0.16592887043952942,0.5368696631162752,0.7680405451833584,0.609648465278979,0.0010969285396162847,0.6383199131757159,0.663210739525332,0.6270922454531642,/volumes/Seagate/mtg-jamendo-dataset/02/12302.mp3
39.476462585034014,126.04801829268293,0.5033291786771827,0.5786524963378906,0.08308209478855133,0.21606951344659334,0.6765088937861002,0.08531493606614983,0.0020892854712483405,0.29999999995274085,0.39132877291343887,0.6516437995411908,/volumes/Seagate/mtg-jamendo-dataset/02/1379502.mp3
531.2783673469388,120.18531976744185,0.5754076235065316,0.5254554748535156,0.08488111197948456,0.6840066590561369,0.9527867285081578,0.3465081832916622,0.0025760485033739598,0.6063671389625294,0.6051983148824389,0.6095175373361267,/volumes/Seagate/mtg-jamendo-dataset/02/1397902.mp3
120.18428571428572,139.6748310810811,0.5870782273433581,0.4609938049316406,0.1597566306591034,0.8202756756825651,0.979631781258984,1.0,0.0026902690010821213,0.6492397625809652,0.7293496621621622,0.6116424546048448,/volumes/Seagate/mtg-jamendo-dataset/02/80802.mp3
236.54975056689344,126.04801829268293,0.5794831286398443,0.11665093994140623,0.17528988420963287,0.26716722133741405,0.5368570778176576,0.2364890019452342,0.0005641147678143492,0.8231745323417802,0.5165808047692906,0.6597881973616097,/volumes/Seagate/mtg-jamendo-dataset/02/1032702.mp3
200.3618820861678,126.04801829268293,0.5696559082717283,0.8573544006347658,0.08972478657960892,0.5785497175755305,0.9714063978003951,0.1586962850738717,0.003897456247577107,0.4656059110229813,0.5412228196485612,0.624056359238947,/volumes/Seagate/mtg-jamendo-dataset/02/1095702.mp3
561.6,99.38401442307692,0.5200665613164075,0.5929522552490234,0.08306687325239182,0.31521430042664617,0.4725714239534255,0.19729560886868458,0.00015468975147876185,0.29999279115484423,0.5087137764974167,0.6281613190713777,/volumes/Seagate/mtg-jamendo-dataset/02/1193402.mp3
253.50666666666666,126.04801829268293,0.6208210774218647,0.5607255554199219,0.14287981390953064,0.4186314181863923,0.7764669725658694,0.24787283474593308,0.0009598434238481073,0.29999999912137126,0.46860554772829566,0.6577156234617719,/volumes/Seagate/mtg-jamendo-dataset/02/1171002.mp3
62.20532879818594,126.04801829268293,0.5261225579939041,1.0,0.04113513231277466,0.3136387151316806,0.4795749968922069,0.19510283232731543,0.0003275919061338183,0.2797492006333842,0.48733503718390936,0.617341640195817,/volumes/Seagate/mtg-jamendo-dataset/02/1338302.mp3
272.71836734693875,126.04801829268293,0.5341278732826944,0.7109538269042969,0.27599990367889404,0.42934351517077046,0.7360940928965819,0.2743834431660906,0.0011719520839600158,0.9454486151421999,0.4989848292599707,0.6995629994724077,/volumes/Seagate/mtg-jamendo-dataset/02/240502.mp3
144.8289342403628,101.33272058823529,0.5519976734486998,0.43737806701660153,0.0482497401535511,0.24597495350956683,0.4653922248981547,0.19598455447480329,0.00022604265564333794,0.40433774527051936,0.37183107771953755,0.6430036909113709,/volumes/Seagate/mtg-jamendo-dataset/02/373202.mp3
312.0,101.33272058823529,0.5820608354913389,0.5843830108642578,0.2386128157377243,0.33675891965095545,0.5624019158281951,0.2718091835975292,0.0002064657587378517,0.4971837939890448,0.5049003790075531,0.6849205378640701,/volumes/Seagate/mtg-jamendo-dataset/02/336202.mp3
251.0425170068027,120.18531976744185,0.6070032631204265,0.8696383666992188,0.1836625337600708,0.32221971148388756,0.60025719531508,0.3805399174095334,0.00045474068086893434,0.29993342775028764,0.517235661800844,0.6626713797934567,/volumes/Seagate/mtg-jamendo-dataset/02/1029002.mp3
237.75702947845804,107.666015625,0.5476787321028725,1.0,0.12272891402244568,0.34658609233158616,0.5971201045151565,0.14195886565535903,0.0014727063242241966,0.2999999999990245,0.5124831814051413,0.6416857727670522,/volumes/Seagate/mtg-jamendo-dataset/02/653702.mp3
122.28571428571429,105.46875,0.5180162126509318,0.5005022277832032,0.04456503316760063,0.20868212856052382,0.2821022250646965,0.11160093828223956,0.0004036729457438771,0.49146211315295496,0.39083287608297723,0.6378768367237407,/volumes/Seagate/mtg-jamendo-dataset/02/646802.mp3
454.55673469387756,139.6748310810811,0.5952078437871937,0.3313335571289063,0.17958857119083405,0.611898121485843,1.0,0.4577574032578882,0.0021398385053139806,0.6576249636977736,0.5782702048123756,0.6489978446662252,/volumes/Seagate/mtg-jamendo-dataset/02/18502.mp3
125.44,139.6748310810811,0.605525310032043,0.3568155822753906,0.3421735465526581,0.37698236519439654,0.6125949002693702,0.6035715172514983,0.00013162578311457044,0.8216689777925092,0.6016377178869529,0.7028549331815663,/volumes/Seagate/mtg-jamendo-dataset/02/1295902.mp3
259.7355102040816,87.5926906779661,0.5832054805562178,0.5356990051269536,0.0800466239452362,0.6433036408730264,0.9958454654164957,0.14492047986812784,0.005793069957275776,0.30387153675791206,0.5142378065817876,0.6259692233039276,/volumes/Seagate/mtg-jamendo-dataset/02/250002.mp3
196.64172335600907,135.99917763157896,0.5221363488844093,0.44981163024902343,0.09448906034231186,0.3340786485074488,0.5655877195340977,0.3272675957365312,0.00027464455972602773,0.5491882225016433,0.41149282389699443,0.6517174969438334,/volumes/Seagate/mtg-jamendo-dataset/02/768502.mp3
236.27755102040817,161.4990234375,0.5351198015837553,0.44492173767089854,0.06768862158060074,0.29780423640504217,0.6282768984062606,0.14876658613284247,0.002477600741244336,0.3,0.3265778951167154,0.6590523247456732,/volumes/Seagate/mtg-jamendo-dataset/02/1294202.mp3
332.0,120.18531976744185,0.6031030392427599,1.0,0.12400610744953156,0.7853111372815822,1.0,0.3849540758582045,0.0035535374510823527,0.3861254380869351,0.6585737994956437,0.6129274387827026,/volumes/Seagate/mtg-jamendo-dataset/02/1381902.mp3
197.54666666666665,135.99917763157896,0.5498865511220745,0.3243531036376953,0.13763582706451416,0.4327837358212385,0.6743543772069516,0.49648594722900685,0.00032280329720641045,0.4244316130875655,0.6518221051875321,0.6191844767057187,/volumes/Seagate/mtg-jamendo-dataset/02/1195702.mp3
179.65,135.99917763157896,0.6012670298982737,0.33304408264160157,0.15302643179893494,0.5477759881242651,0.8318526273323922,0.6232947792835819,0.0006775668009460256,0.42377539191071495,0.66660942437885,0.6217676305718466,/volumes/Seagate/mtg-jamendo-dataset/02/1281102.mp3
190.20106575963717,129.19921875,0.5613053675110409,0.4531129760742188,0.28451254963874817,0.6369472262325928,0.9806400521002178,0.32345932651782117,0.0034140548663898714,0.39473709896355513,0.5806697753749095,0.6862905627949675,/volumes/Seagate/mtg-jamendo-dataset/02/1249602.mp3
209.93544217687074,139.6748310810811,0.588587821541289,0.46096728515625,0.20207925140857697,0.7117161173457233,1.0,0.6088696700714726,0.002928403955391377,0.2999999999876616,0.7492065532160901,0.6229072198638698,/volumes/Seagate/mtg-jamendo-dataset/02/220602.mp3
203.24,117.45383522727273,0.5778721651688841,0.23946624755859375,0.21787431836128235,0.5958186985790757,0.7876356384778702,0.8765240071000048,0.0004202087647997294,0.2999993684789173,0.6651998240351078,0.6453947898030401,/volumes/Seagate/mtg-jamendo-dataset/02/400402.mp3
209.05795918367346,161.4990234375,0.5946403941757799,0.3570645751953125,0.2734139561653137,0.28640724509179666,0.533691835970552,0.38763136828902583,0.00016863526519938815,0.5806885991720867,0.5972987282921987,0.6789692785610733,/volumes/Seagate/mtg-jamendo-dataset/02/1231902.mp3
288.5543764172336,126.04801829268293,0.5879794489690501,0.5297271423339844,0.1427435427904129,0.39323400229932265,0.7016630648490493,0.1541726403383527,0.0014155338134976972,0.4630938968668722,0.4762762336246906,0.6561324286796106,/volumes/Seagate/mtg-jamendo-dataset/02/38402.mp3
158.91673469387754,132.51201923076923,0.6103710652787034,0.24999842834472666,0.31210261583328247,0.5888269974572329,0.8174616382921824,0.8562197972944077,0.0008628118809743449,0.7801363217641408,0.5926879229533306,0.6938193571093155,/volumes/Seagate/mtg-jamendo-dataset/02/429202.mp3
181.29839002267573,161.4990234375,0.6091562451552708,0.3633483123779297,0.15677958726882935,0.18449259125386674,0.33601943542501717,0.314906537385046,0.00010292372589144152,0.29999999941681105,0.4576768402403045,0.6649052833687177,/volumes/Seagate/mtg-jamendo-dataset/02/1167902.mp3
191.1563492063492,156.60511363636363,0.6209586130566578,1.0,0.1944040209054947,0.43263146542830927,0.7292906548436533,0.17466318058261057,0.0064318691105149746,0.3,0.6241125752954589,0.6451629324668864,/volumes/Seagate/mtg-jamendo-dataset/02/1121402.mp3
171.42854875283447,139.6748310810811,0.6120411433203998,0.7953839492797852,0.2874222695827484,0.8202123347537791,1.0,0.4705615735555974,0.005977424601603696,0.450452624745743,0.7537732984930913,0.6527173573511711,/volumes/Seagate/mtg-jamendo-dataset/02/1027602.mp3
70.0,123.046875,0.6249185030687849,0.4027667770385742,0.037073615938425064,0.17764632328560134,0.3822618069731603,0.07715002224649112,0.0012258286881239957,0.2857974934609198,0.2577738061530753,0.661791740507218,/volumes/Seagate/mtg-jamendo-dataset/02/893402.mp3
390.6351020408163,139.6748310810811,0.6031993179758748,0.7731165771484375,0.2887445390224457,0.5248836861040169,0.8953563257464361,0.24750309345159607,0.0016601874894349039,0.6500570011086702,0.5430443009307884,0.6953391738619228,/volumes/Seagate/mtg-jamendo-dataset/02/236702.mp3
240.16,129.19921875,0.5419404987932521,1.0,0.16537681221961975,0.32171184148073007,0.6218265940710399,0.2157228996634934,0.0009384624623859652,0.29999997935569517,0.4458754739361208,0.670360557611839,/volumes/Seagate/mtg-jamendo-dataset/02/37702.mp3
125.5,143.5546875,0.6477903796821958,0.411168701171875,0.21030959486961365,0.39491183043693834,0.7233958101128443,0.38099320863698927,0.0007545586161843939,0.5756343729359803,0.4928497017986425,0.6771415137933324,/volumes/Seagate/mtg-jamendo-dataset/02/1161202.mp3
660.924081632653,123.046875,0.572194521960933,0.604760482788086,0.20872586965560913,0.8449471071685075,1.0,0.3482253149892376,0.007827015919853384,0.9257998829947507,0.6452574963111298,0.6460898138137933,/volumes/Seagate/mtg-jamendo-dataset/02/1414102.mp3
133.9343537414966,139.6748310810811,0.5619523752294453,0.9339885101318359,0.21386395394802094,0.5554190723947728,1.0,0.22877317305720513,0.004227202922851959,0.4305771810154168,0.6492077886507044,0.6471494656911466,/volumes/Seagate/mtg-jamendo-dataset/02/926202.mp3
419.50396825396825,139.6748310810811,0.5742830213322618,0.685860626220703,0.12755747139453888,0.47184130750358233,0.8560528431628187,0.2524639316797773,0.001542196504856135,0.47057496414024436,0.6187701767248626,0.6221666543570615,/volumes/Seagate/mtg-jamendo-dataset/02/181802.mp3
223.9919954648526,90.66611842105263,0.5498300854914305,0.5128365478515625,0.17193767428398132,0.3825310358272133,0.7042681998252106,0.12055536031674197,0.002059011373008312,0.29999999999999993,0.6522473947433887,0.6314480837935555,/volumes/Seagate/mtg-jamendo-dataset/02/1154902.mp3
178.0,120.18531976744185,0.547726649067685,0.45793556213378905,0.27179285883903503,0.5578816887105102,0.9284011426165126,0.34054138323799105,0.0025236813492831934,0.43120533161656593,0.52814527481664,0.6922163742187246,/volumes/Seagate/mtg-jamendo-dataset/02/441102.mp3
132.35292517006803,135.99917763157896,0.5100817796236424,0.7871868896484375,0.07620156556367874,0.26729660127475213,0.36556524614873714,0.21031236628155756,0.00014300221309144692,0.29999866507577944,0.4727828091728547,0.6328760017683535,/volumes/Seagate/mtg-jamendo-dataset/02/34402.mp3
122.60099773242631,120.18531976744185,0.567382083746291,0.21545996856689453,0.05502265691757202,0.3778283042009362,0.7456435206334223,0.3262911123429416,0.000484758937979451,0.29979090067201963,0.6595288743953283,0.5879023816112603,/volumes/Seagate/mtg-jamendo-dataset/02/1347802.mp3
264.61333333333334,147.65625,0.528733472011611,0.7398506393432619,0.16156749427318573,0.6119603913695078,0.9364381117771843,0.28835213896189504,0.003742496429808677,0.29999999994792825,0.7037317968897401,0.6174179385603988,/volumes/Seagate/mtg-jamendo-dataset/02/171702.mp3
337.8354875283447,135.99917763157896,0.5715878125574932,0.4592316589355469,0.2506369948387146,0.6406065990616339,0.9166878203546223,0.4763507923748951,0.001720466839046682,0.8558796116697824,0.6135552670221057,0.6675182647375161,/volumes/Seagate/mtg-jamendo-dataset/02/82602.mp3
254.18231292517007,109.95678191489361,0.5302457783327015,0.45518213653564443,0.049024321138858795,0.31658144242233655,0.5598587526224083,0.248516243452377,0.0003015890247737698,0.8375261876604219,0.501345092306706,0.6173797371486479,/volumes/Seagate/mtg-jamendo-dataset/02/408502.mp3
84.84829166666667,98.6842105263158,0.5611490883385479,1.0,0.12915824353694916,0.3562812024109798,0.6741679351813935,0.14185402645981204,0.002716579700944789,0.7115116020423755,0.39262574534330863,0.6679718186046399,/volumes/Seagate/mtg-jamendo-dataset/02/1110502.mp3
257.14285714285717,97.50884433962264,0.6138403255114593,0.398947509765625,0.3374025523662567,0.41065901836746443,0.6914204735776066,0.44117655479683604,0.0004418480447534672,0.8471449260331052,0.4264300465065848,0.7361789095505354,/volumes/Seagate/mtg-jamendo-dataset/02/1337802.mp3
315.6009750566893,151.99908088235293,0.6018947243270913,0.6268584747314452,0.10571987926959991,0.7471431134229275,0.9872828043602501,0.5166005110610259,0.004316036452838391,0.8918644128870616,0.5436891245836121,0.6293213316203335,/volumes/Seagate/mtg-jamendo-dataset/02/1378202.mp3
307.2522448979592,117.45383522727273,0.5219028788498541,0.32637182617187505,0.24394452571868896,0.2663649112360834,0.5370704232423225,0.32305622243828713,0.00016545231274751315,0.7272730440608843,0.4080181955666081,0.7062163901454064,/volumes/Seagate/mtg-jamendo-dataset/02/1080502.mp3
186.76,120.18531976744185,0.46402044098106954,0.30117263793945315,0.07470159977674484,0.43434233536391476,0.7168539458817551,0.22743496869916172,0.0005480187535448236,0.2967438168005825,0.4762909647431155,0.631634382971005,/volumes/Seagate/mtg-jamendo-dataset/02/1135202.mp3
185.2342857142857,139.6748310810811,0.5528393522395314,0.5517171325683594,0.09235896170139313,0.4426706087604627,0.7918708441670582,0.18307587651244736,0.0012966845204718182,0.9058626542987444,0.42191156707145805,0.6488669127982098,/volumes/Seagate/mtg-jamendo-dataset/02/389702.mp3
383.9738775510204,120.18531976744185,0.5520681827134245,0.31883425903320306,0.12792770564556122,0.5772261707048852,0.8493389555856152,0.6109068409645182,0.0007595831335235238,0.2999999999970802,0.5583249710513222,0.6343889798221376,/volumes/Seagate/mtg-jamendo-dataset/02/1223702.mp3
264.0,123.046875,0.5824903468111653,0.49530319976806647,0.08453328162431717,0.2579025721036631,0.5245377921288268,0.29866679537507773,0.0001752966165923411,0.36871683297961166,0.6752613506858762,0.5953797112475789,/volumes/Seagate/mtg-jamendo-dataset/02/1375902.mp3
235.903537414966,99.38401442307692,0.5224464993668961,0.5637161712646485,0.12736813724040985,0.581399500017231,0.8360870440177404,0.49543691184943345,0.002263750805382373,0.29999993960516963,0.5262448877333357,0.6406035518598804,/volumes/Seagate/mtg-jamendo-dataset/02/38002.mp3
77.91995464852607,109.95678191489361,0.5165516846032837,0.6725628967285157,0.11208198964595795,0.23994025278787875,0.4621428738778881,0.2242485246664147,0.0005808652119147198,0.49806529923866927,0.4716836068501283,0.6460127949025193,/volumes/Seagate/mtg-jamendo-dataset/02/486802.mp3
238.6818820861678,129.19921875,0.5131584716144537,0.6815367431640625,0.13767468929290771,0.37652386653689934,0.7179104495049837,0.2371231399458311,0.0010732126054145458,0.6309924953238125,0.47472867095471705,0.6546171539545034,/volumes/Seagate/mtg-jamendo-dataset/02/1298302.mp3
230.84408163265306,151.99908088235293,0.6101969779142558,0.7934742126464847,0.0920281857252121,0.4523505310886479,0.8339344578091181,0.06557423299036853,0.0023949600402591604,0.6974934045618648,0.53044065507172,0.6270420158467322,/volumes/Seagate/mtg-jamendo-dataset/02/394602.mp3
286.1595238095238,129.19921875,0.5683251943144152,0.7114920349121092,0.11121180653572083,0.4560311589777289,0.7636920894722726,0.31052002438232756,0.0008218361004455601,0.299989096188313,0.5165745389482215,0.6367213425632152,/volumes/Seagate/mtg-jamendo-dataset/02/1168602.mp3
310.81795918367345,123.046875,0.552771454885784,0.4684550170898438,0.14299890398979187,0.9698305276981011,1.0,0.44935753772598236,0.009117812091874396,0.29999999920531356,0.69609375,0.612260855436325,/volumes/Seagate/mtg-jamendo-dataset/02/19202.mp3
46.86666666666667,166.70866935483872,0.6199968784940367,1.0,0.15318842232227325,0.6472500128762702,1.0,0.6776947383048266,0.0026031798137506877,0.3539984584893702,0.49838848205545594,0.6554701356249272,/volumes/Seagate/mtg-jamendo-dataset/02/1277802.mp3
253.6544217687075,120.18531976744185,0.530685930295119,0.4424625701904297,0.15970481932163239,0.7208985993563803,1.0,0.5829074045958328,0.004416494232769796,0.7224499993146904,0.6414065210227567,0.6292124307512363,/volumes/Seagate/mtg-jamendo-dataset/02/74602.mp3
113.25897959183673,120.18531976744185,0.5421581795308494,1.0,0.01867099106311798,0.2508340911656562,0.5055891462880376,0.18285482854828547,0.0002591672882475037,0.2861205160808512,0.4905929929979769,0.6086029581831272,/volumes/Seagate/mtg-jamendo-dataset/02/966302.mp3
224.52,112.34714673913044,0.5176626624850683,0.8080038604736329,0.09573990851640701,0.3619210426332062,0.7042884443987114,0.14788289555164025,0.002426514624405211,0.7923358587395899,0.4285824911420953,0.6487498688374875,/volumes/Seagate/mtg-jamendo-dataset/02/75202.mp3
155.77333333333334,139.6748310810811,0.5273330534732441,0.5348558807373047,0.10568805783987045,0.28801032637833507,0.6024092324076471,0.18687274829224668,0.0010843772497150612,0.29999984370092475,0.4756380665774427,0.6429200875068648,/volumes/Seagate/mtg-jamendo-dataset/02/170002.mp3
239.89884353741496,129.19921875,0.5748880042123761,0.7085098266601563,0.23322591185569763,0.4873807322344859,0.7642155280926328,0.18824419515972163,0.0009831521150107374,0.6664992736388083,0.6032399490919403,0.6633133384496631,/volumes/Seagate/mtg-jamendo-dataset/02/434202.mp3
134.14585034013606,109.95678191489361,0.5612260890855121,1.0,0.05821119621396065,0.45376112172185856,0.8497065537032475,0.08804128716319616,0.0033902659008796703,0.4142838344090148,0.47265661835696327,0.6264247069656331,/volumes/Seagate/mtg-jamendo-dataset/02/113802.mp3
167.90732426303856,107.666015625,0.6092441280203793,0.6167982788085937,0.17155329883098602,0.5399471422497155,0.7221356115688565,0.5704652578573078,0.0007004829448794444,0.9109580866366023,0.5122901509927511,0.6593011573806048,/volumes/Seagate/mtg-jamendo-dataset/02/133102.mp3
271.3781179138322,87.5926906779661,0.5800938754568966,0.3402477722167969,0.21002258360385895,0.6785302309402262,0.9953707453834669,0.4983003521586018,0.004185429570370278,0.8921173089680334,0.5135924210428604,0.6728896458888172,/volumes/Seagate/mtg-jamendo-dataset/02/1250702.mp3
193.71428571428572,139.6748310810811,0.5939710031731915,0.32263641357421874,0.202226921916008,0.7574340579871705,1.0,0.6218231729242859,0.0037267143036935706,0.29999999999999855,0.7424713122029738,0.6243074294491682,/volumes/Seagate/mtg-jamendo-dataset/02/1104502.mp3
343.1153741496599,109.95678191489361,0.5771881132204371,0.7401414947509767,0.19252237677574158,0.9021488722869382,1.0,0.3349362968489264,0.00800079582667141,0.9273491930670286,0.6699135638297873,0.6353253428733096,/volumes/Seagate/mtg-jamendo-dataset/02/1297502.mp3
270.8169387755102,123.046875,0.6259792849257049,1.0,0.09305642545223236,0.827891311216179,0.9337737725491989,0.36778191711269365,0.005476662650653586,0.3,0.78609375,0.5762815631628037,/volumes/Seagate/mtg-jamendo-dataset/02/45102.mp3
194.99192743764172,114.84375,0.5868689165106344,0.2187175750732422,0.1557791829109192,0.5032002602558008,0.8305209323482791,0.3584448097398335,0.00175394296834611,0.8489692257193406,0.47843444648288924,0.6603936165513531,/volumes/Seagate/mtg-jamendo-dataset/02/1194702.mp3
262.0865079365079,139.6748310810811,0.5934493507693075,0.30254205322265626,0.40066951513290405,0.6187238135518114,0.8462614144194397,0.6269268292682927,0.001005515950038759,0.7290887706701081,0.5975776030224296,0.7247255048433595,/volumes/Seagate/mtg-jamendo-dataset/02/454902.mp3
277.3580725623583,139.6748310810811,0.5629137794982773,0.3823366699218751,0.17540130019187927,0.3933995083298231,0.6782053899351693,0.36334439351090875,0.000428681387972783,0.29999999999952315,0.5060592984927343,0.6619326083705296,/volumes/Seagate/mtg-jamendo-dataset/02/1178102.mp3
51.2,105.46875,0.5746785531707989,0.6415918731689453,0.06539954245090485,0.34489740559366927,0.7166121877001335,0.22223045490486645,0.0009486247213932895,0.570354230043345,0.49302538857819517,0.6249387575666867,/volumes/Seagate/mtg-jamendo-dataset/02/1085602.mp3
354.8937868480726,143.5546875,0.5395304026863784,0.33859936523437495,0.10987260937690735,0.36193403875466607,0.6223588843250526,0.23616943356453093,0.00042948244628138567,0.29983474743946315,0.45294465803339484,0.6489652077690077,/volumes/Seagate/mtg-jamendo-dataset/02/730802.mp3
196.66666666666666,90.66611842105263,0.5879229730218645,0.3518989715576172,0.3197816014289856,0.6296857582258126,0.9353215121482634,0.6344101131684281,0.0009786506871139603,0.6782948323758922,0.6017981878175371,0.6947617389509273,/volumes/Seagate/mtg-jamendo-dataset/02/1417902.mp3
301.8245804988662,123.046875,0.5330771394188223,0.39621186065673825,0.020591776818037033,0.28315588519501544,0.37170014634485077,0.4189112108060845,3.0889870452576814e-05,0.4121876246132464,0.6241191234449314,0.5825892149655071,/volumes/Seagate/mtg-jamendo-dataset/02/243702.mp3
163.38462585034014,129.19921875,0.5981474498956977,0.9888574676513672,0.24720142781734467,0.5883456022558384,0.983397474626561,0.22385332231066926,0.0038200917045705294,0.31478690685753585,0.6248077630577421,0.6640309614026956,/volumes/Seagate/mtg-jamendo-dataset/02/1083602.mp3
98.43938775510205,90.66611842105263,0.5773377275348622,0.6692927856445311,0.22950775921344757,0.6085657871969914,0.8251684318051984,0.35911620963125546,0.0013329126165033507,0.7371655732953563,0.5207402023935644,0.6784747528381282,/volumes/Seagate/mtg-jamendo-dataset/02/1264202.mp3
142.0132426303855,143.5546875,0.556799130951395,0.8056493225097657,0.1542135775089264,0.9041938714453194,1.0,0.14012836130977185,0.010199984175574071,0.5592846224367314,0.7918436459014552,0.5971481587229225,/volumes/Seagate/mtg-jamendo-dataset/02/1031402.mp3
136.11537414965986,107.666015625,0.39313398752783935,0.714819320678711,0.06608515232801437,0.17475584189868737,0.2506240275527446,0.06432991835248843,0.0033474463911599543,0.26508671590440586,0.5581310913382113,0.612164436570443,/volumes/Seagate/mtg-jamendo-dataset/02/168802.mp3
206.84133786848074,126.04801829268293,0.5218135417530811,0.41184295654296876,0.1261647790670395,0.5593088713030265,0.7863547364552473,0.401660058922098,0.002999104977282319,0.6208977271206948,0.649516705347079,0.6155159793947185,/volumes/Seagate/mtg-jamendo-dataset/02/1067302.mp3
264.4675056689342,126.04801829268293,0.5879570812460273,0.2927348785400391,0.16676963865756989,0.6169922254423712,0.9543594339633779,0.25251654211010943,0.0015896379987681087,0.3865543322211763,0.5802777192766215,0.6439815260614009,/volumes/Seagate/mtg-jamendo-dataset/02/1205702.mp3
210.53548752834467,114.84375,0.5537168951750198,0.5275541687011718,0.10716083645820618,0.15913418575508845,0.2607244382240514,0.20507898081462206,0.000174562317493824,0.2997588410722825,0.4548206464720371,0.6476137718305468,/volumes/Seagate/mtg-jamendo-dataset/02/1150402.mp3
208.065306122449,120.18531976744185,0.5612276999450511,0.8091930847167969,0.20305287837982178,0.5662151503409604,0.8223090621394381,0.3393444764712127,0.0019677346043271856,0.6245411477372689,0.6411479852818802,0.6448694391603598,/volumes/Seagate/mtg-jamendo-dataset/02/412702.mp3
261.7824263038549,90.66611842105263,0.5167714627200288,0.3988981323242187,0.14981041848659515,0.6305828650873536,0.9849873443412577,0.2999101144499405,0.004598019235551125,0.5101656536862107,0.592508529927217,0.635430044669731,/volumes/Seagate/mtg-jamendo-dataset/02/1036802.mp3
390.0,120.18531976744185,0.523109074288741,0.34871332550048834,0.07292108237743378,0.4751555650762256,0.8234428026450559,0.17898643114795043,0.003111660887016537,0.2999999951234475,0.49113508022791014,0.6280245736102941,/volumes/Seagate/mtg-jamendo-dataset/02/1194002.mp3
232.26785416666667,93.75,0.5920804320923386,1.0,0.15969334542751312,0.571648736843214,0.8921198079894307,0.2098448056486443,0.0014942384336831989,0.3,0.4821972091522528,0.6610501625234542,/volumes/Seagate/mtg-jamendo-dataset/02/108302.mp3
202.40963718820862,109.95678191489361,0.5061148686833787,0.6410154571533204,0.12567000091075897,0.5970640314607073,0.9237243834350468,0.23490092119160366,0.004618956963996297,0.5738045532895868,0.6004739104890564,0.625146418230062,/volumes/Seagate/mtg-jamendo-dataset/02/1418302.mp3
79.20002267573696,99.38401442307692,0.5712150379109033,0.2850009460449219,0.10988833010196686,0.7583191657429432,1.0,0.35607253434011915,0.005698820194374172,0.7624943750142821,0.5954816222278,0.620463474391148,/volumes/Seagate/mtg-jamendo-dataset/02/1395702.mp3
242.0,120.18531976744185,0.5636365830682664,0.36982452392578125,0.24414119124412537,0.5665807376635994,0.7942690645584417,0.2970065933808774,0.000989494204051427,0.2999999999999996,0.674417713267766,0.6530072861943319,/volumes/Seagate/mtg-jamendo-dataset/02/1007902.mp3
358.6207029478458,114.84375,0.608347184391443,0.5895938568115234,0.32808494567871094,0.9066081070561848,1.0,0.8430777976928361,0.005456599479860968,0.6043657102083535,0.659000877610068,0.6863104049223223,/volumes/Seagate/mtg-jamendo-dataset/02/1337902.mp3
600.156125,140.625,0.5943400938857469,0.7958983764648437,0.1813134253025055,0.5764743929572154,0.910754942028523,0.20098202538943544,0.0016633494533304736,0.2999999999986908,0.6573146348517628,0.6338099061385494,/volumes/Seagate/mtg-jamendo-dataset/02/1129102.mp3
211.28,120.18531976744185,0.52028010244212,0.466334747314453,0.20791640877723694,0.41072563449240396,0.7011787783499258,0.24454439335315933,0.000934851529510306,0.7216418050957076,0.4709465774762165,0.680660591664562,/volumes/Seagate/mtg-jamendo-dataset/02/1194602.mp3
237.89820861678004,139.6748310810811,0.5810872168091539,0.4020001220703125,0.19973690807819366,0.3634284582985834,0.6551210201589748,0.31938947616502666,0.0005175040405145445,0.4952405068006799,0.4921453717297318,0.6734762125622034,/volumes/Seagate/mtg-jamendo-dataset/02/1108302.mp3
113.16666666666667,90.66611842105263,0.6021862462424739,1.0,0.09289368987083435,0.6713340102721989,0.7535110444918077,0.31957424662469847,0.0023712956834077486,0.3,0.5884486572202186,0.6157519969094567,/volumes/Seagate/mtg-jamendo-dataset/02/1028802.mp3
112.19068027210885,120.18531976744185,0.5006061467590295,0.8378059692382811,0.1047947034239769,0.2654388882452077,0.42362134195797696,0.23475357373606848,0.00013526539918199058,0.5067191059232146,0.5369766000520528,0.6303307732222211,/volumes/Seagate/mtg-jamendo-dataset/02/1162102.mp3
58.693333333333335,105.46875,0.5210753474403101,0.7387466812133789,0.010913538746535778,0.4258080877753954,0.595265069194902,0.24299745291756714,0.0003323245018742978,0.33379841505415553,0.5606980909707476,0.5917892557546034,/volumes/Seagate/mtg-jamendo-dataset/02/153602.mp3
442.6666666666667,99.38401442307692,0.567908244508278,0.5338728027343751,0.15549185872077942,0.4908066453403839,0.6302771826095367,0.43603044606595454,0.0002924691588531209,0.29999999999997967,0.5165092372615562,0.6526752216871694,/volumes/Seagate/mtg-jamendo-dataset/02/1275302.mp3
212.44829931972788,156.60511363636363,0.5922102864327088,0.892602264404297,0.035915397107601166,0.6827087752754962,0.8141490251637407,0.10628862832701773,0.004203673818960124,0.4275848092453045,0.7338874210916013,0.5661520587404161,/volumes/Seagate/mtg-jamendo-dataset/02/270102.mp3
140.26444444444445,126.04801829268293,0.5752712377603864,0.5828208312988281,0.2380990982055664,0.5664408288353133,0.8634225407302308,0.47285379177248155,0.0014651527937893664,0.5950786967637276,0.5603269786683872,0.6736502796203265,/volumes/Seagate/mtg-jamendo-dataset/02/31502.mp3
205.0,126.04801829268293,0.5798330099457542,0.6003534240722658,0.2059423178434372,0.7727293986147309,1.0,0.47701338990963815,0.007644038091636957,0.3853804063142905,0.650147770866413,0.6441096802503548,/volumes/Seagate/mtg-jamendo-dataset/02/998102.mp3
167.45333333333335,123.046875,0.5526330961035888,0.37799320983886725,0.18130190670490265,0.4910641226345709,0.7258313399581819,0.5404836789632456,0.0007048165956491788,0.3001301207160615,0.6185703216840172,0.6415546220769615,/volumes/Seagate/mtg-jamendo-dataset/02/1333702.mp3
112.08,99.38401442307692,0.5724734608590041,0.8032458496093752,0.11633841693401337,0.6167315992159199,0.8711544111511306,0.20792291328755427,0.0027604913965402758,0.7183537933681495,0.5402723676262059,0.6338273565710036,/volumes/Seagate/mtg-jamendo-dataset/02/195302.mp3
258.4201814058957,105.46875,0.5870217858638112,0.3107189636230469,0.2501426339149475,0.5274345070575631,0.843478612022587,0.39145886728196544,0.001577467108041509,0.5686629695814369,0.49420673946599464,0.6912100003161822,/volumes/Seagate/mtg-jamendo-dataset/02/1149702.mp3
147.3107029478458,123.046875,0.5389811467867534,0.5059709777832032,0.08870802819728851,0.4619877825175185,0.8284121508801908,0.1713321890094935,0.0030963896874537217,0.29999999999006605,0.5845475597193395,0.615025378207156,/volumes/Seagate/mtg-jamendo-dataset/02/1269902.mp3
363.32,114.84375,0.6214345603772495,0.580787567138672,0.22364084422588348,1.0,1.0,0.5052591706974141,0.015048066958914353,0.2999999999919372,0.6796875,0.644573203921318,/volumes/Seagate/mtg-jamendo-dataset/02/182102.mp3
213.38666666666666,156.60511363636363,0.6003167728268574,1.0,0.26061445474624634,0.5917233240512217,0.8005337722509723,0.35326680644390773,0.001655472229463608,0.2999999999999996,0.6725139202618656,0.6593184196562756,/volumes/Seagate/mtg-jamendo-dataset/02/1311302.mp3
202.0,120.18531976744185,0.6114166418188838,0.6277744140625002,0.18286161124706268,0.6686334181748314,1.0,0.25528492666385366,0.003382458297630585,0.6546093843395464,0.5899342890129269,0.6478433222463572,/volumes/Seagate/mtg-jamendo-dataset/02/245502.mp3
254.56326530612245,87.5926906779661,0.5655507348121169,0.4766148071289063,0.17858213186264038,0.46244234776389503,0.8138629614389213,0.3273720894275573,0.0025976703397693076,0.4042368139413613,0.507171421861575,0.6628552830982356,/volumes/Seagate/mtg-jamendo-dataset/02/415602.mp3
478.37750566893425,129.19921875,0.5593842460927348,0.34328802490234367,0.20997494459152222,0.5408993742074057,0.8168581127693264,0.5564520052918039,0.0007316050232245006,0.29999999999999993,0.5411615993688033,0.6673586601791873,/volumes/Seagate/mtg-jamendo-dataset/02/822302.mp3
142.58666666666667,105.46875,0.5704421252544037,0.39986169433593743,0.3019612431526184,0.4955699148864797,0.772053371249788,0.5748205782008968,0.0007213893789374856,0.6762336467031363,0.4821352641494819,0.7122789947050463,/volumes/Seagate/mtg-jamendo-dataset/02/1354102.mp3
159.0084126984127,86.1328125,0.5380127397912909,0.3207660675048828,0.19944821298122406,0.4341883927217613,0.7344873744695954,0.39777146968315474,0.0010096062402795687,0.6394435928132569,0.4045389137652826,0.6908935739201841,/volumes/Seagate/mtg-jamendo-dataset/02/1347102.mp3
227.66185941043085,95.703125,0.5827310138160635,0.4637676544189453,0.18236616253852844,0.6860566976448392,0.9605347782045593,0.46871083692988896,0.00275032197461096,0.7823496385663473,0.547473107991016,0.6561571969156671,/volumes/Seagate/mtg-jamendo-dataset/02/1343402.mp3
370.775283446712,178.20581896551724,0.572726093577024,0.9060725784301757,0.12691903114318848,0.612790928182074,0.9806057590754724,0.18164377535558923,0.0036598383335306075,0.29999999999999954,0.682800576608567,0.6091307358898345,/volumes/Seagate/mtg-jamendo-dataset/02/518602.mp3
391.67997732426306,126.04801829268293,0.5726008886526344,0.8808871154785156,0.15241973102092743,0.46571852732723973,0.7435134422885772,0.1709137467223147,0.0030947352979010267,0.575563264152233,0.499254854381399,0.6550201322912541,/volumes/Seagate/mtg-jamendo-dataset/02/1087502.mp3
201.0633560090703,129.19921875,0.5339549197842149,0.5778982238769531,0.07640799134969711,0.3228499529362849,0.6773396304543918,0.15693493259200736,0.0009401666321405237,0.2999999563735997,0.3466237014150707,0.6581821366028768,/volumes/Seagate/mtg-jamendo-dataset/02/1217502.mp3
703.8331292517007,129.19921875,0.5946223339433097,0.3065150909423828,0.1797194927930832,0.396415045141846,0.6446220315352732,0.3407991844170223,0.0004977448440271613,0.299999971259707,0.4780989173911292,0.6690792339272842,/volumes/Seagate/mtg-jamendo-dataset/02/880702.mp3
280.0,120.18531976744185,0.5817997843967773,0.7154847335815426,0.18354682624340057,0.9260608478652305,1.0,0.2818761010398063,0.008843373539403211,0.29999999999998994,0.8936287141940953,0.5873511146088052,/volumes/Seagate/mtg-jamendo-dataset/02/263202.mp3
326.04861678004534,126.04801829268293,0.5827709683352269,0.3438765716552734,0.14461927115917206,0.5041394738265205,0.8903217381192544,0.3536185867484654,0.0014426930420421227,0.44272305183377664,0.5183801419851842,0.6483869092202651,/volumes/Seagate/mtg-jamendo-dataset/02/1168502.mp3
74.98666666666666,135.99917763157896,0.5153558342584136,0.4628405303955078,0.053177837282419205,0.1783934858267889,0.25316798187897793,0.17612558011320942,9.183353798758486e-05,0.3685439349175237,0.5315663195233484,0.6128307575170012,/volumes/Seagate/mtg-jamendo-dataset/02/1374302.mp3
138.99755102040817,139.6748310810811,0.5652232640450721,0.40567837524414074,0.2968560457229614,0.5630144227709665,0.9475484586183246,0.2986235289564121,0.0036655403263806115,0.9457998404590218,0.5441748768919038,0.6980332010818854,/volumes/Seagate/mtg-jamendo-dataset/02/338502.mp3
198.00004535147391,139.6748310810811,0.5630723941733622,0.30941583251953125,0.09859535098075867,0.6465165021926847,0.9724474172702487,0.3592477708418245,0.0025760150923170126,0.5996285573475134,0.700238627200219,0.5954466009130294,/volumes/Seagate/mtg-jamendo-dataset/02/1398802.mp3
141.36419501133787,156.60511363636363,0.5804828982922832,0.37278500366210937,0.15955455601215363,0.530045178128479,0.9356562048236636,0.395651538185744,0.001897559414755586,0.41869991794839695,0.5838651692806209,0.6406666063082511,/volumes/Seagate/mtg-jamendo-dataset/02/1357302.mp3
298.75274376417235,161.4990234375,0.5799394368243911,0.43385119628906244,0.3212742209434509,0.8036559303028663,1.0,0.5064947448137677,0.005055292499306971,0.9143924993789788,0.6945366825155199,0.6767513830365384,/volumes/Seagate/mtg-jamendo-dataset/02/130602.mp3
227.06666666666666,114.84375,0.5849263712025361,0.2822282409667969,0.24153634905815125,0.3940086858097068,0.6408544748609921,0.63779577441955,0.00029940851994944074,0.5388348171370927,0.5730378973222754,0.6723455061964794,/volumes/Seagate/mtg-jamendo-dataset/02/7202.mp3
289.87791383219957,107.666015625,0.5160779856697424,0.37214630126953124,0.07966050505638123,0.21221328956059266,0.3436246192434172,0.2292876337390071,0.00012043684253214618,0.2999975172762474,0.3259694836223838,0.6634838850958205,/volumes/Seagate/mtg-jamendo-dataset/02/1123202.mp3
299.54133786848075,112.34714673913044,0.5683852041103329,0.4604605102539063,0.17819873988628387,0.29088367959868044,0.531674221597672,0.19489129273681016,0.00044238368921673405,0.2999999999999879,0.35231848060190174,0.6936878502386818,/volumes/Seagate/mtg-jamendo-dataset/02/1283302.mp3
139.28489795918367,99.38401442307692,0.5525710199568272,0.8837980499267579,0.07641858607530594,0.24348147459773523,0.5066013069950863,0.17495842803068803,0.0008899458181397358,0.5472261646630041,0.44784296479326224,0.6379420980284577,/volumes/Seagate/mtg-jamendo-dataset/02/387402.mp3
97.84610416666666,130.8139534883721,0.5237224164184668,0.4234621887207032,0.06801146268844604,0.5191244040638026,0.8126342421314355,0.5091791755066013,0.0008856616478254213,0.3,0.5619433688562767,0.6120954527965853,/volumes/Seagate/mtg-jamendo-dataset/02/1162702.mp3
90.0,126.04801829268293,0.545286465004102,0.29676292419433603,0.10779323428869247,0.15930551599048057,0.29116764315202065,0.2859819023886833,1.87673275382667e-05,0.856121758347266,0.3931821207397197,0.6601691401959853,/volumes/Seagate/mtg-jamendo-dataset/02/1116402.mp3
273.0625170068027,120.18531976744185,0.5925656060401456,0.6768011016845702,0.17621584236621857,0.28251903841026016,0.6066028923742681,0.2141766218682595,0.0008640213174802201,0.2999999999629797,0.5024211896216111,0.6629534653275165,/volumes/Seagate/mtg-jamendo-dataset/02/373302.mp3
97.45453514739229,109.95678191489361,0.5265684943050641,0.2728229675292968,0.20356455445289612,0.251744687240112,0.47278325035562907,0.3529673586193872,7.529830849452273e-05,0.4598199327754853,0.5157822767123796,0.6701267842605667,/volumes/Seagate/mtg-jamendo-dataset/02/36702.mp3
124.07614512471655,139.6748310810811,0.6123666236540514,0.49843081665039063,0.14915302395820618,0.6358614451493094,0.89270254835192,0.5037265408207974,0.0014890921752784157,0.7758139109051976,0.6175375963700548,0.6301875693509432,/volumes/Seagate/mtg-jamendo-dataset/02/1061502.mp3
280.7273696145125,99.38401442307692,0.5587546190200743,0.31112091064453135,0.20734556019306183,0.5694399236659096,0.8266918420891815,0.4596606750186608,0.001207973598618934,0.4302866510520161,0.5147378419457371,0.6716968332803548,/volumes/Seagate/mtg-jamendo-dataset/02/1027902.mp3
176.07333333333332,120.18531976744185,0.5789832208582533,0.9843626022338867,0.1765468269586563,0.617131456218726,0.9129945311919061,0.19212391002981638,0.002857965084640877,0.5695701317497109,0.6618025077353518,0.6311963561580458,/volumes/Seagate/mtg-jamendo-dataset/02/718302.mp3
210.5,109.95678191489361,0.6157620381130403,0.6579501342773437,0.24128863215446472,0.41676617950769806,0.6396030347818533,0.232839591536393,0.0014767320062131124,0.8760358655240308,0.5270715491264348,0.6814495977503203,/volumes/Seagate/mtg-jamendo-dataset/02/1247402.mp3
268.61340136054423,151.99908088235293,0.6073297752010602,0.6244975280761719,0.2710607349872589,0.7091184268821138,1.0,0.3560735259857245,0.004107082241749341,0.29999999999994814,0.7313377593143175,0.6513143127325497,/volumes/Seagate/mtg-jamendo-dataset/02/321102.mp3
150.0,126.04801829268293,0.5179038338563855,0.4988192901611329,0.07222341001033783,0.2086107365102871,0.38110193203645515,0.16375028316846635,0.00035362779483055095,0.33230683376420017,0.4114572939037271,0.6437089688229761,/volumes/Seagate/mtg-jamendo-dataset/02/1299802.mp3
181.36816326530612,117.45383522727273,0.5993654230041707,1.0,0.13692820072174072,0.14563455944136666,0.37864933123731115,0.07764878173682517,0.0008144146496369381,0.29808504855583773,0.34451349686497956,0.6803914528868308,/volumes/Seagate/mtg-jamendo-dataset/02/1044302.mp3
182.17333333333335,123.046875,0.5190878998020547,0.4979300384521483,0.12088605016469955,0.34265287891856183,0.6649845390447973,0.16368694938542552,0.0008724557614359309,0.2999980555155517,0.4363712575008867,0.6562447265591145,/volumes/Seagate/mtg-jamendo-dataset/02/1051202.mp3
306.5,120.18531976744185,0.6107141393133726,0.5474523468017581,0.23950065672397614,0.3571166272310541,0.6701798788205294,0.2825408351810791,0.000508139683375274,0.2999999999999257,0.3191316315231221,0.722393910116007,/volumes/Seagate/mtg-jamendo-dataset/02/704402.mp3
324.00002267573694,120.18531976744185,0.5150717539400205,0.34913342285156246,0.21887017786502838,0.4169907581469656,0.6175240934532183,0.5719136395893126,0.00018205671077168114,0.6985735397127157,0.43143376281239615,0.6925065114689309,/volumes/Seagate/mtg-jamendo-dataset/02/956102.mp3
259.49333333333334,99.38401442307692,0.5031276086352859,0.9336234283447266,0.0723150223493576,0.6403373174187361,0.9564624627161386,0.11338588004465343,0.011095812265155405,0.3,0.5150090842701412,0.6230315911917405,/volumes/Seagate/mtg-jamendo-dataset/02/1184702.mp3
230.0604081632653,151.99908088235293,0.5834594900940243,0.35973876953125,0.20059365034103394,0.7424060868062292,1.0,0.4327486042321061,0.004128256122618905,0.29999999999999927,0.7591287039705275,0.6203879733286667,/volumes/Seagate/mtg-jamendo-dataset/02/1050502.mp3
218.04408163265308,120.18531976744185,0.5209486775839764,0.400396728515625,0.0953722819685936,0.5747357725294512,0.8081926250188851,0.46515484642626626,0.000772194961873969,0.7324701923157833,0.649919402831242,0.6043501409424453,/volumes/Seagate/mtg-jamendo-dataset/02/374602.mp3
327.66632653061225,123.046875,0.5364778017154281,0.3312738342285156,0.21833711862564087,0.36876886057289926,0.5770952181737184,0.4039523204997135,0.00018872555751974334,0.836326647127323,0.5516060063662522,0.6682801614319802,/volumes/Seagate/mtg-jamendo-dataset/02/1314302.mp3
410.6396371882086,129.19921875,0.5950588643712523,0.7762789916992189,0.09580224007368088,0.9683452326563272,1.0,0.4002259045491218,0.012260042129903571,0.6585521975673494,0.7083984374999999,0.5928091189265251,/volumes/Seagate/mtg-jamendo-dataset/02/1097202.mp3
209.25,156.60511363636363,0.5601779694916764,0.17732342529296877,0.20703676342964172,0.19318694780536802,0.36548650769512026,0.2607756054258279,0.00011297769366733799,0.2993424927556608,0.5592424638293935,0.6626847420687924,/volumes/Seagate/mtg-jamendo-dataset/02/1378002.mp3
216.08596371882086,117.45383522727273,0.5658774152925274,1.0,0.236612468957901,0.34384788848369974,0.6379253575886361,0.10006748496002663,0.0022902787909016616,0.7073875655333854,0.42599786277103263,0.6999809162706379,/volumes/Seagate/mtg-jamendo-dataset/02/1225502.mp3
229.7730612244898,99.38401442307692,0.5612975857203812,0.33827294921875006,0.10094688087701797,0.4196594004109312,0.7303732108173144,0.29112822130646526,0.0006818559505231116,0.7615017170529723,0.43920428398311767,0.6485000203191029,/volumes/Seagate/mtg-jamendo-dataset/02/81802.mp3
293.1526530612245,107.666015625,0.5879335682570629,0.6490655517578126,0.15225543081760406,0.6597445899377399,1.0,0.21869889721827004,0.0034289340837456096,0.29999999999999377,0.6299164120346014,0.6288286726874172,/volumes/Seagate/mtg-jamendo-dataset/02/18402.mp3
378.6736054421769,90.66611842105263,0.5402780810068494,0.6677752685546875,0.20243580639362335,0.5645543856248079,0.8060919322991936,0.3301094670817328,0.0032826846378204767,0.30982826083571174,0.4756648396330146,0.6777439223751015,/volumes/Seagate/mtg-jamendo-dataset/02/606902.mp3
163.03655328798186,105.46875,0.590263498031911,0.627094482421875,0.2606314718723297,0.628146658227645,0.8452708115747535,0.3422960488951183,0.0034666954746644515,0.8361561401230098,0.5506002950133664,0.6837072708713654,/volumes/Seagate/mtg-jamendo-dataset/02/1281202.mp3
231.02693877551022,99.38401442307692,0.5531410885652142,0.2357091064453126,0.11911799013614655,0.49503316375945067,1.0,0.1560318666503248,0.0043948377014979235,0.922020414613975,0.4300525250309914,0.6568719714428145,/volumes/Seagate/mtg-jamendo-dataset/02/306102.mp3
314.7471201814059,143.5546875,0.5460814778706302,0.372476806640625,0.1253560483455658,0.7220126188527258,1.0,0.2530757473116393,0.00946384972055708,0.8741157603278329,0.6290896371372898,0.6193102499769457,/volumes/Seagate/mtg-jamendo-dataset/02/1337402.mp3
206.3,105.46875,0.5328430758134088,0.7546894683837891,0.12682051956653595,0.5829216602196174,0.9810766864328331,0.16024925539069684,0.00843770748764113,0.6572028578288485,0.4890224693423269,0.6478508931754875,/volumes/Seagate/mtg-jamendo-dataset/02/1138302.mp3
150.86004535147393,139.6748310810811,0.5560085357211344,0.5170296173095704,0.11275941133499146,0.29855404824620146,0.5120729640618559,0.3421447273341529,0.00014256636142996544,0.29986537902433663,0.4844387381425275,0.6437056404520913,/volumes/Seagate/mtg-jamendo-dataset/02/1307202.mp3
175.22666666666666,120.18531976744185,0.575432602665672,0.4455253601074219,0.30189046263694763,0.5889536140567322,0.9864994176279215,0.2353240801340631,0.003107413126133607,0.8420304349661324,0.6207540699241082,0.6845297525644796,/volumes/Seagate/mtg-jamendo-dataset/02/661602.mp3
117.1754648526077,156.60511363636363,0.5705913268435148,0.37985791015625003,0.16983412206172943,0.5449073893551172,0.790089161475909,0.4772967499812717,0.001013527569784043,0.5643155906349338,0.6213537379239509,0.6368695363574324,/volumes/Seagate/mtg-jamendo-dataset/02/362402.mp3
110.30147392290249,107.666015625,0.5379988004678626,0.34718215942382813,0.2350470870733261,0.7236584443469226,1.0,0.8526994591070003,0.008259723124592886,0.6534124386785772,0.5550687605677064,0.673603199232856,/volumes/Seagate/mtg-jamendo-dataset/02/1167302.mp3
268.55,143.5546875,0.5303961701416251,0.6477351379394531,0.11341992020606995,1.0,1.0,0.27252414930443886,0.0041253075668379775,0.2999999999998743,0.827109375,0.5754092962741852,/volumes/Seagate/mtg-jamendo-dataset/02/259402.mp3
152.52897959183673,103.359375,0.5590466684431772,0.3166803741455078,0.18437325954437256,0.26945837560063485,0.599227079816919,0.20565924946812264,0.0012215071298481643,0.7036657513033391,0.35488007261647775,0.6953983589126785,/volumes/Seagate/mtg-jamendo-dataset/02/142202.mp3
318.79208616780045,123.046875,0.5688816602285623,0.5182074279785156,0.16829313337802887,0.16277547905163003,0.4186708318745828,0.15325749521015367,0.0006322207273496343,0.2999999981282868,0.42695102874846996,0.6751953222663964,/volumes/Seagate/mtg-jamendo-dataset/02/1268902.mp3
207.63283446712018,132.51201923076923,0.542992476824048,0.5131496582031251,0.08958280831575394,0.3712373495824514,0.6013342051423564,0.31047000825054377,0.00031205733893617277,0.2998174298298114,0.5056200708005396,0.6311257968335635,/volumes/Seagate/mtg-jamendo-dataset/02/1143802.mp3
131.61056689342405,161.4990234375,0.5295412089993204,0.5451745986938477,0.07302157580852509,0.21500477047951314,0.271577741248487,0.2342784481126392,6.029620116859243e-05,0.7805987203143752,0.42290539094269936,0.6417066891025291,/volumes/Seagate/mtg-jamendo-dataset/02/903602.mp3
229.64244897959185,90.66611842105263,0.5580667411335083,0.9513883209228515,0.10574488341808319,0.526833290215954,0.6822986121186158,0.2939581740610126,0.0011275610245780365,0.3816532503647567,0.49348106906495115,0.6393719442175196,/volumes/Seagate/mtg-jamendo-dataset/02/1031802.mp3
183.67732426303854,112.34714673913044,0.5609429321204014,0.5858613586425782,0.08342313766479492,0.2642691440738415,0.46870480809529214,0.23981278356491298,0.0002780620352459562,0.2954442936322448,0.5099586016614859,0.6280406092270291,/volumes/Seagate/mtg-jamendo-dataset/02/824302.mp3
192.43537414965985,109.95678191489361,0.5335424254058057,0.4658696746826172,0.07425201684236526,0.5213175151579843,0.8377621133352505,0.28313341651756285,0.0009885049932621321,0.4640332999910747,0.5901364021013659,0.6087034456429783,/volumes/Seagate/mtg-jamendo-dataset/02/1235602.mp3
84.53224489795919,120.18531976744185,0.5098593691214695,0.49764294433593753,0.14007067680358887,0.2606200052062947,0.5281622390101123,0.11177912795332293,0.0016618862654817733,0.78772902521571,0.49212800261035194,0.6519998431272216,/volumes/Seagate/mtg-jamendo-dataset/02/1060602.mp3
280.2319501133787,132.51201923076923,0.570818070220305,0.589962417602539,0.27032238245010376,0.4186575915392419,0.7577853476087276,0.19219831497345546,0.0012289591627245222,0.529152976363646,0.5764183461358925,0.6820323884548588,/volumes/Seagate/mtg-jamendo-dataset/02/1203202.mp3
208.3787755102041,147.65625,0.5699542771355541,0.7765722656249997,0.0780377984046936,0.39133307475697404,0.6367311050616034,0.168539316681818,0.0011123298238513316,0.2999999996843012,0.5222652857062082,0.623640550284448,/volumes/Seagate/mtg-jamendo-dataset/02/1219702.mp3
194.544,95.33898305084746,0.570104127436868,0.580337677001953,0.20816290378570557,0.5309100455707761,0.7825434347215633,0.3657450732081749,0.0009527270578862862,0.29999999999708493,0.5597716198438873,0.6629843213940765,/volumes/Seagate/mtg-jamendo-dataset/02/96702.mp3
276.1142857142857,132.51201923076923,0.5685960356409012,0.48398721313476556,0.18885044753551483,0.4371855341467158,0.6585207510550163,0.29119795549803457,0.0006865398523425205,0.9633754037836153,0.5223565717690621,0.6635148467589729,/volumes/Seagate/mtg-jamendo-dataset/02/23102.mp3
302.44,147.65625,0.5872062224035324,0.3676908874511719,0.13820040225982666,0.843675332326306,0.9950800327007466,1.0,0.0026439933846777288,0.6925057016968827,0.8353124999999999,0.5826896448135377,/volumes/Seagate/mtg-jamendo-dataset/02/139602.mp3
105.90011337868481,129.19921875,0.5446350977731237,0.5495594482421875,0.16723965108394623,0.3588802862711756,0.6790284532469151,0.25035748471933306,0.0011865558173997082,0.7465572572250644,0.546355442271861,0.6509351859358484,/volumes/Seagate/mtg-jamendo-dataset/02/21502.mp3
149.53333333333333,129.19921875,0.6009455684566203,0.3302507019042969,0.230765700340271,0.7221097842171936,1.0,0.5409918951673989,0.0025769930363146692,0.3847820506769714,0.6422221610921477,0.654631219904068,/volumes/Seagate/mtg-jamendo-dataset/02/1115102.mp3
284.38002267573694,120.18531976744185,0.5551895334363781,0.5926545715332031,0.098839670419693,0.3067690455768291,0.6925860956725732,0.14788563121393616,0.001107760818988304,0.6782545260063315,0.5038796938970436,0.6348063425716808,/volumes/Seagate/mtg-jamendo-dataset/02/1069802.mp3
68.0330612244898,120.18531976744185,0.6157122124133863,0.25854455566406254,0.1814209371805191,0.3388190644306711,0.5905504039750077,0.571489220011654,0.0001261425051160337,0.49393994856412626,0.4469829021762546,0.6759149569497359,/volumes/Seagate/mtg-jamendo-dataset/02/818602.mp3
89.37519274376417,129.19921875,0.5396828588029372,0.5454094543457031,0.0938291847705841,0.15301953938885993,0.2804054585105305,0.16566104562201617,9.058011793207657e-05,0.2999934642156472,0.39931780697995944,0.6539149451214185,/volumes/Seagate/mtg-jamendo-dataset/02/1384402.mp3
224.57142857142858,139.6748310810811,0.5581435883498408,0.35451623535156246,0.21727831661701202,0.5372762094559299,0.8129279834113784,0.41720065114625193,0.0009289716442137969,0.29999999999839416,0.5612294943463638,0.6659742951128516,/volumes/Seagate/mtg-jamendo-dataset/02/1257402.mp3
111.80252083333333,144.23076923076923,0.5135265890426179,0.6033763961791992,0.09251944720745087,0.1657819368869907,0.34537116338742224,0.10825992060721981,0.0005613353225202149,0.2860144050858626,0.4163393444426373,0.6500391321061548,/volumes/Seagate/mtg-jamendo-dataset/02/1110702.mp3
198.4,101.33272058823529,0.5549507034641734,0.2753572387695313,0.18852552771568298,0.4318419938615252,0.7013876089040388,0.43157130032298624,0.0005980623826016201,0.8634163485187247,0.46669066192299763,0.6745310575930464,/volumes/Seagate/mtg-jamendo-dataset/02/213202.mp3
168.0,99.38401442307692,0.5360267650406799,0.5382930755615234,0.10218209773302078,0.4110732478059808,0.6159806740256567,0.2877971249479615,0.00035090341537501765,0.7936463802854699,0.4705262063045249,0.6426803139229825,/volumes/Seagate/mtg-jamendo-dataset/02/1071502.mp3
182.0,120.18531976744185,0.5438777955525236,0.4067413024902343,0.1038675308227539,0.144744890193064,0.2072451145917816,0.19806925478835702,4.7557777576800697e-05,0.5671961359371873,0.3765853049253708,0.6620752501111172,/volumes/Seagate/mtg-jamendo-dataset/02/1329502.mp3
167.66666666666666,132.51201923076923,0.5951193781390949,0.6802317199707031,0.10562442988157272,0.25624335212846905,0.4031130820076106,0.17594009342669248,0.0006716115848373234,0.2999991039955885,0.4360299926262897,0.6508187962321083,/volumes/Seagate/mtg-jamendo-dataset/02/1365302.mp3
150.8734693877551,123.046875,0.521152977749588,1.0,0.06699848920106888,0.18996749963156154,0.3444283129830093,0.10759971173118935,0.0007420502480008218,0.27413310680688274,0.4290594412066991,0.6383075678710449,/volumes/Seagate/mtg-jamendo-dataset/02/950302.mp3
66.97673469387755,129.19921875,0.5099932831028273,1.0,0.03763793036341667,0.48847562880297574,0.7004533301114296,0.16070502982720936,0.0005956798557849726,0.7923601454490696,0.5510777978303805,0.6033340953647539,/volumes/Seagate/mtg-jamendo-dataset/02/1266502.mp3
175.72571428571428,87.5926906779661,0.5634442610138175,0.725491714477539,0.23405440151691437,0.7224106211329219,0.965911976784566,0.293023578095189,0.006268016139178639,0.935717903501768,0.5639700638631651,0.6714655717734561,/volumes/Seagate/mtg-jamendo-dataset/02/1367202.mp3
185.1715873015873,107.666015625,0.5303058168436056,1.0,0.05556347593665123,0.12748044526829,0.39272410244631645,0.059938833244131816,0.007657641513773518,0.6861335451206123,0.3082995661564142,0.6583429381059116,/volumes/Seagate/mtg-jamendo-dataset/02/1227102.mp3
124.45022916666667,108.17307692307692,0.5406683571960722,0.4368271636962892,0.15971142053604126,0.5601624970738351,0.870524450809004,0.25797177186718734,0.0012984397216512053,0.2999999999999964,0.4994516443620414,0.6576057825205666,/volumes/Seagate/mtg-jamendo-dataset/02/47402.mp3
213.23253968253968,132.51201923076923,0.5917913927278127,0.26711520385742193,0.3705240786075592,0.6482007651955755,0.8829102816520386,1.0,0.0009593294851922767,0.8996243184449869,0.7136807880579223,0.6906525106871368,/volumes/Seagate/mtg-jamendo-dataset/02/242902.mp3
276.6839909297052,107.666015625,0.5859173840430465,0.8261569061279297,0.18596471846103668,0.5127697113462082,0.8226350105886386,0.26065302646984173,0.0010992105986599734,0.6214990464687249,0.5864743154377815,0.6496524355584169,/volumes/Seagate/mtg-jamendo-dataset/02/326902.mp3
211.25333333333333,126.04801829268293,0.5684471042439652,0.21921806335449218,0.1723596453666687,0.26319343285644853,0.5772072393203633,0.253737621240798,0.0002737205917611189,0.6401242510767524,0.38962648001680544,0.6841241763286396,/volumes/Seagate/mtg-jamendo-dataset/02/1062502.mp3
359.60160997732424,129.19921875,0.5680551872767674,0.5740286407470704,0.15504539012908936,0.38290572210807866,0.6731772040769234,0.271114089393622,0.0013617969081767488,0.2999999976168011,0.39160586897741356,0.6774951666509895,/volumes/Seagate/mtg-jamendo-dataset/02/614902.mp3
139.41177083333332,85.22727272727273,0.5554466963979174,0.5350524139404297,0.19428496062755585,0.4423805721154969,0.6937120506585246,0.25283370966838975,0.0007766688250857811,0.2999999999860168,0.5094159674141772,0.6680593923430846,/volumes/Seagate/mtg-jamendo-dataset/02/1086302.mp3
531.3733333333333,126.04801829268293,0.5958385005100084,0.6438419647216798,0.15169157087802887,0.7627774368084405,1.0,0.23305475161854677,0.005854815917456047,0.9322803019881787,0.6235619059799643,0.6298965843200975,/volumes/Seagate/mtg-jamendo-dataset/02/373002.mp3
208.05079365079365,147.65625,0.5421119736552191,0.3782902526855469,0.18555626273155212,0.5630584959729721,0.8569481222128313,0.29352374445568014,0.0018771857458385198,0.2999999999989728,0.590743251982055,0.6486516041869478,/volumes/Seagate/mtg-jamendo-dataset/02/172302.mp3
184.76408163265307,129.19921875,0.6150133166856799,0.21069671630859374,0.5888738632202148,0.533156057438862,0.8406319897214581,0.7873746963671333,0.000768301769918288,0.5888767083536061,0.5466192305472743,0.8026707446498225,/volumes/Seagate/mtg-jamendo-dataset/02/1294102.mp3
239.03997732426305,126.04801829268293,0.5404732261410086,0.2622870330810547,0.2112489938735962,0.5034967258230852,0.8425495720996643,0.47627287695897846,0.0013504861376174857,0.9539264346373433,0.6155520519866204,0.6529392273971705,/volumes/Seagate/mtg-jamendo-dataset/02/1371002.mp3
238.14401360544218,129.19921875,0.6128859556447332,0.6919473571777343,0.2612048387527466,0.4538933831650851,0.7090897944458436,0.2158179286662949,0.000932545635973787,0.9337422016623762,0.5852059475255373,0.6769925524458813,/volumes/Seagate/mtg-jamendo-dataset/02/370002.mp3
115.02285416666666,152.02702702702703,0.5542074664268203,0.6316205673217774,0.12272857129573822,0.5941039921715142,0.7901061862491583,0.296402529492654,0.0007039266731093753,0.4727441659132332,0.5854554666210462,0.6270911923422565,/volumes/Seagate/mtg-jamendo-dataset/02/1157602.mp3
437.23755102040815,107.666015625,0.5694157375073796,0.5782917785644531,0.11465244740247726,0.5523750946741663,0.8096268287274989,0.17278584755789939,0.003148665647761229,0.8019821007451775,0.5192287803938344,0.637429124986125,/volumes/Seagate/mtg-jamendo-dataset/02/152602.mp3
392.25002267573694,120.18531976744185,0.5514267263647457,0.48210586547851564,0.27396270632743835,0.4863381044730382,0.6821030246788164,0.43238605108480493,0.0004475089065995641,0.4321512416381461,0.5226177390008316,0.6941030264777115,/volumes/Seagate/mtg-jamendo-dataset/02/1075802.mp3
443.5100907029478,112.34714673913044,0.5341923473519016,0.5916828155517578,0.04942314699292183,0.08939240465720366,0.21898700729997503,0.06283375291541979,0.00815973343788283,0.29999882631531344,0.5183076702393483,0.6141307988695822,/volumes/Seagate/mtg-jamendo-dataset/02/1412102.mp3
280.0,117.45383522727273,0.5863358477463099,0.29357557678222657,0.2894343435764313,0.6150743563373441,0.9375876274206865,0.5110133307983714,0.00213106841725165,0.2999999996068239,0.6271565423541025,0.6787650552166948,/volumes/Seagate/mtg-jamendo-dataset/02/1315102.mp3
260.57142857142856,139.6748310810811,0.5942352565320703,0.672607437133789,0.3553161025047302,0.4767036496637305,0.7944974450414783,0.30401063242498405,0.0008896342232794063,0.9396096015550401,0.6164505541801042,0.704623686065682,/volumes/Seagate/mtg-jamendo-dataset/02/335602.mp3
248.9480045351474,135.99917763157896,0.5626589694650161,0.6442677307128907,0.21703790128231049,0.43522454526865556,0.7712625750847678,0.23223133821600772,0.0014771951348924053,0.8431804263861742,0.5173850481722166,0.6746566348271884,/volumes/Seagate/mtg-jamendo-dataset/02/1208602.mp3
193.85333333333332,129.19921875,0.5489587902189206,0.5825020904541014,0.20562362670898438,0.4325474858065508,0.6772224891585616,0.35125602890955243,0.0006040194586218142,0.5211731320616133,0.5935851708362945,0.6553074714479754,/volumes/Seagate/mtg-jamendo-dataset/02/1294002.mp3
205.0786394557823,107.666015625,0.5735467867390294,1.0,0.05496889725327492,0.3237404826903919,0.6624675309359973,0.16962658695367028,0.0008039646960014856,0.5294381992365516,0.40636148570408676,0.6385165058703617,/volumes/Seagate/mtg-jamendo-dataset/02/1209202.mp3
258.970589569161,135.99917763157896,0.5804584136423058,0.6592491912841797,0.20727112889289856,0.42149342495190095,0.7669548501233933,0.12871370056836945,0.004881753754862935,0.3,0.4739057070488557,0.6798364649916723,/volumes/Seagate/mtg-jamendo-dataset/02/837502.mp3
286.9634693877551,114.84375,0.5632258466892532,0.531097427368164,0.10095150768756866,0.48802022127450384,0.7154965349067743,0.39257329555939086,0.0005429021860846352,0.9303189878945111,0.5021168979395954,0.6359191631796056,/volumes/Seagate/mtg-jamendo-dataset/02/1074702.mp3
215.88979591836735,120.18531976744185,0.5711889850904892,0.4237377166748047,0.12386691570281982,0.20697133080992247,0.3865881658544833,0.16952924573341238,0.00027362099690679726,0.2999913561317771,0.5015472764620534,0.6442826343606044,/volumes/Seagate/mtg-jamendo-dataset/02/1048302.mp3
270.55126984126986,132.51201923076923,0.5996036378345984,0.2074211730957031,0.27631261944770813,0.6543950179200034,0.8970924167483387,0.6683988093742934,0.0019356439521307674,0.678664360780607,0.742341834035508,0.6510041761940734,/volumes/Seagate/mtg-jamendo-dataset/02/842402.mp3
124.17392290249433,114.84375,0.5909246685734333,0.4150152587890625,0.22503294050693512,0.38965289730240055,0.6321663071818594,0.4986692084572304,0.00028125432671086375,0.47000665313484,0.5394804763941304,0.6731157633036705,/volumes/Seagate/mtg-jamendo-dataset/02/1189902.mp3
228.5191836734694,126.04801829268293,0.5327287225098587,0.7997398834228516,0.06396013498306274,0.547013594552418,0.8572418099069092,0.14625224894801275,0.0018987295355192447,0.2999999960397631,0.6547027615290993,0.5920850962880827,/volumes/Seagate/mtg-jamendo-dataset/02/128302.mp3
282.0595238095238,126.04801829268293,0.5768316624405883,0.6697629089355468,0.2699783444404602,0.6812860487078507,0.8865411938282811,0.5710887013788846,0.0031999669675507763,0.5172846921071101,0.5988429803068851,0.6774236079371887,/volumes/Seagate/mtg-jamendo-dataset/02/1210702.mp3
149.683537414966,105.46875,0.4736190073047295,1.0,0.0610860176384449,0.19911212544326531,0.27889110630418457,0.1318942212923254,0.0003956656185266769,0.5241962449479383,0.46173610696385675,0.6296437449570689,/volumes/Seagate/mtg-jamendo-dataset/02/1157302.mp3
181.0053514739229,117.45383522727273,0.5833495213045039,0.2945420837402344,0.25221899151802063,0.7154015442694053,0.9103494388938093,1.0,0.0012794869758073482,0.6506337143573359,0.6361114099188887,0.6635765549627096,/volumes/Seagate/mtg-jamendo-dataset/02/810902.mp3
406.0210430839002,123.046875,0.5504837920276177,0.8461772918701171,0.24299436807632446,0.5820707429568278,0.9098812179958915,0.13704175884261416,0.005512845091827227,0.3,0.5302172255049481,0.6814345274064872,/volumes/Seagate/mtg-jamendo-dataset/02/860802.mp3
188.626875,102.27272727272727,0.559256208823755,0.38577319335937504,0.16788265109062195,0.5887299704522403,0.7998859192088787,0.5540185147384159,0.000788237786274834,0.44360159740393,0.6254034160675568,0.6353570711791126,/volumes/Seagate/mtg-jamendo-dataset/02/476802.mp3
227.19641723356008,90.66611842105263,0.5847580155886356,0.47850230407714844,0.10998142510652542,0.6588469166944745,0.911851410130929,0.17752308785223775,0.002064769693161231,0.6707318122079775,0.5314565075333529,0.6333020115316785,/volumes/Seagate/mtg-jamendo-dataset/02/1251302.mp3
121.41177083333334,170.45454545454547,0.6187675992515569,0.4015730895996094,0.1706971824169159,0.20690838180385873,0.42000404242082917,0.213741073016458,0.00026035320332540014,0.2999999999983994,0.47304886315879047,0.6668412130383315,/volumes/Seagate/mtg-jamendo-dataset/02/1012002.mp3
320.10448979591837,120.18531976744185,0.5546485160638257,0.5505410919189453,0.0352485217154026,0.27291180233934403,0.5743477957919965,0.21012674576187224,0.0006586716916334826,0.9430560019017306,0.5063972626860914,0.6114100152803267,/volumes/Seagate/mtg-jamendo-dataset/02/1348602.mp3
226.18412698412698,129.19921875,0.5782698189045539,0.39370416259765617,0.2401530146598816,0.46520467114383135,0.8303681086348478,0.28459215636197016,0.001853595427338103,0.6265373579784514,0.5034779026405671,0.685759504749444,/volumes/Seagate/mtg-jamendo-dataset/02/347602.mp3
220.89142857142858,112.34714673913044,0.5753837199752918,0.5535869140625,0.3487966060638428,0.44991675045789054,0.6434859307897696,0.4540066939535218,0.0005238111850459087,0.905635561688499,0.4565999450666863,0.7342467891696463,/volumes/Seagate/mtg-jamendo-dataset/02/311402.mp3
275.46120181405894,135.99917763157896,0.5819397325600468,0.3842462768554688,0.10342958569526672,0.4060511842919445,0.6657615571711809,0.5133240200779805,0.00026985530114548534,0.8781223881733897,0.5108462630364222,0.6350653982430116,/volumes/Seagate/mtg-jamendo-dataset/02/26902.mp3
304.0,90.66611842105263,0.5611565815982298,0.4408255767822266,0.0993296355009079,0.5789139738591322,0.8525624301363338,0.4918131307721326,0.0008702725656228821,0.4797471741335364,0.7674742384704786,0.5822638210862311,/volumes/Seagate/mtg-jamendo-dataset/02/442602.mp3
175.72571428571428,139.6748310810811,0.5187891009421278,0.3818624877929688,0.184784933924675,0.5135848151167969,0.7671673715963544,0.36853761666580725,0.0006231954717317614,0.29999999894887386,0.6574089441365583,0.6350407873855712,/volumes/Seagate/mtg-jamendo-dataset/02/1012602.mp3
164.0,120.18531976744185,0.5533291133608158,0.5338784790039063,0.2643032371997833,0.5843520583559663,0.8749624146050029,0.42483122282730684,0.0021123011344592528,0.8752582644466795,0.549528774159625,0.6852434105599969,/volumes/Seagate/mtg-jamendo-dataset/02/1420502.mp3
106.17553287981859,161.4990234375,0.5653489355002733,0.3693970489501953,0.22828888893127441,0.3296355652306842,0.6049037935569025,0.4283237240856992,0.0002590731863557193,0.6864576148345551,0.449108833498141,0.6923622333156305,/volumes/Seagate/mtg-jamendo-dataset/02/1265902.mp3
537.8089795918368,132.51201923076923,0.5093018884973898,0.5734323577880861,0.1346338838338852,0.8801902133290552,1.0,0.4179458153704238,0.005119221984563389,0.6885129774055329,0.8050240384615384,0.587463390487891,/volumes/Seagate/mtg-jamendo-dataset/02/1146202.mp3
114.0,120.18531976744185,0.5382429719073731,0.613173812866211,0.13169486820697784,0.24431429370873517,0.48549650658032173,0.18606030500223536,0.0007691909143005486,0.8392625779528524,0.32039584485984673,0.6833309835825426,/volumes/Seagate/mtg-jamendo-dataset/02/1394302.mp3
210.0195238095238,129.19921875,0.5996130611324302,0.7092727813720703,0.28426438570022583,1.0,1.0,0.4599309684639135,0.01926548003184834,0.8876286306454126,0.6869706372650635,0.6649410513990687,/volumes/Seagate/mtg-jamendo-dataset/02/1180402.mp3
603.4284807256236,139.6748310810811,0.5245271018180666,0.6696857604980468,0.08965406566858292,0.38816361247681136,0.7029318290131255,0.16631523129084103,0.001433800589752017,0.4344930946827308,0.4642434856733479,0.6394267665060203,/volumes/Seagate/mtg-jamendo-dataset/02/243202.mp3
348.0816326530612,126.04801829268293,0.5772763505825281,0.30803999328613285,0.21031001210212708,0.7109820799414207,1.0,0.3148886079615249,0.00586598479842461,0.9133805314675154,0.6680146857086204,0.6421086672150417,/volumes/Seagate/mtg-jamendo-dataset/02/1414202.mp3
153.9644217687075,129.19921875,0.5902241442071758,0.3413798065185546,0.2217201292514801,0.843405864217524,1.0,0.5303592512625473,0.005301722098071066,0.8310177154820533,0.6917318101059418,0.6414728845093445,/volumes/Seagate/mtg-jamendo-dataset/02/1166202.mp3
82.0,120.18531976744185,0.5363969519488787,0.5296953582763672,0.0694282278418541,0.1614581154646428,0.28489990001800725,0.17320284685219783,0.00010662325118254706,0.29999130942165597,0.4828333819777902,0.6284274856275095,/volumes/Seagate/mtg-jamendo-dataset/02/1400502.mp3
107.76784580498867,97.50884433962264,0.5597617607255643,1.0,0.21287736296653748,0.45408478942151076,0.6732783286662479,0.34079027227846337,0.0009505931712401437,0.29999999748188944,0.528126888801778,0.6710104729075979,/volumes/Seagate/mtg-jamendo-dataset/02/1294702.mp3
204.276462585034,129.19921875,0.5964604456532085,0.7606289978027344,0.2111978828907013,0.7865837203644225,0.9466094524617433,0.4869931175015075,0.001630481841268057,0.4293918437428106,0.6829819919161979,0.6394348394574129,/volumes/Seagate/mtg-jamendo-dataset/02/221402.mp3
105.06448979591836,123.046875,0.5542465044957794,0.5845923156738282,0.04810076579451561,0.42469471075496357,0.7360453368443817,0.2810020212909311,0.000935248172354943,0.2990684554837759,0.5225684894981332,0.612802577786399,/volumes/Seagate/mtg-jamendo-dataset/02/1226202.mp3
189.68,120.18531976744185,0.5756097033229981,0.661492286682129,0.17316967248916626,0.46741821895432023,0.7564164384345159,0.46837687987603344,0.0009679230465713675,0.2999999999999974,0.569205585080172,0.6484999650800655,/volumes/Seagate/mtg-jamendo-dataset/02/147202.mp3
233.6656875,125.0,0.5236191542598063,1.0,0.0411042794585228,0.32019953759231157,0.4764827374851561,0.1143401095762909,0.0009913039003023362,0.2608096988449879,0.4729641386305876,0.6202047128789507,/volumes/Seagate/mtg-jamendo-dataset/02/729302.mp3
60.37408163265306,132.51201923076923,0.6181960908861792,0.9090468597412109,0.04946078360080719,0.606075780972928,0.8244750391830101,0.3910261159908273,0.0008369418866506189,0.6764947785018494,0.59598323557941,0.5986092349804086,/volumes/Seagate/mtg-jamendo-dataset/02/1346602.mp3
46.279546485260774,112.34714673913044,0.6305864508386356,1.0,0.046404752880334854,0.7010823419854185,0.9400258545945479,0.21763658720108645,0.001607761492046656,0.29999976411549023,0.6499648789746155,0.5867127352419974,/volumes/Seagate/mtg-jamendo-dataset/02/1330502.mp3
75.4938775510204,120.18531976744185,0.5166112833001583,0.3221721496582032,0.12833957374095917,0.3278023641057273,0.5245285368590759,0.3464179759435607,0.00021662449886842563,0.5585201101463048,0.5461528815781539,0.6369716702311146,/volumes/Seagate/mtg-jamendo-dataset/02/1060002.mp3
230.24326530612245,139.6748310810811,0.6059894635715057,0.6729859008789063,0.5886520743370056,0.5387606729248737,0.7656245386843961,0.7556555554462362,0.0006863528853685168,0.6967555594830157,0.6591239530392308,0.7800899561534759,/volumes/Seagate/mtg-jamendo-dataset/02/1299902.mp3
164.21417233560092,161.4990234375,0.5813638712770335,0.2395286254882813,0.1442280411720276,0.4867470565500359,0.8724989736220762,0.5683649311572649,0.0007400476892167224,0.778327948971206,0.5178619413457506,0.6483497065527798,/volumes/Seagate/mtg-jamendo-dataset/02/1158502.mp3
200.86160997732426,114.84375,0.5322762375026677,0.6871532440185547,0.0474809855222702,0.18873773898839422,0.29743858494903286,0.18468324825436566,7.778852968182051e-05,0.2999697278541296,0.4804728465441045,0.6209985854791964,/volumes/Seagate/mtg-jamendo-dataset/02/816202.mp3
220.5167120181406,90.66611842105263,0.5358123504662164,0.6429635391235351,0.08232362568378448,0.28028742258478073,0.5754300219480701,0.103929353813913,0.0028772615430681294,0.29999999999999977,0.4412411195593492,0.6413882813342926,/volumes/Seagate/mtg-jamendo-dataset/02/399202.mp3
104.56922902494331,99.38401442307692,0.5932813766328898,0.998411636352539,0.16469883918762207,0.24784255859759427,0.4907561210590695,0.226333989552841,0.00033973561884328496,0.2999999999999996,0.35975564057282566,0.6873404539929788,/volumes/Seagate/mtg-jamendo-dataset/02/379702.mp3
262.0001814058957,161.4990234375,0.5612571417002695,0.6650340270996097,0.07335230708122253,0.5396565971763178,0.8704334650534298,0.13846443165987027,0.003121999026217345,0.2999999999964194,0.6972042002569068,0.5869659904978587,/volumes/Seagate/mtg-jamendo-dataset/02/152802.mp3
84.70587301587301,112.34714673913044,0.5307090207468796,1.0,0.1340881884098053,0.1393875005506359,0.3705573730476812,0.09506578947368421,0.0009401192921781449,0.2966154169544732,0.47160101666655524,0.6539515444942188,/volumes/Seagate/mtg-jamendo-dataset/02/288302.mp3
204.70707482993197,143.5546875,0.515857440045993,0.3695296936035156,0.17779380083084106,0.389488929399813,0.7472343173978847,0.2530410340401045,0.0008470368761402317,0.299999995832631,0.49669448734087884,0.664666870830927,/volumes/Seagate/mtg-jamendo-dataset/02/535702.mp3
214.36081632653062,101.33272058823529,0.5912427854472894,0.30076354980468756,0.07980813086032867,0.3447149026885708,0.6082318178809147,0.33879876992010827,0.0002440176227036115,0.4512971000673862,0.40621396838809554,0.6474881334320992,/volumes/Seagate/mtg-jamendo-dataset/02/255702.mp3
160.44,139.6748310810811,0.6046486452570785,0.42049107360839844,0.23172137141227722,0.46110694058488017,0.7280493521883565,0.7680304260350852,0.00038025136406341946,0.2999999999599678,0.45602529259343094,0.6922146351897336,/volumes/Seagate/mtg-jamendo-dataset/02/172102.mp3
91.92154195011338,93.96306818181819,0.5721348645189668,1.0,0.21847747266292572,0.6937741850762346,0.7698293230317532,0.31647434989126355,0.0007656206384342648,0.2999999999985571,0.701369682632695,0.6383779536321142,/volumes/Seagate/mtg-jamendo-dataset/02/1070602.mp3
88.94195011337868,90.66611842105263,0.5297536650215919,0.5423042297363281,0.1939767599105835,0.5438286884088195,0.882268680827321,0.2379132826702239,0.005020875667756351,0.6660600906221108,0.5382543562015221,0.6621807623275057,/volumes/Seagate/mtg-jamendo-dataset/02/1361402.mp3
141.0,132.51201923076923,0.5516997187377898,0.7354908294677734,0.10348018258810043,0.3480406354299319,0.5849353668715443,0.2599250921286488,0.0007822075034562326,0.6838472967259477,0.46443392778937964,0.6443660801738402,/volumes/Seagate/mtg-jamendo-dataset/02/1166102.mp3
106.0,120.18531976744185,0.5508639880811783,0.5653701782226562,0.0961121916770935,0.6956619068313659,1.0,0.35199628176327763,0.004500513893432128,0.7631584078405567,0.685094903786532,0.5975814082464472,/volumes/Seagate/mtg-jamendo-dataset/02/1405302.mp3
590.2652380952381,120.18531976744185,0.5585196314520966,0.5037981719970702,0.27078497409820557,0.6200155612111166,0.8744524412616059,0.5320332431128095,0.0018354930831410781,0.5154647039801218,0.5777757526209917,0.6819274401511557,/volumes/Seagate/mtg-jamendo-dataset/02/173802.mp3
645.9277097505669,120.18531976744185,0.5767966298875689,0.5154207229614258,0.04087067395448685,0.4029089682108658,0.648889514818712,0.29738553209099566,0.00039291343633673193,0.9621687990802776,0.4951859355230017,0.615676255519015,/volumes/Seagate/mtg-jamendo-dataset/02/342302.mp3
136.58666666666667,107.666015625,0.5680528261070786,0.5566251220703125,0.06480361521244049,0.16458729593349364,0.2623642605929085,0.21805976801799468,9.022808092918732e-05,0.29991506292895825,0.5403316246367945,0.6152629765491198,/volumes/Seagate/mtg-jamendo-dataset/02/326502.mp3
259.14666666666665,117.45383522727273,0.5429521254653328,0.9097687072753906,0.050435323268175125,0.19652460655932258,0.39305722143038363,0.11054215353550363,0.0009030160752683289,0.2899514753491651,0.6593739159250649,0.5862819331915301,/volumes/Seagate/mtg-jamendo-dataset/02/1263902.mp3
280.81333333333333,135.99917763157896,0.5912490306379736,0.3511783447265624,0.36422353982925415,0.7648326545072544,1.0,0.8705957802094971,0.004596190172081112,0.36534286562261253,0.6781163447204452,0.6954972053944424,/volumes/Seagate/mtg-jamendo-dataset/02/1102.mp3
259.0573922902494,129.19921875,0.57732433704692,0.3459524688720703,0.10802976787090302,0.18465631911279373,0.46460681347924004,0.1895618413027368,0.0003519654505385523,0.6682860885323401,0.3025826521290768,0.6783741860077097,/volumes/Seagate/mtg-jamendo-dataset/02/933502.mp3
222.8,99.38401442307692,0.5458568667645556,0.7659906005859375,0.07296181470155716,0.32801735702868867,0.5309178678034101,0.12722122031287533,0.0009767053567307062,0.829132268471311,0.4034572977252842,0.6455747937475038,/volumes/Seagate/mtg-jamendo-dataset/02/353702.mp3
204.06145124716554,103.359375,0.554542101668114,0.743375274658203,0.25013405084609985,0.575317234444825,0.9018276205596426,0.2829998182214285,0.0036214855236230315,0.737010765942471,0.5708649766717399,0.675875262970248,/volumes/Seagate/mtg-jamendo-dataset/02/362502.mp3
333.8187755102041,129.19921875,0.5774764031301318,0.36242306518554684,0.27202558517456055,0.816947608938781,1.0,0.6694405589066845,0.004062069531716347,0.2999999440264648,0.6714582228376169,0.6636375660953184,/volumes/Seagate/mtg-jamendo-dataset/02/1196502.mp3
141.0,109.95678191489361,0.6118064153090892,0.9682286682128907,0.14099250733852386,0.7832483071787919,0.9854867871016293,0.36687706473606524,0.006681241457352039,0.39807669281504104,0.6108641364046417,0.6285844753609403,/volumes/Seagate/mtg-jamendo-dataset/02/565802.mp3
124.28448979591836,135.99917763157896,0.5179315286484535,1.0,0.061493679881095886,0.24833066178017094,0.4389781433998665,0.16052038596051535,0.0005178551583324193,0.32262465606225044,0.4815398891259093,0.6258297469320127,/volumes/Seagate/mtg-jamendo-dataset/02/1329202.mp3
231.03360544217688,139.6748310810811,0.5414784964096846,0.9413748779296875,0.09231981635093689,0.360263598936349,0.5796718568855805,0.11964505454099766,0.001527739534545209,0.7363957853326734,0.46178120663175126,0.640878892559987,/volumes/Seagate/mtg-jamendo-dataset/02/1115302.mp3
271.85054421768706,120.18531976744185,0.5582224038817843,0.25594871520996093,0.2852361500263214,0.5207458529363774,0.8972083623923905,0.4543407884540068,0.0013464347511768092,0.8792743859567966,0.519586987850226,0.6987676164394305,/volumes/Seagate/mtg-jamendo-dataset/02/1289102.mp3
282.04408163265305,107.666015625,0.5282078979957309,0.5716460723876954,0.1050368994474411,0.3434243424023993,0.5398561019149374,0.1334497928827152,0.0005726975935688776,0.29999950940024156,0.45939853964710387,0.6459335758716581,/volumes/Seagate/mtg-jamendo-dataset/02/349402.mp3
152.04,90.66611842105263,0.5685346573708787,0.6195684814453125,0.2002575397491455,0.7612631649278848,1.0,0.3533061668429757,0.00781917324908993,0.9380153221413434,0.6533738234028028,0.6414179496291318,/volumes/Seagate/mtg-jamendo-dataset/02/953502.mp3
105.0,107.666015625,0.5617144195640142,0.4699282989501953,0.12378639727830887,0.4058918410156648,0.5776085133889545,0.3666120106579217,0.0002021452832110136,0.29999847445558364,0.5856580035146416,0.6274315023172629,/volumes/Seagate/mtg-jamendo-dataset/02/1136902.mp3
217.96426303854875,139.6748310810811,0.530936029967082,1.0,0.16034162044525146,0.41483308439053845,0.6401105337493904,0.09043877495342548,0.003227638128890542,0.3,0.5336219196904989,0.6509985994221907,/volumes/Seagate/mtg-jamendo-dataset/02/146602.mp3
565.6533333333333,139.6748310810811,0.580919936409269,0.7098829040527344,0.18836882710456848,0.3774462129530127,0.6693888877909492,0.15555571129784612,0.0008029060925429506,0.2999999999899388,0.4909815634657144,0.6696164650645018,/volumes/Seagate/mtg-jamendo-dataset/02/20802.mp3
346.64489795918365,129.19921875,0.5678139224091483,0.36328668212890625,0.19583649933338165,0.802147648453261,1.0,0.4813755842696078,0.005665571691685616,0.6320374732023668,0.7558203255827584,0.6193370746434657,/volumes/Seagate/mtg-jamendo-dataset/02/23002.mp3
951.231201814059,120.18531976744185,0.5490647640837513,0.7069132995605468,0.07348699867725372,0.3262017672289438,0.6697509129797148,0.09040587297235426,0.002140529192692118,0.29999999659139603,0.42590359411169976,0.6412746007014714,/volumes/Seagate/mtg-jamendo-dataset/02/25802.mp3
248.79,112.5,0.5408540640344577,0.3433421020507813,0.19506099820137024,0.7031543211958996,1.0,0.5471422372101534,0.0012792458842643148,0.6760369167880782,0.6834678993638195,0.6335283794797294,/volumes/Seagate/mtg-jamendo-dataset/02/1056202.mp3
123.89419501133787,129.19921875,0.6011490190544768,0.2654284973144531,0.28608471155166626,0.39941932310128964,0.6411600093212257,0.6049452407942371,0.0002714121344929151,0.8535739244089928,0.5853705142834782,0.6859163933019042,/volumes/Seagate/mtg-jamendo-dataset/02/1317902.mp3
165.23557823129252,129.19921875,0.5977578831196919,0.6346579895019532,0.22161830961704254,0.39213390985539603,0.6571300305762521,0.3566884241876916,0.0004657849555972767,0.9148157037455789,0.5702153869128408,0.6657395140795671,/volumes/Seagate/mtg-jamendo-dataset/02/1165502.mp3
261.5379591836735,151.99908088235293,0.5790277015499328,0.839309341430664,0.25549525022506714,0.7433613556413885,1.0,0.7741594200388027,0.005170325063910912,0.29999999999643084,0.8000968493134142,0.6319589202183413,/volumes/Seagate/mtg-jamendo-dataset/02/395902.mp3
272.1226303854875,123.046875,0.5733706562803031,0.3911845703125,0.05951324477791786,0.13028260757443716,0.36119927933882945,0.13313936851130959,0.001068017675198734,0.2797413202692709,0.394744172788272,0.6424759335623961,/volumes/Seagate/mtg-jamendo-dataset/02/25002.mp3
424.971179138322,129.19921875,0.5692050153488484,0.608592254638672,0.16012981534004211,0.7341906689693642,1.0,0.35460738663773916,0.005387217438257015,0.6992284960362938,0.7280063884545037,0.6120454558315144,/volumes/Seagate/mtg-jamendo-dataset/02/1209802.mp3
116.02666666666667,93.96306818181819,0.525656820630332,0.5831627044677736,0.027245311066508293,0.19973279569930918,0.3473257857240392,0.10549012334229807,0.0003804899082625453,0.3614008922784913,0.3517926153559359,0.6394497889127557,/volumes/Seagate/mtg-jamendo-dataset/02/259802.mp3
123.0831746031746,120.18531976744185,0.5196946568143304,0.5005466766357423,0.03615546599030495,0.2091421790409276,0.31598462139235345,0.195011985773508,9.311218747850828e-05,0.28145154070574907,0.5179211743878965,0.6094317328789305,/volumes/Seagate/mtg-jamendo-dataset/02/243802.mp3
148.37498866213153,123.046875,0.5642221106884012,0.24720098876953123,0.26235079765319824,0.7416226470527749,1.0,1.0,0.0020949901953567144,0.34918706415231754,0.6414079297111592,0.6661647012129195,/volumes/Seagate/mtg-jamendo-dataset/02/1179402.mp3
290.2465306122449,120.18531976744185,0.6350479063060279,0.3760812454223633,0.06846554577350616,0.11316622304721506,0.21683510517056606,0.16270068292682927,0.0003255856161294313,0.2981294147258415,0.40193440732430374,0.6442607150136015,/volumes/Seagate/mtg-jamendo-dataset/02/543402.mp3
267.7868934240363,123.046875,0.5326659426855436,0.7368963623046875,0.2922745943069458,0.5859926083568089,0.9389558950403425,0.19928899679181478,0.011921300963637315,0.3,0.5115791458950203,0.7029030247714965,/volumes/Seagate/mtg-jamendo-dataset/02/1341602.mp3
645.0266666666666,101.33272058823529,0.5575681501488763,0.6096207580566406,0.1400326043367386,0.23244523672521963,0.34539181250146544,0.24308264094916407,7.536336777756528e-05,0.5998241072135706,0.4712098134123761,0.6561697748787506,/volumes/Seagate/mtg-jamendo-dataset/02/1095602.mp3
205.95746031746032,139.6748310810811,0.5910621143620356,0.7609395675659181,0.18900541961193085,0.9438324802726458,1.0,0.6175455770341244,0.009500538630290264,0.2999999999997229,0.6024501639848314,0.6475519182633288,/volumes/Seagate/mtg-jamendo-dataset/02/1153402.mp3
165.0416326530612,161.4990234375,0.5834714717983097,0.3023758697509766,0.166147381067276,0.21564443620424464,0.3678866717939051,0.39018007878446825,6.302800178652508e-05,0.9275036964519912,0.47972191146999055,0.6638686748902213,/volumes/Seagate/mtg-jamendo-dataset/02/1381402.mp3
293.248231292517,109.95678191489361,0.574230104524915,0.4901217956542968,0.18344824016094208,1.0,1.0,0.4105590955747239,0.023217675499629217,0.7774659047835581,0.7599135638297871,0.6140586536919816,/volumes/Seagate/mtg-jamendo-dataset/02/1121102.mp3
252.63020408163266,109.95678191489361,0.5320422012965809,0.5765951309204103,0.09197007119655609,0.5207546161233904,0.7799173550395662,0.2193469781205165,0.0019908430584044926,0.7622859410826132,0.5179278942737782,0.6295236467760045,/volumes/Seagate/mtg-jamendo-dataset/02/296702.mp3
533.7947708333334,130.8139534883721,0.5684712957488828,0.6213841781616212,0.09448592364788055,0.31503443398490183,0.6374340169252531,0.1025857245623851,0.001564175273116977,0.2999999999999957,0.44497131288249925,0.6450206699367371,/volumes/Seagate/mtg-jamendo-dataset/02/1137202.mp3
105.28034013605442,97.50884433962264,0.5336080452941132,0.8460506134033201,0.08740530908107758,0.4727042597833205,0.9409065354733711,0.061129174970214806,0.015443814335943185,0.2999999985308867,0.42590254783474574,0.6462854017022388,/volumes/Seagate/mtg-jamendo-dataset/02/1397802.mp3
192.92,130.8139534883721,0.5857028317621724,0.47558694458007805,0.2863221764564514,0.45946949011883753,0.7149578461288113,0.416512061620865,0.00045815168363737697,0.9033204848951006,0.5133246277607246,0.7004110579721775,/volumes/Seagate/mtg-jamendo-dataset/02/887202.mp3
407.7540136054422,107.666015625,0.6095188231061193,0.6608448333740234,0.19116458296775818,0.7867241909696158,1.0,0.21053345759242,0.008170289170402271,0.9328541137081396,0.6795690412898956,0.6329054416104138,/volumes/Seagate/mtg-jamendo-dataset/02/1332602.mp3
339.87519274376416,103.359375,0.5761000927437282,0.3830855102539063,0.2347305864095688,0.5674593057400314,0.9435092366893688,0.3610687550769615,0.002621234927321088,0.5753213656569804,0.6029036657380511,0.6639222779598345,/volumes/Seagate/mtg-jamendo-dataset/02/1165402.mp3
284.89845804988664,103.359375,0.5843309705159268,0.5978217010498049,0.12037473917007446,0.6042864694301447,0.9976375178160503,0.2553425964577494,0.004139562928351495,0.6626421230149024,0.5977587305528296,0.6237831599906609,/volumes/Seagate/mtg-jamendo-dataset/02/1274502.mp3
276.0,63.802083333333336,0.5436002574501952,1.0,0.0777629092335701,0.20127581629337105,0.32278713075954135,0.05391954184548366,0.005307021532209678,0.3,0.3787586964193515,0.6522429080402149,/volumes/Seagate/mtg-jamendo-dataset/02/1114502.mp3
147.00052154195012,120.18531976744185,0.4881877973986287,0.7686780319213866,0.04689910262823105,0.49174834811637586,0.7314412371199563,0.24246969037373206,0.0006861638753024954,0.48094049715612863,0.6635079896398789,0.5841820790181874,/volumes/Seagate/mtg-jamendo-dataset/02/1231502.mp3
151.8120634920635,147.65625,0.478624388936264,0.4881612854003906,0.19203710556030273,0.15139302899391105,0.31502165484382955,0.1273261376798214,0.0006382652607691775,0.8421766722673738,0.3206967838253678,0.7049940012366354,/volumes/Seagate/mtg-jamendo-dataset/02/1375202.mp3
312.55510204081634,90.66611842105263,0.5162318044282473,1.0,0.1635698527097702,0.861855245645282,1.0,0.19096885129760593,0.01263825932560871,0.3,0.6313322368421053,0.6326186996070963,/volumes/Seagate/mtg-jamendo-dataset/02/604202.mp3
254.49333333333334,120.18531976744185,0.5625491685484469,0.8961608123779297,0.16580352187156677,0.3799180007668027,0.6874585502639929,0.10260614334622886,0.002841674635757934,0.3,0.5417126424351743,0.6513467393867292,/volumes/Seagate/mtg-jamendo-dataset/02/1053502.mp3
192.86666666666667,109.95678191489361,0.5165722208850883,0.4500768432617188,0.21216420829296112,0.6259266136432873,0.897679315831311,0.5202919253655307,0.0015990052438595288,0.5939282347781418,0.5757929380578907,0.6612205273738879,/volumes/Seagate/mtg-jamendo-dataset/02/1306202.mp3
181.0,123.046875,0.5702155630947479,0.36873794555664063,0.2556658089160919,0.7177929266431969,1.0,0.48389330304694234,0.0028889140216572817,0.7242038783848708,0.6983613090171267,0.6523674294063677,/volumes/Seagate/mtg-jamendo-dataset/02/1420702.mp3
300.0,107.666015625,0.5138746356018749,0.4037776870727539,0.06551317870616913,0.31497145129952053,0.48165154035740476,0.3201925545571245,0.00021958120220582212,0.8539644900952621,0.4762578967475775,0.6283331649847054,/volumes/Seagate/mtg-jamendo-dataset/02/1081002.mp3
129.01333333333332,129.19921875,0.5086672220603881,0.5229482116699219,0.13780781626701355,0.40146624366186917,0.6260389459505673,0.37806260740552156,0.00054393452808155,0.29999846091653276,0.5090969251609976,0.6477914288239254,/volumes/Seagate/mtg-jamendo-dataset/02/80502.mp3
202.95430839002267,132.51201923076923,0.6113769365854665,0.8941844177246093,0.09795214235782623,0.6082420452868444,0.8556264430573366,0.31378951451109294,0.001989654120569392,0.7075791229125062,0.5969936169666383,0.6158640478554898,/volumes/Seagate/mtg-jamendo-dataset/02/1132202.mp3
150.0995918367347,120.18531976744185,0.5968559635303035,0.6129748229980467,0.14682595431804657,0.4748645533496683,0.7715421965353866,0.11390766456198866,0.003454007463092959,0.5684237909965889,0.5779700508197445,0.6372633333905479,/volumes/Seagate/mtg-jamendo-dataset/02/179402.mp3
146.7941723356009,101.33272058823529,0.5670952650020537,0.4728380355834962,0.11030657589435577,0.20055031851753202,0.4848788921845322,0.1870031867038063,0.0002081517780938135,0.29999974144748487,0.34370271569572225,0.6709698241828237,/volumes/Seagate/mtg-jamendo-dataset/02/203502.mp3
189.70702947845805,80.74951171875,0.5846367330280962,0.8357191467285157,0.09115543961524963,0.2906110574209205,0.5108513248267725,0.13870035120398938,0.0010269262618795483,0.3,0.3465325636211678,0.6635094455372563,/volumes/Seagate/mtg-jamendo-dataset/02/891602.mp3
64.67843537414966,114.84375,0.5688641747809737,0.8720600128173828,0.09722249954938889,0.25723289583881725,0.47362483241581593,0.22321867160513287,0.0002625359512739801,0.29999999474541794,0.40174175250036126,0.6546517493377078,/volumes/Seagate/mtg-jamendo-dataset/02/1042002.mp3
254.4,139.6748310810811,0.5692254147020752,0.6034435729980469,0.2604430317878723,0.891357460720353,1.0,0.557564782237518,0.01049926240313656,0.29999999999974275,0.7974129746792753,0.634276896507779,/volumes/Seagate/mtg-jamendo-dataset/02/365702.mp3
225.2950113378685,129.19921875,0.5667105283164015,0.21033348083496095,0.24382255971431732,0.6615175661234344,0.966988717500758,0.8167013973551052,0.002878629463001171,0.8636962431677302,0.6895298012784882,0.6498701612414566,/volumes/Seagate/mtg-jamendo-dataset/02/1236402.mp3
341.5368707482993,129.19921875,0.6034278874403627,0.9099667358398438,0.15564310550689697,0.9290767893051907,1.0,0.23963509979786723,0.005733136370221143,0.550171695694589,0.7983984375,0.596351830482483,/volumes/Seagate/mtg-jamendo-dataset/02/1295802.mp3
64.54839002267573,97.50884433962264,0.5255565515833602,0.3103478698730469,0.20945824682712555,0.15444594880167026,0.2499163158423875,0.24734427092472364,3.857365686931592e-05,0.5242928711925672,0.33366272326050816,0.7086724242056636,/volumes/Seagate/mtg-jamendo-dataset/02/1366002.mp3
793.3920861678005,139.6748310810811,0.5720721138813238,0.42775352478027345,0.11892885714769363,0.4018068966887774,0.653565547181019,0.3584120965445073,0.0002845509929159224,0.6576952308199786,0.61454508276332,0.6199053720205057,/volumes/Seagate/mtg-jamendo-dataset/02/1089302.mp3
195.08244897959185,129.19921875,0.5654757460973922,0.4477708740234375,0.240523099899292,0.7431874410332437,1.0,0.4085354242021354,0.003986706569202117,0.2999999998128326,0.6590195095345249,0.6547844140568401,/volumes/Seagate/mtg-jamendo-dataset/02/1110802.mp3
175.67603174603175,132.51201923076923,0.5740579841362108,0.538922866821289,0.2531171441078186,0.578932874989339,0.7929622678025487,0.5482147347246669,0.001098816512687659,0.3841021409052104,0.5874691994091772,0.6736283319969792,/volumes/Seagate/mtg-jamendo-dataset/02/1124802.mp3
334.64,84.72079918032787,0.5321924920649832,0.4609546813964843,0.11595380306243896,0.2413562183484843,0.3957333009080636,0.32887532747100995,7.914703870580376e-05,0.3549903449823978,0.4325208458412451,0.655239199934229,/volumes/Seagate/mtg-jamendo-dataset/02/47002.mp3
134.4,147.65625,0.5706905041311077,0.7745468292236327,0.09391267597675323,0.5504888069606667,0.8880756744938806,0.25858377733816207,0.002293556530558336,0.3,0.5359052375441502,0.6266275158428012,/volumes/Seagate/mtg-jamendo-dataset/02/1075202.mp3
345.3619954648526,161.4990234375,0.58765285483829,0.6590509338378904,0.11435200273990631,0.33188390358023295,0.6110612981641004,0.2378030742792301,0.0005515278078444193,0.29999999998248655,0.6143072894707607,0.6183052630922141,/volumes/Seagate/mtg-jamendo-dataset/02/506002.mp3
128.36984126984126,97.50884433962264,0.522407548300948,0.8800858459472656,0.09248337894678116,0.2289170462996654,0.449324774520449,0.20667406366566152,0.00016835296768873855,0.2999635705447158,0.45737007644119254,0.6418200011326027,/volumes/Seagate/mtg-jamendo-dataset/02/1151402.mp3
128.5973015873016,120.18531976744185,0.566857655229606,0.34442779541015617,0.21597443521022797,0.6412805546367294,0.7788806636996969,0.7781445623429784,0.0006084118573924967,0.5444645500254169,0.6186048682003855,0.654029823035605,/volumes/Seagate/mtg-jamendo-dataset/02/1131102.mp3
357.9651020408163,120.18531976744185,0.5259868337816493,0.44462765502929685,0.08556676656007767,0.3205493287617131,0.5614202863762955,0.19487577848567383,0.0005833549153158868,0.5198112300833584,0.32293651763141795,0.6662167324353444,/volumes/Seagate/mtg-jamendo-dataset/02/1030102.mp3
288.2524716553288,120.18531976744185,0.5998596928896859,0.4656359252929687,0.20463970303535461,0.5687600805622552,0.7874858469136717,0.6594519562885335,0.0006199158475795463,0.479591084350328,0.5522028605172391,0.6632297209892799,/volumes/Seagate/mtg-jamendo-dataset/02/1257002.mp3
323.0753968253968,129.19921875,0.5756724776845663,0.3842225036621093,0.2365870326757431,0.8354280090602321,0.9706840164945217,0.5289911547239664,0.004285084637970802,0.700703276849201,0.6990764065756612,0.6453560504481353,/volumes/Seagate/mtg-jamendo-dataset/02/1278602.mp3
406.1740589569161,99.38401442307692,0.5204748005633184,0.8816234283447266,0.04783296212553978,0.6093670780374232,0.8588504138712425,0.23703287471634182,0.0027476824947475597,0.2999999999836012,0.5382267938089182,0.6095745076034107,/volumes/Seagate/mtg-jamendo-dataset/02/1258202.mp3
175.74113378684808,120.18531976744185,0.5582670446602844,0.5932080383300782,0.25972816348075867,0.48209389005665915,0.8377266501705546,0.30995330761868856,0.0018942188425435324,0.8500769195890534,0.5948440951214491,0.6745333198287833,/volumes/Seagate/mtg-jamendo-dataset/02/1193202.mp3
34.290181405895694,139.6748310810811,0.565042425803352,1.0,0.21701215207576752,0.9903536744384089,1.0,0.23171392242019914,0.015445363838097149,0.2999999999999999,0.7293496621621622,0.6322544423148438,/volumes/Seagate/mtg-jamendo-dataset/02/424402.mp3
225.1031292517007,143.5546875,0.6087910323440027,0.24981475830078126,0.2479667216539383,0.6575960572384194,0.9492036642478757,0.8362189272519369,0.0019644233568267802,0.850074593137254,0.6330875567015539,0.662650508455107,/volumes/Seagate/mtg-jamendo-dataset/02/25402.mp3
141.87501133786847,129.19921875,0.5305624526630308,0.2179937744140625,0.12976107001304626,0.16110576149747163,0.21856553339249543,0.2553465546111152,1.8452461067598877e-05,0.29940432491177443,0.4105539883706448,0.6646031875305677,/volumes/Seagate/mtg-jamendo-dataset/02/1396502.mp3
231.27274376417233,109.95678191489361,0.5947908994698806,0.8339730834960938,0.20090514421463013,0.6225675172596716,0.9475197353809137,0.3093125161460942,0.002676791186238207,0.6948449081555534,0.5425250414172567,0.6638208436338155,/volumes/Seagate/mtg-jamendo-dataset/02/260302.mp3
232.72727891156464,99.38401442307692,0.4708233193921292,0.42128494262695315,0.15119504928588867,0.22521151940465284,0.39376596003385106,0.15472170106316446,0.00041214093056112124,0.6807373497166656,0.37444362683622257,0.6795414923756754,/volumes/Seagate/mtg-jamendo-dataset/02/1415802.mp3
248.99,99.38401442307692,0.6047155639292825,0.48176541137695317,0.3031483292579651,0.6257751331942897,0.9612771253947822,0.403671444184018,0.0022304874594137624,0.29999999999999666,0.5299263154843542,0.7031481354359965,/volumes/Seagate/mtg-jamendo-dataset/02/1378102.mp3
1104.0,161.4990234375,0.6059491868610936,0.7805133056640625,0.10662402957677841,0.48584335455864547,0.7773614557508225,0.2812494629662831,0.001275913332533697,0.29999999999935123,0.682374262298479,0.6019097981879444,/volumes/Seagate/mtg-jamendo-dataset/02/202002.mp3
358.28,139.6748310810811,0.5759090908157283,0.4133724365234375,0.19916971027851105,0.6439676912092168,0.9074453855882293,0.6429827861467208,0.0022280264193261373,0.9125510091773796,0.7066772857603997,0.6303656385481841,/volumes/Seagate/mtg-jamendo-dataset/02/1055002.mp3
397.23027210884356,123.046875,0.5482922743663106,0.6404458923339844,0.15690945088863373,0.4552746129196505,0.7069822020185981,0.34944821662157877,0.0011109050214416828,0.2999999999960666,0.5995320533285536,0.6365809916541973,/volumes/Seagate/mtg-jamendo-dataset/02/1240602.mp3
248.37224489795918,112.34714673913044,0.577338529811136,0.41186503601074215,0.14683379232883453,0.44909015092790233,0.6199522265305497,0.4241264361788238,0.0004417422069934109,0.2999899346066839,0.5718978430591289,0.6384805966265547,/volumes/Seagate/mtg-jamendo-dataset/02/373102.mp3
293.9418594104308,139.6748310810811,0.5519288364612607,0.6710991668701172,0.16241276264190674,0.7408089527656306,1.0,0.1548363852847423,0.00643572726879861,0.29999999993096343,0.6338657447614257,0.6316954455988013,/volumes/Seagate/mtg-jamendo-dataset/02/767202.mp3
296.48979591836735,147.65625,0.5554930191222394,0.6796237869262695,0.10078523308038712,0.3856496523295879,0.7661552788860456,0.21429242697157178,0.0011796011714421135,0.6182480675094856,0.6059671412873097,0.6150892556514775,/volumes/Seagate/mtg-jamendo-dataset/02/986802.mp3
89.9969387755102,123.046875,0.573093030625496,0.2469492797851562,0.1324760615825653,0.2591493551957585,0.3980540899733232,0.42916068866571017,3.548998298272963e-05,0.39004065499084056,0.5665602834825696,0.6343793254732095,/volumes/Seagate/mtg-jamendo-dataset/02/1394402.mp3
221.57061224489797,129.19921875,0.6150907718812713,0.6622943115234377,0.226850688457489,0.6900067676681291,0.9896740997871037,0.15752276401464566,0.0050508185685177644,0.9675283505709433,0.5914644019150673,0.6633733674616825,/volumes/Seagate/mtg-jamendo-dataset/02/434102.mp3
249.12,99.38401442307692,0.5638441073474405,0.5436884155273437,0.19977420568466187,0.8049676923669881,1.0,0.8691851808069763,0.003784094905534313,0.6641300646796366,0.642621055325206,0.6433945029814371,/volumes/Seagate/mtg-jamendo-dataset/02/1319502.mp3
190.62666666666667,112.34714673913044,0.49483564482540077,0.40932182312011717,0.12442073971033096,0.2770942037230341,0.5878581730165499,0.13057276967410356,0.001111797005391994,0.2999999968302148,0.3931622695574664,0.6661590123842259,/volumes/Seagate/mtg-jamendo-dataset/02/1045702.mp3
368.64,114.84375,0.6038136763881022,0.8229132232666015,0.14134220778942108,0.40094997224408435,0.7335282286549594,0.14332012415957623,0.0014220892237082204,0.29999999999983473,0.4539855087504835,0.6600860930540948,/volumes/Seagate/mtg-jamendo-dataset/02/210602.mp3
175.89333333333335,112.34714673913044,0.5889112739808227,0.24720977783203124,0.29861921072006226,0.7060904811585541,1.0,0.8892698059051081,0.002276122928208754,0.7790128586678629,0.8015493695786506,0.6471930419434924,/volumes/Seagate/mtg-jamendo-dataset/02/429402.mp3
237.0,139.6748310810811,0.5646398211545278,0.2278057861328125,0.27754905819892883,0.49996156357482424,0.7524479028423194,0.644339489637671,0.0005354370570133777,0.4976443182912041,0.5623205788286223,0.6874535451858899,/volumes/Seagate/mtg-jamendo-dataset/02/1119002.mp3
165.92979591836735,117.45383522727273,0.5263095356218371,0.32586090087890623,0.23623625934123993,0.5185240563223975,0.7682136431816307,0.3893957983867252,0.0011107694211951083,0.5800154372504414,0.5170021117809995,0.6816446310066465,/volumes/Seagate/mtg-jamendo-dataset/02/1359902.mp3
298.9724943310658,107.666015625,0.5962170798110269,0.290268783569336,0.18758979439735413,0.5329163247181117,0.8531175758580118,0.4658733586403897,0.0010422929377597097,0.9063140277502351,0.5101650806892747,0.6654993098451926,/volumes/Seagate/mtg-jamendo-dataset/02/1169102.mp3
177.52249433106576,120.18531976744185,0.537344587091227,0.6993608856201172,0.17296473681926727,0.3770926173792046,0.6892252828246371,0.2521767148218863,0.0008885461949305369,0.9296988674173863,0.38103640081382295,0.6860600250921716,/volumes/Seagate/mtg-jamendo-dataset/02/338002.mp3
233.32408163265305,123.046875,0.5899523745650532,0.4863243255615234,0.0927976742386818,0.16704029032819323,0.2980487407737781,0.16231108392588628,0.00030738064080510456,0.3,0.40728954565327785,0.6519492535952699,/volumes/Seagate/mtg-jamendo-dataset/02/579302.mp3
225.35836734693876,129.19921875,0.543257476091699,0.6617100524902344,0.3244349956512451,0.6229527113302508,0.9758356462293647,0.24044199228247498,0.00610962372635824,0.9049331651442674,0.6428666669760599,0.6882232650392363,/volumes/Seagate/mtg-jamendo-dataset/02/1074802.mp3
146.89006802721087,120.18531976744185,0.5433189672219711,0.6350631408691406,0.19511990249156952,0.35517517576956986,0.5577432972488618,0.3872715041068059,0.00020031388433428086,0.645203265967246,0.46404386856678065,0.6774343911836089,/volumes/Seagate/mtg-jamendo-dataset/02/992502.mp3
226.3669387755102,107.666015625,0.6032875073000479,0.5005959014892578,0.14612466096878052,0.6171298847518214,0.8806180884100062,0.3362426165035063,0.002187204082212811,0.34048292168759825,0.5501629981971358,0.6425722783093338,/volumes/Seagate/mtg-jamendo-dataset/02/40302.mp3
305.08408163265307,139.6748310810811,0.6251883347056142,0.22299946594238282,0.6806191802024841,0.6686461157545793,0.9860224771390349,0.8128474342814819,0.001565253258442687,0.5489055813751776,0.6216538588623376,0.8206921331004268,/volumes/Seagate/mtg-jamendo-dataset/02/1345602.mp3
271.840566893424,105.46875,0.5493378527416538,0.4484948120117187,0.13977013528347015,0.5265124541730631,0.8798382896169448,0.2526018864288579,0.0035469324969448564,0.5061896682929931,0.49934041893301656,0.6504491649154459,/volumes/Seagate/mtg-jamendo-dataset/02/876302.mp3
