duration,tempo,acousticness,dynamic_range,energy,brightness,fullness,density,instrumentalness,danceability,valence,tension,filename
119.98789115646258,117.45383522727273,0.5725533360438689,0.2654198608398438,0.20805983245372772,0.4364031907580553,0.8225551928734879,0.26419578274157196,0.0012663202633165227,0.6849629786747002,0.4531155867035658,0.6842784223426288,/volumes/Seagate/mtg-jamendo-dataset/04/1317804.mp3
199.70029166666666,144.23076923076923,0.5365509624392271,0.46518435668945307,0.2775847911834717,0.8457594230947004,0.9539654028448742,0.9502601608646146,0.0014767736931145354,0.6550802664584774,0.7384615384615385,0.6522382171337421,/volumes/Seagate/mtg-jamendo-dataset/04/1056204.mp3
566.2253741496598,123.046875,0.5559775558963373,0.534751205444336,0.07098814845085144,0.18246311634998363,0.3293181254944977,0.15668127450789177,0.0003261656543193244,0.2966502558224079,0.32309429923236005,0.6609368735958345,/volumes/Seagate/mtg-jamendo-dataset/04/1395104.mp3
123.0,161.4990234375,0.6100828135847818,0.43649234008789056,0.14784923195838928,0.5505349479504981,0.7940971578694723,0.7415467489266682,0.00029753624221638713,0.9435725340896735,0.6508943634992456,0.623046850805171,/volumes/Seagate/mtg-jamendo-dataset/04/409704.mp3
224.89333333333335,105.46875,0.5410858233789488,0.8468043518066406,0.11246874928474426,0.240838302417257,0.5067264120519315,0.11591982483244377,0.0009748107465460575,0.2999996390217386,0.4600117504888066,0.6484863996447466,/volumes/Seagate/mtg-jamendo-dataset/04/1045704.mp3
326.25,79.50721153846153,0.5449798501996987,0.40282066345214845,0.07701236754655838,0.391467831271813,0.7663173887669713,0.12372270407875426,0.004646175048857126,0.3,0.3708929832955916,0.6535458556576427,/volumes/Seagate/mtg-jamendo-dataset/04/1121104.mp3
189.20108843537415,161.4990234375,0.5532950747839855,0.46995639038085935,0.182029590010643,0.4960712699074531,0.8266347628713343,0.23162126203086908,0.0015314972927352026,0.3,0.6819514377127579,0.6291403648612799,/volumes/Seagate/mtg-jamendo-dataset/04/1324904.mp3
246.0,79.50721153846153,0.5263578070526115,0.9045499877929689,0.1365174800157547,0.36567292529924655,0.6408667673166704,0.16011437135467207,0.0014646051629520847,0.6586037896912513,0.36870275659214014,0.6754057414872437,/volumes/Seagate/mtg-jamendo-dataset/04/1329204.mp3
181.81333333333333,103.359375,0.5780793302008349,0.6492134094238281,0.13953454792499542,0.33355181961233493,0.7225642637331776,0.21709886762362932,0.0015923618474584654,0.29999999998687144,0.5344414775868204,0.6433441417356343,/volumes/Seagate/mtg-jamendo-dataset/04/1135204.mp3
301.42657596371885,172.265625,0.5446300263021651,0.7545067749023437,0.07073935121297836,0.2141541160121171,0.4639322236065635,0.08379109858964398,0.0007357314483774718,0.9348959633321203,0.5036476686922023,0.6247366326982318,/volumes/Seagate/mtg-jamendo-dataset/04/1044604.mp3
219.42857142857142,139.6748310810811,0.5311942953860984,0.2408612060546875,0.26006555557250977,0.2324016921490897,0.49614154095751917,0.22406789678181951,0.0007603763251856499,0.4439278395208141,0.3836713149253214,0.7168893370210392,/volumes/Seagate/mtg-jamendo-dataset/04/1375004.mp3
250.46204081632652,123.046875,0.5245507371642248,0.3754766693115235,0.06554435193538666,0.28611983430175103,0.417974082658325,0.32321041361892255,0.00018322608437743097,0.3732661321848154,0.40065956631864363,0.6434640534330105,/volumes/Seagate/mtg-jamendo-dataset/04/389704.mp3
210.0,123.046875,0.5273006623854049,0.4560768585205078,0.161916121840477,0.22592252073261476,0.4977745064265539,0.20598078769376815,0.00031443093963272084,0.29871090633606456,0.47429435466554537,0.6634309329294628,/volumes/Seagate/mtg-jamendo-dataset/04/1299504.mp3
315.08897959183673,120.18531976744185,0.5806540743747415,0.8167781372070313,0.15418072044849396,0.4924373089155604,0.8059635789105329,0.2033420205978036,0.0041943961697317594,0.299999999999996,0.5029825675720826,0.6549085458470413,/volumes/Seagate/mtg-jamendo-dataset/04/116104.mp3
128.0,89.10290948275862,0.5608172430001181,0.43591304779052736,0.08728442341089249,0.7987131784362151,1.0,0.6617162095800171,0.005359764204146208,0.651122749235933,0.6822860102279359,0.5949651903823342,/volumes/Seagate/mtg-jamendo-dataset/04/1219404.mp3
315.19274376417235,184.5703125,0.5588021685316733,0.31848706054687503,0.24547891318798065,0.5415059808040973,0.9382195774169308,0.3162317437016501,0.002150281315567082,0.9598360839524152,0.7347630920830457,0.6414197903310639,/volumes/Seagate/mtg-jamendo-dataset/04/196704.mp3
123.27482993197279,101.33272058823529,0.5446988302962634,0.35053103637695315,0.21829885244369507,0.4846261543499063,0.710667199932887,0.5182284859857733,0.0008237236874633736,0.2999999962797336,0.47382762633495196,0.6838220616127398,/volumes/Seagate/mtg-jamendo-dataset/04/1124804.mp3
222.0157596371882,132.51201923076923,0.5283917349583075,0.7923448791503905,0.2587248980998993,0.46687878289272655,0.7060617162922209,0.22106211011385854,0.001897760658915188,0.644416294360113,0.5171649424483293,0.689707974826298,/volumes/Seagate/mtg-jamendo-dataset/04/1393704.mp3
252.0,120.18531976744185,0.502300852942797,0.417791748046875,0.09778957068920135,0.2517218178668854,0.38382852996214745,0.2401595152964337,9.529010385449453e-05,0.8894334633955094,0.43609344728238,0.6479855559916365,/volumes/Seagate/mtg-jamendo-dataset/04/1185304.mp3
317.5384807256236,129.19921875,0.5685462957265768,0.5535476684570313,0.2541692554950714,0.8623014899409812,1.0,0.49600059212174874,0.004934017871380152,0.29999985978523425,0.7635302254145186,0.638794886895322,/volumes/Seagate/mtg-jamendo-dataset/04/1371704.mp3
35.21836734693878,109.95678191489361,0.5870652416552056,0.5464850463867188,0.23219384253025055,0.260602833647603,0.5935789441376706,0.2189510748106822,0.0005450395199843531,0.9150003400275086,0.364216948164562,0.7107463936779778,/volumes/Seagate/mtg-jamendo-dataset/04/1202104.mp3
330.6666666666667,90.66611842105263,0.6234969917826225,0.30659286499023436,0.31726205348968506,0.4510579983894623,0.8491149916603458,0.38409693071019607,0.0010042134103257913,0.8307390422646098,0.5052244442900432,0.7131694503982781,/volumes/Seagate/mtg-jamendo-dataset/04/76304.mp3
255.58204081632653,90.66611842105263,0.5556752096560058,0.6641175231933596,0.17314594984054565,0.632267256543699,0.9286112001443151,0.15736698370844712,0.00555584549536711,0.9095671472635243,0.6083295653290407,0.6406666288767883,/volumes/Seagate/mtg-jamendo-dataset/04/81504.mp3
194.00002267573697,90.66611842105263,0.536614854887529,0.7105072174072266,0.13184836506843567,0.3987000301269621,0.7107158953967605,0.27260498314139336,0.0009830471086436073,0.299999999875093,0.41134730552734666,0.6651959503191675,/volumes/Seagate/mtg-jamendo-dataset/04/992504.mp3
136.56492063492064,87.5926906779661,0.5650125521808564,0.5199046325683594,0.26028358936309814,0.40071209394273194,0.7504392114466061,0.22886189229145543,0.0024732220487525486,0.658407937063727,0.3816456331475321,0.7173729655412089,/volumes/Seagate/mtg-jamendo-dataset/04/31504.mp3
54.00961451247166,120.18531976744185,0.5938131789322689,0.4850360107421874,0.14528334140777588,0.39633430012734044,0.6287269474510029,0.6024175328793907,0.0002378301713320051,0.47844681063826794,0.5731538438381566,0.637671234139168,/volumes/Seagate/mtg-jamendo-dataset/04/1397104.mp3
238.06260416666666,110.29411764705883,0.5644129969212341,0.3273605651855469,0.10335160046815872,0.4477482742120629,0.6836242931301625,0.39627507570384635,0.0005565804223934131,0.5992183381166907,0.5702197955078261,0.623162617066972,/volumes/Seagate/mtg-jamendo-dataset/04/1030904.mp3
243.71462585034013,166.70866935483872,0.561011673962843,0.479994613647461,0.08366627991199493,0.9018293665622232,1.0,0.975518896861987,0.0032409259281347717,0.299999999999938,0.8734173387096773,0.5554363930263827,/volumes/Seagate/mtg-jamendo-dataset/04/1310104.mp3
138.46154195011337,129.19921875,0.5546506568231853,0.22159500122070305,0.22778309881687164,0.2727514254894423,0.5821601886448083,0.28319962699920453,0.00029138161154532757,0.6122280634394903,0.4204263108768462,0.6979166533987046,/volumes/Seagate/mtg-jamendo-dataset/04/1354704.mp3
193.73548752834466,129.19921875,0.5454094218566832,0.6034875488281248,0.05575919896364212,0.1674906866228911,0.2773723350820255,0.14455418048517393,0.00011543411681825444,0.24815741856059653,0.3486202061730456,0.6503492703923021,/volumes/Seagate/mtg-jamendo-dataset/04/390004.mp3
74.67784580498866,120.18531976744185,0.6189514556224291,0.3765315246582031,0.15981391072273254,0.36536701395407,0.7130323382550238,0.34778675503217027,0.0003746132513015531,0.6575053932506014,0.35921664820581056,0.6856896782190216,/volumes/Seagate/mtg-jamendo-dataset/04/818604.mp3
264.28337868480725,129.19921875,0.5384653571808844,0.452828872680664,0.20297490060329437,0.5714253031386107,0.9007366989788714,0.3154192970501134,0.003699302831966065,0.2999999978254447,0.6369989001345033,0.6456711841902852,/volumes/Seagate/mtg-jamendo-dataset/04/1288104.mp3
327.21791383219954,109.95678191489361,0.5857913969822055,0.48893688964843757,0.10454817116260529,0.6100585017121619,0.9004997239433981,0.4786856873358515,0.0013293428905134545,0.2999999999999893,0.6448479507111717,0.6086677514763036,/volumes/Seagate/mtg-jamendo-dataset/04/642404.mp3
180.7150566893424,99.38401442307692,0.5882218365206133,0.6241139221191406,0.20492962002754211,0.21398829778999584,0.429258957549409,0.12646073524849344,0.0005362387369449969,0.7536434213126972,0.3374437503649942,0.7062859131369164,/volumes/Seagate/mtg-jamendo-dataset/04/366004.mp3
156.08149659863946,120.18531976744185,0.5795648045029125,0.3074205474853516,0.18257051706314087,0.7787717970622786,1.0,0.5202944826234933,0.004061995153682729,0.8326202620289938,0.6473746830850785,0.636250449525715,/volumes/Seagate/mtg-jamendo-dataset/04/229004.mp3
242.71430839002267,120.18531976744185,0.5866204587292326,0.268673095703125,0.2483082264661789,0.6191510976281726,0.857351862157792,0.9178525012074956,0.0008896769847410771,0.9613767693452403,0.7065804482846958,0.6480748718708852,/volumes/Seagate/mtg-jamendo-dataset/04/1388004.mp3
352.86204081632656,135.99917763157896,0.5176945757915414,0.5852950439453124,0.09877154231071472,0.4031551952491006,0.6860101744242221,0.2668519300182802,0.000732271782251932,0.29999857746032116,0.6013295383145099,0.6152918475689554,/volumes/Seagate/mtg-jamendo-dataset/04/986804.mp3
193.89016666666666,92.21311475409836,0.5452406186080436,0.8773289184570313,0.19055944681167603,0.4166822864428655,0.8569352327667721,0.12925058164653602,0.0029040325649354374,0.7627229939810526,0.38145794551392354,0.6923098117494186,/volumes/Seagate/mtg-jamendo-dataset/04/1095104.mp3
227.17430839002267,101.33272058823529,0.5736140280435741,0.784504524230957,0.08352965116500854,0.4461059816895041,0.8048439665413204,0.23453597710547833,0.0021176914094395917,0.3,0.5349816227254308,0.6230743498743169,/volumes/Seagate/mtg-jamendo-dataset/04/94704.mp3
261.1951020408163,147.65625,0.5659195357362837,1.0,0.13213951885700226,0.2609868968602716,0.42414126907394306,0.1660596389055721,0.00021685054269475964,0.2999999999997945,0.4823683416227263,0.6510965584639756,/volumes/Seagate/mtg-jamendo-dataset/04/1092304.mp3
63.20417233560091,147.65625,0.6471570356100342,1.0,0.054378312081098557,0.6288861247714649,0.8773290848563405,0.15273740613967493,0.010821021817853186,0.2999992063420224,0.6920346999336817,0.5811692523624592,/volumes/Seagate/mtg-jamendo-dataset/04/1261204.mp3
96.0491156462585,139.6748310810811,0.5974090670240086,0.3498999633789062,0.5300211906433105,1.0,1.0,1.0,0.01951135992357207,0.7669035154804602,0.7293496621621622,0.7449376961991594,/volumes/Seagate/mtg-jamendo-dataset/04/1294804.mp3
144.0,120.18531976744185,0.5647177007802147,0.2768727569580078,0.23609691858291626,0.39916978645098006,0.6628167868277964,0.47528727947711596,0.00028644250651575266,0.9586665425272682,0.47355840595373966,0.6902832094991019,/volumes/Seagate/mtg-jamendo-dataset/04/1236404.mp3
432.4368707482993,123.046875,0.5987330186660366,0.9183247070312502,0.11887906491756439,0.3947253328373255,0.7335740183872379,0.1496885738831615,0.00476870807135447,0.6312177398818786,0.4524830369081877,0.6522998559886857,/volumes/Seagate/mtg-jamendo-dataset/04/306904.mp3
313.62718820861676,95.703125,0.5569791611310898,0.3456094970703126,0.27627032995224,0.5698841344389736,0.9644474894213,0.34616630581794083,0.003710811871943022,0.6768735585165193,0.665269462491527,0.666403426284501,/volumes/Seagate/mtg-jamendo-dataset/04/462204.mp3
99.8732879818594,117.45383522727273,0.5854769300032174,0.4908519897460938,0.18266136944293976,0.5020371301000148,0.7986017935185384,0.31548949175415275,0.0013514323202663153,0.8914485701440316,0.48916253500762075,0.6679255859979342,/volumes/Seagate/mtg-jamendo-dataset/04/939804.mp3
382.07145124716556,107.666015625,0.5060747541232791,0.5087809143066405,0.1536213457584381,0.7782125034770568,0.9800133236362157,0.6723141197196408,0.004314475912518339,0.6093369051746889,0.6528106593090147,0.6247415526112348,/volumes/Seagate/mtg-jamendo-dataset/04/38004.mp3
280.0,135.99917763157896,0.5862448914148118,0.815406524658203,0.16646181046962738,0.8766932273321081,1.0,0.23654794819778366,0.007520104482312428,0.7849611359909378,0.7219983552631579,0.6155265807164343,/volumes/Seagate/mtg-jamendo-dataset/04/1295504.mp3
170.5795918367347,97.50884433962264,0.546894670337596,0.3614093322753906,0.2630460262298584,0.6774414735674054,1.0,0.3873399146432763,0.003618432343413855,0.892100758986414,0.5196187674646514,0.6907728159498188,/volumes/Seagate/mtg-jamendo-dataset/04/1239104.mp3
431.85333333333335,107.666015625,0.6104307903232954,0.5963563232421875,0.10994574427604675,0.306858224187474,0.6163699339451584,0.1128012552808809,0.001465297000035971,0.5697891962840026,0.332905372717361,0.6729993933959046,/volumes/Seagate/mtg-jamendo-dataset/04/373004.mp3
228.48238095238096,143.5546875,0.5544010338577227,0.826787010192871,0.15516625344753265,0.42458565381448343,0.6886273851379151,0.5441148621852072,0.0007477424212965017,0.3519798867360375,0.5409510910292052,0.6476696330352707,/volumes/Seagate/mtg-jamendo-dataset/04/78304.mp3
249.102358276644,178.20581896551724,0.5555705743426499,0.4336719512939453,0.07573994249105453,0.1772992855672616,0.3151938260905606,0.23725468798312144,0.0001465579118651188,0.838192658261167,0.49344686812458355,0.6285770056718629,/volumes/Seagate/mtg-jamendo-dataset/04/1081004.mp3
210.74437641723355,92.28515625,0.586003560473212,0.8637115783691407,0.1575719118118286,0.40935468228030186,0.7543381159067463,0.14676980086608005,0.0023855374334252983,0.3,0.39404641601848617,0.6779166050485611,/volumes/Seagate/mtg-jamendo-dataset/04/1121504.mp3
320.0,90.66611842105263,0.5841191474172163,0.29633084106445307,0.1606825292110443,0.21914468672049175,0.4546708718505827,0.24649499196076746,0.00017923322587639265,0.2999999517988815,0.5093764991133887,0.6559704106932982,/volumes/Seagate/mtg-jamendo-dataset/04/1378004.mp3
161.0448979591837,120.18531976744185,0.5651224158027711,0.4551944122314452,0.11508585512638092,0.3331193644993358,0.6216241115822327,0.1899843868680901,0.001268063386561835,0.7848818508176921,0.5307882373593644,0.6352732603736242,/volumes/Seagate/mtg-jamendo-dataset/04/1060604.mp3
161.45455782312925,109.95678191489361,0.5721092909864215,0.9021746368408203,0.16417832672595978,0.6605553666398698,0.8962949644868825,0.4374277210809787,0.0014071340153966494,0.3859019131129077,0.5797039439461076,0.6431634088321241,/volumes/Seagate/mtg-jamendo-dataset/04/892004.mp3
64.22902494331066,120.18531976744185,0.5518640188081707,0.9487820739746092,0.06045614555478096,0.3963420950949926,0.4811281267944564,0.09030782048286777,0.0007559617060612641,0.29999999757408047,0.5655273910360833,0.6086587341925045,/volumes/Seagate/mtg-jamendo-dataset/04/1379504.mp3
281.06448979591835,114.84375,0.5583481797704193,0.4788428955078126,0.22173456847667694,0.6068145489548853,0.9303577908162279,0.3997467178604208,0.0022917391622510838,0.5104185784082956,0.5378172484602712,0.6722609949595494,/volumes/Seagate/mtg-jamendo-dataset/04/19204.mp3
316.3965759637188,120.18531976744185,0.604535891345312,0.3678040466308593,0.24952273070812225,0.7420821195054463,0.9221254553526526,0.7343256012092649,0.0023077495094708167,0.8560166505354365,0.5852808984837771,0.6727720033581686,/volumes/Seagate/mtg-jamendo-dataset/04/1124504.mp3
144.55256235827665,117.45383522727273,0.6135394858069537,1.0,0.10948211699724197,0.3859117078168944,0.661950121527596,0.2928796002280158,0.00046701970836424524,0.29999916505745694,0.5859870256815796,0.6222161569826913,/volumes/Seagate/mtg-jamendo-dataset/04/824304.mp3
126.31945578231293,126.04801829268293,0.6104144267452536,0.3032513427734375,0.3182903528213501,0.15871386534487586,0.3731141012792147,0.20247018185649185,0.0002165577395213017,0.6651267552123412,0.3660460434796677,0.7413753183197525,/volumes/Seagate/mtg-jamendo-dataset/04/1302904.mp3
224.32,132.51201923076923,0.44040090889696015,0.6852794036865234,0.1001049354672432,0.46659036451031927,0.9289361402013885,0.1357572942254627,0.003720881665373201,0.3,0.5318029970070874,0.6296771773667901,/volumes/Seagate/mtg-jamendo-dataset/04/189604.mp3
33.61768707482993,120.18531976744185,0.5253749695056029,0.8913779067993164,0.10678290575742722,0.3167488631387549,0.5309354650068294,0.1360244576202668,0.0010230397267095108,0.6964350132804479,0.5389524540117341,0.630651355270327,/volumes/Seagate/mtg-jamendo-dataset/04/1057804.mp3
339.69197278911565,129.19921875,0.5808363726499268,0.7663857421875,0.25769585371017456,0.8309053919252459,1.0,0.7014282034545969,0.0065679600675856336,0.29999999999999993,0.7814471161651115,0.6364810841026405,/volumes/Seagate/mtg-jamendo-dataset/04/1081704.mp3
324.0698639455782,120.18531976744185,0.5701357294768413,0.21397288513183596,0.17974787950515747,0.5283283842803574,0.8433938326423619,0.5007593007792226,0.0007786985907523614,0.7806527467971489,0.5113149202950031,0.662446252562856,/volumes/Seagate/mtg-jamendo-dataset/04/1179204.mp3
193.41061224489795,120.18531976744185,0.5483509490772192,0.5536753845214845,0.014074746519327164,0.26632835174801706,0.39519201537962134,0.13142242262758763,0.00033924168821883327,0.2903226782587951,0.5657813487296833,0.5919106390010211,/volumes/Seagate/mtg-jamendo-dataset/04/145304.mp3
244.28571428571428,112.34714673913044,0.5121686937465386,0.828513038635254,0.09215296059846878,0.13082202212192207,0.27422041857988355,0.08886732922076868,0.001287523545983387,0.6756147176479201,0.3406331370202184,0.665048438411405,/volumes/Seagate/mtg-jamendo-dataset/04/1221304.mp3
197.81079365079364,129.19921875,0.5885139131062209,0.7295941162109375,0.19226323068141937,0.9306059948439194,1.0,0.8068162135932058,0.003332702099320111,0.29999999999999244,0.7083984374999999,0.627535075545311,/volumes/Seagate/mtg-jamendo-dataset/04/1171704.mp3
262.3216326530612,120.18531976744185,0.5448958887639295,0.6813736267089844,0.23328913748264313,0.32761336815361997,0.6320928901795849,0.16119992012046697,0.0012239101575370187,0.29999999999998234,0.41969900301055363,0.7000442888916408,/volumes/Seagate/mtg-jamendo-dataset/04/1294204.mp3
191.22263038548752,129.19921875,0.6023026349512046,0.22145675659179687,0.302468478679657,0.5723783914105633,0.7975756201440757,0.9300301638800492,0.0006911151316528414,0.5542930035717878,0.5922046814844787,0.6904477160277808,/volumes/Seagate/mtg-jamendo-dataset/04/429204.mp3
428.8261224489796,120.18531976744185,0.5485843610721,0.6296080017089843,0.13118936121463776,0.4540538874091375,0.717538840712109,0.17772515760190227,0.0009445061802482878,0.9140928680909817,0.5873502137201946,0.6297581272932307,/volumes/Seagate/mtg-jamendo-dataset/04/81204.mp3
103.41462585034013,123.046875,0.5221531092936791,0.815948471069336,0.07589858770370483,0.7550197819224774,1.0,0.11745265970845609,0.007245232217550141,0.2999999999994395,0.7359174854727613,0.5801399944787814,/volumes/Seagate/mtg-jamendo-dataset/04/464504.mp3
104.0,132.51201923076923,0.5264655542930144,0.7075542678833009,0.11692935228347778,0.46828661601123356,0.8800594081479655,0.0985591295966543,0.00786922569330774,0.3678255380289651,0.49755634041868935,0.6425832987383142,/volumes/Seagate/mtg-jamendo-dataset/04/1397804.mp3
220.96979591836734,129.19921875,0.5602355186064898,0.26990499877929686,0.21738605201244354,0.645697186933519,0.8827604705440238,0.7624949221698385,0.0020238233684310835,0.89931932233999,0.6135298605074826,0.6555530066229831,/volumes/Seagate/mtg-jamendo-dataset/04/395904.mp3
103.42444444444445,129.19921875,0.5302646200900085,0.8641092834472657,0.023347405716776848,0.27531870601183134,0.5136732533984167,0.17224949283952376,0.000432375635762264,0.2814624388820569,0.5323626075628412,0.6019325445454715,/volumes/Seagate/mtg-jamendo-dataset/04/966304.mp3
66.7392970521542,126.04801829268293,0.5458871291074765,0.3958748168945312,0.20232412219047546,0.39054222366752783,0.6910402123677822,0.2020966530764629,0.0009963727133817178,0.401812617640562,0.49061807189792217,0.6747130696089867,/volumes/Seagate/mtg-jamendo-dataset/04/1371804.mp3
243.05104308390023,117.45383522727273,0.5702809840746388,0.42893957519531256,0.15963990986347198,0.7036011326272835,1.0,0.3769295205252029,0.003474356884746558,0.3,0.5851540042592049,0.6404395666990089,/volumes/Seagate/mtg-jamendo-dataset/04/531904.mp3
81.74303854875284,120.18531976744185,0.5818386231884303,0.3277392578125,0.12747566401958466,0.3453061519646278,0.7208604224340242,0.20747884342925235,0.0028749147595391123,0.3,0.5133173919398313,0.6432277606590843,/volumes/Seagate/mtg-jamendo-dataset/04/1195904.mp3
72.88888888888889,135.99917763157896,0.6390235207231866,0.6358620910644531,0.07843106985092163,0.2355002229317332,0.5925727735895799,0.0841947024343631,0.0039291933191435025,0.7864298611963263,0.4917897964675038,0.6298772258528311,/volumes/Seagate/mtg-jamendo-dataset/04/1370404.mp3
182.4391836734694,112.34714673913044,0.5453527057846548,0.516433624267578,0.0991668775677681,0.22473594300907931,0.42804439942234873,0.13825815012843096,0.0006472805680363898,0.38854934340485625,0.4671102331758059,0.6422780292892354,/volumes/Seagate/mtg-jamendo-dataset/04/142204.mp3
204.65333333333334,105.46875,0.5692738181036006,0.8240939559936525,0.10246080905199051,0.5461296772751136,0.8547562780821485,0.46353224083636346,0.0012701538443875263,0.4120900248930208,0.5634671520593049,0.6241924608468556,/volumes/Seagate/mtg-jamendo-dataset/04/213204.mp3
162.93086167800453,93.96306818181819,0.5866775053557474,0.8042278594970703,0.20663897693157196,0.5345164595015256,0.8733828024699167,0.3299940562466762,0.0018968682529547083,0.9278924095748373,0.5597998463963143,0.662430062416103,/volumes/Seagate/mtg-jamendo-dataset/04/938304.mp3
254.0,90.66611842105263,0.5430330895667049,0.43127963256835933,0.13212034106254578,0.5320568402599224,0.8545822548628441,0.21468498257521199,0.004896267248127017,0.6557246216102521,0.5474475626826367,0.6380738102459892,/volumes/Seagate/mtg-jamendo-dataset/04/1098504.mp3
227.11138321995466,129.19921875,0.5168348848715516,0.5241383819580078,0.1402927041053772,0.38243772467188586,0.6851114721169999,0.2617877866745133,0.0009128815536249814,0.47312709281348575,0.47895287524960933,0.6547147984280139,/volumes/Seagate/mtg-jamendo-dataset/04/1298304.mp3
263.73156462585035,109.95678191489361,0.5982602738072431,0.23888595581054686,0.31697604060173035,0.6289427522462498,0.9977563476318287,0.6246777816431096,0.0033122067836166905,0.29999999746952166,0.5232748833295431,0.7094563979507142,/volumes/Seagate/mtg-jamendo-dataset/04/1414804.mp3
296.1645351473923,161.4990234375,0.5633433113760807,0.4097933044433594,0.20809850096702576,0.5381960403166315,0.775744174541032,0.45327360862789345,0.0010417308784326509,0.29999991609351384,0.6344479368915401,0.6480258729698212,/volumes/Seagate/mtg-jamendo-dataset/04/1027904.mp3
102.65696145124717,123.046875,0.6028849272725273,0.9128171081542971,0.0450681671500206,0.3631875323493174,0.6362563176535454,0.10093473410138376,0.001703402749917729,0.67810920797194,0.4769380330391998,0.6208369335661674,/volumes/Seagate/mtg-jamendo-dataset/04/1209904.mp3
174.18090702947845,117.45383522727273,0.6109143782558879,0.5175192871093749,0.14935024082660675,0.38620889840675743,0.698795900164294,0.3174415523399385,0.00033858724467022695,0.2999999999989649,0.4549119364187957,0.6627836994138193,/volumes/Seagate/mtg-jamendo-dataset/04/588704.mp3
96.09989583333333,140.625,0.5481964460380859,0.8264937591552735,0.09005754441022873,0.7649097817466536,1.0,0.11297636772150185,0.0077603396861789485,0.9426220340371785,0.56067054229585,0.6202866075285124,/volumes/Seagate/mtg-jamendo-dataset/04/1110704.mp3
283.45,161.4990234375,0.5861587832117121,0.6239646606445313,0.46974751353263855,0.7269015809464023,0.9907513864724204,0.6230795742321544,0.0037661398599104657,0.3954708228597667,0.6719708598107609,0.7347149329095978,/volumes/Seagate/mtg-jamendo-dataset/04/335304.mp3
355.744693877551,139.6748310810811,0.5676719564407731,0.608352294921875,0.19431498646736145,0.4507418879751934,0.6811481762117441,0.41146791984857384,0.00037493921327503,0.29999999998058297,0.5372239862823417,0.6625085978717818,/volumes/Seagate/mtg-jamendo-dataset/04/1104504.mp3
608.2873469387755,126.04801829268293,0.5930964506661104,0.28004219055175794,0.16542737185955048,0.6714616094519738,0.9959027247599324,0.6346738641643012,0.0015314739241193518,0.5085794915551282,0.6825792855171458,0.623037996766009,/volumes/Seagate/mtg-jamendo-dataset/04/1391104.mp3
310.28825396825397,139.6748310810811,0.5872438595732283,0.5380634765625,0.2020634263753891,0.291269201759684,0.580542659179818,0.20604285243660608,0.000641417793899313,0.2999999999277521,0.5504826917219807,0.6626462951507439,/volumes/Seagate/mtg-jamendo-dataset/04/1307204.mp3
210.07673469387754,120.18531976744185,0.5310548077296569,0.7357437286376952,0.04381508007645607,0.17402191660241956,0.2517375189010692,0.14981769657431307,0.00021079798703186857,0.8133922697271438,0.4781747206818964,0.6201384846911449,/volumes/Seagate/mtg-jamendo-dataset/04/979204.mp3
278.5,120.18531976744185,0.5770412936039747,0.48693208312988273,0.15485931932926178,0.7387242823755716,1.0,0.8588554439821537,0.001713860054546866,0.7457763565980526,0.7110552538928462,0.613538304179965,/volumes/Seagate/mtg-jamendo-dataset/04/174104.mp3
202.66666666666666,90.66611842105263,0.5754939166780769,0.593164306640625,0.17311622202396393,0.433104105763382,0.5901121041651879,0.4170565445128588,0.00057833494885862,0.3,0.5372017653523212,0.6548814868581628,/volumes/Seagate/mtg-jamendo-dataset/04/1248604.mp3
188.13387755102042,74.89809782608695,0.5616008089352987,0.5061136779785157,0.09730084240436554,0.6249256402731894,0.9948699014781164,0.22759040043347056,0.006655206459215726,0.5030609768546102,0.4653950125779227,0.641949300749987,/volumes/Seagate/mtg-jamendo-dataset/04/759304.mp3
221.91020408163266,139.6748310810811,0.5668110539457176,0.5435984497070314,0.11225814372301102,0.6464790860324849,0.9135078683270365,0.21093005509944185,0.004223811478961027,0.8832905077980588,0.6119171131362509,0.6180295091130338,/volumes/Seagate/mtg-jamendo-dataset/04/1396204.mp3
250.5926530612245,132.51201923076923,0.6039700782978908,0.5141319274902344,0.3909934163093567,0.38087269860049144,0.689861746033986,0.27471403470115313,0.0011588093265428438,0.8448116316065009,0.5561851060349876,0.7295206086643709,/volumes/Seagate/mtg-jamendo-dataset/04/331204.mp3
318.9224263038549,112.34714673913044,0.5299580485417434,0.4661444931030273,0.06792475283145905,0.29974308415610196,0.5636693474902692,0.17034032691983275,0.0007163163188975965,0.4717041928686172,0.4132039277658302,0.6418121254661592,/volumes/Seagate/mtg-jamendo-dataset/04/181804.mp3
329.25897959183675,132.51201923076923,0.6125985767061093,0.31000259399414065,0.2379928082227707,0.35082103954663674,0.6721016608118527,0.3730478387961483,0.00032293311253056307,0.8076590335537805,0.5572222626631901,0.6742329584275595,/volumes/Seagate/mtg-jamendo-dataset/04/155504.mp3
132.25587301587302,99.38401442307692,0.5309781677982325,0.44758097076416015,0.09040761739015579,0.6950671603043004,0.9748765582180133,0.4829538058372157,0.0035234284558246305,0.8569080166493329,0.664021247858105,0.5997424926888351,/volumes/Seagate/mtg-jamendo-dataset/04/1105604.mp3
210.76,126.04801829268293,0.556461297309293,0.6365115356445311,0.1883978694677353,0.608060212294753,0.9404808090945888,0.41306142300158266,0.004247548896096206,0.30404835375457734,0.5684963921406009,0.6541239545802645,/volumes/Seagate/mtg-jamendo-dataset/04/117104.mp3
252.12498866213153,135.99917763157896,0.579738735842357,0.5339569091796875,0.2247449904680252,0.7836983781707579,1.0,1.0,0.0022447122656748045,0.6997509537404734,0.7094314562466542,0.6390219053191581,/volumes/Seagate/mtg-jamendo-dataset/04/1179404.mp3
169.83968253968254,129.19921875,0.5599271268126789,0.29747061157226556,0.20597635209560394,0.6902684483095862,0.8319712366963166,0.7193336323273685,0.0017700016042341993,0.521588138850864,0.6614898933466221,0.641853508085093,/volumes/Seagate/mtg-jamendo-dataset/04/1218204.mp3
114.91265306122449,139.6748310810811,0.4933026178096117,0.6146567306518554,0.0908852368593216,0.30320526536336445,0.4263275236976221,0.2710752110552021,0.00017335007577178206,0.2999980588667936,0.4044010413484184,0.651838476999672,/volumes/Seagate/mtg-jamendo-dataset/04/1306704.mp3
472.73673469387757,132.51201923076923,0.571135322051102,0.7958193359375002,0.24794447422027588,0.8103480636272473,1.0,0.5804886434630205,0.008299693333390196,0.6743019874620269,0.8050240384615384,0.6282552030269917,/volumes/Seagate/mtg-jamendo-dataset/04/1381404.mp3
415.0,97.50884433962264,0.5682654740811397,0.36086044311523435,0.24008141458034515,0.6916283912174754,1.0,0.3019255096596174,0.00664440519464903,0.6822025685882733,0.5293951094305872,0.6805502873628068,/volumes/Seagate/mtg-jamendo-dataset/04/1410604.mp3
229.97043083900226,129.19921875,0.5632042817454315,0.35092987060546876,0.11641649156808853,0.3523074600401503,0.5586173874783523,0.40060947906162386,0.0001769731318664813,0.5654966026800317,0.5878610165478486,0.6243377336549422,/volumes/Seagate/mtg-jamendo-dataset/04/1143804.mp3
85.0,120.18531976744185,0.5594721520947865,0.36396983337402344,0.22870755195617676,0.3465034535982209,0.7576608305102864,0.2178140052364741,0.0009700862136629355,0.5726708331595133,0.5153651554115627,0.6792616876219111,/volumes/Seagate/mtg-jamendo-dataset/04/1405304.mp3
298.04,117.45383522727273,0.5289604210559569,0.6978883514404299,0.0803796574473381,0.32697103853434484,0.532990344574724,0.23864265138444468,0.0003988485803636104,0.42295882918202865,0.5341904892357439,0.622098578833893,/volumes/Seagate/mtg-jamendo-dataset/04/285504.mp3
224.0,161.4990234375,0.5631506494749186,0.9368323669433595,0.13436084985733032,0.4507300121680969,0.725289884154235,0.16460418631345014,0.0035599156886632704,0.3,0.5680155395025172,0.6347667980481355,/volumes/Seagate/mtg-jamendo-dataset/04/565804.mp3
283.9436507936508,143.5546875,0.5397647589061421,0.8967087097167967,0.120368592441082,0.36805857226877303,0.7260431744071242,0.1482117444554255,0.0017387747421811197,0.6969773346210482,0.3461686721971913,0.6740989588393513,/volumes/Seagate/mtg-jamendo-dataset/04/1271904.mp3
620.391768707483,139.6748310810811,0.6142366168695632,0.8479337921142579,0.19858409464359283,0.5685555659951278,0.958118784790552,0.20451226586858381,0.004061158494641404,0.4108757621907012,0.5487872666898381,0.6617328207337257,/volumes/Seagate/mtg-jamendo-dataset/04/316604.mp3
95.53086167800454,126.04801829268293,0.5384743843265605,1.0,0.10075440257787704,0.27443556624834703,0.41086019832988696,0.2781181366316033,0.00010980969017915346,0.41688743830191155,0.41279991710817376,0.653711601506401,/volumes/Seagate/mtg-jamendo-dataset/04/1132804.mp3
97.22666666666667,87.5926906779661,0.5178428404391532,0.4090281219482423,0.08266298472881317,0.31728358996327727,0.6741940877380805,0.22322591918456497,0.0004508928394337849,0.6817266397374127,0.3777642079512291,0.654205832912127,/volumes/Seagate/mtg-jamendo-dataset/04/965304.mp3
1274.5433106575963,129.19921875,0.45227080345249515,0.48375526428222654,0.04431447759270668,0.14068525012984473,0.2237362288189493,0.06448354717740708,0.0015835191139859732,0.25900732897421913,0.3605487561047779,0.6438434607124188,/volumes/Seagate/mtg-jamendo-dataset/04/433604.mp3
330.00233560090703,129.19921875,0.5932718855834873,0.7020677947998046,0.20133961737155914,0.8667762210222638,1.0,0.5609342514533324,0.004439656169996444,0.9673353964120586,0.6848426162598944,0.6355137390017824,/volumes/Seagate/mtg-jamendo-dataset/04/1209804.mp3
321.82666666666665,135.99917763157896,0.5483353638505548,0.43598548889160155,0.20036926865577698,0.6583334180498507,1.0,0.3458371168127266,0.0023407797129370547,0.42000030785044157,0.5980612865139864,0.6525206794132824,/volumes/Seagate/mtg-jamendo-dataset/04/147504.mp3
171.39707482993197,107.666015625,0.5366057950374797,0.7664518280029298,0.09799864143133163,0.15591831969451495,0.48351276226880574,0.0800964177087412,0.0034185001029224736,0.7190187587772636,0.5765322665388153,0.6199730576075163,/volumes/Seagate/mtg-jamendo-dataset/04/26404.mp3
214.29696145124717,129.19921875,0.5965177791205303,0.6283391723632812,0.2100498229265213,0.6644509472957805,0.9257813043111612,0.44503771707634193,0.0018140964845476035,0.6907148767933795,0.6043495471197358,0.6547480268296004,/volumes/Seagate/mtg-jamendo-dataset/04/1166704.mp3
270.767052154195,151.99908088235293,0.5404687076722354,0.5239884719848633,0.07468760758638382,0.14713592795409805,0.20624483190538903,0.18233323084452868,0.00010265184094474696,0.3783255221613726,0.5539792795817305,0.616091682814752,/volumes/Seagate/mtg-jamendo-dataset/04/1241404.mp3
182.78748299319727,161.4990234375,0.5676565253424595,0.3821211547851563,0.04535701870918274,0.2692864071131521,0.5586825601638296,0.18304316507757012,0.00046304924236144216,0.2999999999999902,0.49702049862550146,0.6169244270102056,/volumes/Seagate/mtg-jamendo-dataset/04/1209204.mp3
225.90374149659863,107.666015625,0.5564393684236719,0.536000015258789,0.13810594379901886,0.40154538382263966,0.753245874134397,0.13504784539057232,0.0013965298456935984,0.8239927693143658,0.5263033992724191,0.644457459913163,/volumes/Seagate/mtg-jamendo-dataset/04/181604.mp3
170.0,120.18531976744185,0.5595885287959241,0.7006952819824218,0.0924190878868103,0.5944647856536184,0.9143134322610679,0.2980466817575367,0.0014541701935855066,0.2999999999999204,0.6458975665448191,0.6040913583302878,/volumes/Seagate/mtg-jamendo-dataset/04/1341304.mp3
267.5,95.703125,0.579660357948239,0.609451904296875,0.14337840676307678,0.5944296499252674,0.8291169549115007,0.28712972950657417,0.0012640914428519868,0.2999999999999787,0.6002062929416918,0.6315749678463694,/volumes/Seagate/mtg-jamendo-dataset/04/1385204.mp3
183.14448979591836,151.99908088235293,0.5794701327496585,0.21060321044921873,0.3234860301017761,0.6451363405006382,0.7753550267395738,1.0,0.0002742454721190853,0.6326326393473345,0.7732869021988987,0.6617975903968596,/volumes/Seagate/mtg-jamendo-dataset/04/112604.mp3
112.681179138322,90.66611842105263,0.5640543017109028,0.5090108489990235,0.2149825245141983,0.29926827123563116,0.5524291108409909,0.298387218366311,0.0003096567656282908,0.5261977566965134,0.3700369772246788,0.7033863133801755,/volumes/Seagate/mtg-jamendo-dataset/04/1265904.mp3
344.05002267573695,120.18531976744185,0.5489344717132632,0.34856201171875,0.039152875542640686,0.3582430769459615,0.5998531695372764,0.2806901104038374,0.00048763742221497963,0.6144899148061775,0.539927186689053,0.60610959785754,/volumes/Seagate/mtg-jamendo-dataset/04/318604.mp3
388.8,99.38401442307692,0.5844863424793336,0.30608596801757815,0.06178317964076996,0.6740278201683709,1.0,0.4565876381687762,0.0013317172412506248,0.5792169454039879,0.5325436227043504,0.6157332201298071,/volumes/Seagate/mtg-jamendo-dataset/04/1053404.mp3
379.37503401360544,132.51201923076923,0.5858402538605538,0.784513153076172,0.18751545250415802,0.5700394189827993,0.8501724270721225,0.3945181103737469,0.0014197866179012262,0.7041715861038674,0.5780869580540725,0.6518881712906824,/volumes/Seagate/mtg-jamendo-dataset/04/326904.mp3
289.71732426303856,139.6748310810811,0.5552840429877831,0.3479951171875,0.2483072131872177,0.49703032636286937,0.8379190117187124,0.23004608294930873,0.003316982487723275,0.2999999999999953,0.5252090958366302,0.6843487775800723,/volumes/Seagate/mtg-jamendo-dataset/04/1366704.mp3
284.1836961451247,139.6748310810811,0.572600007584682,0.5662879791259765,0.067290760576725,0.41018270337159274,0.6451395583467623,0.21474893333785045,0.0007255329091822154,0.6020707882851264,0.5287711119781179,0.6184704514119975,/volumes/Seagate/mtg-jamendo-dataset/04/827704.mp3
294.68356009070294,105.46875,0.5918975234669809,0.5576513061523438,0.11373294144868851,0.5146925572199125,0.7001080940087161,0.40017488867663087,0.00045675704083370774,0.3216233751375302,0.5101203447556912,0.6389197899703896,/volumes/Seagate/mtg-jamendo-dataset/04/1136904.mp3
229.0,120.18531976744185,0.53746195847609,0.21464044189453138,0.1271418035030365,0.4050526417335564,0.708299864556252,0.45158465485795546,0.0006653654610448794,0.7375875690301181,0.4677625527407697,0.6522185387129391,/volumes/Seagate/mtg-jamendo-dataset/04/1227904.mp3
236.22530612244898,120.18531976744185,0.5797383401963239,0.46065844726562494,0.16121548414230347,0.6155432609281588,0.8907097793895671,0.3709997398789538,0.0015628571538286768,0.8035941737588788,0.5774020428757356,0.6425571657160821,/volumes/Seagate/mtg-jamendo-dataset/04/81804.mp3
184.36,107.666015625,0.5306779011270589,0.5815764694213869,0.06788340955972672,0.2553722810263402,0.4029265475880513,0.24655126866130123,9.804340685705637e-05,0.5937251582351772,0.4144635072252563,0.6415453259964503,/volumes/Seagate/mtg-jamendo-dataset/04/1057704.mp3
435.744693877551,139.6748310810811,0.5668417332232525,0.37995605468749993,0.19348840415477753,0.4886076578313362,0.7949338156550583,0.34643920114997806,0.0008317920397699201,0.29999999367309066,0.6330951875719839,0.6430367879813231,/volumes/Seagate/mtg-jamendo-dataset/04/1153404.mp3
143.14285714285714,126.04801829268293,0.48476836240104515,0.849297203063965,0.034570932388305664,0.45977911507904373,0.6603694622776904,0.2235349039621783,0.0009266922730253037,0.353452121253898,0.5065254319023643,0.6111404492793171,/volumes/Seagate/mtg-jamendo-dataset/04/1170404.mp3
195.4132426303855,99.38401442307692,0.5715785644362591,0.4551180725097656,0.2742985486984253,0.35091616182252894,0.5947509763381386,0.333432254474636,0.0003194010258607241,0.6949679115974395,0.39789013988534716,0.7191694495543637,/volumes/Seagate/mtg-jamendo-dataset/04/1015404.mp3
140.90984126984128,126.04801829268293,0.5395134574761968,0.5057425842285156,0.12648087739944458,0.3553245886688201,0.6785698168932924,0.24894527317193746,0.0006607347724931502,0.675709907534632,0.4514561158146537,0.6552418927008693,/volumes/Seagate/mtg-jamendo-dataset/04/1151404.mp3
399.28269841269844,129.19921875,0.5999441904602989,0.25981996154785153,0.259823739528656,0.2462012353268245,0.45235659481073726,0.24954484593694506,0.00024815665250192204,0.48465329921914246,0.37868098569627534,0.717800349091061,/volumes/Seagate/mtg-jamendo-dataset/04/1413904.mp3
192.86666666666667,129.19921875,0.5787509723413168,0.18750653076171875,0.22815106809139252,0.6308351564434984,0.7991511407803036,1.0,0.0004968991024414814,0.6749200664790067,0.5605127550808171,0.6700318334967379,/volumes/Seagate/mtg-jamendo-dataset/04/400404.mp3
409.4209523809524,135.99917763157896,0.5612915006490515,0.5956264038085939,0.17369970679283142,0.7267385638141208,1.0,0.25699107454707043,0.008223022065375812,0.29999999996222143,0.6242644697474552,0.6376790004959283,/volumes/Seagate/mtg-jamendo-dataset/04/1097204.mp3
203.4,126.04801829268293,0.6529316576909447,0.3935113525390625,0.2846274971961975,0.11511790050181712,0.3220762351585922,0.11074924824590712,0.00033415988189598636,0.4469349759418157,0.35029182610151643,0.7324075337703277,/volumes/Seagate/mtg-jamendo-dataset/04/229604.mp3
195.92263038548754,147.65625,0.578781334757849,0.4074763488769531,0.2586894631385803,0.6229751050215209,0.9188396163759968,0.23517507905583912,0.002476336480407034,0.9572209728164387,0.5870028613651515,0.6757276344568586,/volumes/Seagate/mtg-jamendo-dataset/04/321104.mp3
217.52163265306123,90.66611842105263,0.553010191417433,0.412127685546875,0.25052905082702637,0.5599905232626331,0.8199280794997842,0.37184577492657933,0.001115486143647778,0.9190710572857865,0.5682109221784724,0.6765482738620351,/volumes/Seagate/mtg-jamendo-dataset/04/1074804.mp3
301.2266666666667,112.34714673913044,0.5664353842054594,0.8861674499511719,0.044012416154146194,0.1883518788263823,0.3069504591271699,0.1562081095257881,0.00014706407505960515,0.29873636550723776,0.3875569816689404,0.6383330734817045,/volumes/Seagate/mtg-jamendo-dataset/04/326504.mp3
79.99403628117913,120.18531976744185,0.6014823480040075,0.51141357421875,0.13244135677814484,0.5966296146809372,0.8834563312611682,0.5472574690918872,0.001613598529459632,0.9271297500708102,0.5580887677915352,0.6360611348818251,/volumes/Seagate/mtg-jamendo-dataset/04/1164204.mp3
68.74954648526077,135.99917763157896,0.41915242647936035,0.2808004608154297,0.12035621702671051,0.18694775727867766,0.18169388202301917,0.2357492936631494,2.1786265613495504e-05,0.7011432473942065,0.3149792688108397,0.6803323843674478,/volumes/Seagate/mtg-jamendo-dataset/04/1345304.mp3
241.25333333333333,147.65625,0.5913100929331442,0.39622647094726565,0.2987399101257324,0.6958613247342761,1.0,0.4532869316181131,0.003582092721748806,0.8164963218961492,0.6635675253005083,0.6748328625851621,/volumes/Seagate/mtg-jamendo-dataset/04/1104.mp3
147.0,156.60511363636363,0.5492769644222846,0.36289640045166016,0.08089571446180344,0.22194188189416605,0.46207669918029387,0.1779694187717426,0.0005840474012737496,0.2997708689493085,0.47715152990579945,0.6336921512250894,/volumes/Seagate/mtg-jamendo-dataset/04/37804.mp3
229.39997732426303,129.19921875,0.5753847702919644,0.4132557373046874,0.2366693764925003,0.6634076633412421,0.9138688472016893,0.6381590852701886,0.0010091765219704255,0.29999999999993615,0.6146587787680248,0.6622692197836951,/volumes/Seagate/mtg-jamendo-dataset/04/1373104.mp3
280.5902494331066,156.60511363636363,0.53529981746631,0.36706985473632814,0.08877476304769516,0.17737394370808424,0.3284970926452062,0.2379803194779848,8.481616451405034e-05,0.29965344856955267,0.4750398804519991,0.6369509386067704,/volumes/Seagate/mtg-jamendo-dataset/04/1066204.mp3
234.35897959183674,117.45383522727273,0.5585458356860378,0.3076305389404297,0.28414779901504517,0.8047576681076691,1.0,0.5572106241224901,0.006032177625341236,0.7075592886685194,0.7207945262116296,0.6581343024030903,/volumes/Seagate/mtg-jamendo-dataset/04/564204.mp3
211.93249433106575,126.04801829268293,0.5994747648771735,0.7886982727050781,0.10748876631259918,0.474591656707118,0.7302946448228215,0.2774713242613116,0.0010177607056881836,0.6516517763499898,0.6092072891454651,0.6168544980434427,/volumes/Seagate/mtg-jamendo-dataset/04/1132204.mp3
186.42666666666668,139.6748310810811,0.5557947351125908,0.8097568893432617,0.19868254661560059,0.6177162782329938,0.947631200396735,0.1838238823289964,0.00762481981082755,0.6326792918377959,0.5848396928651671,0.6545577782085829,/volumes/Seagate/mtg-jamendo-dataset/04/1319504.mp3
120.0,126.04801829268293,0.6001133626882573,0.6667613983154297,0.0525982491672039,0.6487161436828398,0.7026979854551354,0.8433526202522088,0.0001654504193068924,0.4988376593162961,0.6525496754555937,0.5884254346090746,/volumes/Seagate/mtg-jamendo-dataset/04/1380004.mp3
242.6198866213152,120.18531976744185,0.569231950998073,0.4881014556884765,0.22453774511814117,0.6615561319648897,0.9888601470719652,0.4760906050059639,0.0025310143396317306,0.6653634514912687,0.574550897688203,0.6659234087048902,/volumes/Seagate/mtg-jamendo-dataset/04/174904.mp3
64.64290249433107,103.359375,0.5513128898048958,1.0,0.027509333565831184,0.21195519699017767,0.35261688372383954,0.09536375105130362,0.0005201918530757118,0.29563270982284096,0.6570995661297283,0.5784834468577535,/volumes/Seagate/mtg-jamendo-dataset/04/974304.mp3
105.33333333333333,90.66611842105263,0.5104633367082778,0.6099082489013672,0.03751509264111519,0.18869828283850615,0.27363774189724455,0.1448355210985153,0.00018233944912941557,0.299992814825108,0.4386650681532418,0.6257724197201531,/volumes/Seagate/mtg-jamendo-dataset/04/303804.mp3
245.5624716553288,99.38401442307692,0.5552672354018954,0.6156570434570312,0.09844927489757538,0.5186556377996261,0.9633077863614345,0.1423707118731629,0.0039272482696718495,0.6274179186841402,0.5043898771873246,0.6345637635256622,/volumes/Seagate/mtg-jamendo-dataset/04/506004.mp3
223.83421768707484,161.4990234375,0.5934541702766323,0.6000567626953125,0.16172784566879272,0.5600765857190932,0.6406376827646904,0.48785168505212023,0.0006622947862530837,0.5957501983254803,0.7431629280363605,0.6095894388334933,/volumes/Seagate/mtg-jamendo-dataset/04/133104.mp3
321.5034693877551,132.51201923076923,0.5773705672147124,0.5913392944335938,0.08857367932796478,0.7479394843878613,0.9258986591374756,0.565178637486216,0.0024072199125089334,0.8187305743888763,0.7543122076116417,0.5810240830357389,/volumes/Seagate/mtg-jamendo-dataset/04/28104.mp3
249.2353514739229,139.6748310810811,0.5999263486471924,0.43965155029296865,0.21847017109394073,0.6297669162378535,0.789685503077581,0.7359345957908991,0.0005354574827057374,0.48804312192202637,0.6524590237153373,0.6481574568507512,/volumes/Seagate/mtg-jamendo-dataset/04/279604.mp3
261.3097505668934,90.66611842105263,0.5804589131948572,0.900119659423828,0.17788691818714142,0.5378954426758485,0.8632111473675266,0.2857433888005132,0.0029971229630759715,0.3,0.7170731266794572,0.6206246652114794,/volumes/Seagate/mtg-jamendo-dataset/04/372604.mp3
158.66775510204081,120.18531976744185,0.5499185087808445,0.25134997558593747,0.07739542424678802,0.5475609095775184,0.6696031148033241,0.8231535102356219,0.0003528597098867248,0.47192172173260305,0.8115089803195605,0.5655605566649317,/volumes/Seagate/mtg-jamendo-dataset/04/1041104.mp3
64.22541950113379,109.95678191489361,0.595361674921207,0.5239042816162109,0.2834802269935608,0.5968147892459762,0.9324665430791655,0.4333095250692203,0.0014028302747795523,0.2999999999999687,0.6314255357255185,0.6757677745725782,/volumes/Seagate/mtg-jamendo-dataset/04/1264204.mp3
210.46566893424037,135.99917763157896,0.5496803883101098,0.5586787109375,0.26104873418807983,0.4505747129735226,0.7475133836279723,0.26218980773292755,0.0010774911337057141,0.29999996004580315,0.6229519646769008,0.6693871513723286,/volumes/Seagate/mtg-jamendo-dataset/04/1312104.mp3
227.16818594104308,151.99908088235293,0.5553271907204963,0.8331954803466798,0.13942107558250427,0.32308077139958746,0.6283185082092787,0.284697356300491,0.000758538405883463,0.2999999999970736,0.4857245344230813,0.6530466803250853,/volumes/Seagate/mtg-jamendo-dataset/04/768904.mp3
313.2390702947846,143.5546875,0.5294399980376863,0.5372805786132813,0.05489698052406311,0.16855510529081344,0.30689258850038614,0.10651090514463203,0.0009504010007331487,0.2999900311603341,0.2870449237629208,0.6623539282360786,/volumes/Seagate/mtg-jamendo-dataset/04/1150404.mp3
209.97333333333333,135.99917763157896,0.5689223276458357,0.31069221496582033,0.0835576206445694,0.5960350407205106,0.7491522087025008,0.8372744853181142,0.0005488007494339993,0.8683096868882652,0.6135396142510651,0.6073728205818321,/volumes/Seagate/mtg-jamendo-dataset/04/1393404.mp3
440.70666666666665,112.34714673913044,0.5219234496550624,0.3994660797119141,0.08175539970397949,0.1945659764117054,0.31062669888553485,0.15571577270040352,0.00016465972501967786,0.31359152801749246,0.48692772749615226,0.6320463983942022,/volumes/Seagate/mtg-jamendo-dataset/04/299204.mp3
240.0,120.18531976744185,0.5945527541065374,0.386632064819336,0.327688068151474,0.5473796198019502,0.9589691809469797,0.41324378917163784,0.0016156434135343608,0.3,0.5100398263491241,0.7159597392647058,/volumes/Seagate/mtg-jamendo-dataset/04/1279204.mp3
328.50666666666666,120.18531976744185,0.5688549323479946,0.4590365600585937,0.16806313395500183,0.5515933276214405,0.8561510828429293,0.27752918623333817,0.0017873782701105152,0.7653109331420087,0.5196798599050446,0.6565667562427917,/volumes/Seagate/mtg-jamendo-dataset/04/1053504.mp3
467.8356462585034,105.46875,0.5171579702530199,0.5598948822021484,0.0407199002802372,0.26710194267579235,0.4573781157384505,0.19986768972089552,0.0002487651417911743,0.29999994430481697,0.3939799863917066,0.6358631668225441,/volumes/Seagate/mtg-jamendo-dataset/04/1396104.mp3
193.0,99.38401442307692,0.5292168933560262,0.8173263854980469,0.051013506948947906,0.1556266606648478,0.24168274534385598,0.10930303528251836,0.0003607224494605254,0.2999931183150116,0.3388314952673285,0.6505985634481556,/volumes/Seagate/mtg-jamendo-dataset/04/1117704.mp3
164.99671201814058,99.38401442307692,0.5756150322642615,0.5531636810302734,0.19458158314228058,0.7753339721364191,1.0,0.49237847782361865,0.004850074120831244,0.8310661443449618,0.594035155759199,0.6512423387793812,/volumes/Seagate/mtg-jamendo-dataset/04/1343404.mp3
101.38122448979591,126.04801829268293,0.6104426649921328,0.290466552734375,0.22461171448230743,0.5354450041859293,0.793456051024896,0.7430330146654267,0.000792451436071065,0.49818109674045474,0.5481141432728077,0.6712373885590691,/volumes/Seagate/mtg-jamendo-dataset/04/39104.mp3
280.81632653061223,132.51201923076923,0.5431308265492019,0.34406477355957016,0.29999348521232605,0.4245676499356221,0.7388535615561995,0.2442313664909429,0.0015663415468463013,0.7813061154227422,0.492724710712684,0.7094527125339006,/volumes/Seagate/mtg-jamendo-dataset/04/330504.mp3
50.40832199546485,120.18531976744185,0.6218189694288432,0.8438886260986328,0.11359485983848572,0.5442325216843065,0.7607932510378885,0.4324465515498085,0.0003778438622542612,0.6065241483518908,0.6251029480420958,0.6158735599334357,/volumes/Seagate/mtg-jamendo-dataset/04/1349104.mp3
474.72326530612247,178.20581896551724,0.5658847333784188,0.6727233657836913,0.07424882799386978,0.4540754245659462,0.7832410825730873,0.2586296369199936,0.0013655308762639512,0.7314309386195694,0.5987907221616015,0.6069714336454728,/volumes/Seagate/mtg-jamendo-dataset/04/36204.mp3
189.93342403628117,107.666015625,0.5558100119539731,0.34882707214355463,0.2760808765888214,0.358582820167474,0.6568727018728733,0.19838600989921878,0.0008449495191050721,0.4229328740993886,0.3538382144015873,0.7286214726916582,/volumes/Seagate/mtg-jamendo-dataset/04/1215804.mp3
284.0,95.703125,0.5836825769979539,0.5492926559448241,0.06617049127817154,0.6265878675493978,0.9022637623045375,0.48929110556742067,0.0023813205370820617,0.4831793652469497,0.5276639236723629,0.6182885921256691,/volumes/Seagate/mtg-jamendo-dataset/04/452504.mp3
73.11673469387755,114.84375,0.5642078139139125,0.8550552368164063,0.04357146471738815,0.20283724279939783,0.3417560723830531,0.13390778334585507,0.00030234998420485074,0.27353935566593474,0.34305049879632116,0.6470756275389955,/volumes/Seagate/mtg-jamendo-dataset/04/1042004.mp3
215.9999319727891,120.18531976744185,0.5261874135583936,0.5481444702148438,0.24622341990470886,0.45666510998803994,0.8194564551113054,0.34820563577847546,0.002398220171713652,0.5357934650365158,0.5514762058655406,0.6783451899925871,/volumes/Seagate/mtg-jamendo-dataset/04/1328504.mp3
248.0,135.99917763157896,0.5753760818544391,1.0,0.1831631064414978,0.16564215600091378,0.3339658596798841,0.1270882312306106,0.0005630106200672345,0.2999999824301582,0.40223736854186115,0.685491244610567,/volumes/Seagate/mtg-jamendo-dataset/04/1114504.mp3
34.05145124716553,107.666015625,0.5745622167887964,1.0,0.1002034917473793,0.3547834429851575,0.5349753171233194,0.3250762974728282,7.458430401368261e-05,0.29999999981050085,0.499598851431488,0.636153486742759,/volumes/Seagate/mtg-jamendo-dataset/04/1330504.mp3
259.52,161.4990234375,0.5643633337925014,0.6454609680175781,0.2525501847267151,0.6361826864759219,0.9729475270251987,0.3802536567908401,0.0026668863631346368,0.48471731924378236,0.6506023989175065,0.6607975867181161,/volumes/Seagate/mtg-jamendo-dataset/04/1159704.mp3
378.8596825396825,139.6748310810811,0.5630464556190959,0.7126361999511718,0.21793146431446075,0.40264139895668993,0.6222059909478161,0.256526649291866,0.002449454260860679,0.7899539436951971,0.5943202444975563,0.6595912782536946,/volumes/Seagate/mtg-jamendo-dataset/04/1247104.mp3
232.87497916666666,160.71428571428572,0.573188583210811,0.2327351989746093,0.17334480583667755,0.45429517827664934,0.7214395009066996,0.46461353533976874,0.00038513128972653365,0.6931687758042717,0.5659387012614401,0.6492163898489159,/volumes/Seagate/mtg-jamendo-dataset/04/988504.mp3
226.90662131519275,112.34714673913044,0.5702854063982429,0.4710597839355468,0.20271871984004974,0.41274929127163484,0.7606317633237646,0.1936965975952929,0.0018817901104006816,0.5290669013519345,0.3842943087457172,0.6961198773932745,/volumes/Seagate/mtg-jamendo-dataset/04/1274504.mp3
104.0,120.18531976744185,0.5806509376736276,0.7689596328735351,0.11000427603721619,0.10324539387667962,0.20746668564787318,0.18452126182346887,7.648128343422871e-05,0.1766884424085668,0.4667954574107535,0.6462424478912472,/volumes/Seagate/mtg-jamendo-dataset/04/1173504.mp3
142.78666666666666,139.6748310810811,0.5261949919262664,0.6905792236328128,0.10421201586723328,0.38091175812900174,0.6783059498182958,0.21009124279388172,0.0014415971737725014,0.7096315608246945,0.5063769984949655,0.6362409260132109,/volumes/Seagate/mtg-jamendo-dataset/04/1294004.mp3
222.05333333333334,112.34714673913044,0.574974298310289,0.3382913208007812,0.09648950397968292,0.4673687871696469,0.7723764437462552,0.3626950537294362,0.001550413353985257,0.29999999944025735,0.5697167091693498,0.6207928795988159,/volumes/Seagate/mtg-jamendo-dataset/04/218404.mp3
157.52292517006802,99.38401442307692,0.5905516729462728,0.9024159088134767,0.029169626533985138,0.7711522979381937,1.0,0.012246174643350207,0.07525018245660545,0.5706140650621578,0.595113574839952,0.5914783505842443,/volumes/Seagate/mtg-jamendo-dataset/04/1404304.mp3
468.75,129.19921875,0.5778947446731172,0.5942854919433594,0.24279071390628815,0.7229977971243138,1.0,0.33552614966397337,0.009153093161606667,0.7577231340496773,0.575413439219159,0.672321969162432,/volumes/Seagate/mtg-jamendo-dataset/04/870104.mp3
298.32528344671204,99.38401442307692,0.5644548237272846,0.35571640014648437,0.18459051847457886,0.4639003122755923,0.8267640418993181,0.29199419858457615,0.0014213830849314905,0.48149660938946215,0.5348663812087162,0.6594793104091052,/volumes/Seagate/mtg-jamendo-dataset/04/1074704.mp3
114.86160997732426,139.6748310810811,0.5982343792385024,0.7576069030761718,0.1966128647327423,0.7751686578312085,0.9448523065263494,1.0,0.0037858246348913835,0.2999972791964511,0.799746496274553,0.6108313320488766,/volumes/Seagate/mtg-jamendo-dataset/04/1405004.mp3
216.35816326530613,112.34714673913044,0.5537567084307515,0.411954345703125,0.12210793793201447,0.2674507774958138,0.5435561643474472,0.2381179359121344,0.0007204026790518384,0.3454080372307737,0.38979187052218106,0.666000483551089,/volumes/Seagate/mtg-jamendo-dataset/04/300704.mp3
227.36,114.84375,0.5493334150056566,0.1591911773681641,0.20358528196811676,0.6834161653032151,0.8005956828367958,0.9715646421170094,0.0006934126056095574,0.4719563628883161,0.6505415413258038,0.6431823932433612,/volumes/Seagate/mtg-jamendo-dataset/04/119404.mp3
246.62204081632652,120.18531976744185,0.5416209802809361,0.3308816223144531,0.11854208260774612,0.27785016121496425,0.5722341057557783,0.20986838706121846,0.0014510582100050427,0.8031378277026272,0.4992591120574733,0.642823327327294,/volumes/Seagate/mtg-jamendo-dataset/04/946804.mp3
285.0815419501134,97.50884433962264,0.5940208927161263,0.659236083984375,0.1719704121351242,0.3842579834484615,0.7653815165663342,0.13750992048710958,0.002008728903418809,0.299999999999998,0.39098299713044643,0.6837127489425554,/volumes/Seagate/mtg-jamendo-dataset/04/1323804.mp3
193.58526077097505,109.95678191489361,0.6088405891468156,0.8829597320556641,0.12098643183708191,0.491049870944121,0.8864492318062005,0.16746963103813947,0.0026244476433528153,0.2999999999940177,0.5624500898491758,0.6310650974915144,/volumes/Seagate/mtg-jamendo-dataset/04/891604.mp3
201.77086167800454,112.34714673913044,0.5698752307398538,0.4286185607910156,0.23290780186653137,0.5710662275977961,0.9179491160602149,0.4812091273962222,0.00164793151380164,0.7885204316872287,0.6142384638342693,0.6609991159050974,/volumes/Seagate/mtg-jamendo-dataset/04/1168804.mp3
227.32004535147394,103.359375,0.5316682981543772,0.39839373779296877,0.19149494171142578,0.2686325395591746,0.5630509584513056,0.14516280923789832,0.002004659543511199,0.5172281068728306,0.37953042365703066,0.6930320942847072,/volumes/Seagate/mtg-jamendo-dataset/04/277804.mp3
208.57639455782314,126.04801829268293,0.6069108799003082,1.0,0.350240558385849,0.7491045549880897,1.0,0.8314792439920392,0.005901735315186039,0.29999998583846427,0.6345851601022313,0.6991695689984594,/volumes/Seagate/mtg-jamendo-dataset/04/1248104.mp3
261.5585208333333,130.8139534883721,0.5186910003292258,0.4933503112792969,0.14223919808864594,0.23288299491511774,0.473211697123772,0.20841653388395887,0.00031061315946158435,0.2999813669888692,0.533406513777668,0.644524808556379,/volumes/Seagate/mtg-jamendo-dataset/04/1148304.mp3
205.72879818594103,120.18531976744185,0.5956491747028151,0.17873764038085938,0.3233698010444641,0.5016267879740495,0.7662223966795182,0.735026240054173,0.0005573278605860455,0.29998267951151075,0.45697714212310137,0.7250176999513868,/volumes/Seagate/mtg-jamendo-dataset/04/774004.mp3
215.49600907029478,126.04801829268293,0.5592435951602528,0.5368546752929688,0.15254223346710205,0.6194832691637348,0.9056034279737498,0.27558295074384853,0.0023925703296540134,0.7369422105471715,0.6618964542527406,0.6225359131976086,/volumes/Seagate/mtg-jamendo-dataset/04/23004.mp3
114.13668934240363,114.84375,0.5197235808705309,1.0,0.2217404842376709,0.5246026252988072,0.7961805612751772,0.40691739172503105,0.001443165314237478,0.7540989092528777,0.5167358349052125,0.6764794073445191,/volumes/Seagate/mtg-jamendo-dataset/04/1076604.mp3
134.77650793650793,117.45383522727273,0.6380248298906764,0.35006610107421876,0.11933982372283936,0.07891683940681764,0.15934197056935917,0.14806048293061103,0.00042445842206067206,0.2999994614880902,0.2124593359116779,0.7004704693578866,/volumes/Seagate/mtg-jamendo-dataset/04/727904.mp3
211.32,130.8139534883721,0.5952424078896792,0.4554290466308595,0.26783454418182373,0.5869446870250979,0.8504258044046898,0.49539599060436396,0.0007730561723817047,0.6162781540489282,0.5663986466400952,0.6831407065774375,/volumes/Seagate/mtg-jamendo-dataset/04/887204.mp3
240.0,97.50884433962264,0.5900930956517279,0.4694641723632813,0.24673324823379517,0.5167035294903624,0.7778640539429011,0.6824713999848976,0.0008476232167175056,0.8559257215785017,0.5887645298064315,0.67107106340288,/volumes/Seagate/mtg-jamendo-dataset/04/1337804.mp3
187.7942857142857,129.19921875,0.5757225659934356,0.6678255462646484,0.1484411507844925,0.6844547421364033,0.9282936664775696,0.4576207449759957,0.0015695175505147992,0.29999999975266745,0.6232300539193629,0.6287928034985447,/volumes/Seagate/mtg-jamendo-dataset/04/1291604.mp3
106.82666666666667,139.6748310810811,0.5048043144030918,0.6060398330688476,0.05640728399157524,0.17696792319716698,0.2636321700370202,0.1835078270365403,9.996249577029923e-05,0.3810240178469291,0.43535625962454716,0.6332353703120577,/volumes/Seagate/mtg-jamendo-dataset/04/1374304.mp3
356.00979591836733,126.04801829268293,0.60436467211101,0.7540306701660157,0.11406806856393814,0.6588405681077878,0.9179196338033204,0.25558080436503045,0.003511460965014589,0.2999999999999949,0.6060686088055298,0.6198507829219118,/volumes/Seagate/mtg-jamendo-dataset/04/219004.mp3
202.72609977324262,120.18531976744185,0.4908279748204005,0.30046784210205074,0.06344027072191238,0.28033028468863136,0.4866616614763815,0.27926927041575994,0.00013202979909233492,0.29101218347814334,0.5418521566608123,0.614468066127726,/volumes/Seagate/mtg-jamendo-dataset/04/1347804.mp3
153.93333333333334,120.18531976744185,0.6019468807439696,0.30328259277343755,0.23140588402748108,0.5418013849804273,0.7512716638211525,0.6369387383443184,0.000676725741080086,0.9655242121172716,0.6219762535462249,0.6589108675406482,/volumes/Seagate/mtg-jamendo-dataset/04/1417804.mp3
310.29333333333335,86.1328125,0.5499996938614113,0.42504040527343745,0.21032902598381042,0.5885871701305435,0.9902000460724772,0.33854939784104315,0.0026229753687540703,0.7861729752125317,0.5535772017396176,0.6650030090062482,/volumes/Seagate/mtg-jamendo-dataset/04/1194604.mp3
222.0930612244898,147.65625,0.579342021426849,0.949632713317871,0.12884993851184845,0.5999887673697623,0.794647053264038,0.3566883837160379,0.0012012141346289238,0.29999999999995597,0.5112848174312323,0.644129014378019,/volumes/Seagate/mtg-jamendo-dataset/04/1031804.mp3
280.88437641723357,117.45383522727273,0.5765595855277117,0.8098028182983399,0.12930311262607574,0.2371873157936844,0.5902183208057123,0.07888793230331245,0.0032269880963444243,0.2999998898386781,0.5431636564030586,0.6379163892647756,/volumes/Seagate/mtg-jamendo-dataset/04/1049704.mp3
341.26784580498867,147.65625,0.5937963421587087,0.2770177612304688,0.2261301875114441,0.8488785303874009,1.0,0.4733434838345662,0.012278417140029094,0.8072703476510885,0.6881678298817826,0.6437733015277634,/volumes/Seagate/mtg-jamendo-dataset/04/130604.mp3
230.70068027210885,147.65625,0.5498563875997559,1.0,0.04815472289919853,0.4554493665731482,0.6647687591655574,0.05419246824947742,0.008657125998779278,0.5229534188187849,0.42927529901959377,0.6314806404397927,/volumes/Seagate/mtg-jamendo-dataset/04/1387904.mp3
132.54637188208616,109.95678191489361,0.5894488445799988,0.5779543762207031,0.12982378900051117,0.6320784022721312,0.9669412353869534,0.5032354405176704,0.00301174833218192,0.5181679145115078,0.640960195086705,0.618544525022843,/volumes/Seagate/mtg-jamendo-dataset/04/1087104.mp3
280.6249886621315,129.19921875,0.5794350387655818,1.0,0.14734433591365814,0.4157830489361469,0.7779089630315577,0.10387709222119526,0.002519960340502411,0.3,0.5758694336048377,0.6378700742079494,/volumes/Seagate/mtg-jamendo-dataset/04/235304.mp3
177.0,123.046875,0.5847896910407062,0.3838218688964844,0.30179330706596375,0.7592587311541696,1.0,0.4979334043635596,0.004718922211578738,0.6945773953703515,0.7125534569957115,0.6661348991446046,/volumes/Seagate/mtg-jamendo-dataset/04/1420704.mp3
197.01551020408164,139.6748310810811,0.5635969651933839,0.7381902923583984,0.09350043535232544,0.4831925517416054,0.7231960172040489,0.31531368124523906,0.0016040454405330772,0.47338121321173243,0.6479502699146295,0.6040701027439113,/volumes/Seagate/mtg-jamendo-dataset/04/373104.mp3
388.0286621315193,139.6748310810811,0.5746314118111358,0.9606179656982421,0.11817339062690735,0.38292288601343794,0.561642978982295,0.15187788750699643,0.0008689748181057817,0.7260511450722539,0.6018324600332176,0.6221759286190431,/volumes/Seagate/mtg-jamendo-dataset/04/229104.mp3
172.094693877551,120.18531976744185,0.5858223903608916,0.260814208984375,0.15393400192260742,0.4594515189509235,0.7861396183016244,0.4929484816974451,0.0012782068801123177,0.64962126687673,0.5821766335847098,0.6389809139751967,/volumes/Seagate/mtg-jamendo-dataset/04/152604.mp3
151.89755102040817,129.19921875,0.6041343232206413,1.0,0.06830386072397232,0.39755145218313553,0.6334442814602953,0.15161806264959624,0.0005461213399557388,0.39785444283078003,0.6632327815770054,0.591942833545229,/volumes/Seagate/mtg-jamendo-dataset/04/1326604.mp3
477.0307482993197,120.18531976744185,0.5094876198819068,0.4809289245605469,0.0594770610332489,0.307839230889692,0.4141188995571191,0.17595273555500285,0.00037791161224511803,0.27644835467936557,0.46410612969360354,0.6285905160332489,/volumes/Seagate/mtg-jamendo-dataset/04/1028504.mp3
169.5,120.18531976744185,0.572835123493812,0.4332623443603516,0.3032192587852478,0.5682901974037808,0.7449170755567985,0.7903184096224524,0.0004568462599057619,0.6444181080345468,0.5062441082178792,0.7079101115191133,/volumes/Seagate/mtg-jamendo-dataset/04/1417904.mp3
320.6269387755102,139.6748310810811,0.6154121693895562,0.25988809204101565,0.49975594878196716,0.7287198640045425,0.9339427822657577,1.0,0.0014033323233652477,0.624559474363551,0.8015296281632978,0.7196062159288485,/volumes/Seagate/mtg-jamendo-dataset/04/1299904.mp3
278.28375,106.13207547169812,0.598005626822012,0.8368694381713868,0.09965656697750092,0.3091351995913182,0.5414953629381098,0.2047529658125251,0.0007140230330908942,0.2999999338583807,0.5198476317829935,0.6319068377553017,/volumes/Seagate/mtg-jamendo-dataset/04/1137204.mp3
164.28,120.18531976744185,0.5596020707372886,1.0,0.020788462832570076,0.12525617235752418,0.2421212081263087,0.09188140998017755,0.0006832353930196752,0.29887493731338277,0.4699249088137627,0.6134988648569727,/volumes/Seagate/mtg-jamendo-dataset/04/1028904.mp3
368.96553287981857,172.265625,0.5850079812383195,0.7025247192382813,0.19222041964530945,0.7557900007922079,1.0,0.13837720190234848,0.010869260242509003,0.5384385181632686,0.7066761303151031,0.6278641250092908,/volumes/Seagate/mtg-jamendo-dataset/04/769504.mp3
333.6881632653061,139.6748310810811,0.576034383156758,0.3860605621337891,0.42543357610702515,0.6821090317138153,0.8888486592767627,0.8592215691831959,0.0010764229848544762,0.715359123179253,0.6244992334734704,0.728256240703835,/volumes/Seagate/mtg-jamendo-dataset/04/454904.mp3
316.0,120.18531976744185,0.5743807289186775,0.5600036468505859,0.13692867755889893,0.5837744750998725,0.860716920139537,0.5317813355222244,0.0009353395096440308,0.3,0.6422519032621813,0.6208439432687674,/volumes/Seagate/mtg-jamendo-dataset/04/1300204.mp3
192.85,166.70866935483872,0.6034120078685918,0.46671722412109373,0.2473333328962326,0.7943829089029654,1.0,0.27793953756767115,0.015746439922108717,0.6374809769742977,0.6661741640029644,0.6558051670420509,/volumes/Seagate/mtg-jamendo-dataset/04/945204.mp3
320.40097505668933,129.19921875,0.5994210317468832,0.31429325866699215,0.3331396281719208,0.5830203220342234,0.8624338525770695,0.4101771248888661,0.002232797898595978,0.7675326859266618,0.5500350555067441,0.7099232550405427,/volumes/Seagate/mtg-jamendo-dataset/04/1378204.mp3
348.7797278911565,161.4990234375,0.5991275145506068,0.3128490600585938,0.22296564280986786,0.6102798878459983,0.8838290079045545,0.601069559527231,0.001509799141305857,0.5236669411637747,0.6526659606242466,0.6497344392867032,/volumes/Seagate/mtg-jamendo-dataset/04/1033504.mp3
234.89585416666668,119.68085106382979,0.597198968261865,0.2712907714843751,0.14648979902267456,0.5636032539961805,1.0,0.3718598474696036,0.0020171247889733245,0.5703828115228398,0.4979036369343743,0.6531556002612879,/volumes/Seagate/mtg-jamendo-dataset/04/262004.mp3
325.8666666666667,109.95678191489361,0.5878135697103676,0.44462123107910156,0.3235591948032379,0.5003888483598484,0.7795163023651434,0.41231486598747985,0.0012200578978470778,0.5062090047746206,0.5829482903935274,0.6998916520504601,/volumes/Seagate/mtg-jamendo-dataset/04/530904.mp3
205.10185941043085,112.34714673913044,0.5350461780930971,0.9344967651367186,0.04780925065279007,0.12724954438449687,0.3592355950890242,0.07755122889996093,0.0029212821963088774,0.5548695730536946,0.34936721474108123,0.6473378872867882,/volumes/Seagate/mtg-jamendo-dataset/04/1227104.mp3
188.10666666666665,103.359375,0.6016895452973721,0.30552655029296877,0.29061904549598694,0.4417838116362441,0.7286339471941004,0.5394821494965552,0.0009140712081368305,0.2999999999899674,0.5314299607598745,0.6983368642265804,/volumes/Seagate/mtg-jamendo-dataset/04/1352704.mp3
295.5232653061224,129.19921875,0.5693215088024921,0.8066372070312501,0.1143302246928215,0.5978701473175801,0.8449412231863387,0.23602090729216071,0.0018962959734288944,0.9815852643492042,0.6734848283732959,0.6064619152147566,/volumes/Seagate/mtg-jamendo-dataset/04/473104.mp3
123.2,126.04801829268293,0.5170760616615253,1.0,0.03656643256545067,0.36802008762539934,0.5944043853810822,0.1934496612210751,0.0007039057283371689,0.2999079033819963,0.48591481484417964,0.6159809527547263,/volumes/Seagate/mtg-jamendo-dataset/04/1070704.mp3
390.24326530612245,129.19921875,0.5858287385654621,0.3153037414550781,0.28005221486091614,0.6373270212492844,1.0,0.21070593331703108,0.008398046459286743,0.8990041640533804,0.6130686570040028,0.6782050659491292,/volumes/Seagate/mtg-jamendo-dataset/04/1414204.mp3
186.67360544217686,90.66611842105263,0.5385693436137774,0.665066131591797,0.1869981586933136,0.41230379948362905,0.6545786974316936,0.2874035061639254,0.0011723706108038466,0.3520580657574587,0.502822104420115,0.6667549162455699,/volumes/Seagate/mtg-jamendo-dataset/04/1287604.mp3
282.07020408163265,123.046875,0.5892826621305624,0.5985208129882813,0.2567119002342224,0.5203502681205668,0.7561962835295918,0.7070114924066594,0.0005576855747686939,0.2999999948900846,0.6358258588914563,0.6652511123060288,/volumes/Seagate/mtg-jamendo-dataset/04/875004.mp3
426.6666666666667,161.4990234375,0.5944819709351137,1.0,0.12731459736824036,0.7068151543312793,1.0,0.1382973484710222,0.012007520256358865,0.3,0.7767500567222072,0.5904832437081251,/volumes/Seagate/mtg-jamendo-dataset/04/1310504.mp3
73.2607029478458,139.6748310810811,0.5478186135955753,0.5094757080078125,0.08285938203334808,0.3007757479291157,0.6369216746264572,0.17080359109723248,0.00214756876368264,0.3876121254938259,0.45295671216139566,0.6392380350997262,/volumes/Seagate/mtg-jamendo-dataset/04/1279604.mp3
121.41158333333334,85.22727272727273,0.5755276960612579,1.0,0.13985005021095276,0.32891905496833995,0.6843049287257701,0.14490757505308516,0.0011783670664742227,0.5343999993838378,0.4431063509749402,0.6617247478809549,/volumes/Seagate/mtg-jamendo-dataset/04/1112004.mp3
295.9259863945578,107.666015625,0.5540671896749181,0.6735877380371094,0.07909596711397171,0.34330158117847787,0.6288649518107176,0.15009592851627052,0.0020621689463465225,0.2999999997344688,0.5055370287136924,0.6273671424182913,/volumes/Seagate/mtg-jamendo-dataset/04/175004.mp3
406.22360544217685,120.18531976744185,0.5633890132671062,1.0,0.09774881601333618,0.3069855292197519,0.6527703848215313,0.06476261510257286,0.006365909464188599,0.29999994499131233,0.4225825901271895,0.6506730557393632,/volumes/Seagate/mtg-jamendo-dataset/04/1097804.mp3
144.8648752834467,109.95678191489361,0.5283326122216001,0.6104712677001953,0.05758386850357056,0.23802727331419304,0.29310894185258546,0.12467836074417804,0.00022979052204976,0.6427398761317281,0.42099710406388924,0.6365307718485076,/volumes/Seagate/mtg-jamendo-dataset/04/646804.mp3
120.0,114.84375,0.5367171854795689,0.3878913879394531,0.1231263130903244,0.19909538836818172,0.5229398598994389,0.13957373706864004,0.0004866610576025155,0.2993871548179705,0.5447700791632045,0.6353714568798758,/volumes/Seagate/mtg-jamendo-dataset/04/1399804.mp3
182.3738775510204,92.28515625,0.5804288546942861,0.19915921020507818,0.3123991787433624,0.5201306875269277,0.8216347210213792,0.7784361613429618,0.0006874172341823519,0.2999998934057258,0.4686160600867417,0.718740492330262,/volumes/Seagate/mtg-jamendo-dataset/04/82804.mp3
360.6666666666667,143.5546875,0.5469073400448696,0.4213965606689453,0.21394331753253937,0.36332440749559747,0.643615215643788,0.31111480985407935,0.0004468968141570357,0.7057513979830321,0.5110975746154014,0.6748000793886338,/volumes/Seagate/mtg-jamendo-dataset/04/229904.mp3
276.95743764172335,112.34714673913044,0.5594976530487339,0.42368431091308595,0.13279928267002106,0.36305844835892953,0.8616978355268663,0.16475131275457622,0.0021591733012474314,0.29999999739631444,0.48908366846831186,0.6499910080675453,/volumes/Seagate/mtg-jamendo-dataset/04/1604.mp3
71.40498866213152,120.18531976744185,0.5706894765519879,0.6390098571777344,0.1665668934583664,0.5798066178745543,0.9417400981065173,0.32240405089793056,0.004170176233594705,0.46689637550770724,0.5375230286401668,0.6524594759169785,/volumes/Seagate/mtg-jamendo-dataset/04/89804.mp3
107.87990929705215,112.34714673913044,0.4856797823847191,0.5510645599365234,0.12291853874921799,0.32641456819749187,0.6998196455744142,0.16552506082469626,0.0015394421875596512,0.9141124961654437,0.42012716603043165,0.6602252407436322,/volumes/Seagate/mtg-jamendo-dataset/04/1375204.mp3
240.9370068027211,126.04801829268293,0.5907878812123617,0.25854190063476556,0.21852697432041168,0.5196070379893258,0.738551729176698,0.7221079996662251,0.00041612799294461387,0.8771506485726133,0.6457500472632496,0.6495197013026983,/volumes/Seagate/mtg-jamendo-dataset/04/580904.mp3
188.58816326530612,112.34714673913044,0.5951384407359466,1.0,0.19551371037960052,0.5637229687770245,0.7977438444903765,0.3151758848295205,0.003574725523867413,0.3,0.6244569529381229,0.6454935451490316,/volumes/Seagate/mtg-jamendo-dataset/04/1273904.mp3
92.525,160.71428571428572,0.5313516720060645,0.772572036743164,0.07664491981267929,0.16671439654753287,0.4117662375834669,0.08975328600548253,0.0010224997512434072,0.2999492518685383,0.2556924280680443,0.6764536855189557,/volumes/Seagate/mtg-jamendo-dataset/04/1115604.mp3
132.5,120.18531976744185,0.5351016942833505,0.555477249145508,0.0788315013051033,0.437792329051608,0.7692702794942098,0.14773824457774937,0.0027306119901142544,0.6432368331505758,0.5647115591871662,0.6154370286324039,/volumes/Seagate/mtg-jamendo-dataset/04/1197104.mp3
322.7167346938775,120.18531976744185,0.6183115774802348,1.0,0.08992770314216614,0.29307628552914217,0.5203235484009703,0.19250998309170056,0.0009485436656150857,0.2999910590960916,0.45304170731197224,0.6417656316687854,/volumes/Seagate/mtg-jamendo-dataset/04/169204.mp3
304.26396825396824,120.18531976744185,0.5648046970723157,0.4506040802001954,0.18164069950580597,0.8065109781205251,1.0,0.91690453855088,0.006920784382032526,0.6290636558773811,0.6474976007084758,0.635891131680395,/volumes/Seagate/mtg-jamendo-dataset/04/1379104.mp3
88.89469387755102,109.95678191489361,0.5250204613098659,0.9199715423583984,0.13227342069149017,0.19135340084423666,0.29414179660485923,0.29079019038851744,6.375363767628889e-05,0.4375113273947991,0.36932275506050155,0.6737538804368362,/volumes/Seagate/mtg-jamendo-dataset/04/225604.mp3
306.6533333333333,129.19921875,0.557921581235505,0.38866641235351557,0.21662373840808868,0.5799866915693999,0.9302275192867532,0.4834119931703993,0.002463909755030636,0.45462252651602375,0.6500553827369341,0.6479734692795251,/volumes/Seagate/mtg-jamendo-dataset/04/12304.mp3
186.79766439909298,132.51201923076923,0.5427955576878878,0.42223384094238275,0.23663708567619324,0.4569304373140279,0.6452279632329824,0.6647164577301459,0.00022720419497922903,0.8130887874973614,0.5365423260063289,0.6778808856421639,/volumes/Seagate/mtg-jamendo-dataset/04/901204.mp3
242.5,95.703125,0.5743697427662526,0.4106142578125,0.1168711706995964,0.728375134118227,0.9420591311936646,0.6248577780683974,0.004469868923188835,0.7521227428565851,0.5630961084290206,0.6294543997660506,/volumes/Seagate/mtg-jamendo-dataset/04/1098804.mp3
189.78666666666666,129.19921875,0.5584966742168337,0.7939613037109374,0.05089786276221275,0.3709584342873572,0.787825158917727,0.1404688262335,0.0010902696137858412,0.8415332187158375,0.6688844765139692,0.5845463352916027,/volumes/Seagate/mtg-jamendo-dataset/04/75204.mp3
233.71755102040817,105.46875,0.5576016953781228,0.31916229248046873,0.21864019334316254,0.5931132256968047,1.0,0.27013912531455553,0.0029618336789741157,0.46855203050632555,0.515362343481476,0.6756380009072434,/volumes/Seagate/mtg-jamendo-dataset/04/1374704.mp3
267.5722448979592,129.19921875,0.4901777628825006,0.837626205444336,0.11772874742746353,0.6786842395914696,0.998533366556134,0.1236233063506493,0.006851653256152261,0.4866778803052936,0.6133159672475225,0.6197191556243824,/volumes/Seagate/mtg-jamendo-dataset/04/1349604.mp3
257.27083900226756,166.70866935483872,0.5336942642938194,0.27340249633789065,0.1671305000782013,0.23561197355532404,0.5707860416799205,0.18921744298670423,0.0003987682539614993,0.49677480530071183,0.4185641138620936,0.6764541572557338,/volumes/Seagate/mtg-jamendo-dataset/04/1115404.mp3
659.2696598639455,123.046875,0.548676888176582,1.0,0.1006937325000763,0.18859465569811854,0.36783243758522544,0.09531252885831668,0.001554608751020135,0.299985815008521,0.38590773046939186,0.6590681976061491,/volumes/Seagate/mtg-jamendo-dataset/04/1232304.mp3
233.63637188208617,132.51201923076923,0.5249714480068547,1.0,0.12770770490169525,0.5656251419530663,0.7226731927307505,0.26889819703205975,0.0026043806691035034,0.7421850823635945,0.5445806590596242,0.6370586419526854,/volumes/Seagate/mtg-jamendo-dataset/04/1415804.mp3
273.1280952380952,120.18531976744185,0.5693312905808112,0.5952267456054687,0.19597387313842773,0.3644289790516985,0.5772247343802387,0.31878254054154925,0.0006214619811989122,0.5492333398975614,0.4537441319466862,0.6798017679404968,/volumes/Seagate/mtg-jamendo-dataset/04/1344204.mp3
222.07195833333333,160.71428571428572,0.5952509569314718,0.5172568283081056,0.10600318759679794,0.4337564161173949,0.7422479044551461,0.16031606569668,0.001063263958521172,0.2999999999926738,0.6519885140446157,0.6077634447259241,/volumes/Seagate/mtg-jamendo-dataset/04/373604.mp3
186.66666666666666,90.66611842105263,0.5705680521517131,0.6900822448730469,0.12303756922483444,0.5321818105121396,0.8323074275457915,0.19818730384579794,0.0013022105746361026,0.3,0.47242969295683085,0.6498075863295742,/volumes/Seagate/mtg-jamendo-dataset/04/1242204.mp3
128.0,120.18531976744185,0.603023108116903,0.7607441711425781,0.21008619666099548,0.1558703427202641,0.3480901718095568,0.18070149049032663,0.00011938468429719285,0.2999903627012568,0.33291339556745164,0.7090483516844681,/volumes/Seagate/mtg-jamendo-dataset/04/365604.mp3
310.2133333333333,126.04801829268293,0.5238469390074938,0.5118855133056641,0.16802071034908295,0.5318339264429292,0.8828098854894317,0.15803508835986563,0.005857673177827386,0.7354635423325655,0.5994077648278346,0.6406059027601029,/volumes/Seagate/mtg-jamendo-dataset/04/241004.mp3
163.15501133786847,156.60511363636363,0.5188580673764558,0.9690578765869141,0.04586323723196983,0.2507616505141323,0.4041021030681352,0.19403450801264807,0.0002212694644615127,0.299999996881421,0.5884067574878904,0.5988294139059311,/volumes/Seagate/mtg-jamendo-dataset/04/238204.mp3
164.04897959183674,120.18531976744185,0.5816354709913091,0.45357192993164064,0.10659665614366531,0.2928632398379437,0.4857466676676989,0.32664734686409913,0.0004466019851953241,0.5576668005527627,0.5187902926627583,0.6346167376791678,/volumes/Seagate/mtg-jamendo-dataset/04/438204.mp3
78.336,95.33898305084746,0.5872110995243741,0.6269859313964844,0.19310730695724487,0.42917813876640903,0.720295545492918,0.1804990951202909,0.0028293480380459893,0.9151384826017768,0.409227234030193,0.6876731836985696,/volumes/Seagate/mtg-jamendo-dataset/04/248404.mp3
413.8291156462585,161.4990234375,0.563757108390828,0.4694304809570313,0.11136878281831741,0.3567214439221738,0.6997559553461323,0.23287732347094828,0.000640413429582667,0.908195116335891,0.4552772443429203,0.6490373129460103,/volumes/Seagate/mtg-jamendo-dataset/04/1289304.mp3
158.4,99.38401442307692,0.543821992783377,0.9307001647949218,0.03076498955488205,0.11387559736483127,0.2719398564012177,0.06558194077982996,0.001993740934397433,0.29997035680512374,0.31489152373466023,0.6480970914928255,/volumes/Seagate/mtg-jamendo-dataset/04/1210604.mp3
208.66718820861678,178.20581896551724,0.5638334288487843,0.4706657409667969,0.25199151039123535,0.4322560754835183,0.6437254600972768,0.2884592107298618,0.0004610962096077151,0.29999999999984,0.6865758540486315,0.6534017729311185,/volumes/Seagate/mtg-jamendo-dataset/04/1409404.mp3
391.9066666666667,92.28515625,0.55388503831088,0.7670955657958984,0.07638773322105408,0.8288463260077628,0.9834131934174282,0.3955530090597289,0.0019695932937925115,0.6919298255030558,0.6345703125,0.6005855214595796,/volumes/Seagate/mtg-jamendo-dataset/04/1160604.mp3
204.15609977324263,99.38401442307692,0.572045409998049,0.7594825134277343,0.097568079829216,0.14565677888630915,0.3449649641744114,0.09451431028384778,0.0017548524785591137,0.29999982844547546,0.32411910603147864,0.670300687532222,/volumes/Seagate/mtg-jamendo-dataset/04/1385304.mp3
241.19727891156464,135.99917763157896,0.6111007420441961,0.5007792282104492,0.060010965913534164,0.27188001649073074,0.6952253876079224,0.05078373733294514,0.006151794637030214,0.2999828755670206,0.5223953038143261,0.6171248869660071,/volumes/Seagate/mtg-jamendo-dataset/04/38404.mp3
150.0,103.359375,0.5557636991370787,0.22341838073730472,0.11768114566802979,0.1436900099174404,0.3108698021792016,0.16361398474665861,0.0003157634753521054,0.2999830999108501,0.32426940589944525,0.6775113312606017,/volumes/Seagate/mtg-jamendo-dataset/04/1299804.mp3
196.90521541950113,123.046875,0.5399305470088448,0.9596102905273437,0.06921418756246567,0.26447779069759403,0.4225570028434722,0.12571422819351713,0.0005725883705883129,0.2757959642547659,0.4764547998537323,0.6296261475517412,/volumes/Seagate/mtg-jamendo-dataset/04/1336204.mp3
288.0044671201814,139.6748310810811,0.5548526117997079,0.5223599853515624,0.18526272475719452,0.4925800375775125,0.7579691579046933,0.33005790065156665,0.002064285346993085,0.3,0.6357303494272017,0.6395485110271497,/volumes/Seagate/mtg-jamendo-dataset/04/606904.mp3
203.0,139.6748310810811,0.5317927199777804,1.0,0.1010826826095581,0.36153417657892467,0.653563370847444,0.14440893588232423,0.0024091444812322006,0.6275805084357151,0.4914653383128985,0.6380966980768613,/volumes/Seagate/mtg-jamendo-dataset/04/1166104.mp3
742.4,139.6748310810811,0.5765082417716199,0.4205150604248047,0.17704027891159058,0.48041930301433705,0.7849162049909741,0.31064419445370445,0.0010863836859673882,0.29999997287528163,0.6288562451112708,0.6379632513859185,/volumes/Seagate/mtg-jamendo-dataset/04/1146204.mp3
149.3001814058957,135.99917763157896,0.5301242838864462,0.32667401123046874,0.11026278138160706,0.09955203989013779,0.21260250043108106,0.1278659484884118,0.00047116439196632,0.29326267685405294,0.3770370110123253,0.6642871990949135,/volumes/Seagate/mtg-jamendo-dataset/04/1357404.mp3
216.35714285714286,166.70866935483872,0.5845180909458421,0.5316691589355469,0.19110630452632904,0.5694934687180069,0.868901121505034,0.40467178657620445,0.0021684138836954737,0.874457913437007,0.6336192723230974,0.642074415164859,/volumes/Seagate/mtg-jamendo-dataset/04/1352504.mp3
184.14637188208616,135.99917763157896,0.5316054041318254,0.33334649658203125,0.14717382192611694,0.4045685283927951,0.7341475231108281,0.25207229426978417,0.001219901528377227,0.6462964768896697,0.5031600629389951,0.652350563305603,/volumes/Seagate/mtg-jamendo-dataset/04/1217304.mp3
430.64954648526077,120.18531976744185,0.5949799877012166,0.2681562194824219,0.2613868713378906,0.6424091101302328,1.0,0.3354709919558353,0.001857775503189143,0.3,0.5589294083042322,0.6823133920207942,/volumes/Seagate/mtg-jamendo-dataset/04/1361104.mp3
176.0,99.38401442307692,0.5700059793194253,0.577918701171875,0.1701459437608719,0.4893595106950709,0.8247666028856464,0.2632775596885257,0.0015383937152105393,0.3909561853635015,0.4653930833833781,0.6681739230772382,/volumes/Seagate/mtg-jamendo-dataset/04/1296704.mp3
249.31090702947847,120.18531976744185,0.5691351620345796,0.3336596145629883,0.06585945188999176,0.4262495023024436,0.7237466614700635,0.2151391245681107,0.0008522518476308747,0.5860592089511647,0.4937866957242601,0.624952063535545,/volumes/Seagate/mtg-jamendo-dataset/04/1242604.mp3
286.4306802721088,147.65625,0.5745541158314318,0.2970820465087891,0.22257409989833832,0.5602890811044582,0.8631588247405387,0.47451025750529885,0.0015094950742014412,0.5366996786371527,0.6994548616953884,0.6402357036243241,/volumes/Seagate/mtg-jamendo-dataset/04/1149704.mp3
264.9077551020408,99.38401442307692,0.5547289032738553,0.57724845123291,0.13414359092712402,0.370239881647035,0.5985271732137664,0.24476953368008567,0.0006194288919307406,0.8522261756354561,0.5003055043388793,0.6482305918659887,/volumes/Seagate/mtg-jamendo-dataset/04/399204.mp3
123.40798185941043,139.6748310810811,0.5800556904229606,0.7001630554199219,0.2249019742012024,0.56189565357469,0.7664495912621206,0.18567010072734783,0.00142797212014282,0.8688354551998482,0.5832950852865497,0.6643056936551229,/volumes/Seagate/mtg-jamendo-dataset/04/1154904.mp3
133.35510204081632,139.6748310810811,0.5641863671821699,0.7934265747070312,0.09446810930967331,0.6682131880113337,0.7539987304048483,0.5754105914002468,0.0006447231193144972,0.3,0.6964029591649956,0.5947279275184832,/volumes/Seagate/mtg-jamendo-dataset/04/1295904.mp3
650.4751020408163,129.19921875,0.6040026928670772,0.5191779327392578,0.22628070414066315,0.6389943565185039,0.8833760154817641,0.3052848140389735,0.004333745542157229,0.9197280416222366,0.6733868048989735,0.646783692510844,/volumes/Seagate/mtg-jamendo-dataset/04/1414104.mp3
225.88,114.84375,0.579798938252587,0.4425868225097656,0.2880874574184418,0.44629037940520794,0.758413191856354,0.3528063322368421,0.0006969661935881282,0.2999998722490824,0.47668657599786346,0.7083741694710664,/volumes/Seagate/mtg-jamendo-dataset/04/322104.mp3
172.0,92.28515625,0.5826942541493324,0.9896586151123046,0.14105723798274994,0.5386221492263559,0.9118357328901204,0.22040680589053613,0.004212412748481031,0.3955570185702219,0.5463673923732444,0.641507127199141,/volumes/Seagate/mtg-jamendo-dataset/04/659904.mp3
122.69696145124716,120.18531976744185,0.5082419973807658,0.48058825683593753,0.15890616178512573,0.2112445860278187,0.26843396020664334,0.2265853427765047,8.020595606002559e-05,0.39111815135031036,0.41779584157626115,0.673647049927393,/volumes/Seagate/mtg-jamendo-dataset/04/1193604.mp3
299.73215419501133,139.6748310810811,0.6136112632488042,0.78985595703125,0.052267786115407944,0.5029347349729133,0.7701713217092244,0.05353326461955017,0.004967206398225903,0.299999999999431,0.5618151099231679,0.6064533810169133,/volumes/Seagate/mtg-jamendo-dataset/04/1118604.mp3
314.04408163265305,120.18531976744185,0.5941342570632815,0.6689129333496099,0.11109546571969986,0.7466564270105406,1.0,0.24792840719534737,0.004309005313399189,0.9095506500402446,0.6283474917819736,0.6143248693026973,/volumes/Seagate/mtg-jamendo-dataset/04/1391904.mp3
181.00351473922902,156.60511363636363,0.5655919144296642,0.732000732421875,0.14859600365161896,0.49697001981129935,0.7909754785556016,0.15117977695074236,0.0027509148164793482,0.9213462689732519,0.42097811755493797,0.6692989378035953,/volumes/Seagate/mtg-jamendo-dataset/04/1225504.mp3
213.59526077097505,90.66611842105263,0.5805990649946795,0.9270860366821287,0.11958099901676178,0.6778282961241421,0.9317261407585925,0.235584992006024,0.0027022937559304087,0.35406204326242646,0.5564206125091882,0.6317650371441966,/volumes/Seagate/mtg-jamendo-dataset/04/718304.mp3
308.0451927437642,114.84375,0.5922856310470683,0.44505740356445306,0.31320199370384216,0.45262208009453236,0.7279544242494073,0.3018771837739106,0.0006082656578169023,0.691441846845372,0.539905805046058,0.7047715567241716,/volumes/Seagate/mtg-jamendo-dataset/04/934004.mp3
240.15858333333333,100.44642857142857,0.5664593972258782,0.4995203247070313,0.1415848582983017,0.2870891242236325,0.5393008370200564,0.2719349160180476,0.0003318750199971884,0.5112904210419671,0.37655663883254187,0.6756592212208803,/volumes/Seagate/mtg-jamendo-dataset/04/1115704.mp3
117.68,105.46875,0.5563090765619365,0.8746408538818359,0.11643725633621216,0.4718916146536966,0.7288190764802311,0.24900088302451537,0.0012196725949541552,0.5742669253997582,0.47079109136688674,0.647759194007659,/volumes/Seagate/mtg-jamendo-dataset/04/1163204.mp3
176.0,120.18531976744185,0.6556372693276618,0.03832955932617189,0.6641020774841309,1.0,1.0,1.0,0.05490492355775408,0.8893141061788816,0.7803706395348837,0.7830026199873102,/volumes/Seagate/mtg-jamendo-dataset/04/362504.mp3
267.39292517006805,132.51201923076923,0.5880234588287624,0.41105558776855483,0.1658565253019333,0.4765816663650362,0.8451616752253159,0.33557849524309763,0.001322708324935496,0.5082387070692704,0.5113583423888951,0.6574366806309169,/volumes/Seagate/mtg-jamendo-dataset/04/1135704.mp3
148.82074829931972,129.19921875,0.5476257439898042,0.7699588165283205,0.08549708873033524,0.2859578590107637,0.5431010616470019,0.18993376828221828,0.0005411678013007361,0.29941127465256506,0.38363010437941686,0.6540529310670373,/volumes/Seagate/mtg-jamendo-dataset/04/1136204.mp3
246.57333333333332,161.4990234375,0.5894052142594217,0.27532553100585944,0.2961302697658539,0.6514955260006925,0.9835715304457209,0.8089396060399702,0.001460565737320352,0.7583360141272377,0.6014324601546893,0.6863204050847695,/volumes/Seagate/mtg-jamendo-dataset/04/381504.mp3
327.9331746031746,101.33272058823529,0.5707576740727127,0.2710326385498047,0.2245057076215744,0.5114374325937177,0.75750591838446,0.48084304619864154,0.0008237576245326316,0.2999999999999944,0.4732817107017321,0.6861657126034204,/volumes/Seagate/mtg-jamendo-dataset/04/1315104.mp3
477.17648526077096,112.34714673913044,0.5839795493827271,0.49485092163085936,0.1506892591714859,0.5508733942954409,0.8963476310416656,0.18508480892696813,0.0027349142480576263,0.5008157483772606,0.4418913146703983,0.6658698703676553,/volumes/Seagate/mtg-jamendo-dataset/04/677104.mp3
350.184,170.45454545454547,0.554109493978579,0.26013070678710937,0.16574835777282715,0.3867200424325948,0.6320850589987649,0.36273723468273367,0.00013920677073650002,0.29999999999999727,0.5652928380958262,0.6466108411790525,/volumes/Seagate/mtg-jamendo-dataset/04/156204.mp3
273.18857142857144,156.60511363636363,0.5857042854364243,0.5528273010253906,0.16838927567005157,0.43581870540556367,0.6672278695641869,0.22751782547360982,0.0010977397859200666,0.2999999999999913,0.5658033071529737,0.6474594778106239,/volumes/Seagate/mtg-jamendo-dataset/04/23104.mp3
268.6084353741497,123.046875,0.5634290474111123,0.2952518920898438,0.21655459702014923,0.5344501700029929,0.790694348766358,0.6156393992517528,0.0011806942341929675,0.8332074133435514,0.48765829692292006,0.6804279955426696,/volumes/Seagate/mtg-jamendo-dataset/04/902704.mp3
196.8896371882086,129.19921875,0.5670425524005962,1.0,0.29278749227523804,0.5823433143245629,0.8145118582534662,0.6451893303649116,0.003265254746955669,0.2999999992807767,0.555447549312021,0.6943139873566815,/volumes/Seagate/mtg-jamendo-dataset/04/1157904.mp3
129.5673469387755,132.51201923076923,0.5730247459210318,0.34919235229492185,0.07859455794095993,0.30643474265831716,0.4843009319429864,0.3968977340521546,0.00010807607605540652,0.6188536838377253,0.41150329717021705,0.6459933814247021,/volumes/Seagate/mtg-jamendo-dataset/04/186604.mp3
114.60024943310657,132.51201923076923,0.5226552524832033,0.5140657043457031,0.024706773459911346,0.3161522857958665,0.4837818103948805,0.13628243363783046,0.0004228739423819132,0.2893096565553188,0.5073044261749315,0.6074335532105817,/volumes/Seagate/mtg-jamendo-dataset/04/1193304.mp3
491.1628117913832,172.265625,0.6015100325722271,0.7747829055786133,0.20719878375530243,0.46108877108096824,0.7008866690217288,0.3800369664453984,0.0017183338551860017,0.3,0.5953957780403574,0.6555124065438374,/volumes/Seagate/mtg-jamendo-dataset/04/646404.mp3
307.72225,160.71428571428572,0.5244152070144277,0.4159291992187501,0.15704341232776642,0.3936934878455844,0.6586903226325646,0.17251424363527837,0.0007602713305165962,0.35357603804065924,0.5428648930914304,0.6479626498197097,/volumes/Seagate/mtg-jamendo-dataset/04/400704.mp3
411.6666666666667,143.5546875,0.6167141967054309,0.33712161254882816,0.24968719482421875,1.0,1.0,1.0,0.008808174052584215,0.3,0.7984281372941285,0.6302017626778931,/volumes/Seagate/mtg-jamendo-dataset/04/87504.mp3
109.08734693877551,120.18531976744185,0.5721892902702628,1.0,0.05970200151205063,0.3919748305664087,0.5221601878089552,0.1623673357091132,0.0004559611144824794,0.2999999999545204,0.5990705690757623,0.6016786067291858,/volumes/Seagate/mtg-jamendo-dataset/04/1074904.mp3
252.76773242630387,147.65625,0.5825279055395263,0.5660233154296875,0.2392851561307907,0.4645430094904804,0.8162155888676264,0.32891899642861944,0.0008875610647384544,0.551182454834501,0.6423157513391826,0.6576795059392481,/volumes/Seagate/mtg-jamendo-dataset/04/1165404.mp3
184.9208163265306,129.19921875,0.5632773037137335,0.31862559509277344,0.22744663059711456,0.288606266736799,0.5850035000815416,0.23719849076943805,0.0008809953938160487,0.2999999994163464,0.42088501515152144,0.6977037839846569,/volumes/Seagate/mtg-jamendo-dataset/04/1400604.mp3
318.4631292517007,109.95678191489361,0.5692070741247024,0.3722271728515625,0.1627652794122696,0.25127488385657054,0.4651202568214248,0.17014184592649761,0.00045848981546165086,0.780754428525054,0.4441641735314934,0.6697626658821183,/volumes/Seagate/mtg-jamendo-dataset/04/99404.mp3
399.7245625,140.625,0.5588907939021682,0.8852956085205078,0.07355349510908127,0.23534405794280042,0.4567947846063256,0.13307108804243478,0.0007167892025917102,0.2983659748311815,0.44609112366104775,0.6372610335070596,/volumes/Seagate/mtg-jamendo-dataset/04/729304.mp3
277.1947845804989,132.51201923076923,0.5666057685633448,1.0,0.015379177406430244,0.15895543127322476,0.37095460812128583,0.09011947909728721,0.0012938444107743077,0.29620107046118105,0.48614986534658533,0.6083065307969978,/volumes/Seagate/mtg-jamendo-dataset/04/1150104.mp3
286.9210657596372,129.19921875,0.5364862440017475,0.5231889801025391,0.07302258908748627,0.207333699697044,0.47299548783907136,0.13126992304154653,0.00031977676318809705,0.6854258970221727,0.4278687522098556,0.640714381629524,/volumes/Seagate/mtg-jamendo-dataset/04/1412804.mp3
182.8160544217687,123.046875,0.5621053777939882,0.4296895751953124,0.25378111004829407,0.5821212716212885,0.8438964053295863,0.5111666643433438,0.000983363661888387,0.4765813712682867,0.6565247806402875,0.6600562434893283,/volumes/Seagate/mtg-jamendo-dataset/04/698504.mp3
190.39285714285714,139.6748310810811,0.521932841802275,0.3479673919677734,0.23311294615268707,0.3170650145063431,0.6601349127224183,0.23143515764425937,0.0007786201735172879,0.6631696685810307,0.3735387362173563,0.7092129133714962,/volumes/Seagate/mtg-jamendo-dataset/04/1189904.mp3
219.1563038548753,92.28515625,0.5639581622055623,0.6101571044921874,0.18724073469638824,0.49971880562846727,0.682876376443326,0.5493044187209367,0.000565450973002494,0.7099336510317813,0.41719638644599566,0.6839673872015006,/volumes/Seagate/mtg-jamendo-dataset/04/1403904.mp3
293.3379591836735,135.99917763157896,0.5468129330490337,0.43033624267578136,0.20501543581485748,0.4859994089621813,0.7155677890802894,0.42780586265513587,0.0006531550698646719,0.2999999999970599,0.5430760443313836,0.665190348027072,/volumes/Seagate/mtg-jamendo-dataset/04/1314304.mp3
194.0,105.46875,0.5939459019925292,0.7124207534790039,0.16666656732559204,0.3063949975228956,0.5770224991930233,0.18263140225657196,0.0006355358715745356,0.3,0.48856234715151986,0.6622874948069091,/volumes/Seagate/mtg-jamendo-dataset/04/1420604.mp3
196.92,112.34714673913044,0.5924238690340878,0.35000411987304686,0.218342125415802,0.4529769871213899,0.6705828897210302,0.7394710126797059,0.0003698948173706169,0.4413383161570591,0.6793815371650926,0.6427268577166702,/volumes/Seagate/mtg-jamendo-dataset/04/7204.mp3
195.13333333333333,126.04801829268293,0.5789683838007296,0.33003805541992187,0.25785350799560547,0.7868773153658477,1.0,0.6449127012688499,0.005822007454845587,0.4302594092303256,0.652634010659009,0.6623004607466161,/volumes/Seagate/mtg-jamendo-dataset/04/206604.mp3
268.81875283446715,99.38401442307692,0.562391419400794,0.7358941955566408,0.1369260847568512,0.539170885121604,0.7722816678939806,0.16945210169009486,0.00442560299555605,0.9274187328852432,0.4886214146698501,0.6515691075784964,/volumes/Seagate/mtg-jamendo-dataset/04/1281204.mp3
143.22938775510204,84.72079918032787,0.5697581486184524,0.7847911224365234,0.0679587572813034,0.7727766368338899,1.0,0.2814500105769478,0.004351019370488784,0.8800641430040796,0.5930529287310801,0.6058545668750532,/volumes/Seagate/mtg-jamendo-dataset/04/128304.mp3
216.96498866213153,126.04801829268293,0.5451443890832361,0.6114627914428711,0.06773611158132553,0.30941490745404737,0.5045562068800646,0.20453427789842968,0.0004258590520703671,0.2999999999993143,0.32594862936924324,0.6591952742954285,/volumes/Seagate/mtg-jamendo-dataset/04/192704.mp3
177.28,112.34714673913044,0.5812690309049009,0.7615190124511719,0.30078789591789246,0.4299590843437518,0.6657036837160356,0.19599118309454214,0.0013484167430377826,0.8135468909967603,0.4696051465468445,0.7143626132210724,/volumes/Seagate/mtg-jamendo-dataset/04/492104.mp3
262.50666666666666,120.18531976744185,0.5361609904087372,0.31151016235351564,0.12581460177898407,0.7772798103577755,1.0,0.6249166442838636,0.002774132422880572,0.7345504198919088,0.5898191148874298,0.6273294336629484,/volumes/Seagate/mtg-jamendo-dataset/04/347604.mp3
35.160816326530615,120.18531976744185,0.5475262222914833,0.6446316223144531,0.0856398269534111,0.26665986167966116,0.4801782540678002,0.22583642673666748,0.00025378503206550224,0.345481659456673,0.4242420623252183,0.6459819252381843,/volumes/Seagate/mtg-jamendo-dataset/04/702504.mp3
226.0,120.18531976744185,0.568654020813512,0.3727201232910157,0.11296124756336212,0.733900441953574,0.934327751753286,0.8156830759246103,0.0014588918694072605,0.2999999999999966,0.6331406164157619,0.614037925839658,/volumes/Seagate/mtg-jamendo-dataset/04/1171004.mp3
199.2764172335601,129.19921875,0.5667287002330768,0.8096941833496095,0.2134627103805542,0.6062037828157139,0.9319619071263933,0.1374279766683481,0.005117525258093888,0.835038965616604,0.6408332448045693,0.6486799267760857,/volumes/Seagate/mtg-jamendo-dataset/04/434204.mp3
346.4172789115646,99.38401442307692,0.5732350303026388,0.31483644104003905,0.08346351236104965,0.3918070943647141,0.6110914601419221,0.4925652180310261,0.00019201372087755003,0.4374623119340517,0.43688416394782237,0.6426700316604134,/volumes/Seagate/mtg-jamendo-dataset/04/91104.mp3
394.0,143.5546875,0.577503575267978,0.5740314025878905,0.14183470606803894,0.4599023637104349,0.7091801727077821,0.35920202211127217,0.00039364885794527946,0.3,0.640028311547802,0.6230548318749336,/volumes/Seagate/mtg-jamendo-dataset/04/1054104.mp3
155.16734693877552,95.703125,0.5758202150407623,0.5908797454833984,0.18639203906059265,0.8419738538998394,1.0,0.599162052970223,0.0075393262947573945,0.6328594262405285,0.6096866144742257,0.6451638111669683,/volumes/Seagate/mtg-jamendo-dataset/04/1393204.mp3
173.26933333333332,90.7258064516129,0.592615228693216,0.6020842895507812,0.20001043379306793,0.6557569313392121,0.9233036483937255,0.3529058847375177,0.000573325811444568,0.36140448280849163,0.5199702235273487,0.6680097114600347,/volumes/Seagate/mtg-jamendo-dataset/04/1080204.mp3
196.59861678004535,114.84375,0.5692165250228641,0.8185196228027344,0.19524377584457397,0.43486706238820705,0.6503348965366335,0.3130345358018361,0.0006041254588851478,0.8117194483812804,0.4860267793821882,0.673082403427609,/volumes/Seagate/mtg-jamendo-dataset/04/1123304.mp3
235.05868480725624,123.046875,0.6145108789741034,1.0,0.1431984007358551,0.44517006334923565,0.8684742955388417,0.08908275480739694,0.010471483444867783,0.3,0.5534759797455423,0.6408562283157995,/volumes/Seagate/mtg-jamendo-dataset/04/944904.mp3
365.9000453514739,99.38401442307692,0.5624159954340644,0.6587682189941407,0.09200546890497208,0.36346576201544023,0.5476605662805089,0.28169745015659375,0.00041941732366427664,0.7241317141802609,0.4237339236127927,0.6483751840832315,/volumes/Seagate/mtg-jamendo-dataset/04/320804.mp3
219.03024943310658,129.19921875,0.5603286953697538,0.3082234191894531,0.15772536396980286,0.6442957519187827,1.0,0.43376030696594464,0.004692690152987993,0.5861869203207117,0.6672616649090926,0.6233287980473106,/volumes/Seagate/mtg-jamendo-dataset/04/941404.mp3
269.9504761904762,139.6748310810811,0.5655699488970991,0.3447882843017578,0.12213572859764099,0.244211747694884,0.501152905995998,0.2409825748008039,0.0002308414845937179,0.29991291694353694,0.4322200284333587,0.657524856608479,/volumes/Seagate/mtg-jamendo-dataset/04/1403004.mp3
125.44,139.6748310810811,0.5768436537987922,0.5740245361328125,0.3865183889865875,0.5438296935593002,0.7057116526464511,0.5410480694348823,0.0004975967638787622,0.9564028954169094,0.5666213100140419,0.7258223580323632,/volumes/Seagate/mtg-jamendo-dataset/04/338504.mp3
378.08222222222224,147.65625,0.5757604854049211,0.7282267379760742,0.0778711587190628,0.8266027977397918,1.0,0.2706058840358716,0.007518263007420738,0.9729911397489532,0.7162349572310845,0.5847866256926457,/volumes/Seagate/mtg-jamendo-dataset/04/49404.mp3
223.97387755102042,123.046875,0.5328608865248743,0.5001061782836914,0.0862746313214302,0.23922495805395283,0.5055414542573493,0.1229580819548606,0.001786648860134268,0.29999990732149673,0.40190123638719233,0.6506786199982764,/volumes/Seagate/mtg-jamendo-dataset/04/873804.mp3
340.0,99.38401442307692,0.5526607726044568,0.48280719757080076,0.08114544302225113,0.4123768577791094,0.721602874256226,0.2099483146029985,0.0012980266942745318,0.5918344749153752,0.3536265120336423,0.658487057081282,/volumes/Seagate/mtg-jamendo-dataset/04/1270604.mp3
306.97678004535146,129.19921875,0.5970181832147994,0.7136561584472656,0.338447242975235,0.6940410724431538,1.0,0.381246050802477,0.005084418404577251,0.7564000005073792,0.6622162313875177,0.6893977611935811,/volumes/Seagate/mtg-jamendo-dataset/04/1234504.mp3
208.065306122449,120.18531976744185,0.5297226917423143,0.6528940658569337,0.10274754464626312,0.16538927394600422,0.24232006530816189,0.2246477282315508,9.265751522485912e-05,0.4255500012726777,0.3810758853418569,0.6607739390042834,/volumes/Seagate/mtg-jamendo-dataset/04/374604.mp3
178.05061224489796,114.84375,0.5493175048541106,0.7650961608886717,0.08869297802448273,0.6615525412362706,1.0,0.14801571840455965,0.006496559043073355,0.5346120744090964,0.5603596757423336,0.6198575369403471,/volumes/Seagate/mtg-jamendo-dataset/04/1121404.mp3
288.0816326530612,120.18531976744185,0.575198542744046,0.4078824310302734,0.2789423167705536,0.4313529432724733,0.7724931285675326,0.28823205625463205,0.0013332848654474638,0.9005099105268579,0.5583708806725797,0.6887450579028833,/volumes/Seagate/mtg-jamendo-dataset/04/785304.mp3
288.307619047619,109.95678191489361,0.5826059233896905,0.6197334594726561,0.0799657553434372,0.4536194912829246,0.7295036938145144,0.34735408136105284,0.0006924969275996717,0.29999999999918636,0.5703869716518271,0.614710277593272,/volumes/Seagate/mtg-jamendo-dataset/04/74104.mp3
89.03204166666667,93.75,0.5585742598630207,0.5973429565429689,0.2161986380815506,0.5215783944283626,0.9119847142176973,0.2133355930420452,0.003252399412813935,0.649176773520604,0.6313151669999264,0.651568476309373,/volumes/Seagate/mtg-jamendo-dataset/04/1110004.mp3
265.82204081632653,151.99908088235293,0.5410276009066937,1.0,0.10293397307395935,0.2974348751066941,0.5927611776775173,0.1773918619650886,0.0010076962430004587,0.6206329008305709,0.4995451158260091,0.6371472071414235,/volumes/Seagate/mtg-jamendo-dataset/04/577204.mp3
588.0,99.38401442307692,0.595486720494143,0.43125762939453127,0.33053848147392273,0.445772285410553,0.916536519340154,0.22541946240044075,0.0020020543178282915,0.5796822823897081,0.41814626294288354,0.7353646007420355,/volumes/Seagate/mtg-jamendo-dataset/04/1302604.mp3
996.4842403628118,120.18531976744185,0.6063145670384648,0.7175612030029298,0.06251461058855057,0.1890148389243124,0.4362021662984967,0.19339573689340528,0.0005334020801731869,0.29467154362908127,0.3431158791357152,0.6538820839847352,/volumes/Seagate/mtg-jamendo-dataset/04/45104.mp3
400.39529166666665,165.44117647058823,0.6121810321169793,0.7345632095336915,0.1703179031610489,0.3888475302776604,0.6591087491349178,0.1789016398342363,0.00037255880694149447,0.3,0.4731032603754122,0.6666937930628951,/volumes/Seagate/mtg-jamendo-dataset/04/725504.mp3
221.02997732426303,120.18531976744185,0.5970702639999498,0.6721055908203124,0.2661890983581543,0.4243735978120815,0.6938211895322481,0.2716487435911233,0.0014036856848527578,0.5411244574100902,0.5597605483540402,0.6838759657381275,/volumes/Seagate/mtg-jamendo-dataset/04/1375604.mp3
798.0045351473923,99.38401442307692,0.6026655405655938,0.4843504791259766,0.09443936496973038,0.2572748183819275,0.44482764945289294,0.27024347662549875,0.00016534114139812856,0.2999999993944607,0.4607592455124512,0.6418463222866126,/volumes/Seagate/mtg-jamendo-dataset/04/584804.mp3
433.26138321995467,161.4990234375,0.5937973375085659,0.18497183227539069,0.23069539666175842,0.28212740959854377,0.3860133552556576,0.539175951045665,1.412792994710838e-05,0.29999999977122044,0.6295866843991704,0.6571330059183988,/volumes/Seagate/mtg-jamendo-dataset/04/1183604.mp3
221.43750566893425,120.18531976744185,0.5976440087662395,0.5844383392333984,0.2630448341369629,0.548078538261422,0.7889270068110183,0.5713270778508351,0.002296024263371464,0.3342003549560848,0.6181301146554452,0.6710701173582176,/volumes/Seagate/mtg-jamendo-dataset/04/22804.mp3
187.5041723356009,112.34714673913044,0.40539893460845156,0.23442840576171875,0.3372955620288849,0.6494887132980633,1.0,0.5050346501236048,0.04647933283048269,0.8565285198518691,0.46794633523417783,0.7278371352835631,/volumes/Seagate/mtg-jamendo-dataset/04/1167304.mp3
399.3861224489796,95.703125,0.5725670714585958,0.6053176879882812,0.25046274065971375,0.6187561913491931,0.8863070988368672,0.3442703381424675,0.0016446495346488846,0.7327956823763262,0.5146889217962676,0.6872288022782435,/volumes/Seagate/mtg-jamendo-dataset/04/186304.mp3
204.98666666666668,99.38401442307692,0.5765994783737138,0.40583859252929694,0.23767809569835663,0.42976510537670165,0.7525837247515769,0.1715994623841577,0.0016844041737587726,0.7714256545111968,0.5237649156599731,0.6808111313194137,/volumes/Seagate/mtg-jamendo-dataset/04/661604.mp3
165.2362358276644,139.6748310810811,0.5503169073551734,0.26269976806640627,0.22046054899692535,0.42792217295876006,0.7114887237260786,0.4407452279398787,0.0006293841616887867,0.468454667533087,0.6085439647990277,0.6576570046790875,/volumes/Seagate/mtg-jamendo-dataset/04/1363604.mp3
252.8244671201814,132.51201923076923,0.5619538308787349,0.3887577209472657,0.10554514080286026,0.31749325791817584,0.6039884549894806,0.24226544676247147,0.0005992114991793782,0.8020458973485998,0.3716254046911496,0.6636711697507998,/volumes/Seagate/mtg-jamendo-dataset/04/636204.mp3
373.5175510204082,139.6748310810811,0.5707766168068183,0.4414200439453125,0.28481942415237427,0.3744072043974765,0.45624416940016144,0.26050657535139676,7.582828479644761e-05,0.2999999977271184,0.6426158521221442,0.6740118222704258,/volumes/Seagate/mtg-jamendo-dataset/04/1214604.mp3
141.6562358276644,147.65625,0.5352446909629853,0.7809152145385738,0.08102595061063766,0.19323817764120566,0.25219740635626475,0.25907468187942,2.427592618567309e-05,0.3530047410841114,0.31891916652432584,0.6653855089149644,/volumes/Seagate/mtg-jamendo-dataset/04/903604.mp3
219.7355328798186,123.046875,0.5504134694896686,0.35724378967285153,0.049517787992954254,0.2599503504158635,0.5657661782731667,0.15743079637168222,0.0006882069963892108,0.7946308582163439,0.3465531291356178,0.64851577785034,/volumes/Seagate/mtg-jamendo-dataset/04/188704.mp3
445.9998185941043,120.18531976744185,0.5958342781747751,0.31427726745605467,0.14762960374355316,0.326799885372146,0.6054349320516966,0.24365406690301805,0.0006350981798848205,0.2999999998025665,0.440867451102371,0.6649731671272049,/volumes/Seagate/mtg-jamendo-dataset/04/682504.mp3
216.00002267573697,109.95678191489361,0.596042530490889,0.4526326293945313,0.1999112218618393,0.27255444212486896,0.4399508553561636,0.49358040390401214,4.908977755817088e-05,0.29992181322044476,0.4099014021391555,0.6899877594424311,/volumes/Seagate/mtg-jamendo-dataset/04/760904.mp3
229.5,95.703125,0.5595672492839643,0.702151626586914,0.187147319316864,0.7471701066239561,0.9717929751836895,0.4440408741400243,0.0031116335860344657,0.8739965761301597,0.5990160974206087,0.6475698154699494,/volumes/Seagate/mtg-jamendo-dataset/04/1086704.mp3
405.3336281179138,178.20581896551724,0.585351330561513,0.6890992279052734,0.09308236837387085,0.36836316741771596,0.5917979780992518,0.17813869038928123,0.0013709601331094582,0.3,0.6637238115504936,0.6007648903044948,/volumes/Seagate/mtg-jamendo-dataset/04/364904.mp3
157.98666666666668,117.45383522727273,0.5591623613655865,0.8994812927246094,0.0776410847902298,0.5751582766700164,0.7583633174764547,0.1423427395649618,0.0018182686367122097,0.6131625602417209,0.5744745253868571,0.6130558854471113,/volumes/Seagate/mtg-jamendo-dataset/04/1179604.mp3
182.04734693877552,97.50884433962264,0.5560367590849009,0.6004756164550781,0.23621375858783722,0.3864451702863881,0.5884123808020392,0.2810270624229104,0.0006870465425523348,0.626265194072777,0.42305178691534073,0.7004265957085533,/volumes/Seagate/mtg-jamendo-dataset/04/311404.mp3
111.90666666666667,151.99908088235293,0.5299373234531308,0.4773573303222656,0.14263831079006195,0.3968592953333919,0.7233912688085752,0.19950505947636507,0.001216518440080166,0.29999997754808444,0.6389120833795277,0.6235673752085168,/volumes/Seagate/mtg-jamendo-dataset/04/80504.mp3
248.12975056689342,132.51201923076923,0.5803839757734109,0.34321600341796876,0.23182830214500427,0.4409095722792266,0.711702942857059,0.6116855891807877,0.00018983519668920015,0.7204496624671005,0.6006047668580423,0.6633372354005931,/volumes/Seagate/mtg-jamendo-dataset/04/133704.mp3
162.72839002267574,120.18531976744185,0.5478372636765712,0.328383285522461,0.07019805163145065,0.717075149446917,0.9509328386336746,0.5609376767235604,0.001841027269830625,0.6820350618885609,0.5710402208488988,0.6110632544175425,/volumes/Seagate/mtg-jamendo-dataset/04/579304.mp3
405.8122448979592,120.18531976744185,0.5665443302990882,0.5232681427001953,0.10071191936731339,0.3586216169272367,0.5861666709413903,0.34450155395872206,0.0004930886292344221,0.695034262463911,0.5463924825147618,0.6269777944692805,/volumes/Seagate/mtg-jamendo-dataset/04/1167404.mp3
35.93108843537415,90.66611842105263,0.5745701477605634,0.7996454010009765,0.1415722817182541,0.43558868693435343,0.7488576568199525,0.27108711927183893,0.002719997470566958,0.39475628522462475,0.41693326560315724,0.66757936829794,/volumes/Seagate/mtg-jamendo-dataset/04/1002004.mp3
138.61333333333334,135.99917763157896,0.5044918100688672,0.5729794158935547,0.08765652030706406,0.46995542214131836,0.714661506951499,0.24153450177717858,0.0009703874880732825,0.5745911287073777,0.5568636437444674,0.6201836185616496,/volumes/Seagate/mtg-jamendo-dataset/04/170004.mp3
299.66963718820864,103.359375,0.5813702127607595,0.6482786102294922,0.16892223060131073,0.47388435040197646,0.7869530042007741,0.2740461044777812,0.001306854543211975,0.3,0.5525864684674359,0.6502947093229847,/volumes/Seagate/mtg-jamendo-dataset/04/1394904.mp3
213.06260770975058,123.046875,0.566135402038876,0.8145590057373048,0.21281465888023376,0.5769338447829576,0.8604052868222957,0.23394991175282287,0.003039763707488615,0.8346797455218327,0.6420037740363018,0.6482125223896238,/volumes/Seagate/mtg-jamendo-dataset/04/768504.mp3
65.94195011337868,161.4990234375,0.5034888946302235,0.3939899291992187,0.17951244115829468,0.31485029877962906,0.5723539255269529,0.2584627275850223,0.0007735930722367722,0.5743546682400978,0.519627620634608,0.6606989546900645,/volumes/Seagate/mtg-jamendo-dataset/04/1361404.mp3
213.58557823129252,92.28515625,0.5454466063249901,0.5042598571777345,0.1428588330745697,0.40606526022113604,0.6906229752963197,0.17972628092862436,0.001021405069658415,0.7626734512996278,0.422960824944804,0.6668370149178843,/volumes/Seagate/mtg-jamendo-dataset/04/1163304.mp3
110.26927437641723,120.18531976744185,0.5464291476953753,0.31118249511718754,0.16160450875759125,0.25369167397883263,0.49623243157634095,0.2601646559737865,0.00036463275081737695,0.5113298093454022,0.3477796818818755,0.6886216867763578,/volumes/Seagate/mtg-jamendo-dataset/04/1001904.mp3
178.74238095238096,95.703125,0.5892462227949642,0.2827239990234375,0.2682427763938904,0.5439438423289633,0.8272959882117057,0.6473623177385321,0.0008741701119184786,0.8692807248603742,0.5727112032386126,0.682025158854078,/volumes/Seagate/mtg-jamendo-dataset/04/1317904.mp3
270.0157823129252,117.45383522727273,0.525810424719916,0.5832606811523438,0.13048410415649414,0.36289909669326087,0.682128460289923,0.1841458171224588,0.0008664029729434532,0.299999999873891,0.49879721115614223,0.6472148352651095,/volumes/Seagate/mtg-jamendo-dataset/04/1393104.mp3
103.95312925170067,120.18531976744185,0.549481709568529,0.4287536010742185,0.10889822989702225,0.25091082525499436,0.31769820682866057,0.15142980109720686,0.00016432941072131216,0.2880285335589888,0.48420161113282384,0.6423630405363633,/volumes/Seagate/mtg-jamendo-dataset/04/1204904.mp3
247.6756462585034,178.20581896551724,0.5506521239218236,0.5865640716552734,0.253927618265152,0.6276376031449831,0.9022126906109257,0.42941645878444346,0.003622046450818724,0.8220186689926081,0.7677858454811314,0.6378567734792285,/volumes/Seagate/mtg-jamendo-dataset/04/896604.mp3
335.5,120.18531976744185,0.5739137841391003,0.4939850540161133,0.08873617649078369,0.41063045599047543,0.7630342905575732,0.27693856778003034,0.0009476105758727774,0.7048299646051968,0.5539240619037566,0.6211602111559309,/volumes/Seagate/mtg-jamendo-dataset/04/408504.mp3
308.8533560090703,143.5546875,0.5704854919014595,0.6188595275878906,0.19038401544094086,0.8836725995253387,1.0,0.23329094554712793,0.01664188708884969,0.7347603014960096,0.6927403555872458,0.6299901744412895,/volumes/Seagate/mtg-jamendo-dataset/04/950104.mp3
1766.0,120.18531976744185,0.58070442809706,0.4424436950683594,0.18246373534202576,0.23050481129588787,0.4096897428176801,0.12534181152370918,0.0006488736645155454,0.42887490896964575,0.48114905213494025,0.6694571342961413,/volumes/Seagate/mtg-jamendo-dataset/04/1190104.mp3
158.1820634920635,87.5926906779661,0.5761475053592575,0.9030796508789064,0.14638040959835052,0.4391893427699842,0.7025230446426401,0.18684090400537035,0.0017098635528225682,0.5538623529660363,0.6092852350914204,0.6308399004371221,/volumes/Seagate/mtg-jamendo-dataset/04/1320004.mp3
374.3608163265306,143.5546875,0.6032529876364952,0.6938733367919921,0.19429804384708405,0.7639095498989362,0.9800659638099904,0.6369793766475422,0.0030027453203010095,0.46462286644418554,0.7618767698886744,0.6175719418072154,/volumes/Seagate/mtg-jamendo-dataset/04/18504.mp3
56.6084126984127,143.5546875,0.4757287255631867,0.2784420013427734,0.19742770493030548,0.5001969703838194,0.7049718350588369,0.4977440525020509,0.00046282955524241487,0.2999972156172051,0.6563153370509385,0.6398109063647223,/volumes/Seagate/mtg-jamendo-dataset/04/36704.mp3
330.71020408163264,126.04801829268293,0.6251016425935736,1.0,0.04328456148505211,0.7625636869072935,0.9525592410132165,0.031195812063435528,0.01440050147238792,0.7357608766066353,0.5406409217268233,0.6074542577892541,/volumes/Seagate/mtg-jamendo-dataset/04/1044304.mp3
107.33333333333333,178.20581896551724,0.6003890469446262,1.0,0.09147302061319351,0.552157510465066,0.8857427950217615,0.17279795274967352,0.005314701842706315,0.3,0.6428759454080364,0.6043550983391424,/volumes/Seagate/mtg-jamendo-dataset/04/1028804.mp3
172.83891156462585,112.34714673913044,0.5520831572383746,0.7243947448730469,0.06489738076925278,0.1617162814986599,0.46184246714767463,0.0763984089330415,0.001845243057192633,0.2999996528816188,0.4395067205202082,0.6354617129728893,/volumes/Seagate/mtg-jamendo-dataset/04/373204.mp3
39.04800453514739,132.51201923076923,0.5527505225760186,1.0,0.06053176522254944,0.2884868897237977,0.4107687983358523,0.18555871349438818,0.00023291164568229266,0.3986613794476395,0.4727257280789875,0.6272462898643203,/volumes/Seagate/mtg-jamendo-dataset/04/893404.mp3
98.26684807256235,132.51201923076923,0.6097826013279857,0.7533696289062486,0.11224260181188583,0.23913566237902978,0.4531672880159265,0.2598856122052065,0.00017570178348033842,0.2999979565928098,0.4317313380270579,0.6540610690468673,/volumes/Seagate/mtg-jamendo-dataset/04/1103304.mp3
198.85732426303855,139.6748310810811,0.5815236394770631,0.46964581298828123,0.2197691798210144,0.8628129533214994,1.0,0.5866960752624631,0.009990446203152778,0.3045517037160829,0.6720527579719001,0.6447063531411852,/volumes/Seagate/mtg-jamendo-dataset/04/432804.mp3
159.7459410430839,109.95678191489361,0.5461052421581787,0.5173838348388672,0.09866641461849213,0.3285757497912105,0.568069495944837,0.24589052750992627,0.00027833243872802527,0.29998374943898704,0.518158618079007,0.6318881856468558,/volumes/Seagate/mtg-jamendo-dataset/04/1346204.mp3
347.25850340136054,92.28515625,0.5784964651766729,0.6578451538085938,0.14855113625526428,0.3028526184722348,0.5547535366563798,0.21049210217955544,0.0005804319582145804,0.5216591838017473,0.4627780800426517,0.6609227930433648,/volumes/Seagate/mtg-jamendo-dataset/04/40304.mp3
255.62666666666667,139.6748310810811,0.5931392462581059,0.8352044448852538,0.13191179931163788,0.46024970147540534,0.6702417935746545,0.2588020001373599,0.0006319087264112276,0.29999999390013243,0.5461502061115185,0.638258206529886,/volumes/Seagate/mtg-jamendo-dataset/04/3904.mp3
211.0297052154195,139.6748310810811,0.49139200084609935,0.6266330871582031,0.18014918267726898,0.3161381316784024,0.6413310264183367,0.14684330371938809,0.0026551072811400963,0.3675790756161915,0.553310610933526,0.6541915835771116,/volumes/Seagate/mtg-jamendo-dataset/04/683804.mp3
193.74247165532879,109.95678191489361,0.6007741894611619,0.9793050155639648,0.23051351308822632,0.43803508508121103,0.6516944559045398,0.30923812641769755,0.0006755836160629833,0.2999999998936265,0.4794211530194033,0.6871006341078808,/volumes/Seagate/mtg-jamendo-dataset/04/1070604.mp3
137.60489795918366,114.84375,0.574415980823904,0.6350677795410159,0.2250363975763321,0.836478815338483,1.0,0.47288676531412244,0.004347540199032528,0.6308741745593713,0.7448023838901544,0.6320526263494487,/volumes/Seagate/mtg-jamendo-dataset/04/1420504.mp3
101.6,99.38401442307692,0.5294616527619489,0.8066981506347656,0.11841560900211334,0.37324307936801526,0.6945037419143647,0.16685356935836268,0.0007891885359724624,0.3,0.5161043473127578,0.6394087497782093,/volumes/Seagate/mtg-jamendo-dataset/04/1109904.mp3
120.0084126984127,139.6748310810811,0.5112905459449273,0.7938331909179687,0.07939443737268448,0.380927395732321,0.6914177734875736,0.1318002817253673,0.0010679223440135531,0.331005946888556,0.4204611801308077,0.644489761428005,/volumes/Seagate/mtg-jamendo-dataset/04/1163804.mp3
231.53572916666667,104.16666666666667,0.5879123054522877,0.6247610778808595,0.14515721797943115,0.7792061566289232,1.0,0.35720701538337074,0.005654452210723411,0.5005132091925244,0.5710039012744819,0.6380558182176989,/volumes/Seagate/mtg-jamendo-dataset/04/108304.mp3
33.28,117.45383522727273,0.5447056668887803,1.0,0.06719359010457993,0.4551583788189804,0.6133361066454505,0.1526946668141254,0.0006527684897206909,0.820062762725543,0.6352145380252892,0.597146784832591,/volumes/Seagate/mtg-jamendo-dataset/04/1127404.mp3
199.68,126.04801829268293,0.6006197994639497,0.8087271881103514,0.28489047288894653,0.2778911065723664,0.5384350997204859,0.11504225751559842,0.0024719147597326015,0.8983231990587408,0.49278968668412604,0.7040026329031955,/volumes/Seagate/mtg-jamendo-dataset/04/1289104.mp3
151.67888888888888,105.46875,0.582299388299802,0.4268171691894531,0.09286312758922577,0.1608851998045455,0.20947394929385701,0.25827784156142364,1.662065262343659e-05,0.5261499769600884,0.36166269573663196,0.6610981867847949,/volumes/Seagate/mtg-jamendo-dataset/04/900504.mp3
227.34375,127.8409090909091,0.5966001132561991,0.4646376342773438,0.4358474910259247,0.4828934874771737,0.8600259540595214,0.23633155351915722,0.0022055049757694237,0.8907886247686255,0.4689618081337099,0.7631127351425908,/volumes/Seagate/mtg-jamendo-dataset/04/948204.mp3
101.47650793650794,147.65625,0.5791457707728854,1.0,0.1233300045132637,0.2701638346128944,0.4894398477255142,0.20226239672304056,0.0004992650181799464,0.3,0.47065275310608934,0.6502682510035571,/volumes/Seagate/mtg-jamendo-dataset/04/1400504.mp3
300.0,107.666015625,0.6179893467729654,0.3680741882324219,0.23905591666698456,0.540096060138421,0.8312848538190727,0.4166784338896021,0.0011005901732429847,0.7009110276941786,0.4582569084457969,0.6944087483109551,/volumes/Seagate/mtg-jamendo-dataset/04/106004.mp3
412.7098185941043,109.95678191489361,0.5679550706633025,0.4289062957763672,0.2564109265804291,0.3864617816015616,0.7844848693107483,0.20355108997247282,0.001445831208022477,0.2999999932118644,0.3669689386085174,0.718914145847251,/volumes/Seagate/mtg-jamendo-dataset/04/1121204.mp3
102.42718820861678,129.19921875,0.5359536772040361,0.44298185729980477,0.04781171306967735,0.1906801707612203,0.2632716639663009,0.19528283892155482,4.919081595928493e-05,0.5173772147223088,0.4197724280941,0.6332577310862639,/volumes/Seagate/mtg-jamendo-dataset/04/1219604.mp3
242.39020408163265,99.38401442307692,0.6286099113749697,0.19315118408203127,0.22976890206336975,0.5962190911637266,0.8504787096948309,0.6267201558882147,0.0020992757549874595,0.8301122866244457,0.4917120031889583,0.6843744041050214,/volumes/Seagate/mtg-jamendo-dataset/04/218704.mp3
231.4619954648526,126.04801829268293,0.5018387378888514,0.9359514160156251,0.0822926014661789,0.39810406501573603,0.7513491720180338,0.1594985178923365,0.0007842248193582651,0.5516961255635711,0.5505748826831862,0.6195103599911872,/volumes/Seagate/mtg-jamendo-dataset/04/1375904.mp3
190.60380952380953,139.6748310810811,0.5620282836613655,0.10926486206054686,0.39292219281196594,0.43005281826826924,0.7093460515964627,0.45479767893062045,0.0005952187496661494,0.6195325813656974,0.3588118774300341,0.769689613926301,/volumes/Seagate/mtg-jamendo-dataset/04/1257404.mp3
159.50843537414966,92.28515625,0.4921957065419691,1.0,0.0434110201895237,0.19988202442534192,0.3371981146176368,0.1333664714476681,0.0005084313022413223,0.29997025770479613,0.3455064234765953,0.6465266825729095,/volumes/Seagate/mtg-jamendo-dataset/04/1338304.mp3
218.5290702947846,72.78829225352112,0.5832726092143893,0.4600292663574219,0.14396490156650543,0.28011845051419315,0.5447029615319171,0.2885180688389788,0.0004010446317643018,0.48994277355586924,0.3107918368781927,0.6896689971883034,/volumes/Seagate/mtg-jamendo-dataset/04/674304.mp3
201.1092970521542,105.46875,0.5861662612001892,0.634621337890625,0.20598798990249634,0.6577416325021039,1.0,0.3291327052853742,0.0018611838578962698,0.3,0.5597871555314314,0.6621982452586125,/volumes/Seagate/mtg-jamendo-dataset/04/1208604.mp3
312.00528344671204,117.45383522727273,0.5541435039523425,0.3850049438476563,0.19281931221485138,0.5429181734518069,0.8870295120520907,0.46431313609854113,0.0017482330200309186,0.7861987579917304,0.5570463810637712,0.6580056761845923,/volumes/Seagate/mtg-jamendo-dataset/04/810904.mp3
155.24571428571429,114.84375,0.5899497997337539,0.35188453674316406,0.2601783275604248,0.6290197574694064,0.8648620095422015,0.8856832259617841,0.0009886867648122547,0.2999996277496747,0.7010436746911626,0.6534554629835204,/volumes/Seagate/mtg-jamendo-dataset/04/275104.mp3
300.4731065759637,129.19921875,0.563888740195932,0.6707516479492187,0.2089732587337494,0.6199977710929309,0.9725526096599856,0.19832686376011782,0.0061423867836686704,0.4854617248443855,0.6428155892706633,0.646667255290017,/volumes/Seagate/mtg-jamendo-dataset/04/1289004.mp3
234.66666666666666,120.18531976744185,0.5790289073316759,0.45590325927734376,0.28821560740470886,0.38376746586032917,0.7586744594092182,0.21977790192981334,0.0008884709504454377,0.4297528496905993,0.6316433198150304,0.6774289547026892,/volumes/Seagate/mtg-jamendo-dataset/04/1208804.mp3
260.37333333333333,161.4990234375,0.5829520213530723,0.4481438293457032,0.2571899890899658,0.6102079611156651,0.9176840953342108,0.4762745688722326,0.003609149180873315,0.5910259400892388,0.4693781382716774,0.6987127684180522,/volumes/Seagate/mtg-jamendo-dataset/04/457904.mp3
223.92551020408163,135.99917763157896,0.5532338465712449,0.5756806182861328,0.0718795657157898,0.11791712648352913,0.23541739838376044,0.09360982691120981,0.0011824385659868924,0.28745621794531495,0.4061977136608812,0.6446371009255081,/volumes/Seagate/mtg-jamendo-dataset/04/1048304.mp3
140.88927437641723,161.4990234375,0.5668538563390173,0.35859771728515627,0.08961854130029678,0.2723729590105671,0.6103626149352912,0.17132860105792885,0.0010349213240078592,0.33350418077397115,0.47819824758059165,0.6366230253519886,/volumes/Seagate/mtg-jamendo-dataset/04/25804.mp3
360.7936734693877,161.4990234375,0.6054002059793742,0.4800608825683594,0.25787967443466187,0.343123764638486,0.7110685082792847,0.31113198765929156,0.0007089000890595704,0.29999999993385035,0.5990011743078301,0.6730364479349122,/volumes/Seagate/mtg-jamendo-dataset/04/1079804.mp3
160.7997052154195,103.359375,0.47542848421168193,0.3428715515136719,0.14671416580677032,0.8378207944799507,1.0,0.45353562567464534,0.007055225436003182,0.8073157687326424,0.7426654411764706,0.6042840114551432,/volumes/Seagate/mtg-jamendo-dataset/04/74604.mp3
207.9,103.359375,0.5617590258159192,0.3855487365722656,0.14948931336402893,0.3690454979630064,0.8369665101954592,0.18680981929318957,0.002694232240091461,0.46029784154944425,0.397840986759817,0.6742479554590871,/volumes/Seagate/mtg-jamendo-dataset/04/1337504.mp3
71.14303854875284,123.046875,0.6311580225083744,0.5854433288574219,0.020449234172701836,0.14026759080383203,0.4767200058955794,0.11296010316500031,0.00043862267149784214,0.7668397555996191,0.4819947735882784,0.610962769584517,/volumes/Seagate/mtg-jamendo-dataset/04/1125404.mp3
312.0,161.4990234375,0.5702808677159233,0.39603520202636716,0.16572847962379456,0.4001691349288322,0.718676055513937,0.31517088781068653,0.0007347374639583004,0.29999999684891676,0.6354421525354659,0.6325738221574728,/volumes/Seagate/mtg-jamendo-dataset/04/679804.mp3
39.095986394557826,191.40625,0.6012866720677825,1.0,0.05170471966266632,0.5125033515917664,0.7338737572815606,0.26866780603673024,0.001597033810412527,0.5696110187580641,0.7618425512664095,0.566245188825278,/volumes/Seagate/mtg-jamendo-dataset/04/394604.mp3
214.4825170068027,139.6748310810811,0.5715633784011449,0.2643724517822266,0.28553706407546997,0.7810273392258948,1.0,0.6671842035081604,0.004079320081387698,0.5392047214924087,0.6707230619721544,0.6686487306727382,/volumes/Seagate/mtg-jamendo-dataset/04/1336604.mp3
268.08,105.46875,0.5775915516727205,0.21985260009765625,0.11311189085245132,0.28362813462370856,0.5543010631556751,0.2975582293175147,0.00021814318764746852,0.31262459584247265,0.38610611182761745,0.663499058341359,/volumes/Seagate/mtg-jamendo-dataset/04/1390504.mp3
160.45698412698414,117.45383522727273,0.5868709021207954,0.5637895202636719,0.1658904254436493,0.5290119900547791,0.880100922883739,0.29349964087876174,0.001418405112941152,0.44883007488964605,0.5137684964086571,0.6569668538779823,/volumes/Seagate/mtg-jamendo-dataset/04/1274104.mp3
202.73632653061225,120.18531976744185,0.5825586505076334,0.5667830505371094,0.20941267907619476,0.4410991677062023,0.7224683503437023,0.2212647506993881,0.0012321361730662354,0.935384277206802,0.5588691960816312,0.6636147252511039,/volumes/Seagate/mtg-jamendo-dataset/04/1032804.mp3
346.0469841269841,99.38401442307692,0.5934365922046503,0.39134927368164063,0.1488538682460785,0.41259001028705095,0.6395197170242197,0.4600296050935817,0.0003892191713794488,0.2999999999980488,0.4896706625276237,0.6556532600630636,/volumes/Seagate/mtg-jamendo-dataset/04/1210204.mp3
132.92308390022677,129.19921875,0.5782181962731141,0.5524500732421875,0.19579192996025085,0.6603134244626935,0.9475649311482706,0.39305825966556607,0.0030284326121893792,0.9345523079641274,0.6841877652313939,0.6336475417394115,/volumes/Seagate/mtg-jamendo-dataset/04/1297204.mp3
57.7,147.65625,0.555759789428121,1.0,0.20986773073673248,0.4254587718930767,0.6372230232161725,0.13919713402365413,0.0011094651148626357,0.3765434769737768,0.6280752689290036,0.649937329279423,/volumes/Seagate/mtg-jamendo-dataset/04/1304004.mp3
90.0,99.38401442307692,0.5460933414266493,0.4649997482299806,0.08992168307304382,0.15814129500982163,0.2879191296667218,0.1906264945002391,6.855748399680238e-05,0.6176994791342363,0.5236421721867305,0.6276433714689497,/volumes/Seagate/mtg-jamendo-dataset/04/1116404.mp3
116.4712925170068,161.4990234375,0.5840709676866667,1.0,0.061135489493608475,0.5053221199095664,0.8461123344863358,0.11483421781292467,0.004148290425729724,0.3,0.5332418125885249,0.6153604136999941,/volumes/Seagate/mtg-jamendo-dataset/04/1075204.mp3
220.07843537414965,109.95678191489361,0.5917521765565251,0.5276278686523438,0.2528814673423767,0.8036153142321466,1.0,0.5322044889577404,0.008479402596792668,0.7036845060506842,0.6931784890183819,0.6524016304395792,/volumes/Seagate/mtg-jamendo-dataset/04/1257004.mp3
156.8130612244898,139.6748310810811,0.5878880656663232,0.6786146545410157,0.5046465992927551,0.6673231280165053,0.8652037098719344,0.7958969784411696,0.0007882251574441848,0.45881186899165,0.6573671928197645,0.7501993371814389,/volumes/Seagate/mtg-jamendo-dataset/04/1294104.mp3
61.0,117.45383522727273,0.5768005572419548,0.7204269104003908,0.13876384496688843,1.0,1.0,0.13333457102411178,0.05859809401816987,0.2999999953839569,0.6969605144721478,0.6105628812936503,/volumes/Seagate/mtg-jamendo-dataset/04/963304.mp3
286.53820861678,126.04801829268293,0.6035394617729992,0.49693023681640625,0.26814723014831543,0.6836076488334045,0.985295846681358,0.34598906436372007,0.008396886835979854,0.7394648155638585,0.6766243450474142,0.6612081338439106,/volumes/Seagate/mtg-jamendo-dataset/04/348704.mp3
65.02832199546485,135.99917763157896,0.49640195549617516,0.47009236907958984,0.02164454758167267,0.20589396790399864,0.42503105514122025,0.14519204813611863,0.00027852213260351515,0.299965987330568,0.32392801435639956,0.6430064342581222,/volumes/Seagate/mtg-jamendo-dataset/04/1162604.mp3
256.99185941043083,132.51201923076923,0.624637806327657,0.35232933044433595,0.26228636503219604,0.8158018755540863,1.0,0.9623343940342186,0.0024180274811334574,0.8470364857954904,0.7387680288461538,0.6466694856423598,/volumes/Seagate/mtg-jamendo-dataset/04/220104.mp3
257.0,120.18531976744185,0.5726601362284407,0.3888506774902345,0.22752265632152557,0.44918370646846423,0.6399807579376702,0.6180166303628072,0.0002953350133440734,0.29999979481335964,0.6133624916669747,0.6592356579423543,/volumes/Seagate/mtg-jamendo-dataset/04/926204.mp3
169.61065759637188,151.99908088235293,0.5889848509738196,0.3164549865722656,0.16674727201461792,0.8710478510015911,1.0,1.0,0.0065351354185159884,0.5846878844856278,0.7496784936221665,0.6100933192008292,/volumes/Seagate/mtg-jamendo-dataset/04/165304.mp3
166.4,132.51201923076923,0.519199325667633,0.40571124267578135,0.19475646317005157,0.4275582469961171,0.6749413765863516,0.5621368392571806,0.0008242291173086086,0.3345579810045515,0.5279395488518153,0.6645244169708555,/volumes/Seagate/mtg-jamendo-dataset/04/1209404.mp3
94.32149659863946,120.18531976744185,0.5263156194289129,0.3453819580078125,0.1963377743959427,0.27538138086516295,0.4857082199937299,0.255457861163227,0.00017277835384138735,0.6498393960648834,0.5069739174434822,0.6692868152938429,/volumes/Seagate/mtg-jamendo-dataset/04/1276504.mp3
149.00834467120183,117.45383522727273,0.6389962801060307,1.0,0.20364566147327423,0.49312191746705386,0.6834358535456945,0.27423641528974696,0.0010626638354873513,0.5096281676234002,0.5200152461399689,0.6693093889023849,/volumes/Seagate/mtg-jamendo-dataset/04/1247404.mp3
202.03102040816327,107.666015625,0.5747596545660658,0.5082301788330078,0.29841241240501404,0.5093999981220121,0.7496076676312142,0.37330696499701466,0.0006955351490871976,0.7748368074373877,0.587007492203759,0.6900269700250532,/volumes/Seagate/mtg-jamendo-dataset/04/1078404.mp3
164.70133786848072,123.046875,0.5738475187711314,0.7380265808105468,0.2598574459552765,0.3515505299028092,0.6479643603281049,0.15409572831190355,0.001478313552433101,0.4582972933175555,0.44427184700749195,0.7046943111424011,/volumes/Seagate/mtg-jamendo-dataset/04/1353304.mp3
367.1999546485261,101.33272058823529,0.5461412534601258,0.5175338592529297,0.054883234202861786,0.19725478097459664,0.3828518397771698,0.17608926329556707,0.0004662990979788586,0.2999253833731491,0.35837503414128447,0.6480829574847733,/volumes/Seagate/mtg-jamendo-dataset/04/794804.mp3
508.7866666666667,114.84375,0.588652592178268,0.9827877044677734,0.09023088961839676,0.2990181666028774,0.556937399655233,0.1570484821770452,0.001146381445100931,0.7570558647098471,0.4104389563335986,0.650395328995903,/volumes/Seagate/mtg-jamendo-dataset/04/124404.mp3
305.05333333333334,139.6748310810811,0.5961140821226385,0.6426018142700195,0.09200900793075562,0.38879881280726314,0.7122139331862575,0.24036438705078178,0.0014346048339579423,0.6935247479586004,0.4872195185574816,0.6356793391435758,/volumes/Seagate/mtg-jamendo-dataset/04/80704.mp3
204.37501133786847,129.19921875,0.5231254578432928,0.459916488647461,0.14973951876163483,0.5601253572422259,0.8528120634093016,0.38898615059770225,0.002056052352856669,0.3,0.553627869662323,0.643180652821724,/volumes/Seagate/mtg-jamendo-dataset/04/764604.mp3
282.70666666666665,114.84375,0.5641732445909117,0.7008175659179687,0.29555612802505493,0.36950761281755756,0.6134103228111977,0.2435272353216325,0.000823457267206305,0.6161573368190996,0.4509038887491309,0.7162194283391936,/volumes/Seagate/mtg-jamendo-dataset/04/174404.mp3
101.11483333333334,119.68085106382979,0.5767940787370238,0.5084450225830078,0.10562092065811157,0.2622113010606248,0.46591564772369487,0.22057991149531747,0.0002005859488078803,0.4872163442231625,0.49502815064571665,0.6390179013077768,/volumes/Seagate/mtg-jamendo-dataset/04/1012004.mp3
288.62666666666667,86.1328125,0.5958419161958313,0.21103652954101562,0.1971292346715927,0.571220108187192,0.805067486280761,0.7350460756930486,0.0007532690391660193,0.8141864863622816,0.4918599756862333,0.6725945293445268,/volumes/Seagate/mtg-jamendo-dataset/04/1056504.mp3
148.15070294784582,147.65625,0.5592081964608528,0.34599609375,0.25182726979255676,0.2763145156743708,0.538301481117557,0.2958530278038459,0.00033930096337554867,0.9090434552428932,0.4700285599829685,0.6966521051287267,/volumes/Seagate/mtg-jamendo-dataset/04/718504.mp3
440.0937188208617,129.19921875,0.5715606789399299,0.6734454650878906,0.25838229060173035,0.3577715486348817,0.7155473348022757,0.17490829610593836,0.001900349053824612,0.2999999999965259,0.4451423518848923,0.7039891542396445,/volumes/Seagate/mtg-jamendo-dataset/04/1366604.mp3
64.61537414965986,139.6748310810811,0.5455582968117421,0.16774253845214843,0.23377706110477448,0.320492804833213,0.6183227190875386,0.19870993751259824,0.0010943539443766179,0.9164944820080619,0.5321043677048168,0.6777388684567555,/volumes/Seagate/mtg-jamendo-dataset/04/1250204.mp3
199.15755102040816,117.45383522727273,0.5352035920963283,1.0,0.06157825142145157,0.38871331111606766,0.7368128154636492,0.12135891548364625,0.0014482290876320593,0.29998533770912156,0.4405271145758691,0.6340627475965488,/volumes/Seagate/mtg-jamendo-dataset/04/1211604.mp3
301.30072562358276,129.19921875,0.614686371342594,0.13318286132812499,0.3187921643257141,0.6838586449906334,0.8817887683596409,1.0,0.001032248885981913,0.5141318073780636,0.6488914061155876,0.6849868979341395,/volumes/Seagate/mtg-jamendo-dataset/04/159204.mp3
137.04,120.18531976744185,0.5803062674731014,0.5746298828124999,0.20097702741622925,0.6840379165279452,0.8531250373191506,0.3587122182641684,0.0016423812249792813,0.4505047950422639,0.5527130297027674,0.661809123929289,/volumes/Seagate/mtg-jamendo-dataset/04/1115104.mp3
230.28,112.34714673913044,0.5992095125354064,0.274839080810547,0.24116577208042145,0.6172352628644712,0.774991885695593,0.9655838718205685,0.0005823228347224473,0.4412969796398888,0.6311462736684045,0.6605904232152708,/volumes/Seagate/mtg-jamendo-dataset/04/373304.mp3
367.80408163265304,135.99917763157896,0.5485776036291398,0.9899174499511719,0.05706220120191574,0.15795114432574747,0.2957922739444823,0.18494735245638494,0.0001461811338367075,0.29987005833634667,0.40782324747681914,0.6389777429373258,/volumes/Seagate/mtg-jamendo-dataset/04/1377104.mp3
192.651179138322,95.703125,0.5613710902827925,0.3908308715820313,0.14872069656848907,0.3751931685530202,0.637424789571064,0.17792472742131302,0.0008939805782597929,0.2999999999922783,0.4021101372516997,0.6731174233143161,/volumes/Seagate/mtg-jamendo-dataset/04/302304.mp3
233.68968253968254,114.84375,0.5129651662037331,0.22352954101562503,0.0729653462767601,0.3726710781174158,0.5776616357564867,0.32152664097061756,0.00033408391729206614,0.2999789843490669,0.5787552731000728,0.6105164700396191,/volumes/Seagate/mtg-jamendo-dataset/04/843404.mp3
205.71429166666667,140.625,0.5857234639426523,0.29930709838867187,0.3310365676879883,0.9032988874831391,1.0,0.4833358204991362,0.002801275057519051,0.9535737094282919,0.6867750975448512,0.6818181448587055,/volumes/Seagate/mtg-jamendo-dataset/04/796004.mp3
222.8897505668934,103.359375,0.5593330808980487,0.35166574096679687,0.0924224853515625,0.48161148642948154,0.8031550851004126,0.25545334551215193,0.001367086152816974,0.2999999996835793,0.4822846712779262,0.6368151604709772,/volumes/Seagate/mtg-jamendo-dataset/04/1178104.mp3
206.0,114.84375,0.585917345650458,0.18547801208496095,0.23885488510131836,0.671098305667051,0.8778704287356895,1.0,0.0014815642408871135,0.409667584084628,0.6126692745365496,0.6634539037291647,/volumes/Seagate/mtg-jamendo-dataset/04/1196904.mp3
250.65333333333334,93.96306818181819,0.5604029650303832,0.5420362396240235,0.1468878984451294,0.39412183352338365,0.6798583234991084,0.34941628350975495,0.00041928614827186256,0.5195326111040273,0.6865903150129672,0.6155615804376531,/volumes/Seagate/mtg-jamendo-dataset/04/37704.mp3
364.6171428571429,120.18531976744185,0.6038322902540714,0.9326077270507812,0.04603605344891548,0.4361808234101408,0.6323584992789916,0.08785970678276482,0.001951062803933939,0.2998251603053712,0.5069681318732815,0.6151793528669534,/volumes/Seagate/mtg-jamendo-dataset/04/543404.mp3
176.0130612244898,147.65625,0.5724524534182576,0.25846405029296876,0.24250462651252747,1.0,1.0,1.0,0.012473905663895734,0.9559398084417404,0.7539981617647058,0.6365020331915687,/volumes/Seagate/mtg-jamendo-dataset/04/316204.mp3
120.0,120.18531976744185,0.5419993132856455,0.5644916534423828,0.12516933679580688,0.9302804393504246,1.0,0.3078852978932266,0.0032514008091576343,0.7843000565746804,0.6903706395348838,0.6069868333395138,/volumes/Seagate/mtg-jamendo-dataset/04/267904.mp3
423.29600907029476,109.95678191489361,0.5885214814178306,0.31815461730957034,0.2965686619281769,0.5218007552227071,0.7930590060458961,0.5362334934375126,0.0011262619194711831,0.8870288925072676,0.5086213305033329,0.7050404521934771,/volumes/Seagate/mtg-jamendo-dataset/04/1226704.mp3
223.99995464852609,120.18531976744185,0.5528759105648849,0.50213330078125,0.22603732347488403,0.7044501533771693,0.9118575305898814,0.62337236143171,0.002724854641926042,0.8358562005128594,0.62804819039926,0.6557637983711062,/volumes/Seagate/mtg-jamendo-dataset/04/1318704.mp3
206.4,126.04801829268293,0.5859747646070235,0.8831895370483399,0.2455783635377884,0.5583220910524417,0.7913037407175575,0.3230635836564238,0.0017949345633825342,0.2999999999181519,0.6291057797156435,0.6625870549304751,/volumes/Seagate/mtg-jamendo-dataset/04/1083604.mp3
228.93943310657596,129.19921875,0.5819527035357697,1.0,0.21199414134025574,0.7560308723457339,0.9545238382198602,0.16103398802750704,0.0025066471788803375,0.6884436274994137,0.6974061555864335,0.6368366597652054,/volumes/Seagate/mtg-jamendo-dataset/04/1072904.mp3
229.4595918367347,123.046875,0.5506563010321983,0.51568603515625,0.08185901492834091,0.49007859726084596,0.7924557539375666,0.3133286852220913,0.0011789200951828034,0.2999999999853138,0.5112423658437973,0.6272207722054433,/volumes/Seagate/mtg-jamendo-dataset/04/1235604.mp3
248.39832199546484,120.18531976744185,0.5301721884843601,0.3408228302001953,0.14443136751651764,0.3610201202898153,0.5754807650145662,0.3076335216520982,0.00034211583632728996,0.299999903333675,0.46124593376302087,0.6597461055533422,/volumes/Seagate/mtg-jamendo-dataset/04/464804.mp3
107.80444444444444,143.5546875,0.572431598544187,0.7014583587646485,0.09562577307224274,0.24953859204962014,0.4487665185487046,0.17215687922547976,0.00019324822912638473,0.4684563507035394,0.5510698326990301,0.6242113117662014,/volumes/Seagate/mtg-jamendo-dataset/04/1119404.mp3
149.4726530612245,135.99917763157896,0.602117429527993,0.5185722961425782,0.5504074692726135,0.5714008214644282,0.9028984021956081,0.5100881837556239,0.002707887739281886,0.4706565276096239,0.6350877899981969,0.7711291309385016,/volumes/Seagate/mtg-jamendo-dataset/04/1345604.mp3
144.58045351473922,120.18531976744185,0.5744542114729405,0.2752353515625,0.13954827189445496,0.5748825643646773,0.798056692122885,0.3958865209336211,0.0009380787701837244,0.2999999999985004,0.6621250260592472,0.6178123726701543,/volumes/Seagate/mtg-jamendo-dataset/04/890104.mp3
207.87403628117914,126.04801829268293,0.5923574876252923,0.6479169311523438,0.23976632952690125,0.6933928527859533,1.0,0.32786944646882943,0.004336939033360204,0.47516528140129727,0.5985061781887238,0.6666146429919397,/volumes/Seagate/mtg-jamendo-dataset/04/1147704.mp3
238.5,114.84375,0.5657609564873127,0.5630333251953126,0.19390909373760223,0.23129635575735583,0.5200966013142082,0.20668556021100296,0.00046282814280085895,0.29999999933680976,0.4189346707185526,0.6860203396018263,/volumes/Seagate/mtg-jamendo-dataset/04/1268904.mp3
194.63510204081632,107.666015625,0.5255988343505857,0.21172036743164063,0.14188571274280548,0.3422243274435752,0.5333620116685244,0.5132449280949714,9.868196058045537e-05,0.6981523216678807,0.4318234462081202,0.6647141673457859,/volumes/Seagate/mtg-jamendo-dataset/04/152804.mp3
367.033514739229,139.6748310810811,0.583675181421546,0.41855310058593753,0.20879453420639038,0.8873114240861103,1.0,1.0,0.0036499142485027346,0.299999973166694,0.596963135893117,0.6557734051356772,/volumes/Seagate/mtg-jamendo-dataset/04/1125104.mp3
86.25,129.19921875,0.5707394234406964,1.0,0.1613198220729828,0.5347808566683265,0.7347254969290432,0.4279937883508597,0.0046054218277512965,0.3,0.6279002299834768,0.6324950899495784,/volumes/Seagate/mtg-jamendo-dataset/04/1341604.mp3
424.3069387755102,139.6748310810811,0.5857808846972978,0.5461836547851562,0.36647525429725647,0.4331211373307902,0.6413121439597839,0.5657422083291345,0.00029226572936530453,0.2999999999998727,0.6113893062319791,0.7096532303006166,/volumes/Seagate/mtg-jamendo-dataset/04/502604.mp3
361.985306122449,135.99917763157896,0.5535140751841017,0.25713946533203125,0.13326911628246307,0.19150146285059075,0.4093848397151051,0.17886538703739774,0.00022039555033722384,0.29999988630511387,0.3674086403125386,0.674495153799179,/volumes/Seagate/mtg-jamendo-dataset/04/1398804.mp3
62.48489795918368,129.19921875,0.5216714523987309,0.37115713500976566,0.14235828816890717,0.36977372240391,0.5667371922831637,0.37098725436446267,0.00033091147417891963,0.5240372485322586,0.6650641352311453,0.6182361566945775,/volumes/Seagate/mtg-jamendo-dataset/04/47404.mp3
131.04147916666668,98.6842105263158,0.5860694024155482,0.3816650390625,0.12863290309906006,0.1771127746957815,0.27286117143564764,0.21375350885203465,4.048357971401386e-05,0.2981991805432967,0.3594245511226782,0.674422934891126,/volumes/Seagate/mtg-jamendo-dataset/04/1110504.mp3
67.90625850340136,139.6748310810811,0.6092230874360782,0.6143732604980467,0.18228749930858612,0.3380443982113705,0.5403291714846148,0.18586541789507482,0.0010199870038747364,0.7186112306886501,0.33646103241414255,0.6983312932682624,/volumes/Seagate/mtg-jamendo-dataset/04/80804.mp3
303.93333333333334,120.18531976744185,0.545512458119864,0.5607151794433594,0.13999344408512115,0.5198830760547268,0.8166705110257861,0.17619335550091816,0.0025635937024998576,0.29999998890105267,0.5896226507252874,0.6324731097255861,/volumes/Seagate/mtg-jamendo-dataset/04/11904.mp3
215.76,109.95678191489361,0.5630095572479163,0.3047863159179688,0.3055960237979889,0.4560035876412264,0.741895707425922,0.4474166814307368,0.0005948968685806533,0.7230292406405987,0.5641684352995504,0.6971808815073659,/volumes/Seagate/mtg-jamendo-dataset/04/1354104.mp3
372.19265306122446,129.19921875,0.589155626398932,0.42145132446289063,0.2120063602924347,0.721144825023662,0.9421538174738784,0.6583981211470619,0.0019820461385223215,0.4964113504455044,0.648580144044446,0.6466062608963873,/volumes/Seagate/mtg-jamendo-dataset/04/1051504.mp3
489.3333333333333,178.20581896551724,0.5947017703481119,0.943285842895508,0.09846359491348267,0.5073634371887963,0.8495254793149685,0.13984264508109634,0.006948844332108719,0.3,0.6133372719728833,0.6127794397742771,/volumes/Seagate/mtg-jamendo-dataset/04/665104.mp3
173.86002267573696,109.95678191489361,0.5621320580723805,0.5019639587402344,0.1369122862815857,0.4065968502820819,0.7918802820812295,0.19765185272045027,0.001713967932586739,0.2999999999999996,0.43633705326412314,0.6620210124085462,/volumes/Seagate/mtg-jamendo-dataset/04/1009604.mp3
395.42639455782313,120.18531976744185,0.6134155268887165,0.3583346099853517,0.15852123498916626,0.14096905684911507,0.23560334683043585,0.16858971971986308,0.00016191013713333548,0.2996490280475637,0.37022695798967575,0.6830222529981647,/volumes/Seagate/mtg-jamendo-dataset/04/136304.mp3
327.9129791666667,119.68085106382979,0.603970041199273,0.4788717193603515,0.07164441049098969,0.4642953342097693,0.7664918412234414,0.14422772690416386,0.0013379590075755078,0.2999999999619054,0.49305821114241727,0.6271803455482728,/volumes/Seagate/mtg-jamendo-dataset/04/1075104.mp3
209.106625,119.68085106382979,0.5532750440115402,0.33175047302246097,0.07380358129739761,0.15420110625145536,0.23709919236089483,0.251569863790864,3.171902973802835e-05,0.46207757565928165,0.6260697759316152,0.6013553340807402,/volumes/Seagate/mtg-jamendo-dataset/04/1122004.mp3
292.0,120.18531976744185,0.5496773930065676,0.6955296325683594,0.20394064486026764,0.3010801964334094,0.5255177480425872,0.22597113434853486,0.00038749238476928904,0.2999999873205572,0.4474272447195352,0.6839331832057893,/volumes/Seagate/mtg-jamendo-dataset/04/34404.mp3
119.05353741496599,123.046875,0.5769719641836559,0.30789678955078126,0.07246788591146469,0.10294928400701688,0.2514393771932958,0.1424157163073337,0.00039771182710531986,0.26162066451405686,0.4237620840746455,0.6413360221131982,/volumes/Seagate/mtg-jamendo-dataset/04/1384404.mp3
240.87149659863945,129.19921875,0.5296933191547846,0.38401065063476564,0.23530444502830505,0.40828501727586625,0.6044928664511019,0.4577042581531035,0.0002494519992462303,0.4706094138044329,0.6055774144716393,0.6635941173158619,/volumes/Seagate/mtg-jamendo-dataset/04/1119004.mp3
188.2,126.04801829268293,0.5439453379473177,0.35839797973632814,0.1773805469274521,0.5307019327107416,0.7161520811999113,0.6463861485200504,0.0005900552732127909,0.29999999173806957,0.6533769877901625,0.6331815993358502,/volumes/Seagate/mtg-jamendo-dataset/04/1333704.mp3
294.93750566893425,161.4990234375,0.5636664989850955,0.3814371490478516,0.2548467516899109,0.5446784968442673,0.8010375446328648,0.5965812950524404,0.0006884322841112501,0.48287251805606013,0.6355826564845277,0.6646282993114624,/volumes/Seagate/mtg-jamendo-dataset/04/1165004.mp3
230.0,123.046875,0.5541960733442327,0.20456634521484374,0.18887676298618317,0.13080295897677333,0.22817867634028816,0.20351172236168377,7.493971264144524e-05,0.2621582767053905,0.44465796649401035,0.6790640413762239,/volumes/Seagate/mtg-jamendo-dataset/04/1062504.mp3
148.56,143.5546875,0.6046967727295249,0.22279853820800782,0.18299821019172668,0.7976925640683834,1.0,1.0,0.0023146237117100225,0.8345401467899125,0.7308293910170958,0.6197134774656025,/volumes/Seagate/mtg-jamendo-dataset/04/212204.mp3
243.01714285714286,107.666015625,0.5691289152115113,0.5700350494384766,0.22858308255672455,0.35907815255330355,0.5793762262380162,0.26947397612711077,0.0002729658702915211,0.29999999754379386,0.5373182785537186,0.6748262540096771,/volumes/Seagate/mtg-jamendo-dataset/04/822004.mp3
367.04,99.38401442307692,0.5105809895426963,0.4341196594238282,0.1831212341785431,0.5236334537723822,0.8024490602123749,0.38318164810621697,0.000998918736283923,0.4048409776692151,0.7531210566860183,0.6152994329670719,/volumes/Seagate/mtg-jamendo-dataset/04/90404.mp3
203.090589569161,161.4990234375,0.5330618547743691,0.6093648681640625,0.053490184247493744,0.4601656960828462,0.8318515852590109,0.1812242667101684,0.0020669471094799056,0.3707814899231194,0.5569318716059957,0.6078700920078985,/volumes/Seagate/mtg-jamendo-dataset/04/345904.mp3
340.54315192743763,126.04801829268293,0.5894872232493449,0.6079827117919921,0.2986486852169037,0.5684962252496022,0.8186731374600068,0.3422473748806764,0.0019169618760915355,0.7127731610080372,0.5337441595101692,0.7007646947760515,/volumes/Seagate/mtg-jamendo-dataset/04/1336504.mp3
374.4598639455782,99.38401442307692,0.5915768198537656,0.32861846923828125,0.23076312243938446,0.43563093336283,0.8239506796011372,0.2717947632133356,0.001964708886799273,0.6381022817775559,0.408083027564799,0.7014581185652187,/volumes/Seagate/mtg-jamendo-dataset/04/1178804.mp3
167.45165532879818,99.38401442307692,0.5807415712504248,0.22204922485351566,0.31458455324172974,0.4629879602133666,0.7191033702845707,0.6265982847016491,0.00036153881726675276,0.6097285399735226,0.5513033351702934,0.7029897721329641,/volumes/Seagate/mtg-jamendo-dataset/04/811704.mp3
183.25673469387755,107.666015625,0.5583885832348414,0.7360734863281251,0.08492082357406616,0.3510187716374048,0.777114998843869,0.1594406545269127,0.0018386157609569381,0.29999990314843,0.41819031340547097,0.6469334338055697,/volumes/Seagate/mtg-jamendo-dataset/04/166604.mp3
242.75591836734694,123.046875,0.5898492017652386,0.22609056091308596,0.3036387264728546,0.622918197542279,0.890613334941347,0.9368473481004537,0.001119522291119581,0.8164739731539776,0.6754212526674923,0.6742256909967292,/volumes/Seagate/mtg-jamendo-dataset/04/1080504.mp3
263.04,143.5546875,0.5424067781713358,0.8001907196044923,0.09620461612939835,0.24824966640649787,0.5708314704279345,0.1281645579840183,0.003263835076415557,0.7009728761413925,0.4467820172631198,0.6452772583539594,/volumes/Seagate/mtg-jamendo-dataset/04/1051204.mp3
171.85845804988662,112.34714673913044,0.5022745648136442,0.9308424072265626,0.05311648175120354,0.2075071106024942,0.4922582170285355,0.09938394162027143,0.0016919439645403495,0.2999973472693286,0.33005123519493273,0.6531116863914467,/volumes/Seagate/mtg-jamendo-dataset/04/1217504.mp3
251.294126984127,84.72079918032787,0.5569875612729389,0.5768314208984374,0.16037219762802124,0.5104117214314123,0.6454379659546837,0.5429693107741889,0.00045356123065491585,0.2999999993357923,0.4849853240811792,0.6607369263298518,/volumes/Seagate/mtg-jamendo-dataset/04/1066804.mp3
90.84,123.046875,0.4604940344275754,0.6014044799804688,0.0673501119017601,0.093708538417917,0.17622852424951668,0.047445180394295954,0.00855741968031182,0.8290658917350839,0.19435889378978277,0.6853742615266771,/volumes/Seagate/mtg-jamendo-dataset/04/193604.mp3
208.04945578231292,139.6748310810811,0.6071334079257089,0.2797838745117187,0.4739486277103424,0.5085533473483274,0.8241599979386665,0.5508098323170731,0.0005529253103766071,0.29999999999015725,0.6511427470984349,0.7403929565560362,/volumes/Seagate/mtg-jamendo-dataset/04/259404.mp3
232.88163265306122,129.19921875,0.5969096648495649,0.12703704833984378,0.341852068901062,0.6259227492284156,0.8244548942430491,1.0,0.0006631351122556498,0.2999974173546926,0.6145403098580785,0.7001586828327666,/volumes/Seagate/mtg-jamendo-dataset/04/378604.mp3
159.18666666666667,90.66611842105263,0.5929556092154719,0.23937229919433592,0.39656683802604675,0.47223673137237027,0.705062379637428,0.6597301277855252,0.000398440726334138,0.7014123943076773,0.44485923528467275,0.7537922146324423,/volumes/Seagate/mtg-jamendo-dataset/04/863504.mp3
158.77331065759637,151.99908088235293,0.5141265314017142,0.4535565185546875,0.1704656034708023,0.7210335339921777,1.0,0.3149255594632577,0.0049668160767558705,0.3151140584104264,0.6756514558268772,0.6262373260841133,/volumes/Seagate/mtg-jamendo-dataset/04/1347104.mp3
