duration,tempo,energy,loudness,key,mode,acousticness,instrumentalness,speechiness,danceability,valence,liveness,time_signature,filename
221.14732426303854,139.6748310810811,0.21137551963329315,-3.5418741703033447,0,0,0.615954661799324,0.0,0.032981397584080696,1.0,0.6793496621621622,1.0,4,/volumes/Seagate/mtg-jamendo-dataset/02/1368402.mp3
106.90265306122448,120.18531976744185,0.18130260705947876,-17.04119300842285,9,1,0.5541375963287514,0.0,0.002160120173357427,1.0,0.694832132545159,0.08788349106907845,4,/volumes/Seagate/mtg-jamendo-dataset/02/1082102.mp3
206.72151927437642,129.19921875,0.13645800948143005,-21.293621063232422,11,1,0.5414309938160781,0.0,8.666179019201081e-05,1.0,0.6337049058654323,0.140078105032444,4,/volumes/Seagate/mtg-jamendo-dataset/02/1271902.mp3
174.36301587301588,84.72079918032787,0.20956046879291534,-17.928050994873047,9,1,0.5649175921755606,0.0,0.0008830593433231115,1.0,0.5140390125983839,0.14052769169211388,4,/volumes/Seagate/mtg-jamendo-dataset/02/718502.mp3
248.0,129.19921875,0.17617985606193542,-11.570460319519043,8,1,0.5991821355746108,0.0,0.001677839260082692,1.0,0.6985040601313893,0.1776346005499363,4,/volumes/Seagate/mtg-jamendo-dataset/02/694402.mp3
478.49333333333334,129.19921875,0.17944934964179993,-17.05323028564453,5,0,0.5618343932248377,0.0,0.001449781993869692,1.0,0.5036325733824981,0.06562918424606323,4,/volumes/Seagate/mtg-jamendo-dataset/02/1126702.mp3
215.5,151.99908088235293,0.14667680859565735,-15.148550987243652,2,0,0.5601413026222526,0.0,0.0057259302120655775,1.0,0.632514233432619,0.05938059650361538,4,/volumes/Seagate/mtg-jamendo-dataset/02/659902.mp3
202.29018140589568,139.6748310810811,0.09443508088588715,-21.010875701904297,9,1,0.5308874221595532,0.0,0.0030531242955476046,1.0,0.7341207063638369,0.7213424146175385,4,/volumes/Seagate/mtg-jamendo-dataset/02/784902.mp3
31.466190476190476,147.65625,0.17239515483379364,-11.718205451965332,9,1,0.5757080671695068,0.0,0.0019759329152293503,1.0,0.6508633016447967,0.15973299741744995,4,/volumes/Seagate/mtg-jamendo-dataset/02/1386702.mp3
230.62585034013605,120.18531976744185,0.15848815441131592,-20.186601638793945,4,1,0.553369319470606,0.0,0.001710432639811188,1.0,0.5893311060070132,0.2320762351155281,4,/volumes/Seagate/mtg-jamendo-dataset/02/361002.mp3
202.0,120.18531976744185,0.06784170120954514,-34.085693359375,2,1,0.5421952810015674,0.0,0.0024458375992253423,1.0,0.5109681860578638,8.357895922017633e-06,4,/volumes/Seagate/mtg-jamendo-dataset/02/1221302.mp3
510.30310657596374,120.18531976744185,0.017199421301484108,-29.458152770996094,7,0,0.5998935856694599,0.0,0.026268387213349342,1.0,0.6403706395348837,0.15395632945001125,4,/volumes/Seagate/mtg-jamendo-dataset/02/311902.mp3
285.97523809523807,120.18531976744185,0.1252160519361496,-19.60251235961914,2,1,0.5613519694104807,0.0,0.00045341953227762133,1.0,0.6268189904438388,0.5926148965954781,4,/volumes/Seagate/mtg-jamendo-dataset/02/1242002.mp3
270.0,120.18531976744185,0.20606312155723572,-14.247254371643066,7,1,0.5570088103438622,0.0,0.001877976581454277,1.0,0.5817186461553292,0.4414833337068558,4,/volumes/Seagate/mtg-jamendo-dataset/02/1403902.mp3
473.2342857142857,139.6748310810811,0.2501140832901001,-15.750493049621582,8,0,0.5883496279003835,0.0,0.00011850459122797474,1.0,0.5329505017662778,0.017608185298740864,4,/volumes/Seagate/mtg-jamendo-dataset/02/1391102.mp3
258.9866893424036,105.46875,0.2433803379535675,-7.630903720855713,4,1,0.562271944422677,0.0,0.0017618138808757067,1.0,0.6918961420334302,1.0,4,/volumes/Seagate/mtg-jamendo-dataset/02/174902.mp3
284.7463038548753,86.1328125,0.2139902114868164,-13.305401802062988,4,1,0.5641226657473563,0.0,0.0007368849765043706,1.0,0.5819177137273456,1.0,4,/volumes/Seagate/mtg-jamendo-dataset/02/1135602.mp3
138.68054421768707,178.20581896551724,0.07203245162963867,-27.255884170532227,9,1,0.5317675170109544,0.0,8.179971882782411e-05,1.0,0.6786705335956986,0.014435710618272424,4,/volumes/Seagate/mtg-jamendo-dataset/02/1400402.mp3
248.24163265306123,120.18531976744185,0.23114155232906342,-13.116762161254883,9,1,0.5482845552318741,0.0,6.850808313174639e-05,1.0,0.6533189661084052,0.5054179951548576,4,/volumes/Seagate/mtg-jamendo-dataset/02/1036002.mp3
122.0667573696145,87.5926906779661,0.16098545491695404,-20.707334518432617,0,0,0.5858511507953457,0.0,6.995013609412126e-05,1.0,0.3871439777601239,0.04848869051784277,4,/volumes/Seagate/mtg-jamendo-dataset/02/81202.mp3
200.57396825396825,139.6748310810811,0.1282859593629837,-17.632612228393555,0,0,0.5925376395852272,0.0,0.00670558400452137,1.0,0.5832512318469227,0.37970345467329025,4,/volumes/Seagate/mtg-jamendo-dataset/02/1247102.mp3
224.4,151.99908088235293,0.1352398544549942,-13.790769577026367,9,1,0.5709786739751632,0.0,0.009746416239067912,1.0,0.8239981617647059,1.0,4,/volumes/Seagate/mtg-jamendo-dataset/02/1100002.mp3
371.58986394557826,120.18531976744185,0.1508011817932129,-20.570953369140625,7,1,0.5562083046513271,0.0,0.0001624355099920649,1.0,0.5980307855457234,0.06725316867232323,4,/volumes/Seagate/mtg-jamendo-dataset/02/1178802.mp3
192.76,107.666015625,0.1401793509721756,-15.287713050842285,7,1,0.5929042225366474,0.0,0.01134145469404757,1.0,0.6687752127597917,0.17438365146517754,4,/volumes/Seagate/mtg-jamendo-dataset/02/5702.mp3
967.8715646258504,126.04801829268293,0.04732707142829895,-27.69960594177246,4,1,0.47762801119632126,0.0,1.2759260528127925e-06,1.0,0.5012240816442334,6.309267064352753e-07,4,/volumes/Seagate/mtg-jamendo-dataset/02/433602.mp3
223.95,129.19921875,0.11884679645299911,-25.42144775390625,4,1,0.5318708893460558,0.0,0.002125248487573117,1.0,0.41025375051694596,0.00013413051419775002,4,/volumes/Seagate/mtg-jamendo-dataset/02/1049702.mp3
237.0,161.4990234375,0.09808016568422318,-24.170255661010742,9,1,0.5317946842360559,0.0,0.00047336186980828643,1.0,0.5164934269137889,0.3651135414838791,4,/volumes/Seagate/mtg-jamendo-dataset/02/1173502.mp3
37.32208616780046,112.34714673913044,0.021212011575698853,-40.80569839477539,8,0,0.6231593351575124,0.0,5.6561574410807225e-06,1.0,0.31045719862395893,2.1848832147952635e-05,4,/volumes/Seagate/mtg-jamendo-dataset/02/1125402.mp3
316.50065759637187,114.84375,0.11625457555055618,-11.173990249633789,9,1,0.557899111948801,0.0,0.00699320831336081,1.0,0.7496875000000001,0.5760125070810318,4,/volumes/Seagate/mtg-jamendo-dataset/02/1379102.mp3
333.7866666666667,132.51201923076923,0.22639349102973938,-10.343515396118164,2,1,0.5883718536839929,0.0,0.0010602213442325592,1.0,0.7058683510346828,0.6903622299432755,4,/volumes/Seagate/mtg-jamendo-dataset/02/629702.mp3
102.0,123.046875,0.08310266584157944,-24.963342666625977,2,1,0.4736328452923074,0.0,0.00018098018699674867,1.0,0.6849298511626563,0.0027903594309464097,4,/volumes/Seagate/mtg-jamendo-dataset/02/1345302.mp3
290.4152380952381,114.84375,0.23056553304195404,-17.489503860473633,2,1,0.5846307756320088,0.0,0.0004004562069894746,1.0,0.6066808582196106,1.0,4,/volumes/Seagate/mtg-jamendo-dataset/02/49402.mp3
233.50639455782314,139.6748310810811,0.2539511024951935,-19.636695861816406,7,1,0.5378924807315557,0.0,0.0006977777229622006,1.0,0.5982337117521701,0.07778302300721407,4,/volumes/Seagate/mtg-jamendo-dataset/02/1375002.mp3
269.9504761904762,135.99917763157896,0.06972777098417282,-19.826623916625977,3,0,0.5736438263510464,0.0,0.0006235111359274015,1.0,0.6071561214902937,0.05514020100235939,4,/volumes/Seagate/mtg-jamendo-dataset/02/1393402.mp3
1114.1051247165533,126.04801829268293,0.022666672244668007,-33.721858978271484,0,1,0.533995858200519,0.0,0.0005343895900296047,1.0,0.5771657827261032,2.8707941055472475e-05,4,/volumes/Seagate/mtg-jamendo-dataset/02/1150102.mp3
202.46278911564625,105.46875,0.19339269399642944,-4.867584228515625,4,1,0.5853237206997332,0.0,0.007813119795173407,1.0,0.7267187500000001,1.0,4,/volumes/Seagate/mtg-jamendo-dataset/02/941402.mp3
380.0,120.18531976744185,0.06964108347892761,-27.253803253173828,10,0,0.5148119032010626,0.0,0.00020185052562737837,1.0,0.44246630789653796,0.003344712022226304,4,/volumes/Seagate/mtg-jamendo-dataset/02/1395102.mp3
364.06857142857143,151.99908088235293,0.1266711950302124,-16.17639923095703,11,1,0.6155680873726233,0.0,0.0035327525110915303,1.0,0.7926812698008724,1.0,4,/volumes/Seagate/mtg-jamendo-dataset/02/218902.mp3
281.07691609977326,129.19921875,0.27601733803749084,-13.171957969665527,8,0,0.5948038552705377,0.0,0.0005843993421876803,1.0,0.5478760939417251,0.46446241438388824,4,/volumes/Seagate/mtg-jamendo-dataset/02/322102.mp3
191.43371882086169,120.18531976744185,0.02329750545322895,-37.12825393676758,11,1,0.5082449858199343,0.0,2.1225632281129947e-05,1.0,0.55985357453386,4.90286220156122e-05,4,/volumes/Seagate/mtg-jamendo-dataset/02/1266902.mp3
156.1380045351474,120.18531976744185,0.09878641366958618,-27.665525436401367,10,0,0.5353633962916378,0.0,0.00043059137533418834,1.0,0.4195197127506456,0.002030085015576333,4,/volumes/Seagate/mtg-jamendo-dataset/02/1231702.mp3
496.43850340136055,120.18531976744185,0.12320151180028915,-24.205392837524414,7,0,0.5697982453755215,0.0,0.0012513022811617702,1.0,0.44435717072905667,0.03996451385319233,4,/volumes/Seagate/mtg-jamendo-dataset/02/136302.mp3
209.0,120.18531976744185,0.10334810614585876,-17.59530258178711,7,1,0.548379476112371,0.0,0.002399661869276315,1.0,0.703641388631689,0.11701228097081184,4,/volumes/Seagate/mtg-jamendo-dataset/02/3102.mp3
256.36126984126986,147.65625,0.23112329840660095,-11.605850219726562,10,0,0.5562490246286138,0.0,0.001176337682409212,1.0,0.650879536138539,0.424632728099823,4,/volumes/Seagate/mtg-jamendo-dataset/02/950102.mp3
227.65714285714284,139.6748310810811,0.06426353752613068,-29.033828735351562,11,1,0.5822283994996695,0.0,0.0005496320372913033,1.0,0.6070499301385841,0.029714968986809254,4,/volumes/Seagate/mtg-jamendo-dataset/02/759302.mp3
180.6900453514739,87.5926906779661,0.13758599758148193,-15.098026275634766,0,1,0.5471605960980819,0.0,0.0011604655010160059,1.0,0.664533405340376,0.3062630072236061,4,/volumes/Seagate/mtg-jamendo-dataset/02/1399902.mp3
322.76897959183674,114.84375,0.17648667097091675,-17.064363479614258,11,1,0.5711874910405883,0.0,0.0034180503571406007,1.0,0.6084068828205171,0.13855255208909512,4,/volumes/Seagate/mtg-jamendo-dataset/02/1106002.mp3
145.31,129.19921875,0.08524515479803085,-11.880617141723633,9,1,0.6045754939400766,0.0,0.0358229773119092,1.0,0.7783984375,1.0,4,/volumes/Seagate/mtg-jamendo-dataset/02/945202.mp3
143.38063492063492,123.046875,0.23410052061080933,-10.399250984191895,5,1,0.5873017477162432,0.0,0.0027731359004974365,1.0,0.7403516599954229,1.0,4,/volumes/Seagate/mtg-jamendo-dataset/02/1353302.mp3
221.53845804988663,129.19921875,0.20641648769378662,-11.583730697631836,9,0,0.5829420033683278,0.0,0.002889632829464972,1.0,0.6034100913039028,0.4762966185808182,4,/volumes/Seagate/mtg-jamendo-dataset/02/1138702.mp3
378.80308390022674,139.6748310810811,0.14465723931789398,-20.416793823242188,10,0,0.5876725374159155,0.0,0.0001312751955993008,1.0,0.5191612763253,0.15218157321214676,4,/volumes/Seagate/mtg-jamendo-dataset/02/372602.mp3
194.62945578231293,132.51201923076923,0.22577375173568726,-8.07387924194336,4,1,0.5669330515745983,0.0,0.005695342551916838,1.0,0.7630081560282621,1.0,4,/volumes/Seagate/mtg-jamendo-dataset/02/1336602.mp3
191.79102040816326,151.99908088235293,0.1996329128742218,-7.783536911010742,7,1,0.5621002646797142,0.0,0.004661937011405826,1.0,0.8239981617647059,1.0,4,/volumes/Seagate/mtg-jamendo-dataset/02/1393202.mp3
292.01562358276647,120.18531976744185,0.07136748731136322,-20.051504135131836,8,0,0.6009234929019622,0.0,0.007042048964649439,1.0,0.6050508721677119,1.0,4,/volumes/Seagate/mtg-jamendo-dataset/02/1404702.mp3
198.97768707482993,139.6748310810811,0.16589362919330597,-16.27427101135254,2,1,0.4979230018036517,0.0,0.00048793049063533545,1.0,0.7614757876717533,1.0,4,/volumes/Seagate/mtg-jamendo-dataset/02/950502.mp3
220.75,90.66611842105263,0.22538794577121735,-18.003662109375,3,0,0.578227377078233,0.0,0.0022810984519310296,1.0,0.4178715619488108,0.11641798540949821,4,/volumes/Seagate/mtg-jamendo-dataset/02/1208802.mp3
75.28163265306122,126.04801829268293,0.08194418996572495,-31.532947540283203,7,1,0.5060621194761961,0.0,2.9119861210347153e-05,1.0,0.5531529268229338,1.1671352240227861e-05,4,/volumes/Seagate/mtg-jamendo-dataset/02/1195902.mp3
159.54666666666665,120.18531976744185,0.2937842011451721,-9.606183052062988,9,1,0.49571420238519237,0.0,0.005654132226482034,1.0,0.703966618333834,0.4768894985318184,4,/volumes/Seagate/mtg-jamendo-dataset/02/1159702.mp3
279.84979591836736,129.19921875,0.36040496826171875,-8.32116985321045,8,0,0.6298735079781919,0.0,0.0004035373858641833,1.0,0.44034181476261014,0.30193090438842773,4,/volumes/Seagate/mtg-jamendo-dataset/02/1297002.mp3
319.09092970521544,109.95678191489361,0.11496468633413315,-20.99207878112793,0,0,0.5600139546836893,0.0,0.00808966183103621,1.0,0.432998817487535,0.3990193083882332,4,/volumes/Seagate/mtg-jamendo-dataset/02/1385202.mp3
36.013401360544215,120.18531976744185,0.203090101480484,-28.08420753479004,2,1,0.5832736788085444,0.0,1.1232812994421693e-05,0.5,0.3571479170212994,2.6210116175207077e-05,4,/volumes/Seagate/mtg-jamendo-dataset/02/1406402.mp3
126.54546485260771,109.95678191489361,0.153806671500206,-12.2738037109375,2,0,0.5955002160780993,0.0,0.001994894177187234,1.0,0.5751390204549118,0.7768864184617996,4,/volumes/Seagate/mtg-jamendo-dataset/02/1087102.mp3
38.427145833333334,130.8139534883721,0.18263910710811615,-22.229476928710938,7,0,0.5301950505120967,0.0,9.85399674391374e-05,1.0,0.5111796361276979,0.1436528842896223,4,/volumes/Seagate/mtg-jamendo-dataset/02/1110002.mp3
295.86285714285714,126.04801829268293,0.2230709344148636,-21.16411781311035,2,0,0.576280808962459,0.0,0.00038506550481542945,1.0,0.43414983539390567,0.10097131133079529,4,/volumes/Seagate/mtg-jamendo-dataset/02/1209402.mp3
120.0,120.18531976744185,0.16795054078102112,-18.884546279907227,2,1,0.5647710402826316,0.0,0.00016202533151954412,1.0,0.6053238825699765,0.16285933554172516,4,/volumes/Seagate/mtg-jamendo-dataset/02/1317802.mp3
188.82666666666665,114.84375,0.3381742537021637,-6.660949230194092,8,0,0.6009716264338039,0.0,0.0018787402077578008,1.0,0.558182365636188,1.0,4,/volumes/Seagate/mtg-jamendo-dataset/02/604302.mp3
136.55154195011337,156.60511363636363,0.2189454436302185,-17.516307830810547,0,0,0.5393466371974502,0.0,0.0002848992953659035,1.0,0.381522909522666,0.03691829741001129,4,/volumes/Seagate/mtg-jamendo-dataset/02/1248602.mp3
237.0,147.65625,0.13937047123908997,-25.68929100036621,7,1,0.5480758930117887,0.0,0.0009196034807246178,1.0,0.43702110595994886,0.0008601400622865185,4,/volumes/Seagate/mtg-jamendo-dataset/02/1182602.mp3
199.02666666666667,139.6748310810811,0.0654519647359848,-19.94891357421875,9,1,0.5772902141275613,0.0,0.009016603929921985,1.0,0.7495590190147703,0.018211804563179612,4,/volumes/Seagate/mtg-jamendo-dataset/02/604402.mp3
356.0,120.18531976744185,0.1466129869222641,-12.596712112426758,2,1,0.5679028083422379,0.0,0.0016333378152921796,1.0,0.7185066216207996,0.1993527077138424,4,/volumes/Seagate/mtg-jamendo-dataset/02/1300202.mp3
239.29333333333332,123.046875,0.04256855696439743,-33.989810943603516,9,1,0.5515075804036018,0.0,0.0007745083712507039,1.0,0.3940478640171325,3.5789454955192923e-06,4,/volumes/Seagate/mtg-jamendo-dataset/02/1028902.mp3
95.948820861678,90.66611842105263,0.11290737241506577,-26.200176239013672,10,0,0.5082611500105582,0.0,6.87924894009484e-05,1.0,0.3802539637102668,0.0011274659482296556,4,/volumes/Seagate/mtg-jamendo-dataset/02/26402.mp3
227.30666666666667,103.359375,0.15286953747272491,-15.848023414611816,0,1,0.5401945584671766,0.0,0.0020810222486034036,1.0,0.6412210633985074,0.5046331882476807,4,/volumes/Seagate/mtg-jamendo-dataset/02/209102.mp3
229.53333333333333,120.18531976744185,0.2575186491012573,-10.007242202758789,4,1,0.5901185720474325,0.0,0.0008932649216149002,1.0,0.6600902361613075,0.7913254946470261,4,/volumes/Seagate/mtg-jamendo-dataset/02/1417802.mp3
983.5336961451247,120.18531976744185,0.06133055314421654,-27.932918548583984,7,0,0.5995480049062265,0.0,2.266441242682049e-05,1.0,0.34861784928199524,0.0015423430886585265,4,/volumes/Seagate/mtg-jamendo-dataset/02/1118602.mp3
109.55755102040817,105.46875,0.08967584371566772,-18.096561431884766,9,1,0.5100788778296174,0.0,0.0016236806404776871,1.0,0.7267187500000001,0.42145922780036926,4,/volumes/Seagate/mtg-jamendo-dataset/02/1374702.mp3
198.17011337868482,147.65625,0.17139743268489838,-24.33962059020996,3,0,0.5452833887508218,0.0,6.965938609937439e-06,1.0,0.4877883903004626,0.0006824735464761034,4,/volumes/Seagate/mtg-jamendo-dataset/02/975402.mp3
198.46485260770976,107.666015625,0.14990536868572235,-11.378950119018555,8,0,0.5933226923142983,0.0,0.010420509148389101,1.0,0.6925907405429339,0.3064955957233906,4,/volumes/Seagate/mtg-jamendo-dataset/02/36602.mp3
317.5384807256236,129.19921875,0.26422733068466187,-5.108975887298584,5,1,0.5467632706605264,0.0,0.005876356735825539,1.0,0.7783984375,1.0,4,/volumes/Seagate/mtg-jamendo-dataset/02/1371702.mp3
311.04,126.04801829268293,0.04494480788707733,-26.041685104370117,7,1,0.5604824112735256,0.0,0.0025198057992383838,1.0,0.6812281519100726,0.2240392193198204,4,/volumes/Seagate/mtg-jamendo-dataset/02/1053402.mp3
186.23997732426304,126.04801829268293,0.25256362557411194,-12.804880142211914,7,1,0.5802216405767042,0.0,0.00203254830557853,1.0,0.6833505046598412,1.0,4,/volumes/Seagate/mtg-jamendo-dataset/02/1170202.mp3
211.2261224489796,109.95678191489361,0.11179502308368683,-23.189836502075195,7,1,0.5895853606887198,0.0,0.002350130758713931,1.0,0.5408889366862947,0.04468133673071861,4,/volumes/Seagate/mtg-jamendo-dataset/02/32202.mp3
163.72895691609978,117.45383522727273,0.21194244921207428,-20.016794204711914,4,1,0.5394852585005641,0.0,0.0027556531713344157,1.0,0.5817176005512941,0.6078704446554184,4,/volumes/Seagate/mtg-jamendo-dataset/02/588702.mp3
198.4522448979592,114.84375,0.34937775135040283,-11.217801094055176,6,0,0.6149525171557152,0.0,2.413124002487166e-05,1.0,0.47217243416553817,0.04152785986661911,4,/volumes/Seagate/mtg-jamendo-dataset/02/1032802.mp3
82.0,120.18531976744185,0.057959072291851044,-26.71585464477539,0,1,0.6302203638009723,0.0,4.942260420648381e-05,1.0,0.5753030655474736,0.028211658354848623,4,/volumes/Seagate/mtg-jamendo-dataset/02/1370402.mp3
222.37886621315192,95.703125,0.14480268955230713,-22.622922897338867,4,1,0.5794279275375773,0.0,0.00022940415510674939,1.0,0.5376619241486282,0.02855850849300623,4,/volumes/Seagate/mtg-jamendo-dataset/02/1075402.mp3
154.8,147.65625,0.035440608859062195,-36.08318328857422,0,0,0.5281351661464146,0.0,1.6169609352800762e-05,1.0,0.49431195556295887,0.00012024576790281571,4,/volumes/Seagate/mtg-jamendo-dataset/02/1170402.mp3
213.90222222222224,114.84375,0.09653463214635849,-26.50090980529785,11,1,0.6294485564026748,0.0,0.0013907903339713812,1.0,0.542484359717617,0.0042040483094751835,4,/volumes/Seagate/mtg-jamendo-dataset/02/1103302.mp3
442.85714285714283,126.04801829268293,0.3872908055782318,-11.241854667663574,3,0,0.6049583761473589,0.0,0.00017679757365840487,1.0,0.5200802244464681,0.07422102149575949,4,/volumes/Seagate/mtg-jamendo-dataset/02/1413402.mp3
253.19095238095238,90.66611842105263,0.1672804206609726,-16.14638900756836,10,0,0.5656060343754885,0.0,0.00023950583272380754,1.0,0.44994355001395625,0.29521644115448,4,/volumes/Seagate/mtg-jamendo-dataset/02/1056402.mp3
135.7902947845805,93.96306818181819,0.24844244122505188,-8.617527961730957,6,1,0.5908998605163465,0.0,0.0013871272676624358,1.0,0.6386600782439591,1.0,4,/volumes/Seagate/mtg-jamendo-dataset/02/75002.mp3
220.03629166666667,127.8409090909091,0.2044326812028885,-13.410523414611816,8,0,0.5804986993971997,0.0,0.0008676042489241809,1.0,0.5599755832637942,0.09814249351620674,4,/volumes/Seagate/mtg-jamendo-dataset/02/1152202.mp3
319.84,132.51201923076923,0.07027355581521988,-18.836883544921875,2,1,0.5753852469581899,0.0,0.005837327451445162,1.0,0.7705594244435365,0.36775093525648117,4,/volumes/Seagate/mtg-jamendo-dataset/02/1160602.mp3
32.001179138321994,120.18531976744185,0.20294681191444397,-17.462345123291016,0,1,0.5672826419540533,0.0,0.0001323250835412182,1.0,0.5996097391886346,0.06682014092803001,4,/volumes/Seagate/mtg-jamendo-dataset/02/1202102.mp3
701.4661224489796,139.6748310810811,0.2748958468437195,-8.745118141174316,9,1,0.6002192813620333,0.0,0.0012535994464997202,1.0,0.770416828791692,0.05834147334098816,4,/volumes/Seagate/mtg-jamendo-dataset/02/422702.mp3
180.62802721088434,156.60511363636363,0.12744393944740295,-15.89214038848877,11,1,0.5874115086045446,0.0,0.0015637715114280581,1.0,0.7444604903553074,0.21686192601919174,4,/volumes/Seagate/mtg-jamendo-dataset/02/1046002.mp3
174.75918367346938,120.18531976744185,0.21639756858348846,-8.425383567810059,0,0,0.6087384390284029,0.0,0.0009402475843671709,1.0,0.7187828822278408,1.0,4,/volumes/Seagate/mtg-jamendo-dataset/02/39102.mp3
98.37124716553288,99.38401442307692,0.21052958071231842,-14.860872268676758,4,1,0.5466593788204308,0.0,0.0004996362986275926,1.0,0.5882625875076389,0.2220265381038189,4,/volumes/Seagate/mtg-jamendo-dataset/02/1279602.mp3
287.85333333333335,109.95678191489361,0.2009602040052414,-17.361373901367188,2,1,0.5726672964710112,0.0,0.0003703219990711659,1.0,0.5804227576106397,0.003966326185036451,4,/volumes/Seagate/mtg-jamendo-dataset/02/319802.mp3
213.0,120.18531976744185,0.11594320088624954,-7.967566967010498,5,0,0.6104455015280148,0.0,0.03427912853658199,1.0,0.6403706395348837,1.0,4,/volumes/Seagate/mtg-jamendo-dataset/02/236302.mp3
317.92433106575965,120.18531976744185,0.21338066458702087,-8.361869812011719,5,0,0.565660704629215,0.0,0.0036933707306161523,1.0,0.6074997751559199,1.0,4,/volumes/Seagate/mtg-jamendo-dataset/02/913702.mp3
383.72,120.18531976744185,0.049144599586725235,-30.120290756225586,0,1,0.46132236384907843,0.0,0.0008826701086945832,1.0,0.5491117527572683,0.017254629638046026,4,/volumes/Seagate/mtg-jamendo-dataset/02/1380002.mp3
104.94115646258503,120.18531976744185,0.07868415117263794,-27.68082618713379,3,0,0.566138767905229,0.0,0.0010189943423029035,1.0,0.39865681219018556,0.018508672947064042,4,/volumes/Seagate/mtg-jamendo-dataset/02/702502.mp3
1112.5531292517007,114.84375,0.0269323717802763,-34.13764190673828,5,0,0.5201905223129373,0.0,5.569781137637619e-06,1.0,0.38240240419819793,1.1346399730882695e-06,4,/volumes/Seagate/mtg-jamendo-dataset/02/937102.mp3
290.38666666666666,99.38401442307692,0.08276741206645966,-26.253063201904297,4,1,0.5525539325481024,0.0,0.0025415949057787657,1.0,0.5615132185212047,0.025555789470672607,4,/volumes/Seagate/mtg-jamendo-dataset/02/80702.mp3
281.5070068027211,139.6748310810811,0.26292914152145386,-7.708414554595947,9,0,0.5958583178620689,0.0,0.0009193229489028454,1.0,0.6188157307198616,0.2388026937842369,4,/volumes/Seagate/mtg-jamendo-dataset/02/1196902.mp3
487.68,132.51201923076923,0.14485077559947968,-22.802684783935547,9,1,0.5577969835396622,0.0,0.0006468326901085675,1.0,0.5184920551642045,0.010058279149234295,4,/volumes/Seagate/mtg-jamendo-dataset/02/4402.mp3
153.55303854875282,103.359375,0.05160818248987198,-33.12666702270508,7,1,0.49768992951141744,0.0,0.0015679500647820532,1.0,0.5148318962652524,0.0001409482501912862,4,/volumes/Seagate/mtg-jamendo-dataset/02/390002.mp3
198.20895691609977,93.96306818181819,0.05512446537613869,-23.758243560791016,8,1,0.5322175033893941,0.0,0.004967210115864873,1.0,0.6404395483730884,1.0,4,/volumes/Seagate/mtg-jamendo-dataset/02/1105602.mp3
92.8081179138322,99.38401442307692,0.11575538665056229,-20.983366012573242,11,1,0.5284343350393613,0.0,0.0010124699037987739,1.0,0.6071194406505442,0.4700139909982681,4,/volumes/Seagate/mtg-jamendo-dataset/02/1088002.mp3
60.04297052154195,178.20581896551724,0.13764536380767822,-27.599029541015625,8,0,0.49354920380150535,0.0,8.273707862826996e-06,1.0,0.5318859485819025,0.0012110931129427627,4,/volumes/Seagate/mtg-jamendo-dataset/02/1109902.mp3
172.8522448979592,132.51201923076923,0.21926510334014893,-11.557082176208496,9,1,0.5970785039849403,0.0,0.00022120049834484234,1.0,0.7152894473982699,0.8297976851463318,4,/volumes/Seagate/mtg-jamendo-dataset/02/279602.mp3
202.61333333333334,95.703125,0.2630459666252136,-16.69039535522461,1,1,0.6114576736107293,0.0,0.011206291615962982,1.0,0.5691609422466511,0.34332606941461563,4,/volumes/Seagate/mtg-jamendo-dataset/02/1236302.mp3
116.68566893424037,120.18531976744185,0.20890218019485474,-10.294557571411133,4,1,0.5966281638436493,0.0,0.0019364242907613516,1.0,0.7350049193617259,1.0,4,/volumes/Seagate/mtg-jamendo-dataset/02/1371802.mp3
100.60045351473923,132.51201923076923,0.05765426531434059,-33.852874755859375,4,1,0.54989726031526,0.0,2.5741924218891654e-05,1.0,0.6387630321785984,2.4132934868248412e-05,4,/volumes/Seagate/mtg-jamendo-dataset/02/238202.mp3
135.61743764172334,139.6748310810811,0.10957841575145721,-24.196056365966797,7,0,0.5366654307885339,0.0,0.00015096081551746465,1.0,0.4953427041087455,0.03037114627659321,4,/volumes/Seagate/mtg-jamendo-dataset/02/159202.mp3
238.64281179138322,129.19921875,0.23124456405639648,-9.961871147155762,9,1,0.5872393897939183,0.0,0.0054375347681343555,1.0,0.7030985965572214,1.0,4,/volumes/Seagate/mtg-jamendo-dataset/02/1211802.mp3
192.2339455782313,161.4990234375,0.18533538281917572,-14.28714656829834,0,1,0.5718913316045691,0.0,0.0008799804782029241,1.0,0.7280259198153707,0.24583151564002037,4,/volumes/Seagate/mtg-jamendo-dataset/02/938302.mp3
202.1034693877551,120.18531976744185,0.09839259833097458,-16.839405059814453,8,1,0.5150680246438556,0.0,0.0035375029547140002,1.0,0.8365365997059724,0.33871278166770935,4,/volumes/Seagate/mtg-jamendo-dataset/02/1306402.mp3
297.401179138322,120.18531976744185,0.27052709460258484,-7.604557991027832,4,1,0.564531382389341,0.0,0.0023820263450033963,1.0,0.7077451446411533,1.0,4,/volumes/Seagate/mtg-jamendo-dataset/02/1312102.mp3
300.0304761904762,84.72079918032787,0.10365597158670425,-28.45917510986328,2,1,0.5861575522987683,0.0,1.3460607988236006e-05,1.0,0.4481424178219502,0.017228598007932305,4,/volumes/Seagate/mtg-jamendo-dataset/02/1391302.mp3
537.6,117.45383522727273,0.1726173609495163,-11.514335632324219,0,0,0.5805116077365031,0.0,0.00531515059992671,1.0,0.588445666983979,1.0,4,/volumes/Seagate/mtg-jamendo-dataset/02/264302.mp3
46.17197278911565,129.19921875,0.2281738817691803,-11.983097076416016,11,1,0.5737116686027015,0.0,0.0030853324569761753,1.0,0.6978947082740629,0.197050292044878,4,/volumes/Seagate/mtg-jamendo-dataset/02/1349102.mp3
79.99403628117913,120.18531976744185,0.1618913859128952,-14.059659004211426,2,1,0.5412759275765211,0.0,0.0013467850803863257,1.0,0.6954005014916933,0.7111586630344391,4,/volumes/Seagate/mtg-jamendo-dataset/02/1164202.mp3
343.02666666666664,143.5546875,0.20270825922489166,-14.364706993103027,0,0,0.5927645705187632,0.0,0.004293391713872552,1.0,0.5843400281684632,0.4746750742197037,4,/volumes/Seagate/mtg-jamendo-dataset/02/6702.mp3
202.44,107.666015625,0.3079783022403717,-9.330571174621582,4,1,0.610611486561528,0.0,0.006573445396497846,1.0,0.6307620100229415,0.1098762359470129,4,/volumes/Seagate/mtg-jamendo-dataset/02/12102.mp3
249.04,132.51201923076923,0.250823050737381,-9.47593879699707,0,1,0.5827690159576713,0.0,0.0013036802702117711,1.0,0.7070759166640447,0.5370226129889488,4,/volumes/Seagate/mtg-jamendo-dataset/02/347202.mp3
436.06204081632654,123.046875,0.10971347987651825,-25.649215698242188,0,0,0.5419082764307674,0.0,0.0001091599915525876,1.0,0.4302903069485591,0.0006506933277705684,4,/volumes/Seagate/mtg-jamendo-dataset/02/1375802.mp3
147.75256235827663,109.95678191489361,0.12793447077274323,-25.88024139404297,4,1,0.5460963866997666,0.0,0.001210376067319885,1.0,0.5184988687400774,0.0001892321597551927,4,/volumes/Seagate/mtg-jamendo-dataset/02/1110302.mp3
217.00024943310657,120.18531976744185,0.2172040194272995,-19.462987899780273,9,1,0.5610401166513582,0.0,0.0023199651623144746,1.0,0.6728979783991431,0.0030900302226655185,4,/volumes/Seagate/mtg-jamendo-dataset/02/1342002.mp3
302.0142916666667,104.16666666666667,0.12047433853149414,-16.984943389892578,4,1,0.6041707918260324,0.0,0.0005296033923514187,1.0,0.6309873838882538,0.08516949601471424,4,/volumes/Seagate/mtg-jamendo-dataset/02/1030902.mp3
158.64666666666668,132.51201923076923,0.18171504139900208,-17.668977737426758,7,0,0.5349256194654973,0.0,0.0003229822323191911,1.0,0.44151597466531,0.10574854910373688,4,/volumes/Seagate/mtg-jamendo-dataset/02/1324902.mp3
150.09390022675737,126.04801829268293,0.273494690656662,-12.533302307128906,4,1,0.5518372054712233,0.0,0.0007191986805992201,1.0,0.6446888520750729,0.01633272389881313,4,/volumes/Seagate/mtg-jamendo-dataset/02/973502.mp3
419.63102040816324,129.19921875,0.1989159733057022,-8.999357223510742,8,1,0.5897954920622649,0.0,0.0038828628603368998,1.0,0.6649393446950889,0.7886941730976105,4,/volumes/Seagate/mtg-jamendo-dataset/02/1051502.mp3
341.4987755102041,129.19921875,0.25067466497421265,-8.757840156555176,8,0,0.5767963495083888,0.0,0.0008370247960556298,1.0,0.6583984375,1.0,4,/volumes/Seagate/mtg-jamendo-dataset/02/1197002.mp3
217.39102040816326,90.66611842105263,0.21742339432239532,-11.766929626464844,2,1,0.5663404619329127,0.0,0.0031133919255807996,1.0,0.6260188804978619,1.0,4,/volumes/Seagate/mtg-jamendo-dataset/02/82802.mp3
90.82757369614512,123.046875,0.060857925564050674,-29.089923858642578,0,0,0.5790154334701807,0.0,0.0027436340460553765,1.0,0.49295105865488764,0.006673626485280693,4,/volumes/Seagate/mtg-jamendo-dataset/02/1193602.mp3
253.12501133786847,112.34714673913044,0.13929389417171478,-27.536354064941406,7,1,0.495916916459302,0.0,0.00017215398838743567,1.0,0.5023598664987748,0.006684009567834437,4,/volumes/Seagate/mtg-jamendo-dataset/02/1127402.mp3
256.78229166666665,127.8409090909091,0.17802612483501434,-16.368568420410156,6,1,0.5822001272925927,0.0,0.00021446910977829248,1.0,0.6739001226340164,0.7529027014970779,4,/volumes/Seagate/mtg-jamendo-dataset/02/1076602.mp3
148.42022675736962,105.46875,0.18309913575649261,-18.356571197509766,0,0,0.609084342149829,0.0,0.00045361161755863577,1.0,0.4425430043874111,0.2648623660206795,4,/volumes/Seagate/mtg-jamendo-dataset/02/1420602.mp3
211.95176870748298,120.18531976744185,0.31759750843048096,-7.225830078125,9,1,0.6261970050522981,0.0,0.00210323219653219,1.0,0.7158379501213602,1.0,4,/volumes/Seagate/mtg-jamendo-dataset/02/155502.mp3
513.7529931972789,129.19921875,0.10077257454395294,-20.606990814208984,11,1,0.5770510545805025,0.0,0.001632826344575733,1.0,0.6782008932866181,0.16138695180416107,4,/volumes/Seagate/mtg-jamendo-dataset/02/1151702.mp3
405.47984126984124,129.19921875,0.17823171615600586,-11.881264686584473,9,1,0.5841531902905717,0.0,0.0011707837111316621,1.0,0.6810532625586851,1.0,4,/volumes/Seagate/mtg-jamendo-dataset/02/1179202.mp3
330.02521541950114,92.28515625,0.07838898152112961,-19.573762893676758,4,1,0.5624276300686144,0.0,0.0024441039422526956,1.0,0.6893503159278433,0.01145541900768876,4,/volumes/Seagate/mtg-jamendo-dataset/02/28102.mp3
174.741768707483,109.95678191489361,0.20779012143611908,-16.430219650268555,1,0,0.5414727497083454,0.0,0.0011271497060079128,1.0,0.48713190132192774,1.0,4,/volumes/Seagate/mtg-jamendo-dataset/02/1064502.mp3
203.58439909297053,109.95678191489361,0.10610343515872955,-19.59296226501465,2,1,0.5827003756204137,0.0,0.0015884212916716933,1.0,0.6316050850368568,0.2884276583790779,4,/volumes/Seagate/mtg-jamendo-dataset/02/1404902.mp3
212.58666666666667,86.1328125,0.08713318407535553,-19.554065704345703,7,1,0.5717703117705881,0.0,0.008994885720312595,1.0,0.6465350536823926,0.7693560421466827,4,/volumes/Seagate/mtg-jamendo-dataset/02/350002.mp3
376.80002267573695,99.38401442307692,0.18351000547409058,-15.163448333740234,7,0,0.540359021664559,0.0,0.004457248141989112,1.0,0.4738159594921699,0.1505386084318161,4,/volumes/Seagate/mtg-jamendo-dataset/02/1094402.mp3
258.8586621315193,139.6748310810811,0.23257066309452057,-14.951473236083984,3,0,0.5432615331707473,0.0,0.0022034113062545657,1.0,0.5594437144552518,0.35377565771341324,4,/volumes/Seagate/mtg-jamendo-dataset/02/1366702.mp3
325.7187074829932,90.66611842105263,0.043670061975717545,-32.27201461791992,4,1,0.5807363387342945,0.0,0.0004420012846821919,1.0,0.46636789644794996,3.1289944217860466e-05,4,/volumes/Seagate/mtg-jamendo-dataset/02/318602.mp3
1835.6767346938775,139.6748310810811,0.21236547827720642,-10.44588851928711,5,1,0.578566125068407,0.0,0.0011043477861676365,1.0,0.664150779076496,1.0,4,/volumes/Seagate/mtg-jamendo-dataset/02/268702.mp3
72.43333333333334,114.84375,0.12183325737714767,-23.981658935546875,0,0,0.5535811085520397,0.0,0.015725681092590094,1.0,0.4425268792050066,0.26772549375891685,4,/volumes/Seagate/mtg-jamendo-dataset/02/1277702.mp3
126.44115646258503,99.38401442307692,0.02672567032277584,-36.2960205078125,9,1,0.523310287138807,0.0,0.00039419898530468345,1.0,0.5036665350532479,6.379291335179005e-06,4,/volumes/Seagate/mtg-jamendo-dataset/02/1193302.mp3
330.0115419501134,129.19921875,0.2683793306350708,-13.108024597167969,9,1,0.566219533741863,0.0,0.00014158472913550213,1.0,0.6521888155039204,0.11280269362032413,4,/volumes/Seagate/mtg-jamendo-dataset/02/934002.mp3
229.64535147392291,105.46875,0.02868030034005642,-39.76518630981445,11,1,0.5447765307444989,0.0,0.00017632026356295682,1.0,0.4898037657811613,8.402891893410924e-07,4,/volumes/Seagate/mtg-jamendo-dataset/02/1377102.mp3
147.69231292517006,129.19921875,0.20305921137332916,-6.993462562561035,1,0,0.5927573301280875,0.0,0.005268227658234537,1.0,0.6583984375,0.7183849811553955,4,/volumes/Seagate/mtg-jamendo-dataset/02/1297202.mp3
310.43265306122447,101.33272058823529,0.16377045214176178,-14.602879524230957,4,1,0.582050530190967,0.0,0.0005228581430856138,1.0,0.6048536450114443,0.26147399097681046,4,/volumes/Seagate/mtg-jamendo-dataset/02/298402.mp3
247.85814058956916,89.10290948275862,0.07883159816265106,-16.616273880004883,2,1,0.5524891513843833,0.0,0.008990571135655046,1.0,0.6982058189655174,0.9720005840063095,4,/volumes/Seagate/mtg-jamendo-dataset/02/409702.mp3
323.8160090702948,126.04801829268293,0.2806452214717865,-9.856913566589355,3,0,0.5715805985694207,0.0,0.000909976166440174,1.0,0.5553005537608541,1.0,4,/volumes/Seagate/mtg-jamendo-dataset/02/1226702.mp3
387.6,161.4990234375,0.10480755567550659,-22.393714904785156,4,1,0.6115364483646926,0.0,0.0005339351773727685,1.0,0.6821279313470197,0.855581983923912,4,/volumes/Seagate/mtg-jamendo-dataset/02/1107102.mp3
336.82566893424035,120.18531976744185,0.2269395887851715,-16.401674270629883,2,0,0.5744534974486166,0.0,0.0011273850104771554,1.0,0.5604337172434004,1.0,4,/volumes/Seagate/mtg-jamendo-dataset/02/1072902.mp3
246.9877551020408,161.4990234375,0.04926789179444313,-25.26320457458496,4,1,0.5601936346595848,0.0,0.0005719774053432047,1.0,0.5579993803811959,0.013335943222045898,4,/volumes/Seagate/mtg-jamendo-dataset/02/1365202.mp3
180.49086167800453,147.65625,0.2497832030057907,-10.486628532409668,7,1,0.5253684949881259,0.0,0.0005021506076445803,1.0,0.7178442555893646,0.6331891566514969,4,/volumes/Seagate/mtg-jamendo-dataset/02/98602.mp3
176.09945833333333,148.02631578947367,0.23902209103107452,-18.257471084594727,0,1,0.562734865385285,0.0,2.5446579456911422e-05,1.0,0.6309582889492078,0.06582968402653933,4,/volumes/Seagate/mtg-jamendo-dataset/02/1115702.mp3
407.5442176870748,112.34714673913044,0.1215488538146019,-26.985427856445312,2,1,0.5190504537563287,0.0,0.0004893464647466317,1.0,0.5285046557411834,0.006575850420631468,4,/volumes/Seagate/mtg-jamendo-dataset/02/1066202.mp3
345.0002494331066,139.6748310810811,0.19196517765522003,-15.28492259979248,5,1,0.5422258228279382,0.0,0.0010453273134771734,1.0,0.7037722046747363,0.5419087782502174,4,/volumes/Seagate/mtg-jamendo-dataset/02/1054102.mp3
213.9861224489796,84.72079918032787,0.21804942190647125,-13.659430503845215,2,1,0.534702306051732,0.0,0.00111004599602893,1.0,0.5970628499893688,0.9467508643865585,4,/volumes/Seagate/mtg-jamendo-dataset/02/1179602.mp3
213.6919274376417,129.19921875,0.17183691263198853,-16.68619728088379,0,1,0.55066543674208,0.0,0.00051322860235814,1.0,0.6645837927159757,0.22621087729930878,4,/volumes/Seagate/mtg-jamendo-dataset/02/1356502.mp3
127.66666666666667,120.18531976744185,0.1340852677822113,-27.375173568725586,0,1,0.547046800269347,0.0,5.4517644457519054e-05,1.0,0.45687960273305556,0.00033919215638889,4,/volumes/Seagate/mtg-jamendo-dataset/02/1385302.mp3
147.0,107.666015625,0.18619993329048157,-17.86880874633789,0,0,0.5655614082462371,0.0,0.0008689848182257265,1.0,0.4976337590066753,0.18096275627613068,4,/volumes/Seagate/mtg-jamendo-dataset/02/1320002.mp3
74.55884353741497,101.33272058823529,0.15501832962036133,-14.38609790802002,4,1,0.5381121135964304,0.0,0.00112260872265324,1.0,0.6321314689812777,0.49863792955875397,4,/volumes/Seagate/mtg-jamendo-dataset/02/1398502.mp3
247.84,161.4990234375,0.060747433453798294,-25.24138832092285,0,0,0.5632931508729704,0.0,0.0030941973673179746,1.0,0.6155151392958086,0.06590437144041061,4,/volumes/Seagate/mtg-jamendo-dataset/02/61202.mp3
216.26253968253968,107.666015625,0.12128792703151703,-23.973085403442383,5,0,0.5249792486175149,0.0,0.0005637732683680952,1.0,0.40564761684794665,0.010981203522533178,4,/volumes/Seagate/mtg-jamendo-dataset/02/683802.mp3
288.0,105.46875,0.11203201860189438,-19.76690673828125,9,1,0.5755025707035685,0.0,0.0027857721433974802,1.0,0.6224323439297361,0.3788096085190773,4,/volumes/Seagate/mtg-jamendo-dataset/02/1073702.mp3
312.9418594104308,139.6748310810811,0.16902342438697815,-19.923484802246094,9,1,0.5646045690189851,0.0,0.00014309780453913845,1.0,0.618866588079365,0.034858640283346176,4,/volumes/Seagate/mtg-jamendo-dataset/02/1372502.mp3
187.63637188208617,109.95678191489361,0.20358575880527496,-11.51814079284668,2,1,0.5531681055184827,0.0,0.0031894486164674163,1.0,0.6719882853088286,0.35879194736480713,4,/volumes/Seagate/mtg-jamendo-dataset/02/1066802.mp3
323.001179138322,123.046875,0.2018144428730011,-16.947477340698242,0,1,0.5606617721804089,0.0,0.00020912697800667956,1.0,0.5545525190631311,0.043290192261338234,4,/volumes/Seagate/mtg-jamendo-dataset/02/1388002.mp3
322.0095691609977,161.4990234375,0.22378157079219818,-13.268891334533691,9,1,0.583968649995023,0.0,0.0019473832799121737,1.0,0.7705328873474171,1.0,4,/volumes/Seagate/mtg-jamendo-dataset/02/1326602.mp3
301.6533333333333,90.66611842105263,0.18074968457221985,-15.407222747802734,5,1,0.5750138391612362,0.0,0.00022333500237436965,1.0,0.588657363399219,0.09339643642306328,4,/volumes/Seagate/mtg-jamendo-dataset/02/492102.mp3
158.12501133786847,97.50884433962264,0.2793193757534027,-11.08474349975586,11,1,0.5643766736105919,0.0,0.0055689511355012655,1.0,0.6091128344391413,0.8271981030702591,4,/volumes/Seagate/mtg-jamendo-dataset/02/1086702.mp3
172.49759637188208,99.38401442307692,0.20697157084941864,-12.786150932312012,7,1,0.562449260018551,0.0,0.0005975504609523341,1.0,0.5997616357212778,0.17408177256584167,4,/volumes/Seagate/mtg-jamendo-dataset/02/1363602.mp3
390.26938775510206,161.4990234375,0.1946571320295334,-19.4149227142334,0,1,0.5482582571627079,0.0,0.00028351540822768584,1.0,0.648880187293089,0.2817370742559433,4,/volumes/Seagate/mtg-jamendo-dataset/02/1095102.mp3
228.80943310657597,151.99908088235293,0.22166259586811066,-8.47567367553711,7,1,0.5793698876453821,0.0,0.0015767772565595806,1.0,0.7718482645139785,0.3920617699623108,4,/volumes/Seagate/mtg-jamendo-dataset/02/1325602.mp3
280.72,112.34714673913044,0.06869275867938995,-34.16877746582031,2,1,0.48853623843880856,0.0,0.0008442448452115059,1.0,0.5196396566404929,1.5277423699444626e-05,4,/volumes/Seagate/mtg-jamendo-dataset/02/1390502.mp3
166.8118820861678,95.703125,0.09864096343517303,-20.684062957763672,2,1,0.5607258987786267,0.0,0.00028244717395864427,1.0,0.7799709290134649,0.09055900387465954,4,/volumes/Seagate/mtg-jamendo-dataset/02/1174902.mp3
199.49179138321995,143.5546875,0.32350993156433105,-14.561269760131836,8,0,0.5604683861442188,0.0,0.0011712701234500855,1.0,0.5629985219587664,1.0,4,/volumes/Seagate/mtg-jamendo-dataset/02/262802.mp3
93.68043083900227,120.18531976744185,0.11300837993621826,-27.49372673034668,9,1,0.5722374890721544,0.0,0.001130539836594835,1.0,0.43412434096259045,7.979726035500789e-07,4,/volumes/Seagate/mtg-jamendo-dataset/02/1380602.mp3
315.2690476190476,120.18531976744185,0.18325336277484894,-12.81300163269043,7,1,0.5594108038373083,0.0,0.001456397061701864,1.0,0.6691326091308755,0.2611873298883438,4,/volumes/Seagate/mtg-jamendo-dataset/02/1189102.mp3
75.00301587301587,126.04801829268293,0.08239662647247314,-27.711742401123047,11,1,0.5453276867059453,0.0,2.299812240380561e-05,1.0,0.5905158602838018,0.01011767191812396,4,/volumes/Seagate/mtg-jamendo-dataset/02/1349402.mp3
179.6,161.4990234375,0.043257031589746475,-34.4240837097168,3,0,0.517232392712263,0.0,0.003988272976130247,1.0,0.4959542995671337,3.3416745282011107e-06,4,/volumes/Seagate/mtg-jamendo-dataset/02/1219602.mp3
79.27467120181406,126.04801829268293,0.1781565397977829,-11.313593864440918,0,0,0.5791808188110721,0.0,0.0018584844656288624,1.0,0.6221643178740455,1.0,4,/volumes/Seagate/mtg-jamendo-dataset/02/1245902.mp3
351.63428571428574,120.18531976744185,0.2789306342601776,-17.810855865478516,11,1,0.5797277896953104,0.0,0.00013838271115673706,1.0,0.5487627534971302,0.3130194917321205,4,/volumes/Seagate/mtg-jamendo-dataset/02/87602.mp3
228.1360544217687,89.10290948275862,0.06490794569253922,-31.49358558654785,1,0,0.5569021213834968,0.0,0.002632238029036671,1.0,0.34150262127444614,0.0005520886770682409,4,/volumes/Seagate/mtg-jamendo-dataset/02/1336202.mp3
126.82424036281179,99.38401442307692,0.0881274938583374,-33.9946403503418,0,1,0.5352364966131397,0.0,1.5056245956657222e-05,1.0,0.45624290627352587,1.2863220035796985e-05,4,/volumes/Seagate/mtg-jamendo-dataset/02/1357402.mp3
210.21,109.95678191489361,0.13146774470806122,-12.991917610168457,0,1,0.5534430266775754,0.0,0.0031921786721795797,1.0,0.8073814810067805,0.7047111541032791,4,/volumes/Seagate/mtg-jamendo-dataset/02/1377202.mp3
201.82784580498867,120.18531976744185,0.18223688006401062,-15.93738079071045,2,1,0.5976153441528564,0.0,0.0007532506424468011,1.0,0.6289491860573801,0.2427474595606327,4,/volumes/Seagate/mtg-jamendo-dataset/02/1079402.mp3
226.97795918367348,109.95678191489361,0.08417391031980515,-25.46297264099121,0,1,0.4917725526903124,0.0,6.30714694125345e-05,1.0,0.6162527075322278,0.19959498196840286,4,/volumes/Seagate/mtg-jamendo-dataset/02/477402.mp3
50.40555555555556,132.51201923076923,0.03798235207796097,-35.88578414916992,9,1,0.5208831628051251,0.0,0.00014106889284448698,1.0,0.6017754505373454,0.00245250848820433,4,/volumes/Seagate/mtg-jamendo-dataset/02/1162602.mp3
165.50918367346938,139.6748310810811,0.16310271620750427,-15.196331024169922,7,1,0.531193512363985,0.0,0.0004591402685036883,1.0,0.7014574740918148,0.3336821496486664,4,/volumes/Seagate/mtg-jamendo-dataset/02/1083302.mp3
238.0,99.38401442307692,0.061444241553545,-31.611787796020508,11,1,0.5429438812666605,0.0,0.000544409456779249,1.0,0.4728502759846553,1.0943431760779276e-06,4,/volumes/Seagate/mtg-jamendo-dataset/02/1117702.mp3
316.19938775510207,126.04801829268293,0.3072691857814789,-7.164793014526367,7,0,0.5874732324977039,0.0,0.001831147586926818,1.0,0.6248589262347025,1.0,4,/volumes/Seagate/mtg-jamendo-dataset/02/1234502.mp3
275.47891156462583,114.84375,0.14455072581768036,-13.90683364868164,4,1,0.5905284353946679,0.0,0.0025966999819502234,1.0,0.7154297121166033,1.0,4,/volumes/Seagate/mtg-jamendo-dataset/02/1384802.mp3
164.11766439909297,135.99917763157896,0.24288973212242126,-10.476847648620605,9,1,0.5929420346539054,0.0,0.0023857431951910257,1.0,0.6949591390998107,0.75216144323349,4,/volumes/Seagate/mtg-jamendo-dataset/02/1079302.mp3
358.94104308390024,109.95678191489361,0.21381105482578278,-20.63117027282715,8,1,0.5581273904703139,0.0,0.00015837453247513622,1.0,0.5458355669915006,0.047351415269076824,4,/volumes/Seagate/mtg-jamendo-dataset/02/1066302.mp3
95.9998125,100.44642857142857,0.17913950979709625,-22.709003448486328,11,1,0.5323263550052607,0.0,0.0004318174906075001,1.0,0.5299528854720044,0.02543135778978467,4,/volumes/Seagate/mtg-jamendo-dataset/02/1112002.mp3
299.1495918367347,123.046875,0.19159184396266937,-23.075576782226562,8,0,0.5166329612530365,0.0,8.500745025230572e-06,1.0,0.4214575956367703,0.012917279964312911,4,/volumes/Seagate/mtg-jamendo-dataset/02/1228102.mp3
248.05877551020407,120.18531976744185,0.07494577020406723,-27.068700790405273,2,0,0.5560396519125859,0.0,0.0001681909525359515,1.0,0.4048025368203291,0.005600919830612838,4,/volumes/Seagate/mtg-jamendo-dataset/02/438202.mp3
406.0167120181406,109.95678191489361,0.1639423370361328,-19.17950439453125,10,0,0.5816428096562665,0.0,0.00028348002524580806,1.0,0.4300629394480228,0.13573328964412212,4,/volumes/Seagate/mtg-jamendo-dataset/02/958302.mp3
119.32,107.666015625,0.0906076580286026,-19.36387062072754,0,0,0.6070616774626507,0.0,0.0012265186524018645,1.0,0.4936050155652383,0.36462467163801193,4,/volumes/Seagate/mtg-jamendo-dataset/02/3902.mp3
261.09378684807257,129.19921875,0.26805493235588074,-15.003931999206543,10,0,0.5487139100277434,0.0,0.0009435133833903819,1.0,0.5124980410749022,0.0926015991717577,4,/volumes/Seagate/mtg-jamendo-dataset/02/1409402.mp3
279.92,132.51201923076923,0.16592887043952942,-14.26269817352295,9,1,0.5771185912393335,0.0,0.006335003301501274,1.0,0.6863501621301418,0.2898041531443596,4,/volumes/Seagate/mtg-jamendo-dataset/02/12302.mp3
39.476462585034014,126.04801829268293,0.08308209478855133,-30.750411987304688,5,0,0.5033291786771827,0.0,0.00033144884946523234,1.0,0.4213967070773562,0.001970100565813482,4,/volumes/Seagate/mtg-jamendo-dataset/02/1379502.mp3
531.2783673469388,120.18531976744185,0.08488111197948456,-18.299545288085938,4,1,0.5754076235065316,0.0,0.0016512363217771053,1.0,0.7168731366809351,0.2137923799455166,4,/volumes/Seagate/mtg-jamendo-dataset/02/1397902.mp3
120.18428571428572,139.6748310810811,0.1597566306591034,-10.149528503417969,9,1,0.5870782273433581,0.0,0.010046864859759808,1.0,0.7993496621621623,1.0,4,/volumes/Seagate/mtg-jamendo-dataset/02/80802.mp3
236.54975056689344,126.04801829268293,0.17528988420963287,-25.105905532836914,4,1,0.5794831286398443,0.0,0.0009342615958303213,1.0,0.5921860632646883,0.06858348846435547,4,/volumes/Seagate/mtg-jamendo-dataset/02/1032702.mp3
200.3618820861678,126.04801829268293,0.08972478657960892,-20.120973587036133,3,0,0.5696559082717283,0.0,0.001288560451939702,1.0,0.5690521806761897,0.10177590884268284,4,/volumes/Seagate/mtg-jamendo-dataset/02/1095702.mp3
561.6,99.38401442307692,0.08306687325239182,-25.843719482421875,0,1,0.5200665613164075,0.0,0.0007567232823930681,1.0,0.5369733915061462,0.005344354431144893,4,/volumes/Seagate/mtg-jamendo-dataset/02/1193402.mp3
253.50666666666666,126.04801829268293,0.14287981390953064,-20.467660903930664,2,0,0.6208210774218647,0.0,0.004244870622642338,1.0,0.5090828184052629,0.36160092800855637,4,/volumes/Seagate/mtg-jamendo-dataset/02/1171002.mp3
62.20532879818594,126.04801829268293,0.04113513231277466,-33.9927978515625,2,1,0.5261225579939041,0.0,0.0029924229020252824,1.0,0.6096128734375381,4.676425760408165e-05,4,/volumes/Seagate/mtg-jamendo-dataset/02/1338302.mp3
272.71836734693875,126.04801829268293,0.27599990367889404,-14.989343643188477,9,1,0.5341278732826944,0.0,0.00011394705143175088,1.0,0.6330998547744049,0.06990082561969757,4,/volumes/Seagate/mtg-jamendo-dataset/02/240502.mp3
144.8289342403628,101.33272058823529,0.0482497401535511,-30.5068359375,2,0,0.5519976734486998,0.0,0.005261575570330024,1.0,0.3910086364122414,0.010397922014817595,4,/volumes/Seagate/mtg-jamendo-dataset/02/373202.mp3
312.0,101.33272058823529,0.2386128157377243,-15.629944801330566,0,1,0.5820608354913389,0.0,0.0001155811405624263,1.0,0.5450526237152622,0.290394090116024,4,/volumes/Seagate/mtg-jamendo-dataset/02/336202.mp3
251.0425170068027,120.18531976744185,0.1836625337600708,-18.352035522460938,7,0,0.6070032631204265,0.0,0.0001910322389448993,1.0,0.5438304386814579,0.04031705670058727,4,/volumes/Seagate/mtg-jamendo-dataset/02/1029002.mp3
237.75702947845804,107.666015625,0.12272891402244568,-19.070810317993164,4,1,0.5476787321028725,0.0,0.00017075547657441348,1.0,0.5653018158743449,0.16331661492586136,4,/volumes/Seagate/mtg-jamendo-dataset/02/653702.mp3
122.28571428571429,105.46875,0.04456503316760063,-31.066743850708008,10,0,0.5180162126509318,0.0,0.0004042027430841699,1.0,0.38919329821019644,3.5180508461962745e-06,4,/volumes/Seagate/mtg-jamendo-dataset/02/646802.mp3
454.55673469387756,139.6748310810811,0.17958857119083405,-13.406970977783203,9,1,0.5952078437871937,0.0,0.0005816103075630963,1.0,0.7288114577193534,1.0,4,/volumes/Seagate/mtg-jamendo-dataset/02/18502.mp3
125.44,139.6748310810811,0.3421735465526581,-12.40119457244873,0,1,0.605525310032043,0.0,0.00048104261804837734,1.0,0.6407180491100609,0.012472172966226935,4,/volumes/Seagate/mtg-jamendo-dataset/02/1295902.mp3
259.7355102040816,87.5926906779661,0.0800466239452362,-20.025653839111328,6,1,0.5832054805562178,0.0,0.0037956987507641315,1.0,0.6364242466833172,0.5190601572394371,4,/volumes/Seagate/mtg-jamendo-dataset/02/250002.mp3
196.64172335600907,135.99917763157896,0.09448906034231186,-26.248382568359375,0,0,0.5221363488844093,0.0,7.723572343820706e-05,1.0,0.43199824319029323,0.0025853581610135734,4,/volumes/Seagate/mtg-jamendo-dataset/02/768502.mp3
236.27755102040817,161.4990234375,0.06768862158060074,-28.373510360717773,11,0,0.5351198015837553,0.0,0.003950744750909507,1.0,0.3706910117288139,0.020019898656755686,4,/volumes/Seagate/mtg-jamendo-dataset/02/1294202.mp3
332.0,120.18531976744185,0.12400610744953156,-16.9012393951416,10,0,0.6031030392427599,0.0,0.00817474303767085,1.0,0.634862316015477,1.0,4,/volumes/Seagate/mtg-jamendo-dataset/02/1381902.mp3
197.54666666666665,135.99917763157896,0.13763582706451416,-18.417407989501953,7,1,0.5498865511220745,0.0,0.0005401738453656435,1.0,0.6776064009329645,0.01032985863275826,4,/volumes/Seagate/mtg-jamendo-dataset/02/1195702.mp3
179.65,135.99917763157896,0.15302643179893494,-13.6749267578125,0,1,0.6012670298982737,0.0,0.007311808643862605,1.0,0.6974143508097573,0.9847437590360641,4,/volumes/Seagate/mtg-jamendo-dataset/02/1281102.mp3
190.20106575963717,129.19921875,0.28451254963874817,-9.409933090209961,8,0,0.5613053675110409,0.0,0.0012317612709011883,1.0,0.5972536473372223,1.0,4,/volumes/Seagate/mtg-jamendo-dataset/02/1249602.mp3
209.93544217687074,139.6748310810811,0.20207925140857697,-10.2518310546875,2,1,0.588587821541289,0.0,0.0037837709533050656,1.0,0.7662432061668085,1.0,4,/volumes/Seagate/mtg-jamendo-dataset/02/220602.mp3
203.24,117.45383522727273,0.21787431836128235,-11.793789863586426,3,0,0.5778721651688841,0.0,0.00732063758186996,1.0,0.5583396824216988,0.018036450492218137,4,/volumes/Seagate/mtg-jamendo-dataset/02/400402.mp3
209.05795918367346,161.4990234375,0.2734139561653137,-16.784440994262695,9,1,0.5946403941757799,0.0,0.00012677588165388443,1.0,0.6504007637844238,0.1565239205956459,4,/volumes/Seagate/mtg-jamendo-dataset/02/1231902.mp3
288.5543764172336,126.04801829268293,0.1427435427904129,-15.732670783996582,4,1,0.5879794489690501,0.0,0.0002565074755693786,1.0,0.619558787447612,0.0867693591862917,4,/volumes/Seagate/mtg-jamendo-dataset/02/38402.mp3
158.91673469387754,132.51201923076923,0.31210261583328247,-6.1343770027160645,7,0,0.6103710652787034,0.0,0.003334315842948854,1.0,0.5858341625080008,0.33821888267993927,4,/volumes/Seagate/mtg-jamendo-dataset/02/429202.mp3
181.29839002267573,161.4990234375,0.15677958726882935,-24.729215621948242,9,1,0.6091562451552708,0.0,0.0015121419564820826,1.0,0.6121827685952002,9.56830263021402e-06,4,/volumes/Seagate/mtg-jamendo-dataset/02/1167902.mp3
191.1563492063492,156.60511363636363,0.1944040209054947,-17.237932205200195,10,0,0.6209586130566578,0.0,0.0014641420275438577,1.0,0.5754470268083433,0.8854449540376663,4,/volumes/Seagate/mtg-jamendo-dataset/02/1121402.mp3
171.42854875283447,139.6748310810811,0.2874222695827484,-8.280536651611328,9,1,0.6120411433203998,0.0,0.005582663929089904,1.0,0.7993496621621623,1.0,4,/volumes/Seagate/mtg-jamendo-dataset/02/1027602.mp3
70.0,123.046875,0.037073615938425064,-29.88481330871582,1,0,0.6249185030687849,0.0,0.0007359424489550292,1.0,0.2896642462321005,0.0004332228490966372,4,/volumes/Seagate/mtg-jamendo-dataset/02/893402.mp3
390.6351020408163,139.6748310810811,0.2887445390224457,-11.476499557495117,9,1,0.6031993179758748,0.0,0.0008232846739701927,1.0,0.6961810444511686,0.48875078558921814,4,/volumes/Seagate/mtg-jamendo-dataset/02/236702.mp3
240.16,129.19921875,0.16537681221961975,-20.79233169555664,4,1,0.5419404987932521,0.0,0.0027305340045131743,1.0,0.5990403780552738,0.08586437441408634,4,/volumes/Seagate/mtg-jamendo-dataset/02/37702.mp3
125.5,143.5546875,0.21030959486961365,-14.975380897521973,1,0,0.6477903796821958,0.0,0.0004285475879441947,1.0,0.5352013114138519,0.43764181435108185,4,/volumes/Seagate/mtg-jamendo-dataset/02/1161202.mp3
660.924081632653,123.046875,0.20872586965560913,-9.805520057678223,9,1,0.572194521960933,0.0,0.0027643947978504,1.0,0.76609375,1.0,4,/volumes/Seagate/mtg-jamendo-dataset/02/1414102.mp3
133.9343537414966,139.6748310810811,0.21386395394802094,-14.85672664642334,7,1,0.5619523752294453,0.0,0.0007303676102310419,1.0,0.7002805074111977,1.0,4,/volumes/Seagate/mtg-jamendo-dataset/02/926202.mp3
419.50396825396825,139.6748310810811,0.12755747139453888,-17.968242645263672,4,1,0.5742830213322618,0.0,0.001052097271895036,1.0,0.6762901524760057,0.04942924715578556,4,/volumes/Seagate/mtg-jamendo-dataset/02/181802.mp3
223.9919954648526,90.66611842105263,0.17193767428398132,-16.143346786499023,4,1,0.5498300854914305,0.0,2.1095680040161824e-05,1.0,0.7198607763662395,0.2151854708790779,4,/volumes/Seagate/mtg-jamendo-dataset/02/1154902.mp3
178.0,120.18531976744185,0.27179285883903503,-12.487015724182129,7,1,0.547726649067685,0.0,0.001399999251589179,1.0,0.669576272801325,1.0,4,/volumes/Seagate/mtg-jamendo-dataset/02/441102.mp3
132.35292517006803,135.99917763157896,0.07620156556367874,-29.977994918823242,7,1,0.5100817796236424,0.0,0.0022295595263130963,1.0,0.59223458074119,0.00013088519153825473,4,/volumes/Seagate/mtg-jamendo-dataset/02/34402.mp3
122.60099773242631,120.18531976744185,0.05502265691757202,-28.580236434936523,7,1,0.567382083746291,0.0,0.0025497894384898245,1.0,0.6951029527850285,0.002197293215431273,4,/volumes/Seagate/mtg-jamendo-dataset/02/1347802.mp3
264.61333333333334,147.65625,0.16156749427318573,-13.82203483581543,4,1,0.528733472011611,0.0,0.006423571379855275,1.0,0.7447976467635655,0.5905035510659218,4,/volumes/Seagate/mtg-jamendo-dataset/02/171702.mp3
337.8354875283447,135.99917763157896,0.2506369948387146,-8.810652732849121,10,0,0.5715878125574932,0.0,0.0003959480090998113,1.0,0.6122258299112706,0.7325597107410431,4,/volumes/Seagate/mtg-jamendo-dataset/02/82602.mp3
254.18231292517007,109.95678191489361,0.049024321138858795,-32.16376495361328,0,1,0.5302457783327015,0.0,9.111224244406912e-05,1.0,0.5586316047381635,0.005823615356348455,4,/volumes/Seagate/mtg-jamendo-dataset/02/408502.mp3
84.84829166666667,98.6842105263158,0.12915824353694916,-23.592439651489258,5,1,0.5611490883385479,0.0,0.00029614785307785496,1.0,0.5509738719567491,0.010342695750296116,4,/volumes/Seagate/mtg-jamendo-dataset/02/1110502.mp3
257.14285714285717,97.50884433962264,0.3374025523662567,-11.068733215332031,1,0,0.6138403255114593,0.0,0.0014239109004847705,1.0,0.44901482056704445,0.09559103287756443,4,/volumes/Seagate/mtg-jamendo-dataset/02/1337802.mp3
315.6009750566893,151.99908088235293,0.10571987926959991,-15.862727165222168,1,0,0.6018947243270913,0.0,0.0024304959224537015,1.0,0.5299748631857717,1.0,4,/volumes/Seagate/mtg-jamendo-dataset/02/1378202.mp3
307.2522448979592,117.45383522727273,0.24394452571868896,-19.414403915405273,9,1,0.5219028788498541,0.0,0.0012502938334364444,1.0,0.5547945121680767,0.024482787121087313,4,/volumes/Seagate/mtg-jamendo-dataset/02/1080502.mp3
186.76,120.18531976744185,0.07470159977674484,-26.04119300842285,1,0,0.46402044098106954,0.0,0.002274360798764974,1.0,0.5032490152963518,0.002700386685319245,4,/volumes/Seagate/mtg-jamendo-dataset/02/1135202.mp3
185.2342857142857,139.6748310810811,0.09235896170139313,-21.975358963012695,7,0,0.5528393522395314,0.0,4.952425661031157e-05,1.0,0.45392761464880993,0.0388170313090086,4,/volumes/Seagate/mtg-jamendo-dataset/02/389702.mp3
383.9738775510204,120.18531976744185,0.12792770564556122,-15.94049072265625,3,0,0.5520681827134245,0.0,0.0005621476157102734,1.0,0.5568304535492157,0.18587978556752205,4,/volumes/Seagate/mtg-jamendo-dataset/02/1223702.mp3
264.0,123.046875,0.08453328162431717,-30.137102127075195,7,1,0.5824903468111653,0.0,6.801776908105239e-05,1.0,0.7167134645388737,0.001186104491353035,4,/volumes/Seagate/mtg-jamendo-dataset/02/1375902.mp3
235.903537414966,99.38401442307692,0.12736813724040985,-17.085256576538086,4,1,0.5224464993668961,0.0,0.002071180148050189,1.0,0.6367928413526155,0.9409027546644211,4,/volumes/Seagate/mtg-jamendo-dataset/02/38002.mp3
77.91995464852607,109.95678191489361,0.11208198964595795,-27.172462463378906,4,1,0.5165516846032837,0.0,0.002167138096410781,1.0,0.5253096260454546,0.008442169055342674,4,/volumes/Seagate/mtg-jamendo-dataset/02/486802.mp3
238.6818820861678,129.19921875,0.13767468929290771,-22.87415885925293,10,0,0.5131584716144537,0.0,0.0006269681034609675,1.0,0.49959488745133723,0.1134317833930254,4,/volumes/Seagate/mtg-jamendo-dataset/02/1298302.mp3
230.84408163265306,151.99908088235293,0.0920281857252121,-19.173261642456055,6,1,0.6101969779142558,0.0,0.0002715337395784445,1.0,0.693629610922949,0.01866126200184226,4,/volumes/Seagate/mtg-jamendo-dataset/02/394602.mp3
286.1595238095238,129.19921875,0.11121180653572083,-20.710657119750977,1,0,0.5683251943144152,0.0,0.0004380214522825554,1.0,0.5294101221166483,0.3650405630469322,4,/volumes/Seagate/mtg-jamendo-dataset/02/1168602.mp3
310.81795918367345,123.046875,0.14299890398979187,-9.495484352111816,9,1,0.552771454885784,0.0,0.022757353261113167,1.0,0.76609375,1.0,4,/volumes/Seagate/mtg-jamendo-dataset/02/19202.mp3
46.86666666666667,166.70866935483872,0.15318842232227325,-12.096309661865234,2,1,0.6199968784940367,0.0,0.0022447981755249202,1.0,0.6267812548286014,1.0,4,/volumes/Seagate/mtg-jamendo-dataset/02/1277802.mp3
253.6544217687075,120.18531976744185,0.15970481932163239,-12.618258476257324,6,1,0.530685930295119,0.0,0.0027552653336897492,1.0,0.7307076142935264,1.0,4,/volumes/Seagate/mtg-jamendo-dataset/02/74602.mp3
113.25897959183673,120.18531976744185,0.01867099106311798,-42.121986389160156,2,1,0.5421581795308494,0.0,0.0045175423147156835,1.0,0.6272730114598484,4.597701263264753e-05,4,/volumes/Seagate/mtg-jamendo-dataset/02/966302.mp3
224.52,112.34714673913044,0.09573990851640701,-24.498554229736328,1,1,0.5176626624850683,0.0,0.0002767471523839049,1.0,0.5804146844657132,0.06087795365601778,4,/volumes/Seagate/mtg-jamendo-dataset/02/75202.mp3
155.77333333333334,139.6748310810811,0.10568805783987045,-24.76361656188965,9,1,0.5273330534732441,0.0,5.154651626071427e-05,1.0,0.5389413723918758,0.0036615351564250886,4,/volumes/Seagate/mtg-jamendo-dataset/02/170002.mp3
239.89884353741496,129.19921875,0.23322591185569763,-14.266048431396484,2,1,0.5748880042123761,0.0,7.323423233174253e-05,1.0,0.6611662120879322,0.2288093976676464,4,/volumes/Seagate/mtg-jamendo-dataset/02/434202.mp3
134.14585034013606,109.95678191489361,0.05821119621396065,-24.45734977722168,9,1,0.5612260890855121,0.0,0.0018806332955136895,1.0,0.6100739844754842,0.014886490534991026,4,/volumes/Seagate/mtg-jamendo-dataset/02/113802.mp3
167.90732426303856,107.666015625,0.17155329883098602,-15.030235290527344,9,0,0.6092441280203793,0.0,0.0008196505077648908,1.0,0.5178122095936433,0.035229907371103764,4,/volumes/Seagate/mtg-jamendo-dataset/02/133102.mp3
271.3781179138322,87.5926906779661,0.21002258360385895,-9.650557518005371,9,1,0.5800938754568966,0.0,0.001994202670175582,1.0,0.6496342179585171,1.0,4,/volumes/Seagate/mtg-jamendo-dataset/02/1250702.mp3
193.71428571428572,139.6748310810811,0.202226921916008,-9.538991928100586,3,0,0.5939710031731915,0.0,0.0035825088853016496,1.0,0.6633874339073511,1.0,4,/volumes/Seagate/mtg-jamendo-dataset/02/1104502.mp3
343.1153741496599,109.95678191489361,0.19252237677574158,-8.884468078613281,1,1,0.5771881132204371,0.0,0.005427595227956772,1.0,0.7399135638297873,1.0,4,/volumes/Seagate/mtg-jamendo-dataset/02/1297502.mp3
270.8169387755102,123.046875,0.09305642545223236,-23.425851821899414,7,0,0.6259792849257049,0.0,0.025729411281645298,1.0,0.6460937499999999,1.0,4,/volumes/Seagate/mtg-jamendo-dataset/02/45102.mp3
194.99192743764172,114.84375,0.1557791829109192,-15.889100074768066,7,0,0.5868689165106344,0.0,0.0001798085868358612,1.0,0.5183875975959253,0.021965105552226305,4,/volumes/Seagate/mtg-jamendo-dataset/02/1194702.mp3
262.0865079365079,139.6748310810811,0.40066951513290405,-6.949188232421875,11,1,0.5934493507693075,0.0,0.000259580512647517,1.0,0.7313710922440915,0.019802325405180454,4,/volumes/Seagate/mtg-jamendo-dataset/02/454902.mp3
277.3580725623583,139.6748310810811,0.17540130019187927,-17.219316482543945,2,1,0.5629137794982773,0.0,0.00017153218868770637,1.0,0.646874477785846,0.12075154110789299,4,/volumes/Seagate/mtg-jamendo-dataset/02/1178102.mp3
51.2,105.46875,0.06539954245090485,-27.013919830322266,7,1,0.5746785531707989,0.0,0.00020987379684811458,1.0,0.5602740270976261,0.025532550644129515,4,/volumes/Seagate/mtg-jamendo-dataset/02/1085602.mp3
354.8937868480726,143.5546875,0.10987260937690735,-21.465505599975586,2,0,0.5395304026863784,0.0,0.0002708249230636284,1.0,0.3833815145329998,0.0002347741428820882,4,/volumes/Seagate/mtg-jamendo-dataset/02/730802.mp3
196.66666666666666,90.66611842105263,0.3197816014289856,-6.59263277053833,9,1,0.5879229730218645,0.0,0.001543736841995269,1.0,0.6374643961767851,1.0,4,/volumes/Seagate/mtg-jamendo-dataset/02/1417902.mp3
301.8245804988662,123.046875,0.020591776818037033,-41.719581604003906,2,1,0.5330771394188223,0.0,0.0011867308930959553,1.0,0.6301816187128367,6.727737513756438e-06,4,/volumes/Seagate/mtg-jamendo-dataset/02/243702.mp3
163.38462585034014,129.19921875,0.24720142781734467,-13.238249778747559,8,0,0.5981474498956977,0.0,0.0010372070828452706,1.0,0.5790280383459394,0.2758733555674553,4,/volumes/Seagate/mtg-jamendo-dataset/02/1083602.mp3
98.43938775510205,90.66611842105263,0.22950775921344757,-12.724515914916992,7,0,0.5773377275348622,0.0,0.004219363094307482,1.0,0.509544407040977,0.731140747666359,4,/volumes/Seagate/mtg-jamendo-dataset/02/1264202.mp3
142.0132426303855,143.5546875,0.1542135775089264,-11.320976257324219,0,1,0.556799130951395,0.0,0.0038023669039830565,1.0,0.807109375,1.0,4,/volumes/Seagate/mtg-jamendo-dataset/02/1031402.mp3
136.11537414965986,107.666015625,0.06608515232801437,-32.89644241333008,0,1,0.39313398752783935,0.0,0.0002392086898908019,1.0,0.6855334407120078,8.675291240933802e-07,4,/volumes/Seagate/mtg-jamendo-dataset/02/168802.mp3
206.84133786848074,126.04801829268293,0.1261647790670395,-23.020057678222656,7,1,0.5218135417530811,0.0,0.01448671706020832,1.0,0.6818368633240008,1.0631320712661818e-07,4,/volumes/Seagate/mtg-jamendo-dataset/02/1067302.mp3
264.4675056689342,126.04801829268293,0.16676963865756989,-10.533073425292969,7,1,0.5879570812460273,0.0,0.002464671735651791,1.0,0.7034681211262551,1.0,4,/volumes/Seagate/mtg-jamendo-dataset/02/1205702.mp3
210.53548752834467,114.84375,0.10716083645820618,-28.641807556152344,4,1,0.5537168951750198,0.0,0.0035010497085750103,1.0,0.5043696131364191,0.00019241122572566383,4,/volumes/Seagate/mtg-jamendo-dataset/02/1150402.mp3
208.065306122449,120.18531976744185,0.20305287837982178,-15.931225776672363,0,1,0.5612276999450511,0.0,0.0004925966350128874,1.0,0.6727013209127439,1.0,4,/volumes/Seagate/mtg-jamendo-dataset/02/412702.mp3
261.7824263038549,90.66611842105263,0.14981041848659515,-14.256084442138672,7,1,0.5167714627200288,0.0,0.001302980730542913,1.0,0.637800811249863,0.9583447873592377,4,/volumes/Seagate/mtg-jamendo-dataset/02/1036802.mp3
390.0,120.18531976744185,0.07292108237743378,-23.0212459564209,2,1,0.523109074288741,0.0,0.0009837430261541158,1.0,0.6385539764384683,0.3290582075715065,4,/volumes/Seagate/mtg-jamendo-dataset/02/1194002.mp3
232.26785416666667,93.75,0.15969334542751312,-15.669476509094238,5,1,0.5920804320923386,0.0,0.00203619129024446,1.0,0.6218682763162053,0.16219604760408401,4,/volumes/Seagate/mtg-jamendo-dataset/02/108302.mp3
202.40963718820862,109.95678191489361,0.12567000091075897,-17.375324249267578,7,1,0.5061148686833787,0.0,0.0011196470295544714,1.0,0.6638125756275526,0.2939426898956299,4,/volumes/Seagate/mtg-jamendo-dataset/02/1418302.mp3
79.20002267573696,99.38401442307692,0.10988833010196686,-13.188289642333984,9,1,0.5712150379109033,0.0,0.002071428461931646,1.0,0.7031377159997576,1.0,4,/volumes/Seagate/mtg-jamendo-dataset/02/1395702.mp3
242.0,120.18531976744185,0.24414119124412537,-17.368013381958008,4,1,0.5636365830682664,0.0,0.0011194190592505038,1.0,0.6728384161587335,1.0,4,/volumes/Seagate/mtg-jamendo-dataset/02/1007902.mp3
358.6207029478458,114.84375,0.32808494567871094,-2.3936312198638916,8,0,0.608347184391443,0.0,0.008838104316964746,1.0,0.6296875,1.0,4,/volumes/Seagate/mtg-jamendo-dataset/02/1337902.mp3
600.156125,140.625,0.1813134253025055,-14.15129566192627,9,1,0.5943400938857469,0.0,0.0005340267234714702,1.0,0.7174278973589558,0.8858871459960938,4,/volumes/Seagate/mtg-jamendo-dataset/02/1129102.mp3
211.28,120.18531976744185,0.20791640877723694,-17.558517456054688,2,1,0.52028010244212,0.0,0.0003198603881173767,1.0,0.6143927524695353,0.061885109171271324,4,/volumes/Seagate/mtg-jamendo-dataset/02/1194602.mp3
237.89820861678004,139.6748310810811,0.19973690807819366,-16.59414291381836,2,1,0.5810872168091539,0.0,0.00034716179652605206,1.0,0.635635334024131,0.08177520707249641,4,/volumes/Seagate/mtg-jamendo-dataset/02/1108302.mp3
113.16666666666667,90.66611842105263,0.09289368987083435,-18.73343276977539,7,0,0.6021862462424739,0.0,0.00606557191349566,1.0,0.5330824906941798,0.03439139807596803,4,/volumes/Seagate/mtg-jamendo-dataset/02/1028802.mp3
112.19068027210885,120.18531976744185,0.1047947034239769,-30.801729202270508,7,0,0.5006061467590295,0.0,7.793682925694156e-05,1.0,0.4399102226268366,0.0011379784700693563,4,/volumes/Seagate/mtg-jamendo-dataset/02/1162102.mp3
58.693333333333335,105.46875,0.010913538746535778,-43.788230895996094,4,1,0.5210753474403101,0.0,0.0018355222418904305,1.0,0.5906155329157734,6.007413730912958e-06,4,/volumes/Seagate/mtg-jamendo-dataset/02/153602.mp3
442.6666666666667,99.38401442307692,0.15549185872077942,-17.26470947265625,9,1,0.567908244508278,0.0,0.005509117618203163,1.0,0.6028205208487978,0.043113683350384235,4,/volumes/Seagate/mtg-jamendo-dataset/02/1275302.mp3
212.44829931972788,156.60511363636363,0.035915397107601166,-23.889211654663086,8,0,0.5922102864327088,0.0,0.015818351414054632,1.0,0.6692260180010383,1.0,4,/volumes/Seagate/mtg-jamendo-dataset/02/270102.mp3
140.26444444444445,126.04801829268293,0.2380990982055664,-10.694067001342773,9,1,0.5752712377603864,0.0,0.002411903638858348,1.0,0.6845113473986084,1.0,4,/volumes/Seagate/mtg-jamendo-dataset/02/31502.mp3
205.0,126.04801829268293,0.2059423178434372,-8.271836280822754,5,1,0.5798330099457542,0.0,0.005699719651602209,1.0,0.76186956106589,1.0,4,/volumes/Seagate/mtg-jamendo-dataset/02/998102.mp3
167.45333333333335,123.046875,0.18130190670490265,-15.231548309326172,0,1,0.5526330961035888,0.0,0.013079035095870495,1.0,0.6502427959879642,0.07864335551857948,4,/volumes/Seagate/mtg-jamendo-dataset/02/1333702.mp3
112.08,99.38401442307692,0.11633841693401337,-16.80502700805664,1,1,0.5724734608590041,0.0,0.011963739059865475,1.0,0.6500423785521239,0.7309084385633469,4,/volumes/Seagate/mtg-jamendo-dataset/02/195302.mp3
258.4201814058957,105.46875,0.2501426339149475,-10.334124565124512,2,1,0.5870217858638112,0.0,0.0005338997289072722,1.0,0.6287254401465863,0.19569311290979385,4,/volumes/Seagate/mtg-jamendo-dataset/02/1149702.mp3
147.3107029478458,123.046875,0.08870802819728851,-22.12784194946289,4,1,0.5389811467867534,0.0,0.0033107438357546926,1.0,0.6393391684440695,0.060024792328476906,4,/volumes/Seagate/mtg-jamendo-dataset/02/1269902.mp3
363.32,114.84375,0.22364084422588348,-5.686460494995117,1,1,0.6214345603772495,0.0,0.019698731135576963,1.0,0.7496875000000001,1.0,4,/volumes/Seagate/mtg-jamendo-dataset/02/182102.mp3
213.38666666666666,156.60511363636363,0.26061445474624634,-11.861989974975586,11,1,0.6003167728268574,0.0,0.05203421227633953,1.0,0.7551064737919354,1.0,4,/volumes/Seagate/mtg-jamendo-dataset/02/1311302.mp3
202.0,120.18531976744185,0.18286161124706268,-10.050947189331055,11,1,0.6114166418188838,0.0,0.006096967728808522,1.0,0.7111081713504455,1.0,4,/volumes/Seagate/mtg-jamendo-dataset/02/245502.mp3
254.56326530612245,87.5926906779661,0.17858213186264038,-18.631319046020508,4,1,0.5655507348121169,0.0,0.0011084600700996816,1.0,0.5686012617673929,0.0804692879319191,4,/volumes/Seagate/mtg-jamendo-dataset/02/415602.mp3
478.37750566893425,129.19921875,0.20997494459152222,-14.473846435546875,9,1,0.5593842460927348,0.0,0.0007396745786536485,1.0,0.6812357028277772,0.35405054688453674,4,/volumes/Seagate/mtg-jamendo-dataset/02/822302.mp3
142.58666666666667,105.46875,0.3019612431526184,-9.963103294372559,2,1,0.5704421252544037,0.0,0.007808802416548133,1.0,0.61677621808243,0.39449650794267654,4,/volumes/Seagate/mtg-jamendo-dataset/02/1354102.mp3
159.0084126984127,86.1328125,0.19944821298122406,-17.405513763427734,11,1,0.5380127397912909,0.0,0.00032596202072454616,1.0,0.5550862722706605,0.06585277151316404,4,/volumes/Seagate/mtg-jamendo-dataset/02/1347102.mp3
227.66185941043085,95.703125,0.18236616253852844,-10.937468528747559,0,0,0.5827310138160635,0.0,0.0022066657547838986,1.0,0.5486775116168147,0.6542301923036575,4,/volumes/Seagate/mtg-jamendo-dataset/02/1343402.mp3
370.775283446712,178.20581896551724,0.12691903114318848,-14.14132022857666,4,1,0.572726093577024,0.0,0.00238474749494344,1.0,0.8062082359993121,1.0,4,/volumes/Seagate/mtg-jamendo-dataset/02/518602.mp3
391.67997732426306,126.04801829268293,0.15241973102092743,-18.897001266479492,9,1,0.5726008886526344,0.0,0.0022269508335739374,1.0,0.6467404843330808,0.6298594921827316,4,/volumes/Seagate/mtg-jamendo-dataset/02/1087502.mp3
201.0633560090703,129.19921875,0.07640799134969711,-25.657541275024414,4,1,0.5339549197842149,0.0,0.004602737375535071,1.0,0.50008315542803,0.03786212299019098,4,/volumes/Seagate/mtg-jamendo-dataset/02/1217502.mp3
703.8331292517007,129.19921875,0.1797194927930832,-17.34760284423828,4,1,0.5946223339433097,0.0,7.945550896693021e-05,1.0,0.6270540794281922,0.0073748460272327065,4,/volumes/Seagate/mtg-jamendo-dataset/02/880702.mp3
280.0,120.18531976744185,0.18354682624340057,-7.9902729988098145,0,1,0.5817997843967773,0.0,0.008258717833086848,1.0,0.8764116379310345,1.0,4,/volumes/Seagate/mtg-jamendo-dataset/02/263202.mp3
326.04861678004534,126.04801829268293,0.14461927115917206,-15.858847618103027,4,1,0.5827709683352269,0.0,0.0006777053349651396,1.0,0.6611483392703111,0.29106559231877327,4,/volumes/Seagate/mtg-jamendo-dataset/02/1168502.mp3
74.98666666666666,135.99917763157896,0.053177837282419205,-36.19580841064453,9,1,0.5153558342584136,0.0,0.0005202129977988079,1.0,0.669710057185046,1.4467569542375713e-06,4,/volumes/Seagate/mtg-jamendo-dataset/02/1374302.mp3
138.99755102040817,139.6748310810811,0.2968560457229614,-10.010574340820312,2,0,0.5652232640450721,0.0,0.00019999055075459182,1.0,0.5904800707012746,0.6093300133943558,4,/volumes/Seagate/mtg-jamendo-dataset/02/338502.mp3
198.00004535147391,139.6748310810811,0.09859535098075867,-19.762102127075195,9,1,0.5630723941733622,0.0,0.012629028875380754,1.0,0.741793350484419,1.0,4,/volumes/Seagate/mtg-jamendo-dataset/02/1398802.mp3
141.36419501133787,156.60511363636363,0.15955455601215363,-14.877935409545898,5,0,0.5804828982922832,0.0,0.0005119662964716554,1.0,0.6119771690709068,0.8213615417480469,4,/volumes/Seagate/mtg-jamendo-dataset/02/1357302.mp3
298.75274376417235,161.4990234375,0.3212742209434509,-5.111764907836914,10,1,0.5799394368243911,0.0,0.003343524062074721,1.0,0.842998046875,1.0,4,/volumes/Seagate/mtg-jamendo-dataset/02/130602.mp3
227.06666666666666,114.84375,0.24153634905815125,-14.07177734375,2,1,0.5849263712025361,0.0,0.008695421274751425,1.0,0.7122845071786401,0.02950603375211358,4,/volumes/Seagate/mtg-jamendo-dataset/02/7202.mp3
289.87791383219957,107.666015625,0.07966050505638123,-29.685190200805664,10,0,0.5160779856697424,0.0,0.0014537438401021063,1.0,0.3385944066621453,0.00014851278137939516,4,/volumes/Seagate/mtg-jamendo-dataset/02/1123202.mp3
299.54133786848075,112.34714673913044,0.17819873988628387,-18.236169815063477,6,1,0.5683852041103329,0.0,9.98632276605349e-05,1.0,0.49852297821016095,0.17015382647514343,4,/volumes/Seagate/mtg-jamendo-dataset/02/1283302.mp3
139.28489795918367,99.38401442307692,0.07641858607530594,-30.91083335876465,9,1,0.5525710199568272,0.0,0.00044254204840399325,1.0,0.5100735818203046,0.003420753637328744,4,/volumes/Seagate/mtg-jamendo-dataset/02/387402.mp3
97.84610416666666,130.8139534883721,0.06801146268844604,-24.909631729125977,7,1,0.5237224164184668,0.0,0.0002627750000101514,1.0,0.6762995585006703,0.09651900269091129,4,/volumes/Seagate/mtg-jamendo-dataset/02/1162702.mp3
90.0,126.04801829268293,0.10779323428869247,-31.908180236816406,9,1,0.545286465004102,0.0,0.00011731907579815015,1.0,0.5318356050817962,8.543757758161519e-05,4,/volumes/Seagate/mtg-jamendo-dataset/02/1116402.mp3
273.0625170068027,120.18531976744185,0.17621584236621857,-19.43292236328125,0,0,0.5925656060401456,0.0,0.0010375471611041576,1.0,0.44631527893873124,0.07714656181633472,4,/volumes/Seagate/mtg-jamendo-dataset/02/373302.mp3
97.45453514739229,109.95678191489361,0.20356455445289612,-22.63174057006836,2,1,0.5265684943050641,0.0,0.00028601371741387993,1.0,0.6478215964247195,0.0024271367874462157,4,/volumes/Seagate/mtg-jamendo-dataset/02/36702.mp3
124.07614512471655,139.6748310810811,0.14915302395820618,-12.775796890258789,5,0,0.6123666236540514,0.0,0.0026774152647703886,1.0,0.6177977040931533,0.4699328541755676,4,/volumes/Seagate/mtg-jamendo-dataset/02/1061502.mp3
280.7273696145125,99.38401442307692,0.20734556019306183,-11.939237594604492,11,1,0.5587546190200743,0.0,0.0018172390409745276,1.0,0.63230800022087,0.06372759118676186,4,/volumes/Seagate/mtg-jamendo-dataset/02/1027902.mp3
176.07333333333332,120.18531976744185,0.1765468269586563,-15.360595703125,4,1,0.5789832208582533,0.0,0.0029567097080871463,1.0,0.691794935616906,0.2713926136493683,4,/volumes/Seagate/mtg-jamendo-dataset/02/718302.mp3
210.5,109.95678191489361,0.24128863215446472,-16.590383529663086,0,1,0.6157620381130403,0.0,0.0007836084987502545,1.0,0.596200881145174,1.0,4,/volumes/Seagate/mtg-jamendo-dataset/02/1247402.mp3
268.61340136054423,151.99908088235293,0.2710607349872589,-7.480629920959473,4,1,0.6073297752010602,0.0,0.002459210401866585,1.0,0.7899175718454986,1.0,4,/volumes/Seagate/mtg-jamendo-dataset/02/321102.mp3
150.0,126.04801829268293,0.07222341001033783,-30.513235092163086,5,0,0.5179038338563855,0.0,8.58538260217756e-05,1.0,0.43032506277672344,0.0001463891203457024,4,/volumes/Seagate/mtg-jamendo-dataset/02/1299802.mp3
181.36816326530612,117.45383522727273,0.13692820072174072,-23.362627029418945,1,0,0.5993654230041707,0.0,2.7538631002244074e-05,1.0,0.39498359932539623,1.1180010233147186e-05,4,/volumes/Seagate/mtg-jamendo-dataset/02/1044302.mp3
182.17333333333335,123.046875,0.12088605016469955,-21.64684295654297,9,1,0.5190878998020547,0.0,0.00030943089950596914,1.0,0.5888654691293445,0.057481653057038784,4,/volumes/Seagate/mtg-jamendo-dataset/02/1051202.mp3
306.5,120.18531976744185,0.23950065672397614,-12.910038948059082,4,1,0.6107141393133726,0.0,0.008295126724988222,1.0,0.47410405497908725,0.1260096486657858,4,/volumes/Seagate/mtg-jamendo-dataset/02/704402.mp3
324.00002267573694,120.18531976744185,0.21887017786502838,-16.419649124145508,1,1,0.5150717539400205,0.0,0.00019707035244209692,1.0,0.5577037711472175,4.460345905954455e-06,4,/volumes/Seagate/mtg-jamendo-dataset/02/956102.mp3
259.49333333333334,99.38401442307692,0.0723150223493576,-23.412199020385742,2,1,0.5031276086352859,0.0,0.00249896856257692,1.0,0.65889452287818,0.18482530489563942,4,/volumes/Seagate/mtg-jamendo-dataset/02/1184702.mp3
230.0604081632653,151.99908088235293,0.20059365034103394,-9.220035552978516,4,1,0.5834594900940243,0.0,0.010795808862894773,1.0,0.8024004443170418,1.0,4,/volumes/Seagate/mtg-jamendo-dataset/02/1050502.mp3
218.04408163265308,120.18531976744185,0.0953722819685936,-21.08831787109375,0,1,0.5209486775839764,0.0,0.006662338273599744,1.0,0.675896554233428,0.3722357004880905,4,/volumes/Seagate/mtg-jamendo-dataset/02/374602.mp3
327.66632653061225,123.046875,0.21833711862564087,-17.93333625793457,0,0,0.5364778017154281,0.0,0.0010363792825955898,1.0,0.4843820727148372,0.2224050834774971,4,/volumes/Seagate/mtg-jamendo-dataset/02/1314302.mp3
410.6396371882086,129.19921875,0.09580224007368088,-14.38336181640625,11,1,0.5950588643712523,0.0,0.012231497559696436,1.0,0.7783984375,1.0,4,/volumes/Seagate/mtg-jamendo-dataset/02/1097202.mp3
209.25,156.60511363636363,0.20703676342964172,-22.741439819335938,4,1,0.5601779694916764,0.0,0.000543338101124391,1.0,0.6154431523020131,0.0023854669416323304,4,/volumes/Seagate/mtg-jamendo-dataset/02/1378002.mp3
216.08596371882086,117.45383522727273,0.236612468957901,-19.085735321044922,7,0,0.5658774152925274,0.0,2.6338024326832965e-05,1.0,0.4638506286359329,0.01951075275428593,4,/volumes/Seagate/mtg-jamendo-dataset/02/1225502.mp3
229.7730612244898,99.38401442307692,0.10094688087701797,-22.41796875,7,1,0.5612975857203812,0.0,0.0005558232078328729,1.0,0.5761403040002531,0.03789461450651288,4,/volumes/Seagate/mtg-jamendo-dataset/02/81802.mp3
293.1526530612245,107.666015625,0.15225543081760406,-14.747655868530273,5,0,0.5879335682570629,0.0,0.001274436857784167,1.0,0.5627362524766524,1.0,4,/volumes/Seagate/mtg-jamendo-dataset/02/18402.mp3
378.6736054421769,90.66611842105263,0.20243580639362335,-15.204517364501953,9,1,0.5402780810068494,0.0,0.00030367480212589726,1.0,0.6130401314514082,0.45369818806648254,4,/volumes/Seagate/mtg-jamendo-dataset/02/606902.mp3
163.03655328798186,105.46875,0.2606314718723297,-10.59837818145752,1,0,0.590263498031911,0.0,0.0008969836053438485,1.0,0.5464924968353669,0.22688224911689758,4,/volumes/Seagate/mtg-jamendo-dataset/02/1281202.mp3
231.02693877551022,99.38401442307692,0.11911799013614655,-21.189043045043945,2,1,0.5531410885652142,0.0,0.00018774509226204827,1.0,0.6044054652559478,0.44338174164295197,4,/volumes/Seagate/mtg-jamendo-dataset/02/306102.mp3
314.7471201814059,143.5546875,0.1253560483455658,-14.293036460876465,9,1,0.5460814778706302,0.0,0.0015465968172065914,1.0,0.7778641070697723,0.5108620226383209,4,/volumes/Seagate/mtg-jamendo-dataset/02/1337402.mp3
206.3,105.46875,0.12682051956653595,-18.572444915771484,0,1,0.5328430758134088,0.0,0.0009809335169848055,1.0,0.6495331225823566,0.3121120482683182,4,/volumes/Seagate/mtg-jamendo-dataset/02/1138302.mp3
150.86004535147393,139.6748310810811,0.11275941133499146,-24.282241821289062,9,1,0.5560085357211344,0.0,3.943090086977463e-05,1.0,0.6113074302544879,0.0021564764028880745,4,/volumes/Seagate/mtg-jamendo-dataset/02/1307202.mp3
175.22666666666666,120.18531976744185,0.30189046263694763,-8.41187858581543,10,1,0.575432602665672,0.0,0.00021729071158915758,1.0,0.6812282448061584,0.962754562497139,4,/volumes/Seagate/mtg-jamendo-dataset/02/661602.mp3
117.1754648526077,156.60511363636363,0.16983412206172943,-13.754924774169922,2,1,0.5705913268435148,0.0,0.010119198588654399,1.0,0.7375504982808962,0.1375093311071396,4,/volumes/Seagate/mtg-jamendo-dataset/02/362402.mp3
110.30147392290249,107.666015625,0.2350470870733261,-10.124031066894531,9,1,0.5379988004678626,0.0,0.015909352339804173,1.0,0.706703947880096,1.0,4,/volumes/Seagate/mtg-jamendo-dataset/02/1167302.mp3
268.55,143.5546875,0.11341992020606995,-13.857316970825195,9,1,0.5303961701416251,0.0,0.009248561225831509,1.0,0.807109375,0.06203555967658758,4,/volumes/Seagate/mtg-jamendo-dataset/02/259402.mp3
152.52897959183673,103.359375,0.18437325954437256,-21.69995880126953,4,1,0.5590466684431772,0.0,0.0007238901453092694,1.0,0.5277656408502381,4.002298492622458e-08,4,/volumes/Seagate/mtg-jamendo-dataset/02/142202.mp3
318.79208616780045,123.046875,0.16829313337802887,-25.371919631958008,11,1,0.5688816602285623,0.0,7.750528675387613e-05,1.0,0.5850389664090672,0.0013404162018559873,4,/volumes/Seagate/mtg-jamendo-dataset/02/1268902.mp3
207.63283446712018,132.51201923076923,0.08958280831575394,-23.354276657104492,5,0,0.542992476824048,0.0,0.003752705524675548,1.0,0.5042380445549577,0.002282559871673584,4,/volumes/Seagate/mtg-jamendo-dataset/02/1143802.mp3
131.61056689342405,161.4990234375,0.07302157580852509,-31.751020431518555,0,0,0.5295412089993204,0.0,0.0010163099505007267,1.0,0.33964121200674047,3.670969874747243e-06,4,/volumes/Seagate/mtg-jamendo-dataset/02/903602.mp3
229.64244897959185,90.66611842105263,0.10574488341808319,-19.12367057800293,9,1,0.5580667411335083,0.0,0.011589610716328025,1.0,0.5988947206730881,0.1587335765361786,4,/volumes/Seagate/mtg-jamendo-dataset/02/1031802.mp3
183.67732426303854,112.34714673913044,0.08342313766479492,-27.004472732543945,8,0,0.5609429321204014,0.0,0.00071633757033851,1.0,0.532518267737368,0.007985205738805234,4,/volumes/Seagate/mtg-jamendo-dataset/02/824302.mp3
192.43537414965985,109.95678191489361,0.07425201684236526,-22.279016494750977,4,1,0.5335424254058057,0.0,0.0010829211096279323,1.0,0.6354076320140314,0.11223912239074707,4,/volumes/Seagate/mtg-jamendo-dataset/02/1235602.mp3
84.53224489795919,120.18531976744185,0.14007067680358887,-22.091426849365234,4,1,0.5098593691214695,0.0,0.0013047162210568786,1.0,0.5581031414872443,0.01372378203086555,4,/volumes/Seagate/mtg-jamendo-dataset/02/1060602.mp3
280.2319501133787,132.51201923076923,0.27032238245010376,-15.092570304870605,2,1,0.570818070220305,0.0,0.0005724094226025045,1.0,0.6420206352887542,0.10736440308392048,4,/volumes/Seagate/mtg-jamendo-dataset/02/1203202.mp3
208.3787755102041,147.65625,0.0780377984046936,-21.931453704833984,11,1,0.5699542771355541,0.0,0.01797581696882844,1.0,0.6620624030338653,0.024888922926038504,4,/volumes/Seagate/mtg-jamendo-dataset/02/1219702.mp3
194.544,95.33898305084746,0.20816290378570557,-14.003326416015625,5,1,0.570104127436868,0.0,0.0003875735274050385,1.0,0.6097692331907361,0.11263251304626465,4,/volumes/Seagate/mtg-jamendo-dataset/02/96702.mp3
276.1142857142857,132.51201923076923,0.18885044753551483,-15.018169403076172,7,1,0.5685960356409012,0.0,1.807115540941595e-05,1.0,0.6489686137665569,5.6464509725628886e-05,4,/volumes/Seagate/mtg-jamendo-dataset/02/23102.mp3
302.44,147.65625,0.13820040225982666,-9.221406936645508,4,1,0.5872062224035324,0.0,0.0074306989554315805,1.0,0.8153125000000001,0.7111348211765289,4,/volumes/Seagate/mtg-jamendo-dataset/02/139602.mp3
105.90011337868481,129.19921875,0.16723965108394623,-21.82318687438965,0,0,0.5446350977731237,0.0,0.0009175966260954738,1.0,0.49297854485169085,0.03051894251257181,4,/volumes/Seagate/mtg-jamendo-dataset/02/21502.mp3
149.53333333333333,129.19921875,0.230765700340271,-7.22153377532959,6,1,0.6009455684566203,0.0,0.004509362974204123,1.0,0.7491896065814476,1.0,4,/volumes/Seagate/mtg-jamendo-dataset/02/1115102.mp3
284.38002267573694,120.18531976744185,0.098839670419693,-27.26164436340332,0,1,0.5551895334363781,0.0,0.001262057397980243,1.0,0.5754090316261947,0.015447350451722741,4,/volumes/Seagate/mtg-jamendo-dataset/02/1069802.mp3
68.0330612244898,120.18531976744185,0.1814209371805191,-18.618240356445312,9,1,0.6157122124133863,0.0,0.0004391799884615466,1.0,0.5874277886963855,0.3245900943875313,4,/volumes/Seagate/mtg-jamendo-dataset/02/818602.mp3
89.37519274376417,129.19921875,0.0938291847705841,-32.38399124145508,5,0,0.5396828588029372,0.0,0.000350089198036585,1.0,0.4157807647708225,1.4305802551461966e-05,4,/volumes/Seagate/mtg-jamendo-dataset/02/1384402.mp3
224.57142857142858,139.6748310810811,0.21727831661701202,-12.763218879699707,11,1,0.5581435883498408,0.0,0.0007844164792913944,1.0,0.700828240708136,1.0,4,/volumes/Seagate/mtg-jamendo-dataset/02/1257402.mp3
111.80252083333333,144.23076923076923,0.09251944720745087,-32.95152282714844,1,1,0.5135265890426179,0.0,4.7054454626049846e-05,1.0,0.5565584702350606,9.01017392607173e-05,4,/volumes/Seagate/mtg-jamendo-dataset/02/1110702.mp3
198.4,101.33272058823529,0.18852552771568298,-15.302375793457031,11,1,0.5549507034641734,0.0,0.0003068520672968589,1.0,0.5846061888745426,0.03605509642511606,4,/volumes/Seagate/mtg-jamendo-dataset/02/213202.mp3
168.0,99.38401442307692,0.10218209773302078,-21.355274200439453,6,0,0.5360267650406799,0.0,0.0009591881535016,1.0,0.45292049677339663,0.004412403213791549,4,/volumes/Seagate/mtg-jamendo-dataset/02/1071502.mp3
182.0,120.18531976744185,0.1038675308227539,-31.4375,5,0,0.5438777955525236,0.0,1.9996728497062577e-05,1.0,0.39464997335728275,4.442225645107101e-06,4,/volumes/Seagate/mtg-jamendo-dataset/02/1329502.mp3
167.66666666666666,132.51201923076923,0.10562442988157272,-21.83790397644043,4,1,0.5951193781390949,0.0,0.010969369439408183,1.0,0.5811152955097144,0.0007382257172139362,4,/volumes/Seagate/mtg-jamendo-dataset/02/1365302.mp3
150.8734693877551,123.046875,0.06699848920106888,-29.10169792175293,4,1,0.521152977749588,0.0,3.1548261176794767e-06,1.0,0.479163948725472,2.0837226202274906e-05,4,/volumes/Seagate/mtg-jamendo-dataset/02/950302.mp3
66.97673469387755,129.19921875,0.03763793036341667,-31.22277069091797,7,1,0.5099932831028273,0.0,0.0003468519716989249,1.0,0.5783637421570482,0.0010992453462677076,4,/volumes/Seagate/mtg-jamendo-dataset/02/1266502.mp3
175.72571428571428,87.5926906779661,0.23405440151691437,-9.883797645568848,4,1,0.5634442610138175,0.0,0.0009982306219171733,1.0,0.6660893642807779,1.0,4,/volumes/Seagate/mtg-jamendo-dataset/02/1367202.mp3
185.1715873015873,107.666015625,0.05556347593665123,-27.061050415039062,9,1,0.5303058168436056,0.0,2.8637549803534057e-05,1.0,0.3722085760665179,1.5724072000011802e-05,4,/volumes/Seagate/mtg-jamendo-dataset/02/1227102.mp3
124.45022916666667,108.17307692307692,0.15971142053604126,-14.698692321777344,5,0,0.5406683571960722,0.0,0.00042497183312661946,1.0,0.526407090248842,1.0,4,/volumes/Seagate/mtg-jamendo-dataset/02/47402.mp3
213.23253968253968,132.51201923076923,0.3705240786075592,-3.332307815551758,7,1,0.5917913927278127,0.0,0.002243997878395021,1.0,0.7280993254098793,1.0,4,/volumes/Seagate/mtg-jamendo-dataset/02/242902.mp3
276.6839909297052,107.666015625,0.18596471846103668,-14.542017936706543,0,0,0.5859173840430465,0.0,0.0010431873961351812,1.0,0.507620673004828,0.6578385084867477,4,/volumes/Seagate/mtg-jamendo-dataset/02/326902.mp3
211.25333333333333,126.04801829268293,0.1723596453666687,-21.53741455078125,9,1,0.5684471042439652,0.0,0.002001787768676877,1.0,0.5386111011509556,0.006135834846645594,4,/volumes/Seagate/mtg-jamendo-dataset/02/1062502.mp3
359.60160997732424,129.19921875,0.15504539012908936,-17.371877670288086,5,0,0.5680551872767674,0.0,0.0005142593145137653,1.0,0.41585527079052953,0.642772763967514,4,/volumes/Seagate/mtg-jamendo-dataset/02/614902.mp3
139.41177083333332,85.22727272727273,0.19428496062755585,-16.40289878845215,0,1,0.5554466963979174,0.0,0.001318373397225514,1.0,0.5563472599978568,0.011597559787333012,4,/volumes/Seagate/mtg-jamendo-dataset/02/1086302.mp3
531.3733333333333,126.04801829268293,0.15169157087802887,-14.076601028442383,4,1,0.5958385005100084,0.0,0.001712132419925183,1.0,0.7581375753885311,1.0,4,/volumes/Seagate/mtg-jamendo-dataset/02/373002.mp3
208.05079365079365,147.65625,0.18555626273155212,-13.358060836791992,4,1,0.5421119736552191,0.0,0.001106964860809967,1.0,0.7264594359898646,0.35040952265262604,4,/volumes/Seagate/mtg-jamendo-dataset/02/172302.mp3
184.76408163265307,129.19921875,0.5888738632202148,-1.8797917366027832,3,1,0.6150133166856799,0.0,0.002218869107309729,1.0,0.6783319590395733,1.0,4,/volumes/Seagate/mtg-jamendo-dataset/02/1294102.mp3
239.03997732426305,126.04801829268293,0.2112489938735962,-13.094965934753418,9,1,0.5404732261410086,0.0,0.0010453838913235813,1.0,0.6609073087690228,0.7590442895889282,4,/volumes/Seagate/mtg-jamendo-dataset/02/1371002.mp3
238.14401360544218,129.19921875,0.2612048387527466,-17.096033096313477,0,0,0.6128859556447332,0.0,0.0006089526868890971,1.0,0.5286084561869069,0.22082222625613213,4,/volumes/Seagate/mtg-jamendo-dataset/02/370002.mp3
115.02285416666666,152.02702702702703,0.12272857129573822,-16.860506057739258,9,1,0.5542074664268203,0.0,0.0007018147443886846,1.0,0.5948160240913449,2.8760646841874404e-06,4,/volumes/Seagate/mtg-jamendo-dataset/02/1157602.mp3
437.23755102040815,107.666015625,0.11465244740247726,-17.433664321899414,2,1,0.5694157375073796,0.0,0.0037599862553179264,1.0,0.6424726917528125,0.06921810563653708,4,/volumes/Seagate/mtg-jamendo-dataset/02/152602.mp3
392.25002267573694,120.18531976744185,0.27396270632743835,-11.981527328491211,2,0,0.5514267263647457,0.0,0.001084035640815273,1.0,0.5227474287122731,0.12058674357831478,4,/volumes/Seagate/mtg-jamendo-dataset/02/1075802.mp3
443.5100907029478,112.34714673913044,0.04942314699292183,-29.081159591674805,0,0,0.5341923473519016,0.0,4.9792728532338515e-05,1.0,0.4669394904561288,0.00016402465917053632,4,/volumes/Seagate/mtg-jamendo-dataset/02/1412102.mp3
280.0,117.45383522727273,0.2894343435764313,-9.200094223022461,9,1,0.5863358477463099,0.0,0.0018808201421052217,1.0,0.6855605540810495,1.0,4,/volumes/Seagate/mtg-jamendo-dataset/02/1315102.mp3
260.57142857142856,139.6748310810811,0.3553161025047302,-10.266446113586426,0,1,0.5942352565320703,0.0,0.0007341918535530567,1.0,0.6781135307860612,1.0,4,/volumes/Seagate/mtg-jamendo-dataset/02/335602.mp3
248.9480045351474,135.99917763157896,0.21703790128231049,-15.611001968383789,2,1,0.5626589694650161,0.0,0.00038459524512290955,1.0,0.6552075597389038,0.5626183375716209,4,/volumes/Seagate/mtg-jamendo-dataset/02/1208602.mp3
193.85333333333332,129.19921875,0.20562362670898438,-15.064714431762695,7,1,0.5489587902189206,0.0,0.004191609565168619,1.0,0.6406037446774566,0.04302221816033125,4,/volumes/Seagate/mtg-jamendo-dataset/02/1294002.mp3
205.0786394557823,107.666015625,0.05496889725327492,-30.035734176635742,8,0,0.5735467867390294,0.0,0.0007509282440878451,1.0,0.43673471225889693,0.06734739989042282,4,/volumes/Seagate/mtg-jamendo-dataset/02/1209202.mp3
258.970589569161,135.99917763157896,0.20727112889289856,-17.06046485900879,10,0,0.5804584136423058,0.0,0.00032260166335618123,1.0,0.5300583896201208,0.5331262946128845,4,/volumes/Seagate/mtg-jamendo-dataset/02/837502.mp3
286.9634693877551,114.84375,0.10095150768756866,-20.63776969909668,2,1,0.5632258466892532,0.0,0.00044325896305963397,1.0,0.632695082977939,0.05414321552962065,4,/volumes/Seagate/mtg-jamendo-dataset/02/1074702.mp3
215.88979591836735,120.18531976744185,0.12386691570281982,-23.19330406188965,8,0,0.5711889850904892,0.0,0.00031471029797103256,1.0,0.5340258869847554,0.0010223996650893241,4,/volumes/Seagate/mtg-jamendo-dataset/02/1048302.mp3
270.55126984126986,132.51201923076923,0.27631261944770813,-6.149450302124023,5,0,0.5996036378345984,0.0,0.0029658658895641565,1.0,0.7429341894123089,0.8073768019676208,4,/volumes/Seagate/mtg-jamendo-dataset/02/842402.mp3
124.17392290249433,114.84375,0.22503294050693512,-15.12045955657959,7,0,0.5909246685734333,0.0,0.001151183678302914,1.0,0.47580733648840023,0.04596443846821785,4,/volumes/Seagate/mtg-jamendo-dataset/02/1189902.mp3
228.5191836734694,126.04801829268293,0.06396013498306274,-22.464262008666992,7,0,0.5327287225098587,0.0,0.0003985897928941995,1.0,0.5572261345425226,0.031117554754018784,4,/volumes/Seagate/mtg-jamendo-dataset/02/128302.mp3
282.0595238095238,126.04801829268293,0.2699783444404602,-10.49007797241211,7,0,0.5768316624405883,0.0,0.0034808363998308778,1.0,0.6075783048508099,1.0,4,/volumes/Seagate/mtg-jamendo-dataset/02/1210702.mp3
149.683537414966,105.46875,0.0610860176384449,-31.206804275512695,7,1,0.4736190073047295,0.0,0.00022985295800026506,1.0,0.5056045470412246,5.389712498526933e-07,4,/volumes/Seagate/mtg-jamendo-dataset/02/1157302.mp3
181.0053514739229,117.45383522727273,0.25221899151802063,-6.587344169616699,11,1,0.5833495213045039,0.0,0.0007687870238441974,1.0,0.7231832495555724,1.0,4,/volumes/Seagate/mtg-jamendo-dataset/02/810902.mp3
406.0210430839002,123.046875,0.24299436807632446,-13.339200973510742,9,1,0.5504837920276177,0.0,0.00035494666371960193,1.0,0.6843702786088105,0.46911507844924927,4,/volumes/Seagate/mtg-jamendo-dataset/02/860802.mp3
188.626875,102.27272727272727,0.16788265109062195,-14.846989631652832,4,1,0.559256208823755,0.0,0.0036551859229803085,1.0,0.6453191934650447,0.057847267016768456,4,/volumes/Seagate/mtg-jamendo-dataset/02/476802.mp3
227.19641723356008,90.66611842105263,0.10998142510652542,-13.821745872497559,2,1,0.5847580155886356,0.0,0.0026426572585478425,1.0,0.6483998306025333,0.3891383856534958,4,/volumes/Seagate/mtg-jamendo-dataset/02/1251302.mp3
121.41177083333334,170.45454545454547,0.1706971824169159,-24.596113204956055,9,1,0.6187675992515569,0.0,3.338862643431639e-05,1.0,0.6384997340855381,0.013794306432828307,4,/volumes/Seagate/mtg-jamendo-dataset/02/1012002.mp3
320.10448979591837,120.18531976744185,0.0352485217154026,-34.37379837036133,4,1,0.5546485160638257,0.0,2.8436335014703218e-05,1.0,0.5627125654121378,0.0012904182949569076,4,/volumes/Seagate/mtg-jamendo-dataset/02/1348602.mp3
226.18412698412698,129.19921875,0.2401530146598816,-14.812248229980469,9,1,0.5782698189045539,0.0,0.00032841241772985086,1.0,0.6528501891789368,0.20871218293905258,4,/volumes/Seagate/mtg-jamendo-dataset/02/347602.mp3
220.89142857142858,112.34714673913044,0.3487966060638428,-12.443743705749512,8,0,0.5753837199752918,0.0,0.0002695809307624586,1.0,0.46748681026786276,0.07793974597007036,4,/volumes/Seagate/mtg-jamendo-dataset/02/311402.mp3
275.46120181405894,135.99917763157896,0.10342958569526672,-22.019161224365234,2,1,0.5819397325600468,0.0,0.00028135778848081827,1.0,0.6442675493726371,0.058837272226810455,4,/volumes/Seagate/mtg-jamendo-dataset/02/26902.mp3
304.0,90.66611842105263,0.0993296355009079,-17.842777252197266,0,1,0.5611565815982298,0.0,0.001174152799649164,1.0,0.7935043781282091,0.6319570541381836,4,/volumes/Seagate/mtg-jamendo-dataset/02/442602.mp3
175.72571428571428,139.6748310810811,0.184784933924675,-16.46925926208496,7,1,0.5187891009421278,0.0,0.003849517903290689,1.0,0.6919439678309611,1.0,4,/volumes/Seagate/mtg-jamendo-dataset/02/1012602.mp3
164.0,120.18531976744185,0.2643032371997833,-10.781763076782227,7,0,0.5533291133608158,0.0,0.0011063394485972822,1.0,0.5595026614183711,1.0,4,/volumes/Seagate/mtg-jamendo-dataset/02/1420502.mp3
106.17553287981859,161.4990234375,0.22828888893127441,-16.689220428466797,7,0,0.5653489355002733,0.0,0.0001489064197812695,1.0,0.38262776003842963,0.15438317321240902,4,/volumes/Seagate/mtg-jamendo-dataset/02/1265902.mp3
537.8089795918368,132.51201923076923,0.1346338838338852,-13.708715438842773,0,1,0.5093018884973898,0.0,0.000708865758497268,1.0,0.7850240384615386,1.0,4,/volumes/Seagate/mtg-jamendo-dataset/02/1146202.mp3
114.0,120.18531976744185,0.13169486820697784,-22.89219856262207,9,1,0.5382429719073731,0.0,4.738245661428664e-05,1.0,0.47311688357827575,0.032774240244179964,4,/volumes/Seagate/mtg-jamendo-dataset/02/1394302.mp3
210.0195238095238,129.19921875,0.28426438570022583,-3.7581825256347656,8,0,0.5996130611324302,0.0,0.007635763613507152,1.0,0.6583984375,1.0,4,/volumes/Seagate/mtg-jamendo-dataset/02/1180402.mp3
603.4284807256236,139.6748310810811,0.08965406566858292,-22.01883316040039,7,1,0.5245271018180666,0.0,0.0005991742364130914,1.0,0.5052361857598855,0.16221260651946068,4,/volumes/Seagate/mtg-jamendo-dataset/02/243202.mp3
348.0816326530612,126.04801829268293,0.21031001210212708,-12.18568229675293,7,0,0.5772763505825281,0.0,0.0014411459269467741,1.0,0.6187143165633986,1.0,4,/volumes/Seagate/mtg-jamendo-dataset/02/1414202.mp3
153.9644217687075,129.19921875,0.2217201292514801,-5.396674156188965,9,1,0.5902241442071758,0.0,0.007237526122480631,1.0,0.7783984375,0.8723334223031998,4,/volumes/Seagate/mtg-jamendo-dataset/02/1166202.mp3
82.0,120.18531976744185,0.0694282278418541,-32.81401443481445,7,1,0.5363969519488787,0.0,3.775665732064226e-06,1.0,0.532642829884607,8.74606371326081e-06,4,/volumes/Seagate/mtg-jamendo-dataset/02/1400502.mp3
107.76784580498867,97.50884433962264,0.21287736296653748,-16.855846405029297,2,0,0.5597617607255643,0.0,0.00017023519831127487,1.0,0.4652994847123118,0.10292838327586651,4,/volumes/Seagate/mtg-jamendo-dataset/02/1294702.mp3
204.276462585034,129.19921875,0.2111978828907013,-10.358274459838867,5,1,0.5964604456532085,0.0,0.0003896194539265707,1.0,0.7733673326366585,1.0,4,/volumes/Seagate/mtg-jamendo-dataset/02/221402.mp3
105.06448979591836,123.046875,0.04810076579451561,-26.966262817382812,4,1,0.5542465044957794,0.0,0.007467485032975674,1.0,0.5706667665331114,0.01862229546532035,4,/volumes/Seagate/mtg-jamendo-dataset/02/1226202.mp3
189.68,120.18531976744185,0.17316967248916626,-18.393348693847656,4,1,0.5756097033229981,0.0,0.000292166143481154,1.0,0.6356524716427538,0.013853182317689061,4,/volumes/Seagate/mtg-jamendo-dataset/02/147202.mp3
233.6656875,125.0,0.0411042794585228,-27.96474838256836,1,0,0.5236191542598063,0.0,0.003531053429469466,1.0,0.47575664477893503,0.0015088931831996888,4,/volumes/Seagate/mtg-jamendo-dataset/02/729302.mp3
60.37408163265306,132.51201923076923,0.04946078360080719,-23.647029876708984,10,0,0.6181960908861792,0.0,0.0010518240742385387,1.0,0.5923024563263865,0.0011773763253586367,4,/volumes/Seagate/mtg-jamendo-dataset/02/1346602.mp3
46.279546485260774,112.34714673913044,0.046404752880334854,-23.513029098510742,9,1,0.6305864508386356,0.0,0.0023784292861819267,1.0,0.7076001717227929,0.0066355179296806455,4,/volumes/Seagate/mtg-jamendo-dataset/02/1330502.mp3
75.4938775510204,120.18531976744185,0.12833957374095917,-23.010345458984375,7,0,0.5166112833001583,0.0,0.0010845642245840281,1.0,0.4632965260745314,0.0034441432217136025,4,/volumes/Seagate/mtg-jamendo-dataset/02/1060002.mp3
230.24326530612245,139.6748310810811,0.5886520743370056,-3.9695661067962646,4,1,0.6059894635715057,0.0,0.0018460106221027672,1.0,0.7013849145089899,1.0,4,/volumes/Seagate/mtg-jamendo-dataset/02/1299902.mp3
164.21417233560092,161.4990234375,0.1442280411720276,-16.570083618164062,9,1,0.5813638712770335,0.0,0.00020150154159637168,1.0,0.5615445692831866,0.1504386030137539,4,/volumes/Seagate/mtg-jamendo-dataset/02/1158502.mp3
200.86160997732426,114.84375,0.0474809855222702,-36.60765838623047,7,1,0.5322762375026677,0.0,0.00021863801521249115,1.0,0.5204641521206479,2.4310787694048486e-06,4,/volumes/Seagate/mtg-jamendo-dataset/02/816202.mp3
220.5167120181406,90.66611842105263,0.08232362568378448,-26.13844871520996,9,1,0.5358123504662164,0.0,0.0001948368371813558,1.0,0.5064400203113981,0.004226070013828576,4,/volumes/Seagate/mtg-jamendo-dataset/02/399202.mp3
104.56922902494331,99.38401442307692,0.16469883918762207,-20.66084098815918,11,1,0.5932813766328898,0.0,5.404745570558589e-05,1.0,0.5117089883202517,0.0068169692531228065,4,/volumes/Seagate/mtg-jamendo-dataset/02/379702.mp3
262.0001814058957,161.4990234375,0.07335230708122253,-19.80860137939453,0,0,0.5612571417002695,0.0,0.0010158238001167774,1.0,0.6253692708161191,0.16428902745246887,4,/volumes/Seagate/mtg-jamendo-dataset/02/152802.mp3
84.70587301587301,112.34714673913044,0.1340881884098053,-29.163433074951172,2,1,0.5307090207468796,0.0,0.003395548788830638,1.0,0.6286819506375229,0.04386432934552431,4,/volumes/Seagate/mtg-jamendo-dataset/02/288302.mp3
204.70707482993197,143.5546875,0.17779380083084106,-17.88227653503418,2,0,0.515857440045993,0.0,0.000246162002440542,1.0,0.5331677235249299,0.32022785395383835,4,/volumes/Seagate/mtg-jamendo-dataset/02/535702.mp3
214.36081632653062,101.33272058823529,0.07980813086032867,-26.496950149536133,7,1,0.5912427854472894,0.0,0.00037375849206000566,1.0,0.5519335296846847,0.19987378269433975,4,/volumes/Seagate/mtg-jamendo-dataset/02/255702.mp3
160.44,139.6748310810811,0.23172137141227722,-12.019493103027344,6,1,0.6046486452570785,0.0,0.00725642591714859,1.0,0.5808412390829665,0.23493148386478424,4,/volumes/Seagate/mtg-jamendo-dataset/02/172102.mp3
91.92154195011338,93.96306818181819,0.21847747266292572,-16.06130599975586,8,0,0.5721348645189668,0.0,0.004701870493590832,1.0,0.5480914557672243,0.5185770243406296,4,/volumes/Seagate/mtg-jamendo-dataset/02/1070602.mp3
88.94195011337868,90.66611842105263,0.1939767599105835,-16.116601943969727,8,0,0.5297536650215919,0.0,0.0015789305325597525,1.0,0.48526799499541257,1.0,4,/volumes/Seagate/mtg-jamendo-dataset/02/1361402.mp3
141.0,132.51201923076923,0.10348018258810043,-24.693950653076172,5,1,0.5516997187377898,0.0,0.004098394070751965,1.0,0.615539276747763,0.123532610014081,4,/volumes/Seagate/mtg-jamendo-dataset/02/1166102.mp3
106.0,120.18531976744185,0.0961121916770935,-16.757726669311523,0,1,0.5508639880811783,0.0,0.002569173986557871,1.0,0.721243854596646,0.7637210935354233,4,/volumes/Seagate/mtg-jamendo-dataset/02/1405302.mp3
590.2652380952381,120.18531976744185,0.27078497409820557,-7.789602279663086,4,1,0.5585196314520966,0.0,0.002450121974106878,1.0,0.6928764749890525,1.0,4,/volumes/Seagate/mtg-jamendo-dataset/02/173802.mp3
645.9277097505669,120.18531976744185,0.04087067395448685,-27.934946060180664,3,0,0.5767966298875689,0.0,0.00020611008221749216,1.0,0.4914615026139584,0.0028141375514678657,4,/volumes/Seagate/mtg-jamendo-dataset/02/342302.mp3
136.58666666666667,107.666015625,0.06480361521244049,-31.971187591552734,1,1,0.5680528261070786,0.0,0.007440598681569099,1.0,0.6817202359750603,1.5694126886955928e-06,4,/volumes/Seagate/mtg-jamendo-dataset/02/326502.mp3
259.14666666666665,117.45383522727273,0.050435323268175125,-31.803382873535156,10,0,0.5429521254653328,0.0,0.00027215832233196124,1.0,0.573696727459746,2.7884823339263676e-05,4,/volumes/Seagate/mtg-jamendo-dataset/02/1263902.mp3
280.81333333333333,135.99917763157896,0.36422353982925415,-2.6728813648223877,1,0,0.5912490306379736,0.0,0.010236059082672,1.0,0.6588106007033783,1.0,4,/volumes/Seagate/mtg-jamendo-dataset/02/1102.mp3
259.0573922902494,129.19921875,0.10802976787090302,-28.481298446655273,4,1,0.57732433704692,0.0,0.0006765781436115503,1.0,0.4615117446672977,0.0010279098205501214,4,/volumes/Seagate/mtg-jamendo-dataset/02/933502.mp3
222.8,99.38401442307692,0.07296181470155716,-25.963438034057617,9,1,0.5458568667645556,0.0,0.0034570321440696716,1.0,0.5417745377319121,0.0029929407173767686,4,/volumes/Seagate/mtg-jamendo-dataset/02/353702.mp3
204.06145124716554,103.359375,0.25013405084609985,-12.442809104919434,1,0,0.554542101668114,0.0,0.0002010001553571783,1.0,0.5224627129168093,1.0,4,/volumes/Seagate/mtg-jamendo-dataset/02/362502.mp3
333.8187755102041,129.19921875,0.27202558517456055,-4.798541069030762,1,0,0.5774764031301318,0.0,0.005167126888409257,1.0,0.6583984375,1.0,4,/volumes/Seagate/mtg-jamendo-dataset/02/1196502.mp3
141.0,109.95678191489361,0.14099250733852386,-12.405766487121582,7,0,0.6118064153090892,0.0,0.03321259003132582,1.0,0.6136316790218342,0.3454800322651863,4,/volumes/Seagate/mtg-jamendo-dataset/02/565802.mp3
124.28448979591836,135.99917763157896,0.061493679881095886,-32.8928108215332,9,1,0.5179315286484535,0.0,0.0014048576995264739,1.0,0.61712215993227,6.248637419048464e-05,4,/volumes/Seagate/mtg-jamendo-dataset/02/1329202.mp3
231.03360544217688,139.6748310810811,0.09231981635093689,-23.897876739501953,7,1,0.5414784964096846,0.0,0.0010212502966169268,1.0,0.49477368068221206,0.05881644319742918,4,/volumes/Seagate/mtg-jamendo-dataset/02/1115302.mp3
271.85054421768706,120.18531976744185,0.2852361500263214,-10.421819686889648,9,1,0.5582224038817843,0.0,0.0004521480586845428,1.0,0.6556503343860253,0.42178526520729065,4,/volumes/Seagate/mtg-jamendo-dataset/02/1289102.mp3
282.04408163265305,107.666015625,0.1050368994474411,-23.28440284729004,7,1,0.5282078979957309,0.0,2.0589879113686038e-05,1.0,0.5077985514778228,0.02044672379270196,4,/volumes/Seagate/mtg-jamendo-dataset/02/349402.mp3
152.04,90.66611842105263,0.2002575397491455,-8.919106483459473,0,0,0.5685346573708787,0.0,0.0031044152565300465,1.0,0.566805923690062,0.6149777770042419,4,/volumes/Seagate/mtg-jamendo-dataset/02/953502.mp3
105.0,107.666015625,0.12378639727830887,-21.045488357543945,0,0,0.5617144195640142,0.0,0.0015071786474436522,1.0,0.5752074872558742,0.0023787247482687235,4,/volumes/Seagate/mtg-jamendo-dataset/02/1136902.mp3
217.96426303854875,139.6748310810811,0.16034162044525146,-20.43512535095215,9,1,0.530936029967082,0.0,0.0009022725862450898,1.0,0.6549120688086142,0.08988896384835243,4,/volumes/Seagate/mtg-jamendo-dataset/02/146602.mp3
565.6533333333333,139.6748310810811,0.18836882710456848,-20.166902542114258,4,1,0.580919936409269,0.0,0.002012724580708891,1.0,0.6408919920195421,0.74300117790699,4,/volumes/Seagate/mtg-jamendo-dataset/02/20802.mp3
346.64489795918365,129.19921875,0.19583649933338165,-12.92962646484375,0,1,0.5678139224091483,0.0,0.005083944532088935,1.0,0.7783984375,1.0,4,/volumes/Seagate/mtg-jamendo-dataset/02/23002.mp3
951.231201814059,120.18531976744185,0.07348699867725372,-26.153602600097656,9,1,0.5490647640837513,0.0,0.0001089157049136702,1.0,0.5826963022457377,0.001918857597047463,4,/volumes/Seagate/mtg-jamendo-dataset/02/25802.mp3
248.79,112.5,0.19506099820137024,-12.430273056030273,0,1,0.5408540640344577,0.0,0.0006061133608454838,1.0,0.7086828704484625,0.7572823017835617,4,/volumes/Seagate/mtg-jamendo-dataset/02/1056202.mp3
123.89419501133787,129.19921875,0.28608471155166626,-11.70534896850586,4,1,0.6011490190544768,0.0,0.00031273164495360106,1.0,0.6348062846245222,0.20573897287249565,4,/volumes/Seagate/mtg-jamendo-dataset/02/1317902.mp3
165.23557823129252,129.19921875,0.22161830961704254,-16.259662628173828,7,1,0.5977578831196919,0.0,0.0032964327838271856,1.0,0.6254486536957735,0.2663908340036869,4,/volumes/Seagate/mtg-jamendo-dataset/02/1165502.mp3
261.5379591836735,151.99908088235293,0.25549525022506714,-5.723442077636719,9,1,0.5790277015499328,0.0,0.005334449233487248,1.0,0.8027586701302266,1.0,4,/volumes/Seagate/mtg-jamendo-dataset/02/395902.mp3
272.1226303854875,123.046875,0.05951324477791786,-33.45625686645508,5,0,0.5733706562803031,0.0,0.0024967592325992882,1.0,0.43596535284041393,1.4466622815234587e-05,4,/volumes/Seagate/mtg-jamendo-dataset/02/25002.mp3
424.971179138322,129.19921875,0.16012981534004211,-12.777909278869629,0,1,0.5692050153488484,0.0,0.0035675346152856946,1.0,0.7537199383635116,1.0,4,/volumes/Seagate/mtg-jamendo-dataset/02/1209802.mp3
116.02666666666667,93.96306818181819,0.027245311066508293,-37.01651382446289,10,0,0.525656820630332,0.0,0.0005105109885334969,1.0,0.3663060483872409,2.578039470790827e-06,4,/volumes/Seagate/mtg-jamendo-dataset/02/259802.mp3
123.0831746031746,120.18531976744185,0.03615546599030495,-37.75164794921875,2,1,0.5196946568143304,0.0,0.002380009274929762,1.0,0.6429595671403479,1.3467537485212233e-06,4,/volumes/Seagate/mtg-jamendo-dataset/02/243802.mp3
148.37498866213153,123.046875,0.26235079765319824,-6.383924961090088,7,1,0.5642221106884012,0.0,0.003970117773860693,1.0,0.7442022426447907,1.0,4,/volumes/Seagate/mtg-jamendo-dataset/02/1179402.mp3
290.2465306122449,120.18531976744185,0.06846554577350616,-30.712411880493164,7,0,0.6350479063060279,0.0,0.0003048369617317803,1.0,0.4377498336427056,4.539809239645365e-07,4,/volumes/Seagate/mtg-jamendo-dataset/02/543402.mp3
267.7868934240363,123.046875,0.2922745943069458,-13.128908157348633,3,0,0.5326659426855436,0.0,0.0006699245714116842,1.0,0.5658409781338033,1.0,4,/volumes/Seagate/mtg-jamendo-dataset/02/1341602.mp3
645.0266666666666,101.33272058823529,0.1400326043367386,-25.004898071289062,0,1,0.5575681501488763,0.0,0.00228206132305786,1.0,0.509832404948428,0.0004754475594381802,4,/volumes/Seagate/mtg-jamendo-dataset/02/1095602.mp3
205.95746031746032,139.6748310810811,0.18900541961193085,-7.898219585418701,9,1,0.5910621143620356,0.0,0.007136693922802806,1.0,0.7079261363636364,1.0,4,/volumes/Seagate/mtg-jamendo-dataset/02/1153402.mp3
165.0416326530612,161.4990234375,0.166147381067276,-23.377851486206055,9,1,0.5834714717983097,0.0,1.8822505580828874e-06,1.0,0.6238647104515919,0.000589208648307249,4,/volumes/Seagate/mtg-jamendo-dataset/02/1381402.mp3
293.248231292517,109.95678191489361,0.18344824016094208,-7.194794654846191,7,0,0.574230104524915,0.0,0.007602031342685223,1.0,0.6199135638297872,1.0,4,/volumes/Seagate/mtg-jamendo-dataset/02/1121102.mp3
252.63020408163266,109.95678191489361,0.09197007119655609,-18.50066375732422,2,1,0.5320422012965809,0.0,5.558465636568144e-05,1.0,0.6351965448760587,0.15435487031936646,4,/volumes/Seagate/mtg-jamendo-dataset/02/296702.mp3
533.7947708333334,130.8139534883721,0.09448592364788055,-23.379926681518555,2,1,0.5684712957488828,0.0,0.0005132805526955053,1.0,0.5997658197210824,0.09433387778699398,4,/volumes/Seagate/mtg-jamendo-dataset/02/1137202.mp3
105.28034013605442,97.50884433962264,0.08740530908107758,-24.34218978881836,7,1,0.5336080452941132,0.0,0.0012486907071433961,1.0,0.5922817860979905,0.013727063778787851,4,/volumes/Seagate/mtg-jamendo-dataset/02/1397802.mp3
192.92,130.8139534883721,0.2863221764564514,-11.08185863494873,4,1,0.5857028317621724,0.0,0.00012507554492913187,1.0,0.6539289657713083,0.26017075404524803,4,/volumes/Seagate/mtg-jamendo-dataset/02/887202.mp3
407.7540136054422,107.666015625,0.19116458296775818,-11.696816444396973,9,1,0.6095188231061193,0.0,0.0017149403574876487,1.0,0.730353602863606,1.0,4,/volumes/Seagate/mtg-jamendo-dataset/02/1332602.mp3
339.87519274376416,103.359375,0.2347305864095688,-9.805346488952637,7,1,0.5761000927437282,0.0,0.001353850937448442,1.0,0.7460074669252391,0.4017810523509979,4,/volumes/Seagate/mtg-jamendo-dataset/02/1165402.mp3
284.89845804988664,103.359375,0.12037473917007446,-15.635117530822754,7,1,0.5843309705159268,0.0,0.0052252913592383265,1.0,0.6533261760363043,0.5708660557866096,4,/volumes/Seagate/mtg-jamendo-dataset/02/1274502.mp3
276.0,63.802083333333336,0.0777629092335701,-29.881731033325195,0,1,0.5436002574501952,0.0,0.0007038357434794307,1.0,0.42308259777668084,0.00021059364371467382,4,/volumes/Seagate/mtg-jamendo-dataset/02/1114502.mp3
147.00052154195012,120.18531976744185,0.04689910262823105,-31.502960205078125,2,0,0.4881877973986287,0.0,8.194612928491551e-05,1.0,0.6408172684746754,0.000774147265474312,4,/volumes/Seagate/mtg-jamendo-dataset/02/1231502.mp3
151.8120634920635,147.65625,0.19203710556030273,-23.57392692565918,11,1,0.478624388936264,0.0,1.3217299510870362e-05,1.0,0.47179007455196204,0.002232706465292722,4,/volumes/Seagate/mtg-jamendo-dataset/02/1375202.mp3
312.55510204081634,90.66611842105263,0.1635698527097702,-19.791370391845703,3,0,0.5162318044282473,0.0,0.00865730526857078,1.0,0.5813322368421052,1.0,4,/volumes/Seagate/mtg-jamendo-dataset/02/604202.mp3
254.49333333333334,120.18531976744185,0.16580352187156677,-20.40176773071289,5,0,0.5625491685484469,0.0,0.0022515220334753394,1.0,0.48283988982243475,0.1562897302210331,4,/volumes/Seagate/mtg-jamendo-dataset/02/1053502.mp3
192.86666666666667,109.95678191489361,0.21216420829296112,-10.20722484588623,2,1,0.5165722208850883,0.0,0.0024076770641840994,1.0,0.6746360439460201,0.676732137799263,4,/volumes/Seagate/mtg-jamendo-dataset/02/1306202.mp3
181.0,123.046875,0.2556658089160919,-7.3180365562438965,8,0,0.5702155630947479,0.0,0.00436044204980135,1.0,0.6152660974911988,1.0,4,/volumes/Seagate/mtg-jamendo-dataset/02/1420702.mp3
300.0,107.666015625,0.06551317870616913,-30.07400894165039,0,1,0.5138746356018749,0.0,0.00010254302469547838,1.0,0.4996133176748203,0.04408302251249552,4,/volumes/Seagate/mtg-jamendo-dataset/02/1081002.mp3
129.01333333333332,129.19921875,0.13780781626701355,-22.18140983581543,9,1,0.5086672220603881,0.0,0.00015282789536286145,1.0,0.6355738798347395,0.030151326209306717,4,/volumes/Seagate/mtg-jamendo-dataset/02/80502.mp3
202.95430839002267,132.51201923076923,0.09795214235782623,-19.016523361206055,10,0,0.6113769365854665,0.0,0.001753592281602323,1.0,0.5931148054441051,0.23353565484285355,4,/volumes/Seagate/mtg-jamendo-dataset/02/1132202.mp3
150.0995918367347,120.18531976744185,0.14682595431804657,-16.887184143066406,9,1,0.5968559635303035,0.0,0.007814050186425447,1.0,0.6384448470410093,0.1556585170328617,4,/volumes/Seagate/mtg-jamendo-dataset/02/179402.mp3
146.7941723356009,101.33272058823529,0.11030657589435577,-26.62839698791504,1,1,0.5670952650020537,0.0,0.012202538084238768,1.0,0.49787181062054514,0.002669651003088802,4,/volumes/Seagate/mtg-jamendo-dataset/02/203502.mp3
189.70702947845805,80.74951171875,0.09115543961524963,-23.224149703979492,2,1,0.5846367330280962,0.0,0.0005242338665993884,1.0,0.49047816997034527,0.04778509959578514,4,/volumes/Seagate/mtg-jamendo-dataset/02/891602.mp3
64.67843537414966,114.84375,0.09722249954938889,-27.664873123168945,11,1,0.5688641747809737,0.0,3.0415940273087472e-05,1.0,0.5461498359395566,0.007921542273834348,4,/volumes/Seagate/mtg-jamendo-dataset/02/1042002.mp3
254.4,139.6748310810811,0.2604430317878723,-4.702147006988525,0,0,0.5692254147020752,0.0,0.007386028999462724,1.0,0.6793496621621622,1.0,4,/volumes/Seagate/mtg-jamendo-dataset/02/365702.mp3
225.2950113378685,129.19921875,0.24382255971431732,-7.189434051513672,0,1,0.5667105283164015,0.0,0.001472252479288727,1.0,0.726467524796288,0.4196193441748619,4,/volumes/Seagate/mtg-jamendo-dataset/02/1236402.mp3
341.5368707482993,129.19921875,0.15564310550689697,-14.425614356994629,9,1,0.6034278874403627,0.0,0.025663046166300774,1.0,0.7783984375,1.0,4,/volumes/Seagate/mtg-jamendo-dataset/02/1295802.mp3
64.54839002267573,97.50884433962264,0.20945824682712555,-25.0859317779541,7,0,0.5255565515833602,0.0,3.667750570457429e-05,1.0,0.3529349194798716,0.00019743565644603223,4,/volumes/Seagate/mtg-jamendo-dataset/02/1366002.mp3
793.3920861678005,139.6748310810811,0.11892885714769363,-19.813751220703125,0,0,0.5720721138813238,0.0,0.00027092002710560337,1.0,0.5300272484204537,0.03311958396807313,4,/volumes/Seagate/mtg-jamendo-dataset/02/1089302.mp3
195.08244897959185,129.19921875,0.240523099899292,-9.216723442077637,7,1,0.5654757460973922,0.0,0.0043738443637266755,1.0,0.7570937278874665,1.0,4,/volumes/Seagate/mtg-jamendo-dataset/02/1110802.mp3
175.67603174603175,132.51201923076923,0.2531171441078186,-9.90637493133545,4,1,0.5740579841362108,0.0,0.00857344432733953,1.0,0.7021238665825407,0.18276620656251907,4,/volumes/Seagate/mtg-jamendo-dataset/02/1124802.mp3
334.64,84.72079918032787,0.11595380306243896,-26.484193801879883,4,1,0.5321924920649832,0.0,0.0006381325365509838,1.0,0.4772172512355204,0.0003739093153853901,4,/volumes/Seagate/mtg-jamendo-dataset/02/47002.mp3
134.4,147.65625,0.09391267597675323,-20.068857192993164,4,1,0.5706905041311077,0.0,0.0033655405277386308,1.0,0.576229498262424,1.0,4,/volumes/Seagate/mtg-jamendo-dataset/02/1075202.mp3
345.3619954648526,161.4990234375,0.11435200273990631,-22.187877655029297,0,1,0.58765285483829,0.0,0.00019850479293381795,1.0,0.6674545107175874,0.06820216774940491,4,/volumes/Seagate/mtg-jamendo-dataset/02/506002.mp3
128.36984126984126,97.50884433962264,0.09248337894678116,-30.171003341674805,7,0,0.522407548300948,0.0,4.263242499291664e-05,1.0,0.38086158104161977,0.0010115292388945818,4,/volumes/Seagate/mtg-jamendo-dataset/02/1151402.mp3
128.5973015873016,120.18531976744185,0.21597443521022797,-12.162353515625,2,1,0.566857655229606,0.0,0.005711116245947778,1.0,0.7008508475236572,0.18114008009433746,4,/volumes/Seagate/mtg-jamendo-dataset/02/1131102.mp3
357.9651020408163,120.18531976744185,0.08556676656007767,-25.867900848388672,9,1,0.5259868337816493,0.0,0.0007429976540151983,1.0,0.4603913180530843,0.004074625321663916,4,/volumes/Seagate/mtg-jamendo-dataset/02/1030102.mp3
288.2524716553288,120.18531976744185,0.20463970303535461,-12.153300285339355,9,1,0.5998596928896859,0.0,0.0031296088127419353,1.0,0.6736556697457294,1.0,4,/volumes/Seagate/mtg-jamendo-dataset/02/1257002.mp3
323.0753968253968,129.19921875,0.2365870326757431,-5.760955333709717,9,1,0.5756724776845663,0.0,0.00774851068854332,1.0,0.7783984375,1.0,4,/volumes/Seagate/mtg-jamendo-dataset/02/1278602.mp3
406.1740589569161,99.38401442307692,0.04783296212553978,-24.423728942871094,11,1,0.5204748005633184,0.0,0.0014513627684209496,1.0,0.6472806831101876,0.07638019043952227,4,/volumes/Seagate/mtg-jamendo-dataset/02/1258202.mp3
175.74113378684808,120.18531976744185,0.25972816348075867,-12.963394165039062,2,1,0.5582670446602844,0.0,0.0006927734211785719,1.0,0.6411558483061309,1.0,4,/volumes/Seagate/mtg-jamendo-dataset/02/1193202.mp3
34.290181405895694,139.6748310810811,0.21701215207576752,-10.674626350402832,9,1,0.565042425803352,0.0,0.008121270686388016,1.0,0.7993496621621623,1.0,4,/volumes/Seagate/mtg-jamendo-dataset/02/424402.mp3
225.1031292517007,143.5546875,0.2479667216539383,-6.995283126831055,10,0,0.6087910323440027,0.0,0.0048978711711242795,1.0,0.6337078964644073,1.0,4,/volumes/Seagate/mtg-jamendo-dataset/02/25402.mp3
141.87501133786847,129.19921875,0.12976107001304626,-32.42509460449219,11,1,0.5305624526630308,0.0,0.00010792545072035864,1.0,0.5388130980615519,1.8509955452827853e-05,4,/volumes/Seagate/mtg-jamendo-dataset/02/1396502.mp3
231.27274376417233,109.95678191489361,0.20090514421463013,-11.998632431030273,3,0,0.5947908994698806,0.0,0.0017022681422531605,1.0,0.5533763828021641,1.0,4,/volumes/Seagate/mtg-jamendo-dataset/02/260302.mp3
232.72727891156464,99.38401442307692,0.15119504928588867,-24.403640747070312,1,1,0.4708233193921292,0.0,4.157461489739944e-06,1.0,0.5032223486228987,0.00041711147787282243,4,/volumes/Seagate/mtg-jamendo-dataset/02/1415802.mp3
248.99,99.38401442307692,0.3031483292579651,-7.259121894836426,2,1,0.6047155639292825,0.0,0.0036135376431047916,1.0,0.6534337037940124,1.0,4,/volumes/Seagate/mtg-jamendo-dataset/02/1378102.mp3
1104.0,161.4990234375,0.10662402957677841,-19.558412551879883,0,1,0.6059491868610936,0.0,0.0006630975985899568,1.0,0.7251893048344922,0.20074184983968735,4,/volumes/Seagate/mtg-jamendo-dataset/02/202002.mp3
358.28,139.6748310810811,0.19916971027851105,-11.398626327514648,5,0,0.5759090908157283,0.0,0.0014070890319999307,1.0,0.6208375463656185,0.309373140335083,4,/volumes/Seagate/mtg-jamendo-dataset/02/1055002.mp3
397.23027210884356,123.046875,0.15690945088863373,-20.54326057434082,0,1,0.5482922743663106,0.0,0.0023096255608834326,1.0,0.6368217298448691,0.018803373677656054,4,/volumes/Seagate/mtg-jamendo-dataset/02/1240602.mp3
248.37224489795918,112.34714673913044,0.14683379232883453,-16.624725341796875,7,0,0.577338529811136,0.0,0.0008996060059871525,1.0,0.5724069683626692,0.022772860247641802,4,/volumes/Seagate/mtg-jamendo-dataset/02/373102.mp3
293.9418594104308,139.6748310810811,0.16241276264190674,-12.217144012451172,7,1,0.5519288364612607,0.0,0.0035487343557178974,1.0,0.7771530194492737,0.802895650267601,4,/volumes/Seagate/mtg-jamendo-dataset/02/767202.mp3
296.48979591836735,147.65625,0.10078523308038712,-21.679832458496094,4,1,0.5554930191222394,0.0,0.0023373813601210713,1.0,0.6686167813883014,0.11174163781106472,4,/volumes/Seagate/mtg-jamendo-dataset/02/986802.mp3
89.9969387755102,123.046875,0.1324760615825653,-25.334068298339844,0,0,0.573093030625496,0.0,0.0006837105320300907,1.0,0.4842903831984094,0.0003463766915956512,4,/volumes/Seagate/mtg-jamendo-dataset/02/1394402.mp3
221.57061224489797,129.19921875,0.226850688457489,-9.557554244995117,2,0,0.6150907718812713,0.0,0.001151011063484475,1.0,0.6171509753755484,1.0,4,/volumes/Seagate/mtg-jamendo-dataset/02/434102.mp3
249.12,99.38401442307692,0.19977420568466187,-8.262710571289062,3,0,0.5638441073474405,0.0,0.007981790229678154,1.0,0.5987680288461539,1.0,4,/volumes/Seagate/mtg-jamendo-dataset/02/1319502.mp3
190.62666666666667,112.34714673913044,0.12442073971033096,-24.74509048461914,9,1,0.49483564482540077,0.0,0.0002707664025365375,1.0,0.5486046198743988,0.04767984617501497,4,/volumes/Seagate/mtg-jamendo-dataset/02/1045702.mp3
368.64,114.84375,0.14134220778942108,-17.275239944458008,7,0,0.6038136763881022,0.0,0.0006418676348403096,1.0,0.4800437395915316,0.05591359455138445,4,/volumes/Seagate/mtg-jamendo-dataset/02/210602.mp3
175.89333333333335,112.34714673913044,0.29861921072006226,-3.670408010482788,4,1,0.5889112739808227,0.0,0.0031975636957213283,1.0,0.8182012691441352,1.0,4,/volumes/Seagate/mtg-jamendo-dataset/02/429402.mp3
237.0,139.6748310810811,0.27754905819892883,-10.419404029846191,2,1,0.5646398211545278,0.0,0.0022609198931604624,1.0,0.6868352485027214,0.16785601153969765,4,/volumes/Seagate/mtg-jamendo-dataset/02/1119002.mp3
165.92979591836735,117.45383522727273,0.23623625934123993,-12.799603462219238,11,1,0.5263095356218371,0.0,0.0005609291838482022,1.0,0.6493541915754446,0.10495920665562153,4,/volumes/Seagate/mtg-jamendo-dataset/02/1359902.mp3
298.9724943310658,107.666015625,0.18758979439735413,-12.028152465820312,6,1,0.5962170798110269,0.0,0.0015517237479798496,1.0,0.635175653019292,0.7102188467979431,4,/volumes/Seagate/mtg-jamendo-dataset/02/1169102.mp3
177.52249433106576,120.18531976744185,0.17296473681926727,-19.580883026123047,11,1,0.537344587091227,0.0,9.110859718930442e-05,1.0,0.5229087549547018,0.06924345623701811,4,/volumes/Seagate/mtg-jamendo-dataset/02/338002.mp3
233.32408163265305,123.046875,0.0927976742386818,-29.97071075439453,4,1,0.5899523745650532,0.0,1.4670026303065242e-05,1.0,0.46721042137307256,0.061298138462007046,4,/volumes/Seagate/mtg-jamendo-dataset/02/579302.mp3
225.35836734693876,129.19921875,0.3244349956512451,-13.80533504486084,10,0,0.543257476091699,0.0,0.00013544292232836597,1.0,0.5986313052103824,1.0,4,/volumes/Seagate/mtg-jamendo-dataset/02/1074802.mp3
146.89006802721087,120.18531976744185,0.19511990249156952,-18.581100463867188,2,1,0.5433189672219711,0.0,0.00017794334053178318,1.0,0.5935613304484725,0.005045890575274825,4,/volumes/Seagate/mtg-jamendo-dataset/02/992502.mp3
226.3669387755102,107.666015625,0.14612466096878052,-15.023435592651367,2,0,0.6032875073000479,0.0,0.010852602543309331,1.0,0.546755738031933,0.16886528581380844,4,/volumes/Seagate/mtg-jamendo-dataset/02/40302.mp3
305.08408163265307,139.6748310810811,0.6806191802024841,3.373278856277466,11,1,0.6251883347056142,0.0,0.004042755346745253,1.0,0.7500919555701295,1.0,4,/volumes/Seagate/mtg-jamendo-dataset/02/1345602.mp3
271.840566893424,105.46875,0.13977013528347015,-15.294578552246094,0,0,0.5493378527416538,0.0,0.012551613617688417,1.0,0.43711700139597975,0.24846728891134262,4,/volumes/Seagate/mtg-jamendo-dataset/02/876302.mp3
