duration,tempo,acousticness,dynamic_range,energy,brightness,fullness,density,instrumentalness,danceability,valence,tension,filename
260.568843537415,135.99917763157896,0.5753159193138941,0.4311416320800781,0.23126694560050964,0.503278129909289,0.8701435804245654,0.4229627343502093,0.0016816357790970405,0.3098915746882345,0.6236185889301076,0.658532382630162,/volumes/Seagate/mtg-jamendo-dataset/06/1165406.mp3
98.01142857142857,132.51201923076923,0.5441224589481515,1.0,0.16419477760791779,0.3537470362513103,0.7037953791659003,0.10582875697287115,0.005161736823223745,0.7468266218401014,0.46074433405682763,0.6669612531274849,/volumes/Seagate/mtg-jamendo-dataset/06/1400606.mp3
101.15625850340136,126.04801829268293,0.597205904441463,0.5963446044921873,0.18617457151412964,0.19060754608859312,0.3431763969835334,0.13857062477430698,0.00044694114053262104,0.2707148705268854,0.4238745432204727,0.6822479371009922,/volumes/Seagate/mtg-jamendo-dataset/06/1405006.mp3
181.09092970521542,109.95678191489361,0.5008803889117243,0.49077078247070316,0.15014566481113434,0.5882367763251395,0.997009898239656,0.2304888994524001,0.008431738855579955,0.5497599573973138,0.5951870672375883,0.6350150258844907,/volumes/Seagate/mtg-jamendo-dataset/06/1298306.mp3
178.01333333333332,105.46875,0.5335453389608181,0.4627109375000002,0.0421951524913311,0.18698728319265234,0.27737888672135064,0.13953039276039406,0.00018671748686823584,0.7393600302718167,0.3709572974355628,0.6409987954097667,/volumes/Seagate/mtg-jamendo-dataset/06/259806.mp3
128.8421088435374,126.04801829268293,0.5551058144743044,1.0,0.07419198751449585,0.46325624066543514,0.7539710829157948,0.10878822376257644,0.002106912523753971,0.5771244804510991,0.5043286624561308,0.6258433830139923,/volumes/Seagate/mtg-jamendo-dataset/06/1166806.mp3
311.25004535147394,129.19921875,0.5528606352698283,0.38539425659179677,0.12640829384326935,0.45107316231529687,0.7572019821303169,0.24620472375039687,0.0008461119688736572,0.29999999999999877,0.5186180416535565,0.6417833774528656,/volumes/Seagate/mtg-jamendo-dataset/06/1036106.mp3
135.84907029478458,105.46875,0.5930375387591524,0.5831625366210937,0.1899004876613617,0.28361839489433294,0.4925866313903807,0.19349246115944324,0.0003975464921071027,0.9004729638660876,0.4712383691260785,0.6741165017328745,/volumes/Seagate/mtg-jamendo-dataset/06/1295406.mp3
147.69231292517006,129.19921875,0.5912369134976645,0.6650859069824218,0.18468450009822845,0.8334048465556254,1.0,0.4358403533728782,0.007604576433157877,0.96706031978837,0.7856916414478855,0.6093480917457851,/volumes/Seagate/mtg-jamendo-dataset/06/1297206.mp3
136.0041723356009,151.99908088235293,0.5704962446901636,0.5511110534667969,0.07761948555707932,0.23274907629144856,0.5289940458080907,0.11091013189261215,0.002229536396906936,0.7279229231985471,0.450591387410338,0.6378247373184809,/volumes/Seagate/mtg-jamendo-dataset/06/1302906.mp3
239.61861678004536,112.34714673913044,0.5566658425805875,0.3779298553466798,0.17685632407665253,0.4061879908678677,0.629753626493507,0.32517772735866896,0.0005051170529985742,0.6079738577061491,0.47166105220237414,0.66933606622712,/volumes/Seagate/mtg-jamendo-dataset/06/710606.mp3
74.0,120.18531976744185,0.608430905484395,0.8268762588500974,0.03869323432445526,0.4493243182456118,0.9187779035379423,0.14061775352613898,0.002399744793555674,0.6258086333600019,0.551906318592286,0.6035483006383467,/volumes/Seagate/mtg-jamendo-dataset/06/1369706.mp3
356.0,120.18531976744185,0.5770673209374075,0.537458251953125,0.1797814965248108,0.29952952122645266,0.5660196028365031,0.24303354056238186,0.0005551414917490886,0.29999999999999405,0.5105846612817851,0.6626044064925748,/volumes/Seagate/mtg-jamendo-dataset/06/1196206.mp3
564.0470068027211,123.046875,0.5869064404976774,0.6850436706542969,0.08089294284582138,0.15062060211335837,0.2988417869934421,0.12853858847544283,0.00011908357897647067,0.7335101714945192,0.2699376329793213,0.6751339328286314,/volumes/Seagate/mtg-jamendo-dataset/06/147906.mp3
390.0,120.18531976744185,0.573480366883967,0.42709005737304695,0.28758418560028076,0.7517565945384151,1.0,0.5573809675939103,0.004663868599582871,0.29999998931965355,0.6357053711021798,0.6763892325956651,/volumes/Seagate/mtg-jamendo-dataset/06/1242906.mp3
251.6207709750567,99.38401442307692,0.5879788704605438,0.3981590118408203,0.09180197864770889,0.28837576247560337,0.4932312307454223,0.37099999662387617,0.00025718673015987783,0.6058297908878054,0.3812909252077991,0.6567905272716154,/volumes/Seagate/mtg-jamendo-dataset/06/1385306.mp3
318.85,139.6748310810811,0.566485964883465,0.8010334091186525,0.12633033096790314,0.3034123674122245,0.5191448860514456,0.1419372944093554,0.0006405644237518441,0.29999999999993837,0.5638845326049176,0.6327020126274616,/volumes/Seagate/mtg-jamendo-dataset/06/606406.mp3
249.14666666666668,123.046875,0.591810837550478,0.5496360244750976,0.11345718801021576,0.33752821587615,0.6984799282149802,0.16033732639283524,0.0019868023532624325,0.2969163112853815,0.5304203592462976,0.6347605158344182,/volumes/Seagate/mtg-jamendo-dataset/06/1606.mp3
215.0,151.99908088235293,0.525856038457464,0.4419155578613281,0.054752007126808167,0.46742094929401545,0.7701846677513596,0.28539943815119345,0.0010921252950447755,0.6137162099038296,0.6598527586986098,0.587740170825929,/volumes/Seagate/mtg-jamendo-dataset/06/345906.mp3
66.7256462585034,132.51201923076923,0.585560881951878,0.718242202758789,0.23253625631332397,0.4776960774775711,0.7023945752110504,0.7448274691515182,0.0006377084241439352,0.29999999966886315,0.5336969134111331,0.67697366959057,/volumes/Seagate/mtg-jamendo-dataset/06/1051706.mp3
187.2178231292517,99.38401442307692,0.5921239146963211,0.5078829956054688,0.361701637506485,0.2670545040915042,0.5287020394851215,0.23459070793113984,0.000607605644734936,0.9462995610173954,0.4493795291287657,0.7403366836765815,/volumes/Seagate/mtg-jamendo-dataset/06/144906.mp3
147.59333333333333,120.18531976744185,0.48101335193902073,0.49344335937500006,0.09646822512149811,0.22016321807338368,0.352133235126193,0.18241016973215435,0.000556002791161115,0.2838856060794967,0.4251143994433815,0.649705681155063,/volumes/Seagate/mtg-jamendo-dataset/06/1380606.mp3
214.89732426303854,126.04801829268293,0.6095888917247043,0.2675148315429689,0.2939381003379822,0.6017991034874908,0.8271718831930002,0.8996587210604683,0.0007581166371236023,0.5823238879620131,0.6227074659718187,0.6812762229273098,/volumes/Seagate/mtg-jamendo-dataset/06/429206.mp3
464.0,90.66611842105263,0.5852313651591947,0.9327250671386719,0.14111405611038208,0.3708813691561021,0.6414037141607942,0.13825715272615868,0.003308675902453036,0.3,0.3855310565400534,0.6736948488917268,/volumes/Seagate/mtg-jamendo-dataset/06/1310506.mp3
115.30437641723356,84.72079918032787,0.6399047298058094,1.0,0.08531688898801804,0.12534825856404203,0.37179314012261644,0.09637977269825054,0.0057305650139052155,0.2999999999999952,0.36160583464383295,0.6583929131069199,/volumes/Seagate/mtg-jamendo-dataset/06/159206.mp3
241.2418820861678,120.18531976744185,0.5640484194188868,0.7526743774414061,0.19623756408691406,0.46563538274384025,0.7109535714678951,0.3191385768229885,0.0012616104856779903,0.8711508088644866,0.584048426369359,0.6538358377974172,/volumes/Seagate/mtg-jamendo-dataset/06/1393706.mp3
959.9989791666667,140.625,0.5251181927039983,0.18710220336914063,0.20750382542610168,0.21711010050062104,0.47355486357309134,0.2221422222222222,0.0002707092118917025,0.29700891775670074,0.515019267746683,0.6716975236040601,/volumes/Seagate/mtg-jamendo-dataset/06/988506.mp3
224.83916099773242,129.19921875,0.5557375074699323,0.5269264221191406,0.1962602138519287,0.9103011700761512,1.0,0.7199934008944054,0.012966258240630298,0.3651351509258249,0.6930371754305003,0.6320462419005943,/volumes/Seagate/mtg-jamendo-dataset/06/6606.mp3
177.13739229024944,120.18531976744185,0.5684828281605313,0.6719389190673829,0.11681097745895386,0.6141366933849207,0.900702400887152,0.2622627394185857,0.0022148872333523054,0.79937996187107,0.748906809575995,0.5922705899700244,/volumes/Seagate/mtg-jamendo-dataset/06/1078606.mp3
38.44192743764172,132.51201923076923,0.5823004573197675,0.31294181823730466,0.22337926924228668,0.3450033219462431,0.5678491226413894,0.4669582891481089,0.00022324646069246288,0.6766186974240206,0.5719603969523264,0.6660244575367579,/volumes/Seagate/mtg-jamendo-dataset/06/1057806.mp3
261.8855328798186,120.18531976744185,0.5750672815863739,0.5428483581542969,0.23112450540065765,0.4870038394147664,0.8354920981681464,0.23560000302756054,0.0027054984847292417,0.29999999999950033,0.4853922304565365,0.6861263758529295,/volumes/Seagate/mtg-jamendo-dataset/06/1366606.mp3
170.21845804988664,120.18531976744185,0.5831330113911604,0.8422800445556641,0.15789027512073517,0.6817923830629822,0.9753950594976011,0.30785039142166076,0.004767389393334406,0.5531252827549331,0.697112220372584,0.6174180549689479,/volumes/Seagate/mtg-jamendo-dataset/06/718306.mp3
178.32,99.38401442307692,0.571283749334538,0.37371777343749996,0.2049977034330368,0.6121792050439624,0.9100396851520606,0.7021735264227642,0.0018183782310963919,0.9625949891542402,0.6140186279383618,0.6509954476482209,/volumes/Seagate/mtg-jamendo-dataset/06/415106.mp3
126.00002267573696,120.18531976744185,0.5819453652993742,0.7219939117431642,0.12450648844242096,0.3858638828943091,0.6407002642932117,0.15919662541322732,0.0012845858887037978,0.3,0.4593748773274742,0.6529473603737768,/volumes/Seagate/mtg-jamendo-dataset/06/1400506.mp3
140.47498866213152,114.84375,0.5172193956417994,0.47700997924804694,0.10388560593128204,0.5110816500805171,0.5394178761717255,0.35076355573473095,0.00023479176959955383,0.36501963718358776,0.6817685742848352,0.6010451032782945,/volumes/Seagate/mtg-jamendo-dataset/06/36706.mp3
246.26739229024943,129.19921875,0.5674833289736819,0.41487400817871106,0.14347834885120392,0.6513124181841283,0.9362451990406132,0.529963251357952,0.0016561202881412225,0.29999999997560023,0.6185259314688824,0.6279470192926568,/volumes/Seagate/mtg-jamendo-dataset/06/181606.mp3
243.08,120.18531976744185,0.5690867497306911,0.5643529510498045,0.24668137729167938,0.6108513910055597,0.9293322982427723,0.6398463291156935,0.0036783303989733414,0.6137796283062493,0.7206063437818782,0.6446840270686289,/volumes/Seagate/mtg-jamendo-dataset/06/117106.mp3
289.00385416666666,122.28260869565217,0.5599818307180144,0.6550442657470704,0.13469326496124268,0.2516513052623075,0.5094964300187705,0.19610098164092915,0.0003246381014645611,0.2994354474145231,0.3504719926388902,0.6783951768582693,/volumes/Seagate/mtg-jamendo-dataset/06/1148306.mp3
132.5472335600907,120.18531976744185,0.6005400997468926,0.49823550415039064,0.1651783138513565,0.4724135555520835,0.6239365173582364,0.4367564842329688,0.0002176916316531807,0.8427512708719502,0.46470545108549893,0.6665231027693885,/volumes/Seagate/mtg-jamendo-dataset/06/155506.mp3
127.55529166666666,104.16666666666667,0.5762258407895836,0.7969053955078127,0.37982532382011414,1.0,1.0,0.6930149555697414,0.006593321751552231,0.9264710333700035,0.740898327532263,0.6885574510687885,/volumes/Seagate/mtg-jamendo-dataset/06/1163606.mp3
127.46666666666667,112.34714673913044,0.5659591877867032,0.16335147094726565,0.3092336654663086,0.3893421857370199,0.6277227316231664,0.5124976675996268,0.00021944303578416685,0.8677725605784946,0.4644648602620149,0.7184311475154681,/volumes/Seagate/mtg-jamendo-dataset/06/9506.mp3
144.0,120.18531976744185,0.5504649886404216,0.8111645202636718,0.07536450773477554,0.42170758463100794,0.5832296875448969,0.5524846430341117,0.0001457404855782332,0.8342593234743707,0.5642262407492145,0.6142859746346763,/volumes/Seagate/mtg-jamendo-dataset/06/1332906.mp3
178.5963038548753,120.18531976744185,0.52671594727456,0.841469108581543,0.106869637966156,0.46292263970368974,0.6618484749606774,0.22776847659272223,0.0018020442899666996,0.7372060590757781,0.5451583021706021,0.6294414092336957,/volumes/Seagate/mtg-jamendo-dataset/06/1318106.mp3
130.14666666666668,129.19921875,0.6027251517423611,0.49609102630615226,0.08857656270265579,0.43357655869608663,0.7160066186081174,0.3764987706968952,0.0006542268331246159,0.29999999999943183,0.5854085589982856,0.614805850773299,/volumes/Seagate/mtg-jamendo-dataset/06/429906.mp3
118.0,156.60511363636363,0.5616787571746384,0.8455533142089844,0.13968849182128906,0.5465345918478649,0.8232899661316695,0.24512387095535657,0.0029635447657653416,0.2999999973474416,0.6029111884848902,0.6297056193586861,/volumes/Seagate/mtg-jamendo-dataset/06/1163206.mp3
184.0,120.18531976744185,0.550200967059945,0.5392357330322265,0.05837082862854004,0.2885326241456161,0.5083778823873972,0.1953235489197595,0.00028017620254618835,0.2994372618706442,0.4374096329861089,0.6335315717090526,/volumes/Seagate/mtg-jamendo-dataset/06/875306.mp3
118.65163265306123,178.20581896551724,0.5939973920600744,0.9349154205322268,0.13827469944953918,0.35484308203553294,0.7369527464636274,0.1672087251205193,0.002822784819096027,0.5758258163947796,0.4558744768887841,0.6586039964240773,/volumes/Seagate/mtg-jamendo-dataset/06/1320006.mp3
361.63337868480727,151.99908088235293,0.623150969362996,0.36278228759765624,0.2051854431629181,0.3836744980849308,0.7346613036069586,0.33865676304841635,0.0007351120136064945,0.29999999999751775,0.49956731930866805,0.673953295676917,/volumes/Seagate/mtg-jamendo-dataset/06/11006.mp3
135.0,99.38401442307692,0.5326937560158984,0.46744197082519534,0.13281849026679993,0.4958666180168152,0.7838257998980138,0.3658272294797251,0.0006024523679162978,0.7749428823448903,0.5907497822764411,0.6296647000407598,/volumes/Seagate/mtg-jamendo-dataset/06/1389206.mp3
271.4640589569161,156.60511363636363,0.6045264536295742,0.3846211700439454,0.2281566858291626,0.5887077393718443,0.871316162476704,0.5941334902186589,0.0013102079322057521,0.6889514685976252,0.7208703412839588,0.6379623386417068,/volumes/Seagate/mtg-jamendo-dataset/06/1317906.mp3
233.14285714285714,105.46875,0.590436088524718,0.8891069259643555,0.11215473711490631,0.6977007746753199,0.9889101827521422,0.293458527354918,0.00847717422586609,0.8287759975464335,0.552110298022231,0.62995364575692,/volumes/Seagate/mtg-jamendo-dataset/06/196306.mp3
186.74938775510205,120.18531976744185,0.533343439765288,0.48203842163085936,0.16543708741664886,0.46149639602587295,0.7314148355723908,0.17882812807986342,0.0022144631279227395,0.29999999999999977,0.4353702701314903,0.6724832974436956,/volumes/Seagate/mtg-jamendo-dataset/06/1396206.mp3
163.0,99.38401442307692,0.526098691727698,0.3052423706054687,0.13185417652130127,0.41719106776699755,0.6124731171721808,0.5604388159266208,0.00014960114453818062,0.29999995998445744,0.5436657835460941,0.6387343468384497,/volumes/Seagate/mtg-jamendo-dataset/06/1296706.mp3
30.281972789115645,161.4990234375,0.562432529870925,1.0,0.1556372493505478,0.6079513703148688,1.0,0.2272078826575924,0.006776110872555675,0.29999999999999993,0.6204483361526439,0.6319397425356684,/volumes/Seagate/mtg-jamendo-dataset/06/1056406.mp3
470.476462585034,103.359375,0.5550070241621479,0.7085697021484377,0.05899153649806976,0.13960949334194717,0.2277361124589128,0.2047134970905528,9.66719602149725e-05,0.29974697047300003,0.32668539696096893,0.6558998737471113,/volumes/Seagate/mtg-jamendo-dataset/06/1241406.mp3
255.6891875,117.1875,0.5582753862499892,0.3097123718261719,0.14002013206481934,0.27090825677489255,0.6192300939548574,0.2025278512348763,0.0006186496144093448,0.29999999999891863,0.40942279899427836,0.6685226877444792,/volumes/Seagate/mtg-jamendo-dataset/06/1137206.mp3
459.13839002267576,139.6748310810811,0.579348141059186,0.6153441162109377,0.24604208767414093,0.5184719022193011,0.896923092590779,0.23294727422202788,0.0018495044800080369,0.31186154214405204,0.5336209971690319,0.6818509521288844,/volumes/Seagate/mtg-jamendo-dataset/06/878306.mp3
87.22666666666667,126.04801829268293,0.575515437743036,1.0,0.03138480335474014,0.23178098084310456,0.3995346889297892,0.17955296454747885,9.08682683368319e-05,0.29300215945359503,0.5079885822519579,0.6097008127573149,/volumes/Seagate/mtg-jamendo-dataset/06/326506.mp3
205.53560090702948,109.95678191489361,0.5812396580864545,0.496613265991211,0.1808994859457016,0.5016538820779178,0.85838615891153,0.24721049673217022,0.0007728143942265146,0.29999999999999977,0.4883443918320389,0.6674549365740449,/volumes/Seagate/mtg-jamendo-dataset/06/1208606.mp3
287.45383219954647,129.19921875,0.5311070446230851,1.0,0.14092804491519928,0.38982995031558526,0.6054434118142675,0.13734150281728988,0.0012535673247769969,0.3,0.4901434269255173,0.6527054107843683,/volumes/Seagate/mtg-jamendo-dataset/06/1072906.mp3
125.06666666666666,92.28515625,0.578315252117181,0.45014251708984376,0.30234917998313904,0.34016749092990417,0.6356044489500162,0.4023600102333521,0.0006855338689060499,0.4625430455711984,0.4669732890916611,0.7154510469755979,/volumes/Seagate/mtg-jamendo-dataset/06/1294006.mp3
241.03179138321997,112.34714673913044,0.5380785123969076,0.2992875671386719,0.14797161519527435,0.6225359087630029,0.9246421617958407,0.25791558045631996,0.0023213519057000615,0.2999992984596239,0.7463498263286348,0.6039998162045719,/volumes/Seagate/mtg-jamendo-dataset/06/464806.mp3
330.6,114.84375,0.5619968529624475,0.4580116271972656,0.17011280357837677,0.5718358947711514,0.8761893860121458,0.538575402821032,0.002015321952644326,0.5705067673452799,0.6286108356774416,0.6355184421527273,/volumes/Seagate/mtg-jamendo-dataset/06/1400006.mp3
216.25333333333333,87.5926906779661,0.544686961988114,0.45010226440429707,0.10268362611532211,0.47770285831544523,0.8224410042265475,0.316056812363904,0.0011262730900320674,0.32085026633431885,0.4473147800190529,0.6475031493977055,/volumes/Seagate/mtg-jamendo-dataset/06/1269806.mp3
188.09333333333333,143.5546875,0.5890448767326778,0.2799924774169922,0.30449071526527405,0.6188747497014226,0.9173981852325219,0.68616491188983,0.0015037592492680907,0.8200687287739504,0.717646846371782,0.6660872882211423,/volumes/Seagate/mtg-jamendo-dataset/06/429406.mp3
243.93600907029477,120.18531976744185,0.569526250750003,0.9354933166503906,0.028627222403883934,0.208955152168219,0.4223440566007141,0.13053000112600718,0.0004375731515513327,0.2802846705489152,0.38588832284975527,0.6331281354954471,/volumes/Seagate/mtg-jamendo-dataset/06/1107106.mp3
213.34204081632652,107.666015625,0.5304032778069698,0.6028632354736329,0.208186537027359,0.628423099436087,0.7883080903673817,0.40538852373721823,0.0010321630473204908,0.9151293687504636,0.6584483548546682,0.6432574823589156,/volumes/Seagate/mtg-jamendo-dataset/06/1036706.mp3
281.2865306122449,114.84375,0.5384386603547286,0.4499759826660157,0.21494440734386444,0.2768672368715577,0.5898949654717682,0.12844394290655525,0.0011779760564762539,0.5877237420980489,0.4943903825313774,0.6785019101375157,/volumes/Seagate/mtg-jamendo-dataset/06/1225306.mp3
312.99918367346936,126.04801829268293,0.5797750827952746,0.4053754119873048,0.20780730247497559,0.5132791950561523,0.8027812640568542,0.3734531736266917,0.0012150324842330634,0.9140624603414995,0.5330873278382763,0.668193163323336,/volumes/Seagate/mtg-jamendo-dataset/06/279606.mp3
179.1998125,148.02631578947367,0.5592238648449502,1.0,0.129419207572937,0.3395762573552788,0.5828643586187291,0.0731774099883856,0.0023739729339037866,0.4949888958866567,0.46062741627334347,0.6544654314715886,/volumes/Seagate/mtg-jamendo-dataset/06/1110006.mp3
189.34666666666666,123.046875,0.5540225716307635,0.3353704071044922,0.07952859997749329,0.17009762056068942,0.21149064908421217,0.26085581954599363,1.7191031377139804e-05,0.24356277539839769,0.6421442972434589,0.6002014365432058,/volumes/Seagate/mtg-jamendo-dataset/06/1171006.mp3
227.0,120.18531976744185,0.5758464436769184,0.3455345458984375,0.23949579894542694,0.7008019461074673,0.8758535877506792,0.7841621209645329,0.0019436876520498882,0.7628843979217523,0.6412930920803922,0.6579598692042752,/volumes/Seagate/mtg-jamendo-dataset/06/347606.mp3
209.80244897959184,135.99917763157896,0.6014356487499649,0.547430419921875,0.2315526157617569,0.784032378544611,1.0,0.3536376163938719,0.010257937101076213,0.805177750895743,0.6659305128835119,0.65017283909753,/volumes/Seagate/mtg-jamendo-dataset/06/1289106.mp3
184.37498866213153,129.19921875,0.5960312598032227,1.0,0.34460553526878357,0.8152915909799623,1.0,0.5584918932118608,0.009778988495773874,0.29999999999077315,0.6494088110399219,0.6941762304887777,/volumes/Seagate/mtg-jamendo-dataset/06/1248106.mp3
369.2067800453515,151.99908088235293,0.5668552131415738,0.3693403625488281,0.12618832290172577,0.4402331251587404,0.7157275652137413,0.303740256672401,0.0005811511236736499,0.6029986753155157,0.5496868575853806,0.6354904247275451,/volumes/Seagate/mtg-jamendo-dataset/06/1374606.mp3
177.55557823129251,135.99917763157896,0.6015816284587006,0.3824303741455079,0.15381550788879395,0.29264058012477995,0.6254989724074872,0.3121935271922354,0.0002699059531795481,0.29999969468089277,0.5311085839929296,0.64915186604138,/volumes/Seagate/mtg-jamendo-dataset/06/1234306.mp3
219.2880498866213,161.4990234375,0.539526311718873,0.4274092712402343,0.14966048300266266,0.41423436327630525,0.7012055989656347,0.29310983357609943,0.0007096712163449901,0.5776495997624989,0.4930315618993613,0.6552714615010864,/volumes/Seagate/mtg-jamendo-dataset/06/1031306.mp3
71.97866666666667,92.21311475409836,0.6325571044591018,0.5000299377441406,0.13185176253318787,0.1578003435237757,0.2633582727371347,0.13958562966871335,0.0011067023464941632,0.6473666645299676,0.29448700771392944,0.6885692329691617,/volumes/Seagate/mtg-jamendo-dataset/06/46506.mp3
108.03027210884353,120.18531976744185,0.5427037355629727,0.6236541137695312,0.19123297929763794,0.26419201167423195,0.503777805812134,0.19599533426822716,0.0007000218869775928,0.2999999998422965,0.496195203274237,0.6696048318923022,/volumes/Seagate/mtg-jamendo-dataset/06/1202106.mp3
520.6279591836735,114.84375,0.5345883132922579,0.8934014282226563,0.010370681062340736,0.15741063224959873,0.3341942518447695,0.10489947808228416,0.00075544511195413,0.4907912079475149,0.4673912854687255,0.6102551880886976,/volumes/Seagate/mtg-jamendo-dataset/06/605306.mp3
211.62666666666667,101.33272058823529,0.5444484458323761,0.2586243896484375,0.09400726854801178,0.44736321461587186,0.8881606705754328,0.2362748180666293,0.0018338253003374106,0.5741069364759616,0.427403534177084,0.6483619098418675,/volumes/Seagate/mtg-jamendo-dataset/06/1057706.mp3
420.0133333333333,107.666015625,0.566642071024741,0.5502426147460937,0.16898110508918762,0.391657521522475,0.7372762038087672,0.12281418526930937,0.004110163583404128,0.7946229336453643,0.6209285729161904,0.6366474832488694,/volumes/Seagate/mtg-jamendo-dataset/06/373006.mp3
417.9618820861678,120.18531976744185,0.5765927472137776,1.0,0.09249664843082428,0.5800694216851353,0.8140614920261692,0.0429465035185337,0.013607626618172757,0.3,0.5409762349095716,0.6251035464531824,/volumes/Seagate/mtg-jamendo-dataset/06/665106.mp3
310.0,120.18531976744185,0.6280986507210999,0.6636028594970703,0.16975896060466766,0.8134798819574366,1.0,0.9145121129138039,0.002754326400651564,0.5822902915123598,0.6721839239447593,0.6266764410287284,/volumes/Seagate/mtg-jamendo-dataset/06/295706.mp3
146.32,107.666015625,0.5549002776959074,0.3306321105957032,0.10492520034313202,0.5584790060323317,0.7832664791137127,0.46730608082086533,0.0006721185386600649,0.2999999999999946,0.6494348012792188,0.6078861118676838,/volumes/Seagate/mtg-jamendo-dataset/06/420706.mp3
161.78213151927437,135.99917763157896,0.5866693680320128,0.7186411743164064,0.06648411601781845,0.21321885672299637,0.4245004640590041,0.08485284465331198,0.0016250795893665087,0.2997953383396752,0.501213041347057,0.6236916734970033,/volumes/Seagate/mtg-jamendo-dataset/06/1232306.mp3
171.36,126.04801829268293,0.571766546046701,0.6491715927124025,0.15392470359802246,0.469989059380258,0.6207838392631883,0.3420863903760989,0.0005183899939825145,0.7663753553555754,0.6370070516421512,0.6280114829668578,/volumes/Seagate/mtg-jamendo-dataset/06/785306.mp3
145.18666666666667,86.1328125,0.5258016032365553,0.8331993865966797,0.203911691904068,0.17453110271437594,0.38555756671000935,0.14326352619035546,0.0008045328832178266,0.3486989770129994,0.3010400483127296,0.7132001994229185,/volumes/Seagate/mtg-jamendo-dataset/06/37706.mp3
200.0,92.28515625,0.5694598692835292,0.5618126831054687,0.18886391818523407,0.3868616332700768,0.6475970145372892,0.23865826050145333,0.0009357335038945981,0.6864280784646994,0.49839447678562165,0.6683121151895599,/volumes/Seagate/mtg-jamendo-dataset/06/1294606.mp3
166.7749886621315,105.46875,0.5642214239349923,0.5986055908203126,0.15460677444934845,0.8868565560471343,1.0,0.4914237688147852,0.006800029535427701,0.9586983779718656,0.6394592433867038,0.6277665901244247,/volumes/Seagate/mtg-jamendo-dataset/06/1420606.mp3
198.86766439909297,114.84375,0.5713836845766438,0.2850577239990234,0.2855692505836487,0.38987910798289044,0.7454788618114676,0.3079737445360443,0.0010506617097687965,0.46130547049001086,0.3797693108909357,0.7268510680319263,/volumes/Seagate/mtg-jamendo-dataset/06/653706.mp3
383.2685714285714,120.18531976744185,0.5451952925329382,0.5196616210937499,0.07437532395124435,0.28288194673681566,0.4532319330304941,0.281265547275168,0.00022662544754555616,0.29903469300203583,0.5310268771448593,0.6205697411934761,/volumes/Seagate/mtg-jamendo-dataset/06/477306.mp3
264.87002267573695,123.046875,0.5860926862531564,0.4792998657226563,0.1929503232240677,0.6714453851208064,1.0,0.25741579940454234,0.006808080902930711,0.3,0.5547054250112996,0.6585210313584045,/volumes/Seagate/mtg-jamendo-dataset/06/1377706.mp3
67.92997732426304,90.66611842105263,0.5743219247216695,0.5296859588623046,0.15259990096092224,0.4430265673485221,0.7761085922874624,0.2719437173865929,0.002540719815756942,0.541205861234055,0.4127251194943417,0.6723909404470636,/volumes/Seagate/mtg-jamendo-dataset/06/1002006.mp3
274.4266666666667,103.359375,0.5693741229754827,0.6857799987792967,0.2826569974422455,0.5466690582918529,0.8951795888501638,0.3043916471823996,0.003682649088377851,0.29999990990916925,0.569169870612497,0.687922544956709,/volumes/Seagate/mtg-jamendo-dataset/06/1236306.mp3
176.0,120.18531976744185,0.5219513194385401,0.424238639831543,0.07563802599906921,0.35712913526074197,0.6775942536714251,0.31118604800823735,0.000993780104728004,0.91121217857813,0.4482704818922856,0.6375755929812079,/volumes/Seagate/mtg-jamendo-dataset/06/408506.mp3
124.99301587301588,126.04801829268293,0.5486750151699555,0.4033524780273437,0.20803681015968323,0.4708799839128181,0.7740788689568628,0.4907565347595521,0.0008418030764532207,0.6896283773582259,0.6191991787484374,0.6510534159077985,/volumes/Seagate/mtg-jamendo-dataset/06/365606.mp3
240.79673469387754,123.046875,0.5705565962282384,0.665533447265625,0.19067098200321198,0.8253366722380684,0.955786894743073,0.6918901057290792,0.0023013276027102785,0.750187970844324,0.6345703125,0.6417274910211563,/volumes/Seagate/mtg-jamendo-dataset/06/1393206.mp3
124.28166666666667,122.28260869565217,0.5724989677191425,0.5375267562866209,0.12577731907367706,0.17509601891021215,0.2719794205640231,0.28569616437667983,1.8780834586055687e-05,0.29981672275976845,0.5194747964371307,0.6413848755790976,/volumes/Seagate/mtg-jamendo-dataset/06/1110706.mp3
390.002358276644,129.19921875,0.5108659804097742,1.0,0.10824786126613617,0.5478831620750704,0.8209720514383338,0.11220383456774168,0.0053730869121214634,0.42085914610014086,0.5383178147779137,0.6313056671002263,/volumes/Seagate/mtg-jamendo-dataset/06/1112106.mp3
221.23102040816326,109.95678191489361,0.6007494936867754,0.5492205810546875,0.23681502044200897,0.4142917422980991,0.7591712773030859,0.2410400155638836,0.0016991292091979204,0.29999999999999977,0.4270673208155473,0.6998399431960138,/volumes/Seagate/mtg-jamendo-dataset/06/25706.mp3
414.55487528344673,103.359375,0.5700685401339511,0.5205976562500001,0.19758087396621704,0.2821795447200279,0.6474719772158489,0.13349899964958706,0.0018974132003719126,0.677372597055331,0.36286950915309346,0.6985552127972194,/volumes/Seagate/mtg-jamendo-dataset/06/1326806.mp3
302.400022675737,99.38401442307692,0.5471443775675287,0.3922815856933594,0.11435127258300781,0.38121078989473667,0.6682525959667429,0.24410882017216531,0.0012294627685894852,0.6889309952473719,0.4096152902931363,0.6592434000712556,/volumes/Seagate/mtg-jamendo-dataset/06/676206.mp3
350.88,120.18531976744185,0.5417738202466915,0.34019338989257814,0.17895865440368652,0.33936173920818347,0.6500396538845724,0.2201652270964691,0.0006968789931905094,0.8007783088683114,0.4348513097846846,0.6774548536283902,/volumes/Seagate/mtg-jamendo-dataset/06/114906.mp3
201.37795918367348,139.6748310810811,0.569510389297006,0.45491317749023436,0.2878152132034302,0.5224688225861308,0.7764406922379308,0.4446035214416482,0.0010674042822964485,0.9686210940469322,0.547327775492743,0.6941479216546862,/volumes/Seagate/mtg-jamendo-dataset/06/338506.mp3
297.46666666666664,89.10290948275862,0.5933072537213062,0.4190957794189453,0.26322436332702637,0.44562603210390933,0.6843669820446271,0.5782854292519195,0.0006801408820234012,0.7580026803650576,0.7012062133405104,0.6545195281296274,/volumes/Seagate/mtg-jamendo-dataset/06/1352706.mp3
179.21736961451248,114.84375,0.5694073556082971,0.3320778198242187,0.2174636572599411,0.6050643956067167,1.0,0.3297791021571549,0.005584773880395842,0.46086372761874683,0.6094991034119467,0.6563870959311895,/volumes/Seagate/mtg-jamendo-dataset/06/1267706.mp3
370.39020408163265,139.6748310810811,0.5745000419218805,0.32802575683593743,0.1877778172492981,0.34826001057590944,0.6326798762396353,0.2939968180987643,0.0004707041359664706,0.6911373398507844,0.5582142910658173,0.6559571559965838,/volumes/Seagate/mtg-jamendo-dataset/06/1146206.mp3
117.5,151.99908088235293,0.5492036145778861,0.437247314453125,0.15462245047092438,0.8118036207274454,1.0,0.6659859601263733,0.005455205034635269,0.808952690752397,0.6702334144262512,0.6216173992842825,/volumes/Seagate/mtg-jamendo-dataset/06/1405306.mp3
290.78337868480725,109.95678191489361,0.5501464906836308,0.743465805053711,0.08750958740711212,0.24348431778891633,0.4511448801919541,0.20954828481447793,0.0005654548556595292,0.2748670553236456,0.3864894884496646,0.6542055537766275,/volumes/Seagate/mtg-jamendo-dataset/06/966306.mp3
269.9504761904762,135.99917763157896,0.5574614900924078,0.2601957397460938,0.09859001636505127,0.572716190005406,0.8049239184888153,0.5899984475502763,0.0011551831236908745,0.8877444091279578,0.6022666686072325,0.6150390721699719,/volumes/Seagate/mtg-jamendo-dataset/06/1393406.mp3
257.28,126.04801829268293,0.6047462674846382,0.6867243957519531,0.24841992557048798,0.5697802466237962,0.791412346240846,0.37056749882511686,0.0018416222107949332,0.5326249226103811,0.5712158097277099,0.6751880112598336,/volumes/Seagate/mtg-jamendo-dataset/06/1349706.mp3
305.4769841269841,84.72079918032787,0.5163024426731095,0.40854644775390625,0.20227162539958954,0.5266868562421378,0.8358393116814217,0.34378508554012266,0.002260893388288401,0.2999999998760013,0.5283216946469806,0.6671534462144562,/volumes/Seagate/mtg-jamendo-dataset/06/1347106.mp3
250.33142857142857,139.6748310810811,0.562890977079219,0.5812897186279298,0.24868901073932648,0.91411327889781,1.0,0.3808271552709034,0.005887196132124267,0.7479608225685181,0.7992107169112578,0.6296859004839059,/volumes/Seagate/mtg-jamendo-dataset/06/1291606.mp3
378.0,107.666015625,0.5728913216705012,0.7589194030761719,0.052093442529439926,0.7871906079143322,1.0,0.2119103855739562,0.0035345332451826843,0.2999999993701165,0.639701192834222,0.590813400743754,/volumes/Seagate/mtg-jamendo-dataset/06/972906.mp3
301.6842176870748,139.6748310810811,0.5538967989137821,0.5883547363281251,0.06373052299022675,0.3455252808832474,0.756678181682819,0.09445036301430938,0.0035955886437450853,0.6236675168717578,0.549560317516224,0.6130309247732368,/volumes/Seagate/mtg-jamendo-dataset/06/25806.mp3
94.91529166666666,152.02702702702703,0.5857389012484028,0.5041500854492187,0.24496909976005554,0.642303468204798,0.9862765974868489,0.6374232237658932,0.0015119316337549751,0.9082789286050315,0.7087230995873864,0.6464442559961427,/volumes/Seagate/mtg-jamendo-dataset/06/31506.mp3
128.21428571428572,123.046875,0.5436432321427258,0.3571758728027345,0.18459835648536682,0.36387298911918786,0.6433248721113463,0.17633457301613945,0.0005467575295944698,0.2999999997341686,0.5637758662357911,0.6537002350875738,/volumes/Seagate/mtg-jamendo-dataset/06/1268906.mp3
428.64326530612243,139.6748310810811,0.6215999819136793,1.0,0.11140821874141693,0.14504696665251157,0.2784064451094036,0.15076977145005058,0.0007749665158777921,0.29999999997469695,0.40118157074418453,0.6598706445980731,/volumes/Seagate/mtg-jamendo-dataset/06/1104906.mp3
330.0441950113379,120.18531976744185,0.5400893716279199,0.7803352584838867,0.10732720792293549,0.3658633734650608,0.5960939142368643,0.25768857224241304,0.0004049512262987088,0.3,0.4749278494125989,0.6436522249697371,/volumes/Seagate/mtg-jamendo-dataset/06/747506.mp3
313.390589569161,114.84375,0.5534078454081313,0.4256620483398439,0.1509421318769455,0.44873991375367006,0.800646323811882,0.3200756446328633,0.0014838379748980592,0.6699028625065251,0.5582392390495718,0.642691319665786,/volumes/Seagate/mtg-jamendo-dataset/06/588706.mp3
223.50666666666666,147.65625,0.585199611871644,0.2167857208251953,0.19566120207309723,0.6721446419869983,0.9295861273809285,1.0,0.0006563360784821454,0.6116239013440163,0.6733960033864493,0.6357588320690252,/volumes/Seagate/mtg-jamendo-dataset/06/207506.mp3
485.4183446712018,123.046875,0.5814865728248881,0.669901123046875,0.3027496039867401,0.7514889918092965,1.0,0.3155340728983095,0.005626360401446897,0.3,0.6927874551122223,0.6704323664127819,/volumes/Seagate/mtg-jamendo-dataset/06/1336506.mp3
235.95,101.33272058823529,0.6009853412559188,0.29364149475097656,0.17306958138942719,0.6230674604293825,0.9613309391640521,0.5199314999447967,0.004615288191938239,0.6779392137571556,0.513176034065626,0.6596698424870686,/volumes/Seagate/mtg-jamendo-dataset/06/369906.mp3
440.3669841269841,109.95678191489361,0.5380604351407128,0.7924343109130859,0.08047235757112503,0.4325944444438992,0.6365624204006864,0.26132791828036916,0.0004205381437024918,0.2999999929549564,0.5683342627712263,0.6153031961713598,/volumes/Seagate/mtg-jamendo-dataset/06/919606.mp3
276.3,139.6748310810811,0.5888535321573662,0.4761853637695313,0.17104123532772064,0.69983724518229,0.9749668622052376,0.25202124704973256,0.003963300358805384,0.3,0.7354308923146194,0.6144886662550556,/volumes/Seagate/mtg-jamendo-dataset/06/259406.mp3
147.66666666666666,123.046875,0.6023486917636635,0.2694964294433595,0.12676692008972168,0.10968978979970871,0.26852555997337013,0.15617503293517093,0.00024215339270223802,0.2579832929878889,0.44466301765984934,0.6567034877003299,/volumes/Seagate/mtg-jamendo-dataset/06/941706.mp3
315.42963718820863,93.96306818181819,0.6021077844405935,1.0,0.12073136866092682,0.7259458860341786,1.0,0.182037634355511,0.0122090586874986,0.3106974357583863,0.556987723640612,0.6320657479898113,/volumes/Seagate/mtg-jamendo-dataset/06/769506.mp3
370.77430839002267,103.359375,0.5542722565642628,0.5641782760620118,0.08279525488615036,0.6614228932837452,1.0,0.2797019343565179,0.0036047420438192375,0.6582770031074673,0.6391192427915181,0.6019824432007106,/volumes/Seagate/mtg-jamendo-dataset/06/152806.mp3
269.5203174603175,120.18531976744185,0.5620936262379523,0.918634948730469,0.11867494136095047,0.16382110395411312,0.2907530823475736,0.15396521382831746,0.00023118622871890225,0.2989584238130058,0.47920908642584575,0.6468811616047729,/volumes/Seagate/mtg-jamendo-dataset/06/1049706.mp3
175.44403628117914,109.95678191489361,0.6146455377077886,0.23256341552734372,0.20072992146015167,0.3324414308967787,0.5747960058773771,0.5727640124469006,0.00011016002158866493,0.7122377304949061,0.44008677753957315,0.6842454162177399,/volumes/Seagate/mtg-jamendo-dataset/06/818606.mp3
145.54854875283448,120.18531976744185,0.5275263704806223,0.4883922729492187,0.11863613873720169,0.43622787705657656,0.8187600520454286,0.24184725407914526,0.0017633868872217822,0.7133260071151032,0.47337544196286296,0.64803392155282,/volumes/Seagate/mtg-jamendo-dataset/06/1406706.mp3
293.1066666666667,161.4990234375,0.540966420947003,0.2728777160644532,0.26993516087532043,0.7456461855160084,1.0,0.22074914479092905,0.014185670853168708,0.8466890728699497,0.7283194946779337,0.6515127589795285,/volumes/Seagate/mtg-jamendo-dataset/06/492106.mp3
105.81235416666667,160.71428571428572,0.5345694064179117,0.41613461303710936,0.14181609451770782,0.17189367498300567,0.2344982616587974,0.16742820613690007,0.00010809322816080764,0.2996861594827802,0.4728615910084191,0.656481475824691,/volumes/Seagate/mtg-jamendo-dataset/06/1115606.mp3
219.8204081632653,87.5926906779661,0.5458328848767865,0.6237624359130859,0.1868838667869568,0.5268825010287116,0.7822407894960366,0.3180864466297562,0.001237392807167208,0.8641179192543265,0.5523095630459822,0.656816279434108,/volumes/Seagate/mtg-jamendo-dataset/06/1074806.mp3
137.94666666666666,117.45383522727273,0.5562394919168934,0.7136598358154296,0.05893178656697273,0.14508850699426634,0.21043316213024665,0.1485345737146986,0.00017030562266751324,0.29999984528220597,0.3687621927120752,0.6474630046216951,/volumes/Seagate/mtg-jamendo-dataset/06/1028906.mp3
81.84616780045351,120.18531976744185,0.5203050117641463,1.0,0.10352999716997147,0.2827208337635938,0.4294824633515862,0.13971354436948624,0.0002461984324575375,0.2999996346431483,0.5403297154403212,0.6292048558931255,/volumes/Seagate/mtg-jamendo-dataset/06/1170406.mp3
257.9281179138322,120.18531976744185,0.5573462206298458,0.7637117614746096,0.086795374751091,0.30850654054866306,0.593753193135282,0.21987996447457833,0.0007619332215753852,0.2999999103417947,0.6133534630413326,0.6085756423021262,/volumes/Seagate/mtg-jamendo-dataset/06/1150106.mp3
258.0,120.18531976744185,0.52449258250726,0.5315765838623047,0.08445870131254196,0.507182473060571,0.8072177451349081,0.22127723090667437,0.0017936203953655685,0.29999999999999993,0.5252480364612109,0.6253555251802729,/volumes/Seagate/mtg-jamendo-dataset/06/272406.mp3
302.56480725623584,120.18531976744185,0.545912036801163,0.4339129638671875,0.19380035996437073,0.351265095010863,0.6814473424792865,0.18368892495187183,0.0007094936475000376,0.5054124881552916,0.5348080662436449,0.6628065163384446,/volumes/Seagate/mtg-jamendo-dataset/06/1226206.mp3
393.5761224489796,109.95678191489361,0.5216622449912744,0.4497053604125976,0.09182186424732208,0.2707359614868316,0.5003170602144076,0.24328253831210878,0.0002062908271965928,0.7327086028219714,0.4987805487627046,0.633299761376495,/volumes/Seagate/mtg-jamendo-dataset/06/633206.mp3
360.0,92.28515625,0.5690648842513764,0.413787109375,0.17409493029117584,0.4561911575628906,0.82080832352988,0.17950930051096176,0.003137310359445362,0.3,0.497727816268867,0.66312861165105,/volumes/Seagate/mtg-jamendo-dataset/06/907106.mp3
166.14666666666668,105.46875,0.5987087356865415,0.24976486206054688,0.21759536862373352,0.5123347624311169,0.7185939506945063,1.0,0.00022407235050344272,0.29999996823574204,0.46954555506082235,0.6844252216923796,/volumes/Seagate/mtg-jamendo-dataset/06/949606.mp3
483.48,123.046875,0.5675847445767632,0.4979134826660156,0.1972280740737915,0.769376940930796,1.0,0.37272666574518976,0.0035889438629773045,0.6299023870689795,0.7282927718616252,0.6253435522942399,/volumes/Seagate/mtg-jamendo-dataset/06/23006.mp3
212.712,127.8409090909091,0.579963677261375,0.6988204193115234,0.1044294536113739,0.3114123566901593,0.44461107530310584,0.1870389984613917,0.00043641225700373596,0.4246126093195488,0.46166730148911017,0.6452611430022726,/volumes/Seagate/mtg-jamendo-dataset/06/1133406.mp3
228.0,99.38401442307692,0.5421440349296598,0.6477692565917968,0.11533893644809723,0.33543849904113693,0.5004158279742774,0.19879532885659323,0.0006455716864854029,0.2999999999796059,0.42340843419608115,0.6568403302820988,/volumes/Seagate/mtg-jamendo-dataset/06/1066806.mp3
120.86578231292518,120.18531976744185,0.573583412674006,1.0,0.08899962902069092,0.27244700847087394,0.5901318897103456,0.1809755629013403,0.0012638532522629043,0.2999999999996046,0.5001332709809568,0.6320132122512574,/volumes/Seagate/mtg-jamendo-dataset/06/1195906.mp3
247.32734693877552,93.96306818181819,0.5185672966824728,0.9373135986328124,0.13007614016532898,0.2980729659780007,0.6212990697704205,0.0868885266021267,0.004649838219179097,0.3,0.3538727407829394,0.6760528623029306,/volumes/Seagate/mtg-jamendo-dataset/06/81206.mp3
228.53360544217688,105.46875,0.5689758485914098,0.33121621704101556,0.21541070938110352,0.5079884092447725,0.7131327852273787,0.49312823308573445,0.0006254074261506339,0.3026042856974516,0.5068868601375838,0.6761704833496804,/volumes/Seagate/mtg-jamendo-dataset/06/1027906.mp3
233.97333333333333,166.70866935483872,0.570273411363929,0.4228336486816407,0.06394194811582565,0.5964323254189512,0.9632108271890776,0.28065445681996143,0.003686968628907447,0.7758508833422856,0.6432730735620336,0.5943644866092905,/volumes/Seagate/mtg-jamendo-dataset/06/628406.mp3
132.1167573696145,105.46875,0.5306869198477255,0.40145672607421873,0.153945192694664,0.1452332059313626,0.18434974298617599,0.20619829396887995,5.84152719092372e-05,0.840801018224879,0.5348085455064466,0.6484585602687898,/volumes/Seagate/mtg-jamendo-dataset/06/151106.mp3
366.3548072562358,139.6748310810811,0.6008397896026669,0.8794587707519531,0.21925081312656403,0.5713456774428438,0.889022929243862,0.19785576706064945,0.004449988939944126,0.7258497350501145,0.6493285326415195,0.6490645861972592,/volumes/Seagate/mtg-jamendo-dataset/06/115206.mp3
76.78680272108843,101.33272058823529,0.5078158868269322,0.36653422546386716,0.10678211599588394,0.36335975852837304,0.6225059893439717,0.39604313097863364,0.00037128107116396285,0.8087230777554341,0.437692405845952,0.6509030805893279,/volumes/Seagate/mtg-jamendo-dataset/06/976706.mp3
303.25551020408165,95.703125,0.5710883826492216,0.7142615509033203,0.09048295766115189,0.5265836078904164,0.7850185608375037,0.25651410275444203,0.0013388565756333151,0.9505740636788629,0.5836386472733199,0.6158461353033508,/volumes/Seagate/mtg-jamendo-dataset/06/1346206.mp3
269.1562585034014,120.18531976744185,0.5754940312462552,0.3558132171630859,0.27581897377967834,0.5833003951437711,0.7922016868072578,0.48769820229258193,0.004160261471720254,0.3,0.6297502421677683,0.6733447821271306,/volumes/Seagate/mtg-jamendo-dataset/06/630606.mp3
321.9047619047619,126.04801829268293,0.5872696670832183,0.5932370300292967,0.2887830436229706,0.8218869564940738,1.0,0.39625371764952183,0.01145068664636589,0.8632933870764726,0.6477164846707159,0.6744185987701262,/volumes/Seagate/mtg-jamendo-dataset/06/1375006.mp3
226.17333333333335,120.18531976744185,0.581040217762828,0.49512054443359377,0.2789188027381897,0.5680090052738211,0.8109323093809676,0.6034900797650243,0.0007625996929074388,0.6985565899395327,0.49421859880041474,0.7015670492256654,/volumes/Seagate/mtg-jamendo-dataset/06/1061706.mp3
110.02775510204081,120.18531976744185,0.5796473132253981,0.5216763687133791,0.09108221530914307,0.5210317638696084,0.7840739298901274,0.41444732088173386,0.0007609317038016254,0.9441434593435793,0.6147033745978228,0.609848922591727,/volumes/Seagate/mtg-jamendo-dataset/06/369006.mp3
104.04385487528344,99.38401442307692,0.5722864510017147,0.2883943328857422,0.17318713665008545,0.37969484429013667,0.7410846196452646,0.2682665563544723,0.0012132872779173681,0.41090661176614157,0.48636138850438315,0.6650750914931541,/volumes/Seagate/mtg-jamendo-dataset/06/727906.mp3
165.29086167800455,103.359375,0.5755509812901037,0.9220191040039062,0.17562144994735718,0.9405465859767009,1.0,0.3267675945706567,0.016429736011160045,0.3,0.8687902176108029,0.589465678458888,/volumes/Seagate/mtg-jamendo-dataset/06/1144106.mp3
170.87498866213153,109.95678191489361,0.5547733456212174,0.48008557128906254,0.22307725250720978,0.4068005669313931,0.7085375523195983,0.25160596449013817,0.003100044047440414,0.7863032527750362,0.5162958310849551,0.6770486446856046,/volumes/Seagate/mtg-jamendo-dataset/06/1136706.mp3
353.14666666666665,139.6748310810811,0.5807888648458561,0.3791559448242186,0.061714112758636475,0.6926003283959805,1.0,0.23628948841266967,0.010233673364672003,0.2999999999999862,0.4802367933271109,0.6261697219276869,/volumes/Seagate/mtg-jamendo-dataset/06/1366706.mp3
1207.2,123.046875,0.6028619256133911,0.8487368774414062,0.0969071015715599,0.19645993910746423,0.3443100211594199,0.04574266158126093,0.0004970219472971621,0.26545587911178964,0.5521508230760211,0.6244563919505574,/volumes/Seagate/mtg-jamendo-dataset/06/953706.mp3
188.77231292517007,93.96306818181819,0.5783750513941874,0.6045166778564453,0.239159494638443,0.7089377754659149,0.8853781159357536,0.5704362043620436,0.0018109574196421634,0.8863272478629352,0.6809590071596969,0.6499056166379001,/volumes/Seagate/mtg-jamendo-dataset/06/1352506.mp3
233.2200453514739,120.18531976744185,0.6012056911948551,0.5492109527587892,0.20676065981388092,0.5905292662292488,0.8579787890087387,0.5470532097794096,0.0029332371517955843,0.6081912424852123,0.5147965385300508,0.671474529826987,/volumes/Seagate/mtg-jamendo-dataset/06/1344206.mp3
223.2148299319728,112.34714673913044,0.5818738847655711,0.6479890441894531,0.21758820116519928,0.5979361235492658,0.9092829793531935,0.4122893745710745,0.0019249536421070313,0.4840756244308866,0.6184407832450177,0.6546435957704683,/volumes/Seagate/mtg-jamendo-dataset/06/1288106.mp3
298.370612244898,126.04801829268293,0.5831043202559023,0.6468695755004886,0.15805736184120178,0.6904750613124315,0.9835586466884295,0.2788395178893423,0.003962234627350237,0.7112539175841097,0.6158655497247577,0.6337275403178811,/volumes/Seagate/mtg-jamendo-dataset/06/116106.mp3
315.9307029478458,101.33272058823529,0.5754534513591637,0.5639844818115235,0.0974598079919815,0.41404432550013687,0.7060463461238174,0.19209058081100047,0.002041930731283154,0.3,0.5248526888274629,0.6301149931116208,/volumes/Seagate/mtg-jamendo-dataset/06/320806.mp3
135.5116326530612,161.4990234375,0.5441161916907497,0.43296010589599604,0.05252726376056671,0.30514864314433543,0.5806603773574528,0.16993346595563283,0.0001193065604108378,0.29999999999667804,0.3941905835071257,0.6400716982523789,/volumes/Seagate/mtg-jamendo-dataset/06/1347806.mp3
292.59176870748297,105.46875,0.5778075675065679,0.36531060791015624,0.2865002751350403,0.5921414194193758,0.9572746082615109,0.42988554915308697,0.0020735928106036705,0.9568917732384901,0.4959805746662676,0.703943984115361,/volumes/Seagate/mtg-jamendo-dataset/06/1147706.mp3
228.68526077097505,105.46875,0.5532814987989798,1.0,0.015424519777297974,0.2309920392892317,0.4159809813323863,0.06715229229660558,0.0023088061551886003,0.2999282731003619,0.4083678315109201,0.6238792608176433,/volumes/Seagate/mtg-jamendo-dataset/06/1187706.mp3
144.17755102040817,135.99917763157896,0.5665147487219043,0.6309310302734374,0.17688044905662537,0.8190647591387333,1.0,0.4133399060055501,0.006826703994424944,0.29999999999997345,0.7896058140963972,0.6057557988411058,/volumes/Seagate/mtg-jamendo-dataset/06/1236106.mp3
245.94575963718822,178.20581896551724,0.5773934347530221,0.8632860412597658,0.0454910509288311,0.2949164305838728,0.48645583685033833,0.18670435248133457,0.00018606206877681621,0.29999999999696403,0.554968665906835,0.6053830451530122,/volumes/Seagate/mtg-jamendo-dataset/06/1209206.mp3
47.23913832199546,99.38401442307692,0.5661653442204791,0.8191692199707031,0.09646778553724289,0.29375220375290273,0.5042815710609893,0.3405714833751926,0.00010787087445178176,0.29999749782385265,0.4037292484836914,0.6539825530966691,/volumes/Seagate/mtg-jamendo-dataset/06/1330506.mp3
187.479625,144.23076923076923,0.5352861842453378,0.3398816986083984,0.07330279052257538,0.16542676732173772,0.2778577466418439,0.21480066106344625,7.355256602245662e-05,0.49709742888583425,0.3366820710172755,0.659052590384672,/volumes/Seagate/mtg-jamendo-dataset/06/1122006.mp3
771.2391836734694,132.51201923076923,0.5926795601474699,0.48128768920898446,0.1265704333782196,0.776026676124977,1.0,0.21059108616074873,0.008122714386588096,0.7265942761807405,0.767570385654946,0.5920512788851698,/volumes/Seagate/mtg-jamendo-dataset/06/1391106.mp3
305.0057142857143,84.72079918032787,0.5740261077633177,0.5603197174072265,0.1809874027967453,0.5850273240465974,0.8795809397911964,0.39963737708327146,0.0023803923314984782,0.5388038145314397,0.5818414074597176,0.6487871835148848,/volumes/Seagate/mtg-jamendo-dataset/06/395906.mp3
389.90367346938774,139.6748310810811,0.579623517220198,0.46434654235839845,0.34895968437194824,0.8134248404983287,0.9552315690783728,0.7702812895804041,0.0012715267613292304,0.9334519959752243,0.7245183413509129,0.6807218181037188,/volumes/Seagate/mtg-jamendo-dataset/06/454906.mp3
198.3770068027211,120.18531976744185,0.5803681695316867,0.4697347869873046,0.1034431979060173,0.673531070788315,0.9382725826439499,0.574895192037307,0.002228788081953217,0.3012873500387254,0.7000385239325242,0.5972318464596613,/volumes/Seagate/mtg-jamendo-dataset/06/1251306.mp3
511.38666666666666,90.66611842105263,0.5725903622872601,0.26462670898437507,0.32026875019073486,0.632773569738479,0.9732860117313374,0.6663491268948286,0.0017373021991465907,0.5671516620469115,0.5144768100198915,0.7124013880646862,/volumes/Seagate/mtg-jamendo-dataset/06/149806.mp3
84.06204081632653,120.18531976744185,0.5104687321858448,0.20942901611328124,0.1421424299478531,0.2473067025325921,0.38652907281510984,0.3680336565829406,7.272954808736784e-05,0.5231810751231736,0.4138112475496089,0.6684090252713053,/volumes/Seagate/mtg-jamendo-dataset/06/1306706.mp3
190.17142857142858,139.6748310810811,0.586179191685372,0.5537742614746094,0.1923079490661621,1.0,1.0,0.6550512863653757,0.007622301346395389,0.7306693405310913,0.7293496621621622,0.6233609292313859,/volumes/Seagate/mtg-jamendo-dataset/06/1381006.mp3
285.2,120.18531976744185,0.5720394603757903,0.4460383605957031,0.13379544019699097,0.5157151761423459,0.8596336260197476,0.2789133503970389,0.0010521031571694654,0.700354842749524,0.5074289319752776,0.6466805720758613,/volumes/Seagate/mtg-jamendo-dataset/06/239806.mp3
194.69061224489795,114.84375,0.5506479669094629,0.7328479843139648,0.0775008276104927,0.31116532594611734,0.5734595016665146,0.2304798056925113,0.00028766125752570257,0.2999463048600758,0.5920569471692962,0.6094889085059181,/volumes/Seagate/mtg-jamendo-dataset/06/1211606.mp3
277.44603174603174,139.6748310810811,0.5660973263033061,0.5316368408203124,0.312356173992157,0.36653680685432843,0.6868110515993917,0.18980280011185752,0.0013431157008473853,0.3690801327624908,0.5559529365361134,0.7012576353299538,/volumes/Seagate/mtg-jamendo-dataset/06/322106.mp3
352.7575510204082,120.18531976744185,0.5434729812769785,0.48851066589355474,0.09159877896308899,0.3985448374290204,0.6893861085364938,0.24028993766982265,0.000856341085452231,0.8542183922900912,0.5610188549703847,0.6207717894326351,/volumes/Seagate/mtg-jamendo-dataset/06/1147906.mp3
139.82609977324262,114.84375,0.5588579862544589,0.9458254699707033,0.13297756016254425,0.26228922122134973,0.4371043310176824,0.26303837149962334,0.00015075561682197262,0.2999999986881557,0.4137952112906828,0.6651128794003793,/volumes/Seagate/mtg-jamendo-dataset/06/768906.mp3
146.100589569161,129.19921875,0.5856274494276213,0.5789835052490234,0.11387626826763153,0.3040751389553712,0.4807585356698466,0.33953661443646616,0.00011325134934723379,0.29999999998885624,0.5446639196961331,0.6320626726371208,/volumes/Seagate/mtg-jamendo-dataset/06/1209806.mp3
230.0,120.18531976744185,0.5496149038624663,0.3175361633300781,0.1878494769334793,0.2584502377312051,0.4291909159622198,0.286894814533931,0.00029161401449826353,0.3613306888568982,0.42242457268367617,0.6831408971593174,/volumes/Seagate/mtg-jamendo-dataset/06/1078706.mp3
173.47918367346938,105.46875,0.5863000345322551,0.38913275146484383,0.3312065005302429,0.5821481275657783,0.9941346720636564,0.31775968191322146,0.0029592361639127337,0.6648891295743766,0.5842273284558895,0.7023888744997095,/volumes/Seagate/mtg-jamendo-dataset/06/1239106.mp3
240.22204081632654,129.19921875,0.5727390469547241,0.8078847503662111,0.19177527725696564,0.7622013847145407,0.9545699685412175,0.6126425671757201,0.001948808221002477,0.4695547148982935,0.6667939767182157,0.6356803044688645,/volumes/Seagate/mtg-jamendo-dataset/06/1146906.mp3
224.74666666666667,101.33272058823529,0.54801990097547,0.1878271789550781,0.181149423122406,0.6598544550158852,0.9366851168184518,0.5756765303589809,0.0014077278182572598,0.5682926949317332,0.5618840687483044,0.6528369785744053,/volumes/Seagate/mtg-jamendo-dataset/06/209006.mp3
147.2250113378685,147.65625,0.5147188683060626,0.8418442535400391,0.025670593604445457,0.3086248032855124,0.5085734748546751,0.12417848096153068,0.000983758370970188,0.29977385774686405,0.5996567880897903,0.5893100560796423,/volumes/Seagate/mtg-jamendo-dataset/06/216906.mp3
299.93018140589567,99.38401442307692,0.5805575038087006,0.4035341033935548,0.14632584154605865,0.39235301077982987,0.753021733692004,0.17782313721565646,0.0023154829901541572,0.3616951671380644,0.4021182122816083,0.6722536605002595,/volumes/Seagate/mtg-jamendo-dataset/06/323606.mp3
298.76244897959185,93.96306818181819,0.5826880728949635,0.5295386352539063,0.26473432779312134,0.5048489353025993,0.7241587681476044,0.4750903710948977,0.0005291094021479039,0.336768132022657,0.4651200708940931,0.7022803438267051,/volumes/Seagate/mtg-jamendo-dataset/06/1413906.mp3
151.69231292517006,129.19921875,0.5477114283073021,0.31276153564453124,0.2327260673046112,0.49673817037672624,0.9160307356875707,0.3186307414888017,0.001459356083498026,0.6208175533157194,0.6018531577020952,0.663410752689241,/volumes/Seagate/mtg-jamendo-dataset/06/1066506.mp3
331.09099773242633,132.51201923076923,0.5738508544677832,0.30949766540527335,0.28144463896751404,1.0,1.0,1.0,0.01198123863710497,0.8905165808643181,0.8050240384615384,0.6403152623359973,/volumes/Seagate/mtg-jamendo-dataset/06/724206.mp3
241.5750113378685,132.51201923076923,0.5718203553476692,0.3931987762451171,0.1657991260290146,0.7318361876211594,0.9260454453633874,0.6453505218443188,0.001263747189927517,0.801605051130029,0.7506378110132144,0.6095601231678024,/volumes/Seagate/mtg-jamendo-dataset/06/1136906.mp3
308.0,129.19921875,0.5754877370000773,0.6456865844726561,0.2610754370689392,0.46012822616620624,0.694990893933404,0.2979182468518115,0.0004270922228007245,0.29999999999998395,0.522537875645174,0.6894795822157833,/volumes/Seagate/mtg-jamendo-dataset/06/273606.mp3
227.1265306122449,172.265625,0.548916512483633,0.2977100677490234,0.0891832560300827,0.1495206519546147,0.2012023288062554,0.2976963661478774,2.3615646596937624e-05,0.6963549515921472,0.566493707397389,0.618807230691352,/volumes/Seagate/mtg-jamendo-dataset/06/1185306.mp3
155.0140589569161,143.5546875,0.5549976091227999,0.5042896270751952,0.17842864990234375,0.3604081693518427,0.6151692992781066,0.14868659486475033,0.0010060308379878586,0.29999999936786437,0.5159600838201569,0.6610422972008124,/volumes/Seagate/mtg-jamendo-dataset/06/843206.mp3
484.0104081632653,120.18531976744185,0.6020601419282079,0.7554344177246094,0.14130297303199768,1.0,1.0,0.4908537462923202,0.009572912098250824,0.9075552774631557,0.7803706395348837,0.5947949423845424,/volumes/Seagate/mtg-jamendo-dataset/06/900206.mp3
46.2,123.046875,0.5834863030296054,1.0,0.11742929369211197,0.18146515088483417,0.24222310008459413,0.2646782693957593,4.083186318024221e-05,0.2858551887695591,0.567622834125103,0.6287499789041398,/volumes/Seagate/mtg-jamendo-dataset/06/81706.mp3
291.02115646258505,132.51201923076923,0.5500581875818439,0.3658498840332031,0.1863069236278534,0.3096044125776779,0.5603415980536794,0.29617561520490937,0.00034524710443042283,0.2999999999668819,0.5557424403079366,0.6559220044444399,/volumes/Seagate/mtg-jamendo-dataset/06/1414506.mp3
158.70678004535148,90.66611842105263,0.5668950370472474,0.2566924591064454,0.18888065218925476,0.44094725859576184,0.7115782960022986,0.5749360358270738,0.000376037844165194,0.5611825134300026,0.5261797409570297,0.6627610865967257,/volumes/Seagate/mtg-jamendo-dataset/06/992506.mp3
356.1534693877551,178.20581896551724,0.5525755249630884,1.0,0.029686037451028824,0.18695089700514375,0.34654349944725965,0.07014948038452579,0.001198712990779419,0.29626898703579224,0.6289196660867816,0.584903040265014,/volumes/Seagate/mtg-jamendo-dataset/06/937106.mp3
279.19673469387754,99.38401442307692,0.5464187377251801,0.8733848876953124,0.14486290514469147,0.638459696115559,0.8594043764943797,0.13847277256089954,0.004182631640462299,0.7634407038879766,0.5440129426875098,0.643348057314587,/volumes/Seagate/mtg-jamendo-dataset/06/94806.mp3
287.031746031746,126.04801829268293,0.5761307305194232,0.693258056640625,0.2535705268383026,0.46870207180741225,0.6918157054133434,0.284772844088106,0.0006765915161938641,0.2999999999992295,0.511040779423964,0.6890772337769961,/volumes/Seagate/mtg-jamendo-dataset/06/934006.mp3
117.34310657596372,178.20581896551724,0.5472738897110104,0.41233230590820313,0.20962578058242798,0.4549391110609593,0.7592118795760705,0.34257772158251854,0.00046668311888154633,0.9282142170044754,0.4211109742185441,0.6912430861659653,/volumes/Seagate/mtg-jamendo-dataset/06/1250206.mp3
228.8919954648526,161.4990234375,0.5557576277893087,0.5285157775878906,0.1976041942834854,0.6630289208767426,0.873047309576728,0.5604540573707624,0.0025481392514768667,0.6433811780279395,0.681390264223928,0.6348594570972691,/volumes/Seagate/mtg-jamendo-dataset/06/1067706.mp3
245.10639455782314,93.96306818181819,0.5750469273650942,0.41532566833496093,0.18265284597873688,0.6741593149472374,0.954306938077287,0.47313584229059413,0.0013044966534252024,0.29999999999999954,0.631721860370316,0.6394106524782821,/volumes/Seagate/mtg-jamendo-dataset/06/1104506.mp3
257.0,151.99908088235293,0.5737775556429481,0.23616766357421887,0.22482708096504211,0.674122421802118,0.9232498242219876,0.797668620133823,0.0018856862991004089,0.7960956893636794,0.7719463200538087,0.6265484851366534,/volumes/Seagate/mtg-jamendo-dataset/06/1098806.mp3
164.63866213151928,166.70866935483872,0.5354863525781836,1.0,0.14657528698444366,0.3340793747286426,0.559127327182933,0.1883433862897969,0.0007246571879584862,0.2999999999890573,0.5389246650931638,0.644982170295767,/volumes/Seagate/mtg-jamendo-dataset/06/409706.mp3
281.0002494331066,120.18531976744185,0.5791732873694377,0.46443980407714847,0.12135274708271027,0.7971467238479031,1.0,0.37643989503851405,0.006365052296087367,0.3,0.7473955672096962,0.5942078755078365,/volumes/Seagate/mtg-jamendo-dataset/06/532906.mp3
278.49333333333334,120.18531976744185,0.5878472921365206,0.6881895446777344,0.1484224647283554,0.478310215880155,0.7328975725536936,0.2427496268459433,0.0009412747807938037,0.7304851429806788,0.6058685853414658,0.6322583702339148,/volumes/Seagate/mtg-jamendo-dataset/06/1053506.mp3
522.4933333333333,123.046875,0.5675941384315732,0.14962333679199222,0.19210462272167206,0.13396014940044557,0.1708250374719706,0.2991426236367065,9.135745750369398e-06,0.2531050375088164,0.5784824915349789,0.6534611658728062,/volumes/Seagate/mtg-jamendo-dataset/06/1062506.mp3
2601.8347392290248,114.84375,0.5524004770342753,0.3661148376464844,0.14508387446403503,0.33348899811797283,0.5851102155647021,0.38416564870143044,0.00026085046054579825,0.2999971674957508,0.3765644300782005,0.6769173087914125,/volumes/Seagate/mtg-jamendo-dataset/06/237606.mp3
333.99018140589567,117.45383522727273,0.5738687712905972,0.3704724884033203,0.22137220203876495,0.8031335828082117,1.0,0.5651484372880435,0.0060951443520768644,0.38825952366425265,0.628440836103009,0.6540058255133536,/volumes/Seagate/mtg-jamendo-dataset/06/1165906.mp3
30.0,129.19921875,0.565270506551057,0.8138288040161133,0.1335170418024063,0.2223632352249772,0.4733307585951011,0.1906025824964132,0.0004871878358603608,0.3,0.3994399011775678,0.6681781548133527,/volumes/Seagate/mtg-jamendo-dataset/06/1419106.mp3
311.9998639455782,129.19921875,0.5697063263575716,0.6523045654296875,0.23784883320331573,0.5847338623944005,0.9679989279367657,0.18981643332843243,0.0075622253967646885,0.3,0.6252995141027304,0.6605656771326476,/volumes/Seagate/mtg-jamendo-dataset/06/1031106.mp3
208.5,166.70866935483872,0.5588642770700767,0.3515586242675782,0.25284209847450256,0.5955337773062161,0.8558703704573172,0.6096830314035085,0.0014373108389066497,0.7398214130403395,0.7437001336403855,0.6422831287227438,/volumes/Seagate/mtg-jamendo-dataset/06/1086706.mp3
216.08489795918368,120.18531976744185,0.549071278571297,1.0,0.22354480624198914,0.8810042968623153,1.0,0.6627987519868751,0.002884624789492468,0.29999998949102386,0.6903706395348838,0.6424020023401393,/volumes/Seagate/mtg-jamendo-dataset/06/316206.mp3
333.3333333333333,143.5546875,0.5636378612450745,0.7604667663574218,0.07920340448617935,0.5094871939442114,0.7953417310702611,0.41849244489449533,0.0007412609036476318,0.2999999999999996,0.6592366937461448,0.5966658868657956,/volumes/Seagate/mtg-jamendo-dataset/06/1357706.mp3
382.72,139.6748310810811,0.5463596453090214,0.49661001586914066,0.20606791973114014,0.3662897038909739,0.58823901411311,0.5030895295453789,0.0002975369232235803,0.6268193291827081,0.604431035835118,0.6532982439361869,/volumes/Seagate/mtg-jamendo-dataset/06/221606.mp3
103.53392290249433,120.18531976744185,0.5135428571268172,0.9022417526245118,0.04069839045405388,0.3063819684305286,0.48091799381767486,0.22327985603246925,0.0002260266177243294,0.2838679142723243,0.44789226067929544,0.6250729684276003,/volumes/Seagate/mtg-jamendo-dataset/06/1338306.mp3
145.0,83.35433467741936,0.5555147858400012,0.9775321655273439,0.03724353015422821,0.1265456560611704,0.26382490549766907,0.10506278193286336,0.0005151475832654462,0.29999394961767956,0.3712798686983939,0.6391516971158434,/volumes/Seagate/mtg-jamendo-dataset/06/1210606.mp3
179.64,123.046875,0.5418937869871264,0.5980867462158205,0.08300144225358963,0.18217464521234886,0.48741919889835694,0.058540683771731404,0.006889798813501,0.2995346627660298,0.45642290395056184,0.6385959384211799,/volumes/Seagate/mtg-jamendo-dataset/06/210606.mp3
173.50530612244899,151.99908088235293,0.5524661075445252,0.27445541381835936,0.19322603940963745,0.4862209855463775,0.7405530278760853,0.6171010779361725,0.0006074146854255855,0.29999999405455646,0.5880851980654775,0.651944334574374,/volumes/Seagate/mtg-jamendo-dataset/06/381706.mp3
239.1428798185941,139.6748310810811,0.5758716853833636,0.528374725341797,0.21761201322078705,0.485406743761107,0.7444423061154126,0.3176824828105556,0.0008052550475548301,0.3,0.6470662562138765,0.6489270735167081,/volumes/Seagate/mtg-jamendo-dataset/06/1127606.mp3
184.9180498866213,123.046875,0.5109457277933103,1.0,0.14368188381195068,0.1777651191804416,0.34451725134068345,0.09758884492410971,0.001292387248391657,0.3,0.3838553373902259,0.6749544106942571,/volumes/Seagate/mtg-jamendo-dataset/06/1109906.mp3
110.82435416666667,133.92857142857142,0.542844927056044,0.3114950866699219,0.1375928819179535,0.4643411517539461,0.7320749049824699,0.32194370759876995,0.0003767859464788458,0.7952993505505923,0.4619442896614687,0.6571445795581695,/volumes/Seagate/mtg-jamendo-dataset/06/1162506.mp3
160.91383219954648,132.51201923076923,0.5780486456417897,0.6285555725097656,0.23326057195663452,0.39000720128080085,0.6123236755057555,0.28369830711294125,0.001057409437959616,0.8873062212606462,0.4925128602238383,0.6854712338596207,/volumes/Seagate/mtg-jamendo-dataset/06/480706.mp3
199.6609977324263,166.70866935483872,0.5302269648206881,0.9739456787109375,0.1588515341281891,0.4143218558982478,0.758484802016398,0.1591325139905661,0.0023282426457542586,0.6638083263104262,0.5550126722366583,0.6461840178388165,/volumes/Seagate/mtg-jamendo-dataset/06/1189906.mp3
150.0,117.45383522727273,0.5449773152652677,0.5211905517578126,0.1163984090089798,0.19298063445663535,0.3444786070776069,0.24594238465604468,0.00010155015606049282,0.7934836592603959,0.38837978158902164,0.6642274709254283,/volumes/Seagate/mtg-jamendo-dataset/06/1299806.mp3
300.0,129.19921875,0.5969561610610399,0.5370059814453125,0.25724300742149353,0.6355836694262182,0.8852155841446544,0.4140798912633089,0.0027661140511284093,0.5849308957196289,0.5942605183264655,0.6737553790064446,/volumes/Seagate/mtg-jamendo-dataset/06/1210706.mp3
332.0,79.50721153846153,0.5655655576142709,0.30154870605468753,0.13553933799266815,0.6458091815672823,0.9364554215125155,0.6195978257995679,0.0024448706868578757,0.9089616644084875,0.5190921752474268,0.6449757266278752,/volumes/Seagate/mtg-jamendo-dataset/06/451606.mp3
259.52,156.60511363636363,0.5905956046350347,0.939290786743164,0.13466337323188782,0.372191548792379,0.6714515741398515,0.10359099806440492,0.002898541963654295,0.3,0.5979008573803684,0.6288986428874059,/volumes/Seagate/mtg-jamendo-dataset/06/3906.mp3
206.02775510204083,120.18531976744185,0.5648951881826756,0.8472358703613281,0.09715402126312256,0.340620630811638,0.6137726977525603,0.15401450825057106,0.0016739369354543743,0.5590785008679358,0.4424764040646838,0.6464801668417874,/volumes/Seagate/mtg-jamendo-dataset/06/706906.mp3
197.27673469387756,90.66611842105263,0.5633645973816692,0.7138089904785155,0.265253484249115,0.6292025080318466,0.9433571475820921,0.35259425330085703,0.002582043948863482,0.2999999999564766,0.6036570580954915,0.6747598427105831,/volumes/Seagate/mtg-jamendo-dataset/06/1312106.mp3
293.09723356009073,161.4990234375,0.5802350018322995,0.5296649932861328,0.2639159858226776,0.5494018567882737,0.9103281185807885,0.36788092970052727,0.002832151316229467,0.6851638796583004,0.5297693034438797,0.689055894207388,/volumes/Seagate/mtg-jamendo-dataset/06/1102806.mp3
191.04,123.046875,0.5306903226680302,0.3142483215332031,0.23974789679050446,0.5170940315449699,0.7634946306180639,0.49255634361266126,0.0009393929944747414,0.578426125784673,0.6335299553945986,0.6596032517656619,/volumes/Seagate/mtg-jamendo-dataset/06/1354106.mp3
242.09333333333333,80.74951171875,0.5757881345885464,0.7572539062499999,0.05219059810042381,0.3168803008735262,0.5281463221536745,0.07513851314602918,0.003291036446861587,0.7028328161807211,0.43903017799698363,0.6309825797167559,/volumes/Seagate/mtg-jamendo-dataset/06/479106.mp3
168.3069387755102,129.19921875,0.6023874271639169,1.0,0.15881510078907013,0.7890990288814219,1.0,0.2097099988727693,0.012372244622341,0.3,0.6463923682993717,0.6278949626241909,/volumes/Seagate/mtg-jamendo-dataset/06/1312906.mp3
510.0030839002268,126.04801829268293,0.5128978300326119,0.3508204498291016,0.06596031039953232,0.34456885081045885,0.417489726019364,0.3830475895416606,5.805667430350105e-05,0.46306320129736583,0.627709819943768,0.5982037477550781,/volumes/Seagate/mtg-jamendo-dataset/06/1028506.mp3
298.6736054421769,120.18531976744185,0.5662847834411752,0.24559791564941405,0.19158798456192017,0.2269146438234251,0.4386526020858968,0.3721488936882683,0.00010053090969439891,0.29808716251873496,0.4303420667151076,0.6829032610992697,/volumes/Seagate/mtg-jamendo-dataset/06/824306.mp3
164.46693877551022,129.19921875,0.602154017423171,0.6833684692382812,0.1889696717262268,0.6420718119417854,0.8397899601652887,0.32844311841156104,0.000802756639682869,0.565976261406884,0.6946626449853405,0.6290965528243735,/volumes/Seagate/mtg-jamendo-dataset/06/1359806.mp3
456.43755102040814,139.6748310810811,0.5877030255219525,0.5083709106445312,0.4134092330932617,0.6953846721037308,0.9010510025414289,0.8585513504123976,0.0013016831288285955,0.8068518336006887,0.6514339688597215,0.7185405301416299,/volumes/Seagate/mtg-jamendo-dataset/06/502606.mp3
160.08,126.04801829268293,0.5497751048837733,0.35305249023437496,0.23210462927818298,0.5235401712905764,0.8954043945781599,0.5352545065083691,0.0018750372754789105,0.29999991677350935,0.5368659695378235,0.6761844726325812,/volumes/Seagate/mtg-jamendo-dataset/06/1106.mp3
205.56625850340137,129.19921875,0.5762774051313879,0.6128767700195311,0.2019251435995102,0.7079964497242796,1.0,0.37746433476081526,0.0032185471212496904,0.8495115167908465,0.5974871477066671,0.6531956221544902,/volumes/Seagate/mtg-jamendo-dataset/06/1170106.mp3
65.57315192743764,109.95678191489361,0.5687876954096226,1.0,0.2148190289735794,0.42716341111922496,0.6784658945018532,0.25992772301594497,0.0009549487878224094,0.29999999319320264,0.6080246290424294,0.6557299246220027,/volumes/Seagate/mtg-jamendo-dataset/06/1127706.mp3
320.9795918367347,143.5546875,0.592593472648993,0.4939766845703125,0.24102823436260223,0.7173768486153764,1.0,0.2776577884779101,0.0082452325599612,0.7331112452054914,0.5991821395849397,0.6669337364535488,/volumes/Seagate/mtg-jamendo-dataset/06/950106.mp3
187.8294784580499,92.28515625,0.5815569331269255,1.0,0.09101856499910355,0.3165141506704218,0.5420529892263765,0.20901952093876586,0.0005941792789211596,0.2999999999960565,0.4775633480313486,0.6372540137934075,/volumes/Seagate/mtg-jamendo-dataset/06/768506.mp3
41.847541666666665,96.98275862068965,0.5687190647604731,0.39874430847167974,0.2547354996204376,0.48097322695970296,0.693301153081909,0.3986263394744039,0.0009967429859549645,0.8837859127646122,0.4526503124638111,0.7011747173705953,/volumes/Seagate/mtg-jamendo-dataset/06/897306.mp3
400.0,126.04801829268293,0.5780173724874405,0.6988715057373046,0.0676991194486618,0.452766553853699,0.7311642890039964,0.12454216084507162,0.0031676958265867802,0.3,0.40327378450094187,0.6437169261013299,/volumes/Seagate/mtg-jamendo-dataset/06/228906.mp3
326.5,99.38401442307692,0.5594941544765799,0.3318828430175781,0.17572146654129028,0.479822273562849,0.8876542844522649,0.28766507406922376,0.0021332490191442108,0.7829283597370469,0.5336772953331751,0.6565242688882295,/volumes/Seagate/mtg-jamendo-dataset/06/1404006.mp3
227.96770975056688,129.19921875,0.5826420113195745,0.7598641967773437,0.3290829658508301,0.7277015027318056,0.9707354367621793,0.34822749653448865,0.005579348201985052,0.9025506846798528,0.7136139515130593,0.675747077403687,/volumes/Seagate/mtg-jamendo-dataset/06/217706.mp3
258.6666666666667,117.45383522727273,0.547149042062137,0.35736514282226567,0.23494122922420502,0.73265628622372,1.0,0.5842087402023033,0.0030064004036426816,0.8478856384679099,0.5606058376843908,0.6724576749838357,/volumes/Seagate/mtg-jamendo-dataset/06/1100506.mp3
271.68997732426305,112.34714673913044,0.5837422924618996,0.5301372528076174,0.23739533126354218,0.7154315093297445,1.0,0.2524637252183991,0.008294569029589291,0.3,0.5038922051473051,0.6846838782254141,/volumes/Seagate/mtg-jamendo-dataset/06/1342506.mp3
80.47299319727891,161.4990234375,0.5867685073907902,0.5198229293823244,0.09014180302619934,0.17923873593702627,0.4540179831678254,0.12514812886155405,0.0009871303448722331,0.29999678033369154,0.372919472036947,0.6578671546820424,/volumes/Seagate/mtg-jamendo-dataset/06/1042006.mp3
86.09333333333333,95.703125,0.5726696173765928,0.5597171020507813,0.1758112758398056,0.4509120159472718,0.6761411158829005,0.3238370563317284,0.0006546946902623652,0.40627421189488894,0.44671451225441505,0.6739491568514471,/volumes/Seagate/mtg-jamendo-dataset/06/565806.mp3
290.8734693877551,123.046875,0.5694111807779672,0.3285636291503906,0.10866156965494156,0.297114099911241,0.48593225393229905,0.43922707439735054,9.077472508600684e-05,0.28754118659150324,0.4856314401809714,0.6419918770395847,/volumes/Seagate/mtg-jamendo-dataset/06/169206.mp3
195.84,125.0,0.5857297391277378,0.9290150451660156,0.24142472445964813,0.7064908934834392,0.951927618632526,0.5397989641352762,0.0031803728649411936,0.624252174542734,0.6080772584588179,0.6652974491137098,/volumes/Seagate/mtg-jamendo-dataset/06/969706.mp3
254.4,99.38401442307692,0.582293523275817,0.5313551330566406,0.09889211505651474,0.41177370446607536,0.5649999484894186,0.44557579697094835,0.0002995154445452377,0.7546343087992307,0.5574112714243621,0.6241189071354729,/volumes/Seagate/mtg-jamendo-dataset/06/1288906.mp3
221.73526077097506,132.51201923076923,0.56642918109034,0.5174117431640626,0.08941885828971863,0.21813608145942834,0.45152007135746774,0.17698130025962283,0.00018585252066948425,0.7923097146229289,0.3889079893657924,0.6544091911111403,/volumes/Seagate/mtg-jamendo-dataset/06/1412806.mp3
233.20757369614512,105.46875,0.5636285646003086,0.3448108520507813,0.1647747904062271,0.6210028757531382,0.8843216676009363,0.5838393233337421,0.00198453145302181,0.6335913677756482,0.5571681204292986,0.6478853004603821,/volumes/Seagate/mtg-jamendo-dataset/06/89806.mp3
61.31387755102041,126.04801829268293,0.5560369571951085,0.4331124725341797,0.0995437279343605,0.25687496799970166,0.43618307887587016,0.1822535809606487,0.00023297384810609675,0.5017823432636279,0.4438081306484196,0.6470741159266858,/volumes/Seagate/mtg-jamendo-dataset/06/1132806.mp3
266.75979591836733,126.04801829268293,0.5887954913666757,0.5065147399902343,0.20319916307926178,0.731345387554895,1.0,0.5801735988374377,0.00429092915330063,0.3835072037829482,0.6230296774392504,0.6485457632206841,/volumes/Seagate/mtg-jamendo-dataset/06/1121406.mp3
75.17823129251701,132.51201923076923,0.5077891579801126,0.6065070343017578,0.043094929307699203,0.21862576339686715,0.414164392846154,0.1608129076967113,0.0005459072199786988,0.7415382822682708,0.42783449466886114,0.6299472756169995,/volumes/Seagate/mtg-jamendo-dataset/06/1162606.mp3
125.08857142857143,120.18531976744185,0.611523444408491,0.8260770111083986,0.14961035549640656,0.8802108151843888,1.0,0.553229585196084,0.005048460796125924,0.29999999999919974,0.6903706395348838,0.6157856000717296,/volumes/Seagate/mtg-jamendo-dataset/06/1313106.mp3
240.0,129.19921875,0.5863651106643643,0.8013989944458008,0.1955215185880661,0.7513174085748939,1.0,0.23715288265498752,0.012158723241534029,0.2999999999987875,0.6963820271842373,0.6311113412548564,/volumes/Seagate/mtg-jamendo-dataset/06/945206.mp3
180.0,123.046875,0.6173489239537933,0.9458898620605467,0.1979692578315735,0.1656068361408567,0.3787810967381786,0.07954737093810567,0.0019162366005095251,0.29428810556795953,0.43728111391936425,0.6838127100354936,/volumes/Seagate/mtg-jamendo-dataset/06/1369906.mp3
314.2802494331066,93.96306818181819,0.5518633480751807,0.4042705688476563,0.20839135348796844,0.49395650703858174,0.624828412998644,0.7713056484092731,0.0001938373978500462,0.3733219574024504,0.5293546837803745,0.6691499504995937,/volumes/Seagate/mtg-jamendo-dataset/06/119406.mp3
299.16589569161,126.04801829268293,0.5649269197579339,0.5699476318359376,0.1572692096233368,0.5513185305166539,0.8295319677970587,0.32876390520279136,0.001458154106406494,0.2999999991229912,0.6890483935434404,0.6188072367557133,/volumes/Seagate/mtg-jamendo-dataset/06/168806.mp3
202.94204081632654,161.4990234375,0.5950285747544244,0.6694357376098634,0.07754427939653397,0.5523277073669592,0.9095161715257827,0.24167606184070994,0.0022003192136468047,0.29999944094335645,0.6448588683463166,0.598944166913489,/volumes/Seagate/mtg-jamendo-dataset/06/558406.mp3
287.72201814058957,139.6748310810811,0.5776843857528792,0.2431700744628906,0.28930485248565674,0.4424820909846776,0.7093513947347344,0.4882863253036356,0.0005594609457428281,0.9341494024662388,0.5106365375996926,0.7020224393748979,/volumes/Seagate/mtg-jamendo-dataset/06/1236406.mp3
216.50995464852608,120.18531976744185,0.6097624657477074,0.228270263671875,0.19221869111061096,1.0,1.0,1.0,0.010269024967081763,0.958026905463699,0.6313322368421053,0.6429322814313989,/volumes/Seagate/mtg-jamendo-dataset/06/1397206.mp3
218.8163038548753,90.66611842105263,0.5560348413016573,0.217043701171875,0.309287428855896,0.5679233633919544,0.9406539165842074,0.5353166797797011,0.0026954545334614984,0.6303578850255772,0.4653750255758111,0.7182684692729603,/volumes/Seagate/mtg-jamendo-dataset/06/1257406.mp3
163.54766439909298,93.96306818181819,0.6080565029538612,1.0,0.14782702922821045,0.5005685200463988,0.8052592245092699,0.15346513910940202,0.007892629997119305,0.4875019272463902,0.4435385553606481,0.6645100194500261,/volumes/Seagate/mtg-jamendo-dataset/06/147206.mp3
277.3333333333333,120.18531976744185,0.6322609545305398,0.2503814392089843,0.3177807033061981,0.4813115540310657,0.8842379751969733,0.44418832600918107,0.0011256099225990931,0.6561225740635731,0.5144232706791165,0.711516399054408,/volumes/Seagate/mtg-jamendo-dataset/06/76306.mp3
244.0,119.68085106382979,0.5930299829201563,0.35577499389648437,0.20724457502365112,0.5308298558049249,0.8505283555220338,0.4478723041295809,0.000842033031486674,0.29999999922817483,0.61301412135407,0.6520052227377005,/volumes/Seagate/mtg-jamendo-dataset/06/128406.mp3
286.11918367346937,120.18531976744185,0.5881034439709982,0.37447935485839856,0.04802505671977997,0.2366464213147644,0.4276781140110686,0.11457031307988065,0.0012200681370234019,0.2946168926111055,0.49727036840536826,0.6178349467380472,/volumes/Seagate/mtg-jamendo-dataset/06/543406.mp3
534.3033786848073,126.04801829268293,0.6148047759073874,0.3953722381591797,0.06115295737981796,0.5403333298396715,0.7057627301694176,0.08185565546064395,0.0010236081011832366,0.2999596473576299,0.5638383564432583,0.6092473933680828,/volumes/Seagate/mtg-jamendo-dataset/06/1118606.mp3
228.0,120.18531976744185,0.5638930480977287,0.40134002685546877,0.11981552839279175,0.4203057707057809,0.6957830705837849,0.2673527910491692,0.0015132137292051936,0.8735356714739763,0.46780231287480467,0.6495731276464441,/volumes/Seagate/mtg-jamendo-dataset/06/974306.mp3
173.14285714285714,139.6748310810811,0.5176471154246682,0.4494383392333983,0.23392291367053986,0.4165395083920462,0.700478567787907,0.3095644295587384,0.0007267167840399069,0.8366933082112404,0.6056246818066066,0.663087312560073,/volumes/Seagate/mtg-jamendo-dataset/06/1337506.mp3
114.8315873015873,139.6748310810811,0.5318083894353062,0.6192265319824218,0.14966675639152527,0.38585189542335585,0.8155915673854908,0.10112617777679142,0.0065790160146762516,0.29999998925016663,0.485817800845021,0.6567164721319448,/volumes/Seagate/mtg-jamendo-dataset/06/1397806.mp3
349.4533333333333,107.666015625,0.5934700682185768,0.9860599212646484,0.11605532467365265,0.35882285884530896,0.8131337672398272,0.12348026902195933,0.0027505423079961853,0.2999999999998795,0.3952819839181379,0.6627235200988874,/volumes/Seagate/mtg-jamendo-dataset/06/125006.mp3
270.2623129251701,129.19921875,0.583535183039199,0.5986845092773437,0.2923591136932373,0.9824933918960255,1.0,0.41690459002618296,0.015849207614174687,0.8760407119354594,0.6869370429088448,0.6678618723477965,/volumes/Seagate/mtg-jamendo-dataset/06/1080806.mp3
238.35780045351473,93.96306818181819,0.5753125843901701,0.7680732727050781,0.24840061366558075,0.6666431145305334,0.8792124566304276,0.558449031862585,0.002758737582764252,0.7823413107868453,0.5463132887572897,0.680161563168151,/volumes/Seagate/mtg-jamendo-dataset/06/896606.mp3
140.24163265306123,120.18531976744185,0.5318076519122259,0.6694083938598632,0.10401672124862671,0.2934107291587982,0.5988513469689064,0.20153892747536747,0.0007113375443663178,0.5240575644881322,0.4130361710588548,0.6548387854377347,/volumes/Seagate/mtg-jamendo-dataset/06/1341306.mp3
166.7395918367347,114.84375,0.5072821102603662,0.6114804153442384,0.14459943771362305,0.2097126912154812,0.3900010765865176,0.10493816677478848,0.0011940587824493894,0.299999999999998,0.4683882938046014,0.658378138815984,/volumes/Seagate/mtg-jamendo-dataset/06/1417006.mp3
114.0,120.18531976744185,0.6283107389012832,0.14314555358886719,0.27525070309638977,0.6649770115717292,1.0,0.5136183001341215,0.00609374944388792,0.9542619082891226,0.6131922894810238,0.6764517952184956,/volumes/Seagate/mtg-jamendo-dataset/06/1378006.mp3
89.22402083333333,114.79591836734694,0.4568381818223227,0.47739837646484384,0.1844881922006607,0.15536471079090738,0.20960227136220713,0.14308107241263687,0.00015256014287492642,0.29999999989958887,0.315184944580687,0.7033787602761004,/volumes/Seagate/mtg-jamendo-dataset/06/1110506.mp3
113.55428571428571,99.38401442307692,0.6122094300745416,0.28226486206054685,0.2097058892250061,0.6381457739300849,0.8776615258155301,0.8161313247934647,0.0012793405585215317,0.6398562992405274,0.6437499829168051,0.6467441235376412,/volumes/Seagate/mtg-jamendo-dataset/06/39106.mp3
454.5385941043084,126.04801829268293,0.5432508995058525,0.5273651123046875,0.10083038359880447,0.1862243555126914,0.4214708787492569,0.14720765317024578,0.0004627285765342859,0.2780193553074268,0.3825287261070879,0.6597931928741521,/volumes/Seagate/mtg-jamendo-dataset/06/264006.mp3
97.84866213151928,151.99908088235293,0.5913620811955136,1.0,0.0779222846031189,0.43119182215296653,0.7913064424654342,0.07200273189253012,0.007731931154052347,0.2999999999997861,0.6146990014762389,0.605112222161875,/volumes/Seagate/mtg-jamendo-dataset/06/1404306.mp3
225.0,129.19921875,0.6050039330157245,0.7001842803955078,0.22049447894096375,0.6711592083517739,0.9763771698657835,0.4244123939691409,0.004715800026351293,0.8088285887451188,0.45277099645713853,0.6888238131273193,/volumes/Seagate/mtg-jamendo-dataset/06/1174506.mp3
68.26335600907029,126.04801829268293,0.5463453495636641,0.3620087280273438,0.18632760643959045,0.7659001391182181,1.0,0.5673336651733865,0.02012194916853145,0.5887180596389852,0.725705425106417,0.6219368532969692,/volumes/Seagate/mtg-jamendo-dataset/06/1167306.mp3
330.2177324263039,123.046875,0.5948288948693252,0.533026123046875,0.17133963108062744,0.9381201108629913,1.0,0.5498502353444588,0.011159727659627314,0.3852715100615873,0.6636199001621664,0.6289582871565926,/volumes/Seagate/mtg-jamendo-dataset/06/1361106.mp3
491.14984126984126,120.18531976744185,0.5868270444068378,0.7583247833251952,0.14361333847045898,0.469968672650434,0.7702267822679902,0.4202508496660431,0.0012154728872324878,0.2999999999951422,0.4939510683566933,0.6529105881780266,/volumes/Seagate/mtg-jamendo-dataset/06/1178806.mp3
296.27913832199545,129.19921875,0.5855926389589274,0.7806361618041993,0.11024930328130722,0.594668482880661,0.7946476276404242,0.35789701047480693,0.0009833141468373662,0.9675955468805368,0.5929014222483784,0.6211094647315949,/volumes/Seagate/mtg-jamendo-dataset/06/1381906.mp3
162.85916099773243,114.84375,0.5850815435259935,0.5308764495849609,0.30341270565986633,0.6597618282955521,1.0,0.31210366722999994,0.0037529399507987243,0.7394495780766168,0.6374959515536786,0.6817293837268161,/volumes/Seagate/mtg-jamendo-dataset/06/1353306.mp3
151.33333333333334,90.66611842105263,0.5681314336461091,0.6207514038085938,0.1741558164358139,0.6488018792125398,0.914253343364174,0.2533999457370868,0.0027696237232736165,0.7735882721278845,0.7176885875241579,0.6191583764120614,/volumes/Seagate/mtg-jamendo-dataset/06/1294206.mp3
220.22750566893424,117.45383522727273,0.5041557880779566,0.47962057495117194,0.12726786732673645,0.4718732476837461,0.6768319676983028,0.4076016195872856,0.0008162216704234914,0.6554577169479686,0.5174261154635434,0.6423312091449165,/volumes/Seagate/mtg-jamendo-dataset/06/1306506.mp3
293.5640816326531,120.18531976744185,0.5074512140451031,0.9259419250488281,0.09394583851099014,0.283329739510949,0.4088448786647971,0.14383241087809123,0.0008650680950385214,0.8967291251533434,0.5130931766431043,0.6312018665353356,/volumes/Seagate/mtg-jamendo-dataset/06/95106.mp3
154.99965986394557,120.18531976744185,0.532667295717356,0.6365945434570313,0.15165075659751892,0.637071977581319,0.931234977497986,0.35185854352738716,0.006169952166268621,0.29999998830487123,0.6672924906169786,0.6211357742517111,/volumes/Seagate/mtg-jamendo-dataset/06/74606.mp3
317.80349206349206,105.46875,0.5862521767841482,0.468604507446289,0.18469180166721344,0.44872443410528495,0.812700358055335,0.3056612380984627,0.0012890175118834483,0.3,0.5363567290969357,0.6592177027808097,/volumes/Seagate/mtg-jamendo-dataset/06/378306.mp3
225.61959183673468,135.99917763157896,0.5908756619360466,0.28846179199218747,0.23546969890594482,0.705694240958064,0.982514300110134,0.8713275953383183,0.0022604690966135867,0.6343283255541097,0.7449988433417704,0.635769322937786,/volumes/Seagate/mtg-jamendo-dataset/06/275106.mp3
237.59886621315192,129.19921875,0.5731129347405239,0.3534523010253906,0.18873819708824158,0.4504007721069295,0.7346133503156929,0.4242198244321933,0.0007453417010236244,0.299999999604464,0.513986123502888,0.6651485262511894,/volumes/Seagate/mtg-jamendo-dataset/06/1165006.mp3
126.17333333333333,135.99917763157896,0.5301091774461518,0.42326344299316404,0.16439145803451538,0.3870068162577382,0.5740505963765186,0.2508011885418817,0.0008537975118918345,0.45902496424727873,0.5088066798246941,0.6574195889274868,/volumes/Seagate/mtg-jamendo-dataset/06/1343806.mp3
149.5,129.19921875,0.5756650422791985,0.3619879150390625,0.25696128606796265,0.7259742944018647,0.9362496208657974,1.0,0.0015431875224883077,0.31626213045124163,0.5961108269104485,0.6732838976023768,/volumes/Seagate/mtg-jamendo-dataset/06/1179406.mp3
164.5,132.51201923076923,0.5800904113486436,0.5087708435058592,0.3184124529361725,0.6869602365246347,0.9965629929448369,0.7265727825603473,0.0022119691399741827,0.5103380225881348,0.6225814105867334,0.6901122009396754,/volumes/Seagate/mtg-jamendo-dataset/06/1417906.mp3
217.41714285714286,99.38401442307692,0.5334419244108792,0.4431210937500001,0.0861034244298935,0.4219777013182518,0.7176316458979595,0.2594289971307894,0.0010056141497505851,0.9128009143024595,0.439057771848729,0.6431856784250158,/volumes/Seagate/mtg-jamendo-dataset/06/81806.mp3
30.268866213151927,151.99908088235293,0.5401354190810821,0.7647708511352539,0.12072212994098663,0.2738193023054605,0.632191499747503,0.20109232380667363,0.0004922271396840612,0.2999999999999992,0.4707145712894989,0.6493170525208554,/volumes/Seagate/mtg-jamendo-dataset/06/1163806.mp3
51.227981859410434,103.359375,0.5901438781366943,1.0,0.06246841698884964,0.2548499327988254,0.6386459361163318,0.10950130711368297,0.005759750538491084,0.29999999663032667,0.5277497558883536,0.6169386789383152,/volumes/Seagate/mtg-jamendo-dataset/06/394606.mp3
233.12786848072562,135.99917763157896,0.5085288518059734,1.0,0.11700976639986038,0.35385586235846195,0.5819947325857325,0.22240234185210378,0.001258686817518098,0.2999742212001036,0.455086444070578,0.6511062270898341,/volumes/Seagate/mtg-jamendo-dataset/06/349106.mp3
312.6073469387755,120.18531976744185,0.5926333286879506,0.24776351928710938,0.16148008406162262,0.5233862113529524,0.7351767738907756,0.6554681937668371,0.0006448126485462832,0.7955613491266513,0.6296708941854965,0.6321986514250849,/volumes/Seagate/mtg-jamendo-dataset/06/422006.mp3
249.82,139.6748310810811,0.5545621096835518,0.5469685745239257,0.042938511818647385,0.5235355731588719,0.8089306415739378,0.3571106662827944,0.000671922170409061,0.43341823121422124,0.5814868738945793,0.5991604894757973,/volumes/Seagate/mtg-jamendo-dataset/06/1266806.mp3
78.72,126.04801829268293,0.6448523329829282,0.924730224609375,0.07738042622804642,0.17415888992243603,0.46518161088145366,0.06094431715589829,0.003974996850345022,0.669895345867324,0.3240627671367442,0.6630444000147478,/volumes/Seagate/mtg-jamendo-dataset/06/1370406.mp3
305.3126303854875,139.6748310810811,0.5700139314470958,0.4202393341064453,0.0827254205942154,0.12292231486478404,0.26395286978305493,0.13192768067311064,0.0003814650812950093,0.29999999969252805,0.4781792318900321,0.6341453050359112,/volumes/Seagate/mtg-jamendo-dataset/06/889606.mp3
233.25662131519275,97.50884433962264,0.5713475962749517,0.8671032485961914,0.03519175946712494,0.32569014344572883,0.7029992895406345,0.1263111637686156,0.0005277394793238379,0.2999999912439457,0.3935947414970532,0.6339500851087543,/volumes/Seagate/mtg-jamendo-dataset/06/181806.mp3
540.76,114.84375,0.6362800750953108,1.0,0.13291069865226746,0.5724561264544821,0.8218022211388565,0.3996866520256082,0.004084578542737374,0.5962708889027826,0.5477874004116583,0.6382903714324847,/volumes/Seagate/mtg-jamendo-dataset/06/12306.mp3
213.25,120.18531976744185,0.5858992642185402,0.6096383819580078,0.15942902863025665,0.7148584469062532,0.874925101199706,0.47830797994391094,0.0014751341448623798,0.29999999991877707,0.6606965644998236,0.6252551374069276,/volumes/Seagate/mtg-jamendo-dataset/06/1371306.mp3
76.8,126.04801829268293,0.570083124830763,0.6805803680419922,0.1791389286518097,0.6769202984163231,0.9592095162527263,0.20723523166307845,0.004731651839872476,0.8723851529232043,0.6758412012646431,0.6293217740617228,/volumes/Seagate/mtg-jamendo-dataset/06/1164206.mp3
230.79031746031745,92.28515625,0.5618422799653526,0.6928882446289063,0.2023453563451767,0.3390854916305528,0.6605308697324966,0.23810369810524407,0.0008950868702078556,0.2999999991936927,0.4746116173238563,0.6779220048194923,/volumes/Seagate/mtg-jamendo-dataset/06/683806.mp3
181.59294784580499,114.84375,0.5631211852057932,0.9133957214355469,0.20278427004814148,0.4909548733346711,0.7748643911141847,0.268377819566458,0.0012762570047610293,0.5163313713772544,0.49480302486815825,0.6740417322436993,/volumes/Seagate/mtg-jamendo-dataset/06/1420706.mp3
120.0,99.38401442307692,0.5404072524485739,0.6944429397583007,0.1295473724603653,0.378999420904488,0.7508432442362742,0.13140999018349317,0.0016018245775640367,0.802555942185281,0.40492539256806726,0.6656519755721181,/volumes/Seagate/mtg-jamendo-dataset/06/1317806.mp3
564.1404081632653,120.18531976744185,0.634918010257012,0.20619711303710936,0.23936580121517181,0.4390202097263452,0.7661543275031679,0.47430601845531134,0.0005110396307278843,0.29999999998136484,0.5471185804563449,0.6767479723461929,/volumes/Seagate/mtg-jamendo-dataset/06/191406.mp3
585.9798412698412,120.18531976744185,0.5792412674917253,0.34156750488281246,0.2631911635398865,0.5756007551035199,0.7721845707719142,0.6640779204336731,0.0008086867866853562,0.7033416474017036,0.6529021401631402,0.6641683908417311,/volumes/Seagate/mtg-jamendo-dataset/06/197006.mp3
75.75090702947846,123.046875,0.5691582282768881,0.5263970947265624,0.06531993299722672,0.09682941243645563,0.2608682731447068,0.1503874404261284,0.0003328060759771451,0.2999197828835186,0.292076426384976,0.6650998906020065,/volumes/Seagate/mtg-jamendo-dataset/06/1384406.mp3
264.91578231292516,129.19921875,0.5637419460389733,0.6467086181640624,0.32855886220932007,0.644154034009216,1.0,0.31469913568449387,0.005643724841707521,0.29999999988878884,0.5429204280669021,0.7096971047819748,/volumes/Seagate/mtg-jamendo-dataset/06/1075906.mp3
153.16222222222223,103.359375,0.5965168546989406,0.7375545959472659,0.19810594618320465,0.37548319357677706,0.7175412502095309,0.20871896219909672,0.0013773910854128712,0.363991063721788,0.4118833719417195,0.6889414662376098,/volumes/Seagate/mtg-jamendo-dataset/06/1061406.mp3
61.714285714285715,139.6748310810811,0.5684469411690145,1.0,0.22260931134223938,0.5467498297097563,0.8562088967295214,0.18308098882343224,0.0024830269933636133,0.3,0.5656492501271295,0.6670095020577802,/volumes/Seagate/mtg-jamendo-dataset/06/1304006.mp3
145.482947845805,103.359375,0.5372883162549965,0.8330904388427735,0.017725875601172447,0.3496161162753684,0.5366220699173574,0.08669387723324205,0.0013661488137443228,0.5960213232838839,0.5213257344893991,0.6021161683185422,/volumes/Seagate/mtg-jamendo-dataset/06/1193306.mp3
1000.2657369614512,120.18531976744185,0.6301330649298333,0.7285150909423828,0.06977516412734985,0.2682679050937773,0.46114849926424956,0.16054055094615666,0.00023656358730669787,0.4264578713466834,0.38836593627317817,0.6474458718312104,/volumes/Seagate/mtg-jamendo-dataset/06/45106.mp3
212.58666666666667,151.99908088235293,0.5788257387763169,0.5311181640625,0.22586636245250702,0.7751353996845098,0.9864641370707147,0.5274478488873142,0.0038657779124290524,0.8929416487600057,0.8122826533766203,0.6188553598075784,/volumes/Seagate/mtg-jamendo-dataset/06/1115106.mp3
235.7708843537415,120.18531976744185,0.5679415468798321,0.5478947830200195,0.11195969581604004,0.6551646889012946,0.9863164995955878,0.33481266544002847,0.003019686120897065,0.299999999999999,0.6634010643792492,0.6076252776179246,/volumes/Seagate/mtg-jamendo-dataset/06/625206.mp3
248.0,120.18531976744185,0.5987816613861268,0.9438779449462891,0.1717783361673355,0.8065559692432225,0.9978181276104618,0.401785793804757,0.006096116326822231,0.4901809572327102,0.664958170915086,0.6288485668372236,/volumes/Seagate/mtg-jamendo-dataset/06/891906.mp3
322.2175056689342,126.04801829268293,0.6093159083664503,0.5349232635498047,0.24208827316761017,0.5863857438175331,0.7294273660873442,0.39896529966236466,0.0005453893470434155,0.8530674892513692,0.6848444067204078,0.6501828969962582,/volumes/Seagate/mtg-jamendo-dataset/06/132206.mp3
91.16734693877551,120.18531976744185,0.5833224991311448,1.0,0.0516294464468956,0.7907582532724254,1.0,0.24653682141049096,0.004418479324680257,0.3,0.8451834338433037,0.5495499139522216,/volumes/Seagate/mtg-jamendo-dataset/06/128306.mp3
191.40419501133786,90.66611842105263,0.5848130574350472,0.6775420379638671,0.1617160588502884,0.7218342372940515,0.9665272686564887,0.5430995891811287,0.001868808344964894,0.7849750766016664,0.6652957427712772,0.6251586326318483,/volumes/Seagate/mtg-jamendo-dataset/06/1192106.mp3
256.62666666666667,114.84375,0.6002261240219345,0.29943582153320314,0.2247851938009262,0.4175643844249875,0.6725602083744538,0.676704139191229,0.0003336883140534045,0.299999681369546,0.5868028979859972,0.663562090171134,/volumes/Seagate/mtg-jamendo-dataset/06/7206.mp3
170.00489795918367,129.19921875,0.5688629824826976,0.5918577804565429,0.13019192218780518,0.47370861078557563,0.6760502031691843,0.38274028820594136,0.000634606076514189,0.2999999999992753,0.6237187050173103,0.6221253509841479,/volumes/Seagate/mtg-jamendo-dataset/06/1031806.mp3
142.31795918367348,120.18531976744185,0.583712565936146,0.5028611145019533,0.2593470811843872,0.7631935218311412,1.0,0.5750984344006096,0.0033301159569587343,0.9599383123741074,0.7299541472461155,0.6473741197771563,/volumes/Seagate/mtg-jamendo-dataset/06/1420506.mp3
217.33877551020407,126.04801829268293,0.5713441685788163,0.18223907470703124,0.34701451659202576,0.6091904036995612,0.895925074628926,0.6601713740015451,0.0010004876366077613,0.7701759745969409,0.6546947052450193,0.6939862849241254,/volumes/Seagate/mtg-jamendo-dataset/06/786206.mp3
465.1211337868481,129.19921875,0.6019314291029115,0.835624237060547,0.1763988733291626,0.8353403483736396,1.0,0.3052965968842975,0.012270157617736262,0.3674948104195787,0.769973202362529,0.6095089539259927,/volumes/Seagate/mtg-jamendo-dataset/06/1097206.mp3
191.98798185941044,161.4990234375,0.559603358629168,0.6743214263916016,0.07030511647462845,0.31311681291765076,0.5444404038469047,0.2128108882225667,0.0003721650587795265,0.29999999999876586,0.5173376846602571,0.6218423049988149,/volumes/Seagate/mtg-jamendo-dataset/06/1154906.mp3
338.13544217687075,156.60511363636363,0.5798933523247474,0.1953494567871094,0.2613365352153778,0.50141793395557,0.7802406076892667,0.566102711190202,0.0005991639562078458,0.6493699862776232,0.6768987705792162,0.6587013985616927,/volumes/Seagate/mtg-jamendo-dataset/06/1096306.mp3
389.61632653061224,161.4990234375,0.5907566202632223,0.5054858093261718,0.1903354972600937,0.441545285045209,0.6720338474763698,0.297994722073029,0.0006013709000843139,0.2999999999480085,0.669506036550513,0.6346195717035311,/volumes/Seagate/mtg-jamendo-dataset/06/23106.mp3
285.0220408163265,107.666015625,0.5663921976571882,0.5509052886962892,0.12833186984062195,0.28398087823539514,0.5076770471799097,0.2050813173712185,0.0003954054930713467,0.2999999075265439,0.39575022369581414,0.667049428403461,/volumes/Seagate/mtg-jamendo-dataset/06/478506.mp3
226.5671655328798,135.99917763157896,0.5456505363778175,0.3553845825195313,0.19586072862148285,0.2605754056884303,0.49799982478412985,0.21261668635133701,0.0003137817439410413,0.29999471071990874,0.5321206987906971,0.6640857225455944,/volumes/Seagate/mtg-jamendo-dataset/06/1271906.mp3
284.57142857142856,139.6748310810811,0.5755440681415792,0.7078472900390625,0.14537261426448822,0.5302197621723852,0.7069697599686815,0.2888491080659654,0.001056137169228193,0.29999999999980576,0.5637199786461626,0.6395901454059832,/volumes/Seagate/mtg-jamendo-dataset/06/1265806.mp3
253.19038548752835,103.359375,0.5736175466186642,0.6250041198730468,0.20951984822750092,0.50447921992884,0.8092827614113501,0.3123863609675576,0.0020970354836020886,0.6893158399695922,0.4979462083592562,0.675837903690049,/volumes/Seagate/mtg-jamendo-dataset/06/1172906.mp3
106.29333333333334,129.19921875,0.6018909826401946,0.2661518859863281,0.26458507776260376,0.5041143223804037,0.7985828423084816,0.840194354761372,0.0006472909386730018,0.29999988366063257,0.5363095249595187,0.6879887230026336,/volumes/Seagate/mtg-jamendo-dataset/06/172106.mp3
244.06204081632654,120.18531976744185,0.5103809441844712,0.6311230926513673,0.06507463753223419,0.36087275584805983,0.6107326689123673,0.09178305654239113,0.005020370050830643,0.8373551707656735,0.5386462969376987,0.6156976101240645,/volumes/Seagate/mtg-jamendo-dataset/06/374606.mp3
178.9126530612245,99.38401442307692,0.5663369046000037,0.4157536315917969,0.25197792053222656,0.24582894952460557,0.5960576609434289,0.12539696858911356,0.0029740816497258286,0.785961135827763,0.34573301789413413,0.7215654478127748,/volumes/Seagate/mtg-jamendo-dataset/06/173506.mp3
219.42933333333335,117.1875,0.5650745369426081,0.2895882568359376,0.09019623696804047,0.25319165593777665,0.6039511984568956,0.22577289519735563,0.00020704893546932403,0.5719340976870724,0.5153365164757228,0.62940334201335,/volumes/Seagate/mtg-jamendo-dataset/06/1068406.mp3
332.1991836734694,120.18531976744185,0.5661102155198712,0.5527691040039063,0.23827749490737915,0.8411064502442436,0.966426617585536,0.5295855516743466,0.002180081160650892,0.8308109100658156,0.7803706395348837,0.6297057702596797,/volumes/Seagate/mtg-jamendo-dataset/06/81506.mp3
79.81342403628118,126.04801829268293,0.5562259721832941,0.26893826293945317,0.1471916139125824,0.32439810566120036,0.6294902846887152,0.3876647450110865,0.0003369570395742898,0.7248897365615781,0.45529442663702957,0.6619300956811238,/volumes/Seagate/mtg-jamendo-dataset/06/1276506.mp3
340.62018140589566,129.19921875,0.5403965630510095,0.340447998046875,0.26137733459472656,0.30950415884695165,0.5641758682951105,0.3121171436670909,0.0003403964372491091,0.2999999999952211,0.44802606772479214,0.7044906269091431,/volumes/Seagate/mtg-jamendo-dataset/06/1315106.mp3
298.9801360544218,147.65625,0.5850459585319789,0.55369970703125,0.246286079287529,1.0,1.0,1.0,0.02538652691442187,0.8382718586765905,0.8353124999999999,0.6216004885435105,/volumes/Seagate/mtg-jamendo-dataset/06/1163506.mp3
205.83333333333334,129.19921875,0.6157496457206054,0.5724676361083985,0.11700230836868286,0.12012121767893895,0.28638519192637735,0.1185682252761614,0.0006773052785523368,0.2579077943810067,0.2910249771143202,0.6839158355898618,/volumes/Seagate/mtg-jamendo-dataset/06/1365306.mp3
294.4543990929705,112.34714673913044,0.5623468568185399,0.4607645263671874,0.13976891338825226,0.453561022554552,0.7313896122796901,0.46546005656405576,0.00037710862014373917,0.9356577176203815,0.48020662408831394,0.6542754840021081,/volumes/Seagate/mtg-jamendo-dataset/06/1216106.mp3
298.2661224489796,95.703125,0.5423118263317643,0.5933071899414063,0.1561722755432129,0.4047615377570503,0.7267806344657516,0.22434030708295874,0.001109752946793457,0.3621745185696176,0.4151305851053519,0.6731959021744862,/volumes/Seagate/mtg-jamendo-dataset/06/468606.mp3
560.3379591836734,114.84375,0.5990679666723078,0.34544364929199217,0.3110118806362152,0.48587929778631406,0.7591277325959952,0.5997305470319746,0.0006339552072297817,0.5649319084073694,0.5072855539617074,0.710507166236696,/volumes/Seagate/mtg-jamendo-dataset/06/1226706.mp3
329.3452380952381,151.99908088235293,0.6055022285832317,0.926898666381836,0.2505645453929901,0.6583838588751424,0.9510908949621409,0.19977628519940022,0.0062926732836268914,0.7829691242572847,0.6322399694557665,0.6637552424503231,/volumes/Seagate/mtg-jamendo-dataset/06/321106.mp3
201.9998125,137.1951219512195,0.5331861603895165,0.49494703674316404,0.13067865371704102,0.2734971347550476,0.6062370712268031,0.10237205360753576,0.0023628394287970086,0.29997855782153277,0.33758028443791704,0.6795282584505514,/volumes/Seagate/mtg-jamendo-dataset/06/1115706.mp3
79.47573696145125,123.046875,0.6287865599817577,0.6320277023315429,0.0213957279920578,0.14482662299285962,0.49107122032583067,0.1115438603991649,0.0004941363201134886,0.9385312085165054,0.2984510890852,0.6480122442601007,/volumes/Seagate/mtg-jamendo-dataset/06/1125406.mp3
309.52,99.38401442307692,0.5484297335404528,0.5678960113525391,0.07216507196426392,0.3017001577735509,0.5231931394505945,0.23239657475344444,0.0003449098504826413,0.3,0.3855187390627036,0.6488756780945942,/volumes/Seagate/mtg-jamendo-dataset/06/80706.mp3
266.26492063492066,151.99908088235293,0.5529338433936744,0.31875976562499997,0.16326716542243958,0.5637707893258307,1.0,0.22263980389967405,0.006533632338734867,0.29999999998483123,0.5733353452118165,0.644109110509715,/volumes/Seagate/mtg-jamendo-dataset/06/941406.mp3
132.7004761904762,123.046875,0.5207783968678148,0.41271936035156254,0.15186092257499695,0.2322305552229144,0.5263606166497489,0.2446360668331093,0.0002483140343710364,0.565205123734396,0.3998694655500418,0.6746960390169905,/volumes/Seagate/mtg-jamendo-dataset/06/1384506.mp3
135.03485260770975,109.95678191489361,0.572726695339505,1.0,0.09088578075170517,0.7788592872493525,0.8324283702627789,0.13296593837746476,0.004080236749126224,0.3,0.6646283856421253,0.5997932039421887,/volumes/Seagate/mtg-jamendo-dataset/06/860806.mp3
291.02961451247165,112.34714673913044,0.5558066431305935,0.47586963653564446,0.08473780751228333,0.16709612609736882,0.29432848310313287,0.2527556266467404,6.99795120025494e-05,0.29671223969559707,0.36462133319531886,0.6575813440653583,/volumes/Seagate/mtg-jamendo-dataset/06/1066206.mp3
187.0457142857143,139.6748310810811,0.5770802654369699,0.5018226623535156,0.20731501281261444,0.7887640972648222,1.0,0.27360218968709454,0.003994281296011217,0.7914887424854664,0.6669009823360117,0.6412532081453388,/volumes/Seagate/mtg-jamendo-dataset/06/1027606.mp3
312.35485260770974,132.51201923076923,0.5974496193562222,0.614801025390625,0.33018219470977783,0.89854100736446,1.0,0.6384226342913867,0.010379361209968846,0.34872790095595524,0.7839158060814047,0.6620824288792391,/volumes/Seagate/mtg-jamendo-dataset/06/383006.mp3
413.1439455782313,135.99917763157896,0.6214188938940796,0.33738662719726564,0.1583455353975296,0.12865135106094494,0.2906513470434025,0.23661620834721245,6.879704097748685e-05,0.29639075041265545,0.3786211390921551,0.6812801649246796,/volumes/Seagate/mtg-jamendo-dataset/06/1247106.mp3
181.62160997732425,120.18531976744185,0.5550583616520057,0.5110594024658204,0.2667841613292694,0.5803040085754492,0.8710904893478624,0.33192059918553674,0.002451400439096487,0.4172023210843493,0.6266897175984276,0.6707043545588514,/volumes/Seagate/mtg-jamendo-dataset/06/1215806.mp3
158.7471882086168,93.96306818181819,0.6106768873709785,0.303361083984375,0.37363553047180176,0.557120031282707,0.8062381144161394,0.6677201168676892,0.0008416849117081526,0.6431975598403545,0.4874872293268198,0.7370113451044846,/volumes/Seagate/mtg-jamendo-dataset/06/863506.mp3
296.1658276643991,132.51201923076923,0.5644443363407399,0.3343162994384767,0.22353391349315643,0.5572392640993081,0.8090531640098199,0.6578755342237861,0.001164976371811574,0.29999993074088993,0.4933417892558284,0.6818038510063706,/volumes/Seagate/mtg-jamendo-dataset/06/902706.mp3
273.1066666666667,139.6748310810811,0.5592568961099939,1.0,0.009366106241941452,0.1819935633457036,0.4572473293420518,0.07220171615081225,0.0015518819926867392,0.26715195513395007,0.33407964899094567,0.6365558684489098,/volumes/Seagate/mtg-jamendo-dataset/06/1169706.mp3
152.3478231292517,114.84375,0.6039465308547541,1.0,0.11293384432792664,0.37673501154390365,0.6232596289427905,0.255563217066294,0.0006516667978871627,0.29999999580473774,0.46570206162826044,0.6475157716324015,/volumes/Seagate/mtg-jamendo-dataset/06/891606.mp3
252.0,139.6748310810811,0.5814050593610555,0.34834266662597657,0.09165041893720627,0.42845995672032505,0.6924510052244007,0.4803648760711324,0.0004072896222751191,0.2999999895485558,0.5429355184124084,0.6244070471349126,/volumes/Seagate/mtg-jamendo-dataset/06/1110106.mp3
336.0914285714286,129.19921875,0.5994766568629996,0.37509744262695316,0.23627899587154388,0.6485303087726206,0.9176949962789956,0.5824028632355134,0.0030984574406869897,0.5530541073567249,0.6103203249348733,0.6629963735267811,/volumes/Seagate/mtg-jamendo-dataset/06/434206.mp3
359.7866666666667,129.19921875,0.5895267131594739,0.2782294921875001,0.17763322591781616,0.6176125773117728,0.7946713340235472,0.9722974366239306,0.0006605729760052857,0.299999999833591,0.6209905893706988,0.6397498434562741,/volumes/Seagate/mtg-jamendo-dataset/06/1056506.mp3
144.87510204081633,95.703125,0.6145766081340829,0.667322509765625,0.08944043517112732,0.7645445695085666,1.0,0.6587418081889771,0.00254026045284176,0.8298132702394583,0.5980982606107741,0.6125789045394511,/volumes/Seagate/mtg-jamendo-dataset/06/455306.mp3
258.08027210884353,109.95678191489361,0.5833024048030728,0.5174334869384766,0.1368793547153473,0.4812036647597176,0.7303220851520855,0.3388139517022701,0.0005582215118544327,0.2999999999632143,0.4798746468129015,0.6533016383349447,/volumes/Seagate/mtg-jamendo-dataset/06/890106.mp3
162.0241723356009,107.666015625,0.5851229958106783,0.39853988647460936,0.22059355676174164,0.5528161286950087,0.7688525411090655,0.823196596970269,0.0005525955232114531,0.29999963411053204,0.5329559953750634,0.6728224813592143,/volumes/Seagate/mtg-jamendo-dataset/06/1368806.mp3
309.3608163265306,161.4990234375,0.5619410775288143,0.40067803955078135,0.20297056436538696,0.45570975121352086,0.84193759486101,0.3643748850142834,0.0009327939741085796,0.2999999999999616,0.5607354981766164,0.6609223035362161,/volumes/Seagate/mtg-jamendo-dataset/06/1143406.mp3
255.8091156462585,99.38401442307692,0.5453622955267892,0.3574440307617187,0.2261992245912552,0.5113074156511704,0.7469890755717804,0.568897734543289,0.0006065602758515612,0.63061602625707,0.48226684320927327,0.6849783522109972,/volumes/Seagate/mtg-jamendo-dataset/06/983606.mp3
150.0,129.19921875,0.567746836818638,1.0,0.10811514407396317,0.47357427091418286,0.5382579016626237,0.26578796345239,0.0016473080248826937,0.3,0.5640999428978568,0.6261014632870554,/volumes/Seagate/mtg-jamendo-dataset/06/764606.mp3
146.095306122449,139.6748310810811,0.5306871007443785,0.595738037109375,0.11141441762447357,0.192405354361128,0.4286642565868332,0.18594576155551765,0.00021469975611508013,0.29999021086148664,0.42698056705003246,0.6547130769348041,/volumes/Seagate/mtg-jamendo-dataset/06/1399806.mp3
144.0,112.34714673913044,0.5761501841848069,0.6213020782470704,0.20365019142627716,0.5321096084748056,0.7306568007153953,0.4323562029557735,0.0006753177068399551,0.3,0.5198457989094326,0.6693449091315733,/volumes/Seagate/mtg-jamendo-dataset/06/1248606.mp3
510.0073922902494,123.046875,0.534763990117753,0.4334303588867187,0.0997500941157341,0.35896697452665477,0.6417490238885524,0.24494436421520535,0.0008110223336486633,0.2999984260812697,0.3878818847932815,0.6583336569230079,/volumes/Seagate/mtg-jamendo-dataset/06/1178106.mp3
212.86666666666667,105.46875,0.6075863713702001,0.9475203552246094,0.1464724838733673,0.20309648951254752,0.4004008516884208,0.13571936919260114,0.0004335238080273492,0.2999999983627346,0.44374466198817236,0.6639811617967777,/volumes/Seagate/mtg-jamendo-dataset/06/530906.mp3
150.0,126.04801829268293,0.5524648177336875,0.4783879089355469,0.11546981334686279,0.2995237146545283,0.549536015414853,0.24054821415087216,0.0002177512645262397,0.28665011790831607,0.5679569493679664,0.6279777429312774,/volumes/Seagate/mtg-jamendo-dataset/06/981206.mp3
184.19451247165532,156.60511363636363,0.5897909646035401,0.28646858215332033,0.2349703460931778,0.6410106501506777,1.0,0.5013700104226556,0.0015354821736343522,0.8884680660390589,0.637448525367563,0.6570996195200314,/volumes/Seagate/mtg-jamendo-dataset/06/1277606.mp3
153.00024943310657,156.60511363636363,0.5252676484092507,0.5320578308105469,0.02360599674284458,0.1616342709805728,0.3067597132464353,0.08949196707992575,0.0007689280521750482,0.2999897224279079,0.3791298634982936,0.6326721861277653,/volumes/Seagate/mtg-jamendo-dataset/06/1221306.mp3
92.0,117.45383522727273,0.6144724077434048,0.6233699798583985,0.046970684081315994,0.30592066264541207,0.7408460714917893,0.08917934908055705,0.0030991241421944164,0.29996507854017473,0.5094309247307537,0.615023261323123,/volumes/Seagate/mtg-jamendo-dataset/06/342506.mp3
277.4204081632653,90.66611842105263,0.5769916942776587,0.6813495635986329,0.08909747749567032,0.6192022725722395,0.8932760551215261,0.4901557154172145,0.001211295033531269,0.29999999879112255,0.629849488412831,0.606105194215875,/volumes/Seagate/mtg-jamendo-dataset/06/22606.mp3
90.0,105.46875,0.5419851533578116,0.46845396423339836,0.08402880281209946,0.16760104992012329,0.326040175510628,0.18959072717662162,8.378608181945226e-05,0.5156381367940547,0.3508226524680984,0.6600858385187361,/volumes/Seagate/mtg-jamendo-dataset/06/1116406.mp3
270.36,107.666015625,0.5804633462317502,0.6247408294677734,0.08374036848545074,0.645766341056252,0.9162901346920771,0.38955661433627264,0.0010670069462263923,0.29999999999924437,0.5451255520762865,0.621121422239505,/volumes/Seagate/mtg-jamendo-dataset/06/680606.mp3
266.2440589569161,120.18531976744185,0.5687332572286705,0.8978544616699218,0.13856330513954163,0.28710521909620307,0.5248261539859551,0.22609255168555698,0.00026739740519734063,0.29999552763182397,0.4318491832359175,0.6635129532030515,/volumes/Seagate/mtg-jamendo-dataset/06/1254006.mp3
258.35208616780045,120.18531976744185,0.544321233347179,0.36530541992187493,0.27797964215278625,0.5749886943343109,0.9101821463076316,0.33608206292821025,0.0017636122489903183,0.3944517651495214,0.7402073390305651,0.6520312033688901,/volumes/Seagate/mtg-jamendo-dataset/06/1126406.mp3
270.60938775510203,129.19921875,0.5702285398138868,0.39560031127929685,0.22902531921863556,0.8035942915824856,1.0,0.9786882278278358,0.003462346057419142,0.9527534055341779,0.6985614127053927,0.6427368323776302,/volumes/Seagate/mtg-jamendo-dataset/06/352006.mp3
200.5,90.66611842105263,0.5786847175680361,1.0,0.12774905562400818,0.5213724475234257,0.8573738071637271,0.26429844506899036,0.0017977248821234811,0.3,0.45365102456980594,0.6552594551106817,/volumes/Seagate/mtg-jamendo-dataset/06/1028806.mp3
214.84659863945578,120.18531976744185,0.5958852161706406,0.3978514099121094,0.1689872294664383,0.7501921050394474,1.0,0.5364535694422112,0.006284399526099869,0.4922224070198005,0.6083474372067201,0.6391659151665737,/volumes/Seagate/mtg-jamendo-dataset/06/1312606.mp3
237.72115646258504,156.60511363636363,0.5987540572180787,0.2526825714111328,0.42502644658088684,0.8301413739532548,1.0,1.0,0.004368420374696312,0.7599295071164383,0.7599097359963549,0.7010275735698482,/volumes/Seagate/mtg-jamendo-dataset/06/242906.mp3
280.0569791666667,108.17307692307692,0.588469484600137,0.3384819793701172,0.11071807146072388,0.49368161800199567,0.6754016228256595,0.6212608314382961,0.0001854161657286523,0.695462397434392,0.5134004271528303,0.6371784202952946,/volumes/Seagate/mtg-jamendo-dataset/06/1030906.mp3
280.9846712018141,112.34714673913044,0.5978308620771231,0.5156975708007812,0.09079765528440475,0.32579518987847567,0.5359574062919732,0.3503220221641542,0.00019710541898808757,0.2999943781669109,0.47454693666457204,0.6377777685694713,/volumes/Seagate/mtg-jamendo-dataset/06/1143806.mp3
201.8,114.84375,0.5191607051700908,0.8570411148071289,0.0537555068731308,0.11541311359590047,0.2439019170434754,0.14143394764979753,0.00021315754795563516,0.261269390035373,0.27334609120910197,0.6646827642325067,/volumes/Seagate/mtg-jamendo-dataset/06/1374306.mp3
235.4370068027211,120.18531976744185,0.5439448108189153,0.38943624877929695,0.04423600807785988,0.24427549924458752,0.5153269174703934,0.16128302858056937,0.0004450265080215696,0.6484665791753494,0.3882773667743959,0.6382694895531504,/volumes/Seagate/mtg-jamendo-dataset/06/188706.mp3
151.33333333333334,120.18531976744185,0.553504211046749,0.4223569030761719,0.1804204285144806,0.5293396273381334,0.7554023498381379,0.5674111912580575,0.0008834973068764645,0.3446794381830065,0.6325751282643154,0.63843632861235,/volumes/Seagate/mtg-jamendo-dataset/06/1333706.mp3
242.02666666666667,139.6748310810811,0.5849922965281704,0.49638729858398434,0.11103302985429764,0.6464790053924974,1.0,0.3920573469657563,0.004792484807764173,0.6018827341078881,0.680992236038708,0.6037734435398056,/volumes/Seagate/mtg-jamendo-dataset/06/271106.mp3
431.28743764172333,156.60511363636363,0.4810698060003422,0.4931876220703126,0.17705751955509186,0.5516086145155267,0.8225603081280556,0.27563529596371633,0.0015665172251906497,0.6688166721438566,0.70515445008584,0.622709817022665,/volumes/Seagate/mtg-jamendo-dataset/06/1129606.mp3
192.0257142857143,161.4990234375,0.5622945828513066,0.446002182006836,0.2159450501203537,0.36639446725607566,0.5596696448060513,0.3819733388385879,0.00026783679108130054,0.299999999999218,0.6384115277496296,0.6500579124934014,/volumes/Seagate/mtg-jamendo-dataset/06/40306.mp3
190.22666666666666,114.84375,0.5432602604045476,0.8064400939941407,0.16846588253974915,0.7947897931579985,1.0,0.43188192650922547,0.01463800480247093,0.668487527084119,0.7418576963250505,0.6122761784492996,/volumes/Seagate/mtg-jamendo-dataset/06/1319506.mp3
300.0044671201814,139.6748310810811,0.6041160354250368,0.32020416259765627,0.5974427461624146,0.7459873766953632,0.9662563098156285,1.0,0.0028337388391978563,0.9130441100804803,0.7524656069779093,0.7645862672228874,/volumes/Seagate/mtg-jamendo-dataset/06/1319906.mp3
243.64,99.38401442307692,0.5850302125265197,0.6708067321777343,0.09437930583953857,0.45485543757601227,0.9135195314537445,0.2584831234760456,0.002613206875270931,0.9572818912332534,0.6243767675223562,0.6091011965977626,/volumes/Seagate/mtg-jamendo-dataset/06/148306.mp3
229.82197278911565,109.95678191489361,0.5524987141525836,0.6420523834228515,0.16786716878414154,0.3851057974818894,0.7073067982714788,0.1875840894193949,0.0019407277833020208,0.7497571445795502,0.6401632602904448,0.632399528704202,/volumes/Seagate/mtg-jamendo-dataset/06/429006.mp3
261.28,135.99917763157896,0.5263952927102729,0.7413875427246093,0.10714847594499588,0.49989422208141876,0.8763908648136283,0.14976552635999588,0.005122656207964968,0.9315538580936373,0.5329153122498534,0.6319903888902278,/volumes/Seagate/mtg-jamendo-dataset/06/75206.mp3
2296.0533333333333,119.68085106382979,0.5857183515693483,0.8730569458007813,0.1356467306613922,0.36821030986767156,0.6197249246427775,0.09971188021613743,0.004698705225117694,0.5805396307675996,0.5397494283534972,0.6408829373674018,/volumes/Seagate/mtg-jamendo-dataset/06/686006.mp3
53.53272916666667,100.44642857142857,0.5421150412397235,0.6151562194824219,0.13532650470733643,0.15546396098621004,0.3798086004579819,0.050149918116037105,0.0024419597734433966,0.33391986142637553,0.4213055331935811,0.664456435055925,/volumes/Seagate/mtg-jamendo-dataset/06/1112006.mp3
235.15151927437643,99.38401442307692,0.5986463059361948,0.3882899475097657,0.22999756038188934,0.3864001579682493,0.8124644782549459,0.2652259303634754,0.001459470768238312,0.8210305728216843,0.39733450023774713,0.7033322216899307,/volumes/Seagate/mtg-jamendo-dataset/06/1337806.mp3
252.00326530612244,101.33272058823529,0.5590304250128129,0.5337374877929687,0.29719433188438416,0.5051073494307385,0.8070552403291278,0.4471448829479541,0.001211316289047481,0.29999999999994764,0.4679971661516342,0.7133905262480514,/volumes/Seagate/mtg-jamendo-dataset/06/330506.mp3
313.65514739229025,139.6748310810811,0.5306692010018446,0.710482177734375,0.1455552875995636,0.8570215355133615,0.8066474867601855,0.5352369826766706,0.002356248041035235,0.6015698292845861,0.7293496621621622,0.6065299711034104,/volumes/Seagate/mtg-jamendo-dataset/06/146606.mp3
197.18775510204082,114.84375,0.5786754023354448,0.36255422973632817,0.1801941841840744,0.7682833982417896,1.0,0.8781986975595396,0.003803103091338162,0.6152500218901155,0.6404987477978628,0.6367701567466942,/volumes/Seagate/mtg-jamendo-dataset/06/1379106.mp3
46.05909297052154,126.04801829268293,0.531773043812303,0.6467948608398436,0.08280060440301895,0.34188402967843545,0.5161885771169322,0.3528754425649095,0.00014458216477435863,0.29989787495642917,0.4768600009417186,0.634436217396743,/volumes/Seagate/mtg-jamendo-dataset/06/1400906.mp3
193.77632653061224,123.046875,0.6070484706538727,0.7059391021728516,0.1456744223833084,0.08437488490885839,0.19878969852168787,0.1792398707642939,9.357287443456643e-05,0.24774777479381838,0.33146437948476326,0.6861499161610385,/volumes/Seagate/mtg-jamendo-dataset/06/1044306.mp3
330.0,112.34714673913044,0.5563752956467298,0.3913700866699219,0.158260777592659,0.2174244379108507,0.42466025872470275,0.24522166084312125,0.00022646539730413146,0.41737501773063773,0.27344123193877845,0.7022856335456016,/volumes/Seagate/mtg-jamendo-dataset/06/1266506.mp3
213.25333333333333,166.70866935483872,0.5023484048317062,0.4728523864746094,0.16446904838085175,0.290179226190485,0.6174802394394253,0.16984580330859655,0.001335415598511805,0.7803275837313808,0.504316635584072,0.6583455303002922,/volumes/Seagate/mtg-jamendo-dataset/06/1194606.mp3
325.79185941043085,123.046875,0.5407756590381334,0.8118050994873048,0.053502727299928665,0.13503738816868172,0.20351888008503646,0.10493332707541314,0.0006119676252571511,0.2939866387264487,0.42584216811693343,0.6340925482045876,/volumes/Seagate/mtg-jamendo-dataset/06/1341106.mp3
226.61331065759637,120.18531976744185,0.5730300672826156,0.2924765930175781,0.2136259377002716,0.6671990473477961,0.8666886120184576,0.7318745087650681,0.0006860701749337631,0.4001152980076945,0.6326367038367388,0.6503779968047501,/volumes/Seagate/mtg-jamendo-dataset/06/1373106.mp3
128.6661224489796,99.38401442307692,0.5541977302954055,0.4691706848144531,0.1948157101869583,0.3667451737238966,0.6648804488452184,0.3587634764735268,0.0005255601088962629,0.9424546596284582,0.4222318933600929,0.6856872769952864,/volumes/Seagate/mtg-jamendo-dataset/06/82806.mp3
240.0,132.51201923076923,0.5982145538839164,0.9197334060668945,0.164505735039711,0.7358362788160832,0.9703117694641277,0.46523540738503355,0.004948537614370851,0.5088236149782757,0.6568021179523481,0.6278616410238262,/volumes/Seagate/mtg-jamendo-dataset/06/1295506.mp3
264.0133333333333,129.19921875,0.5751668555339036,0.6839338684082031,0.1292053610086441,0.880746657202122,1.0,0.7270523530616775,0.0030531840503005303,0.4203064891957109,0.7083984374999999,0.6048342424631119,/volumes/Seagate/mtg-jamendo-dataset/06/1377206.mp3
210.3205442176871,109.95678191489361,0.5744731513716057,0.4703282928466797,0.2058667093515396,0.5982665452728079,0.8969350272243763,0.34201083532142457,0.0013073282282106155,0.7788481509700147,0.6345683365847026,0.6471983480496137,/volumes/Seagate/mtg-jamendo-dataset/06/1179606.mp3
320.10448979591837,178.20581896551724,0.5934351145524822,0.503772819519043,0.10942043364048004,0.34346355514467136,0.5959747264373739,0.2983031566134608,0.000462022342182425,0.9047610031170141,0.645635755570296,0.6102642049965136,/volumes/Seagate/mtg-jamendo-dataset/06/480406.mp3
212.45333333333335,107.666015625,0.5754898033795837,0.6372156372070313,0.11815635114908218,0.4233834223616499,0.7178619840819066,0.18239904038384647,0.003580260767590072,0.46848828103563084,0.5286306062734726,0.636810165158975,/volumes/Seagate/mtg-jamendo-dataset/06/1166106.mp3
54.857142857142854,139.6748310810811,0.5652818911990865,0.4557115936279297,0.25551846623420715,0.8809403368492698,1.0,0.20681646934962788,0.02508102315713396,0.9395102881918227,0.7164533670658862,0.6486959744311372,/volumes/Seagate/mtg-jamendo-dataset/06/1149206.mp3
654.0,109.95678191489361,0.5553005884972071,0.6383296203613281,0.05083923414349556,0.14921577964324798,0.24655382893736544,0.15660821858258525,0.00014561855989836622,0.8543131229952925,0.3574703009697892,0.6468080640977006,/volumes/Seagate/mtg-jamendo-dataset/06/1333206.mp3
457.08,84.72079918032787,0.5553225405816,0.6067316894531251,0.09311500191688538,0.25101536765697285,0.6013154784162209,0.12184689344988446,0.001833383938143673,0.3,0.3251245026955238,0.668496500150974,/volumes/Seagate/mtg-jamendo-dataset/06/267506.mp3
374.0473469387755,120.18531976744185,0.5689971739924033,0.5593661880493164,0.12461819499731064,0.4010236214554421,0.6772544917779321,0.20113570811044879,0.0012867389254500225,0.2999999486926114,0.5542317076280415,0.6340162086734236,/volumes/Seagate/mtg-jamendo-dataset/06/403806.mp3
171.19492063492063,105.46875,0.5780486259729556,0.5783219909667969,0.07973945885896683,0.4434655443919777,0.7147698154718024,0.38673836311128607,0.0008223792715501248,0.5514998570789086,0.46050087384043303,0.6366060304211415,/volumes/Seagate/mtg-jamendo-dataset/06/1235606.mp3
220.21224489795918,139.6748310810811,0.5866309232893052,0.41613099670410153,0.15099573135375977,0.8614536720762007,1.0,0.42995674357840163,0.005110777117227997,0.6695388237388147,0.7710118572077653,0.6001560918458004,/volumes/Seagate/mtg-jamendo-dataset/06/1391906.mp3
281.930625,114.79591836734694,0.5439858981216006,0.691042709350586,0.06292682141065598,0.2814678103242094,0.4250100243953614,0.20997941257078948,0.0002613400937268902,0.6558593980404931,0.42083940916612295,0.6384857738746116,/volumes/Seagate/mtg-jamendo-dataset/06/729306.mp3
30.17142857142857,139.6748310810811,0.5987574907038593,0.22377658081054697,0.2774257957935333,0.7760259162765829,0.9791875810637642,0.6085867922934712,0.002750256927176746,0.7192431196500197,0.756058637984867,0.6486615588886986,/volumes/Seagate/mtg-jamendo-dataset/06/1032806.mp3
240.0439455782313,129.19921875,0.5801454775504558,0.5932921600341797,0.14285984635353088,0.7949592590878988,1.0,0.25410727177498127,0.03324965334995113,0.9766008519322937,0.7143919711066139,0.6085511504659483,/volumes/Seagate/mtg-jamendo-dataset/06/1178706.mp3
74.29353741496598,120.18531976744185,0.5753477730169058,0.6732746658325196,0.129688560962677,0.4643181237288783,0.7886523653655058,0.2782949695121951,0.0009818545739324798,0.29999998748054507,0.49546841997882207,0.6475941979507993,/volumes/Seagate/mtg-jamendo-dataset/06/1135706.mp3
241.88,139.6748310810811,0.5630160919744627,1.0,0.0957878902554512,0.7585585017233674,1.0,0.29710229760452544,0.003778973886150446,0.29999999999913946,0.7687387693595875,0.5807358866200449,/volumes/Seagate/mtg-jamendo-dataset/06/5806.mp3
116.0,90.66611842105263,0.5542627146930714,0.9889110107421877,0.09083830565214157,0.33737074077022816,0.6278992971726388,0.06796022183600539,0.003940538112264173,0.3,0.36854847087373355,0.6589920958600242,/volumes/Seagate/mtg-jamendo-dataset/06/1173506.mp3
260.8965532879819,126.04801829268293,0.5629384030029869,0.31201362609863287,0.17231309413909912,0.6441188217168063,0.9083294623435153,0.3141309727444017,0.0020136052200929104,0.29999999992675397,0.6130611129762086,0.639420491294834,/volumes/Seagate/mtg-jamendo-dataset/06/921506.mp3
261.0,107.666015625,0.5745415037042922,0.47630126953125,0.06748545914888382,0.2623418914143955,0.5243021560410847,0.19151738975243052,0.0003581838113096651,0.2999999704474154,0.49058989281865273,0.6261767867298677,/volumes/Seagate/mtg-jamendo-dataset/06/998706.mp3
228.96,135.99917763157896,0.518294620562537,0.499173583984375,0.1282937228679657,0.298747928455731,0.5015561318857593,0.32927732106792185,6.242263290117008e-05,0.29999726112598996,0.4722348586678467,0.6517387684988983,/volumes/Seagate/mtg-jamendo-dataset/06/1051206.mp3
124.34507936507937,172.265625,0.5307725614074235,0.8718460083007813,0.07584532350301743,0.15673379044818497,0.2235806752572278,0.20768664992223632,8.095944604126406e-05,0.29999999942231736,0.5707806155352093,0.6131481933540444,/volumes/Seagate/mtg-jamendo-dataset/06/1157306.mp3
207.34666666666666,105.46875,0.5676523676425129,0.5646877746582032,0.17586004734039307,0.49686188254043984,0.8135551250056534,0.274668833474449,0.0017305139164973374,0.7752911836120638,0.5718665589609778,0.6489363052503458,/volumes/Seagate/mtg-jamendo-dataset/06/451206.mp3
1286.402857142857,123.046875,0.6232277215938331,0.5120845184326174,0.011689853854477406,0.6241547378782729,1.0,0.02228193468375362,0.0012260756145208273,0.6311983222027719,0.5105880521939797,0.602090736948816,/volumes/Seagate/mtg-jamendo-dataset/06/1400806.mp3
88.00521541950113,120.18531976744185,0.4129567478254734,0.2325079345703125,0.11855843663215637,0.17519467741527422,0.1750639563129132,0.21820597707362113,3.3204985875066645e-05,0.7157103957702164,0.2923487177602922,0.6842112936355179,/volumes/Seagate/mtg-jamendo-dataset/06/1345306.mp3
60.01780045351474,143.5546875,0.5954515826917122,0.4954775543212891,0.13298138976097107,0.33915328995215277,0.5676409781945525,0.5455941878567722,0.00021483952547629616,0.37013299968427266,0.4936638967143438,0.6491405209710808,/volumes/Seagate/mtg-jamendo-dataset/06/1318706.mp3
335.2381405895692,126.04801829268293,0.5945974719434669,0.5199338150024414,0.08921151608228683,0.6873651363719799,0.8649280993084684,0.7604953391963619,0.00129669540272705,0.6270667990460066,0.6469820921256699,0.6027197273644893,/volumes/Seagate/mtg-jamendo-dataset/06/49406.mp3
210.0,161.4990234375,0.5698048363288688,0.5043367004394531,0.17866043746471405,0.25295000135793544,0.4736433378269089,0.2703557674674491,0.00021695198348444054,0.2999999999998924,0.5808627409168003,0.648145209303937,/volumes/Seagate/mtg-jamendo-dataset/06/21506.mp3
236.47201814058957,120.18531976744185,0.5718918786733221,0.38571096801757804,0.14499354362487793,0.5357602139768983,0.8284130966899104,0.2870078754300234,0.0013173616024920185,0.7060072264612248,0.5418009566496836,0.6438374843750193,/volumes/Seagate/mtg-jamendo-dataset/06/1379506.mp3
224.9684126984127,129.19921875,0.5865140814639079,0.8077720642089844,0.2538384795188904,0.6133094005282376,1.0,0.18590833457101213,0.004528844210625105,0.3,0.6276380254145963,0.6658542475438812,/volumes/Seagate/mtg-jamendo-dataset/06/1208806.mp3
235.56,99.38401442307692,0.4775131469616184,0.6599342727661133,0.0996532067656517,0.3572417294641489,0.7579402223359331,0.08638906586207312,0.0037360233626503553,0.3457051916782201,0.4133763873765578,0.6531998769603231,/volumes/Seagate/mtg-jamendo-dataset/06/358806.mp3
168.33412698412698,109.95678191489361,0.5469277439544058,0.48918664550781243,0.12723618745803833,0.7598958853110059,1.0,0.36741900756938606,0.004915651961671513,0.29999988538697314,0.7325676267523663,0.5992915021344205,/volumes/Seagate/mtg-jamendo-dataset/06/101006.mp3
208.82285714285715,129.19921875,0.5575993182518533,0.6845236968994141,0.193067267537117,0.6660797523203147,0.8919872239069639,0.4034271364006796,0.002519958417925981,0.29999999995699683,0.706574013592949,0.6281894135947723,/volumes/Seagate/mtg-jamendo-dataset/06/1051506.mp3
197.88,120.18531976744185,0.5721634633564009,0.5059028625488281,0.09386061131954193,0.20533752402496006,0.38476712517439404,0.15059558903497977,0.0008223717424774894,0.2973135963507212,0.3895187100176257,0.6558860780715099,/volumes/Seagate/mtg-jamendo-dataset/06/115006.mp3
232.10281179138323,132.51201923076923,0.5911120684360335,0.3336970977783205,0.26827943325042725,0.4600934322009545,0.8258017289048923,0.25550171288027407,0.003103333344073598,0.896439118780699,0.47692244535944117,0.7011961068982655,/volumes/Seagate/mtg-jamendo-dataset/06/44306.mp3
285.95746031746035,112.34714673913044,0.5807862814415958,0.41395462036132813,0.20326471328735352,0.5200614517368877,0.8194054201182142,0.45622579517581946,0.0008151917064418663,0.2999999995024714,0.5853502458881435,0.6561052476058186,/volumes/Seagate/mtg-jamendo-dataset/06/1153406.mp3
326.7692290249433,129.19921875,0.5793466756835411,0.4278907775878906,0.2616366744041443,0.38085267996554667,0.7081947893050153,0.2773373333818608,0.0008085886929655122,0.9421994736881052,0.46584223084816917,0.7010207566158582,/volumes/Seagate/mtg-jamendo-dataset/06/1057406.mp3
220.13387755102042,92.28515625,0.5742252979906229,0.2612626647949219,0.39128461480140686,0.4858183309607399,0.749671181771365,0.5447842233287582,0.0008326784230350056,0.9116748283945009,0.4417685351457807,0.7525087542993503,/volumes/Seagate/mtg-jamendo-dataset/06/311406.mp3
59.97714285714286,161.4990234375,0.5627767500518714,0.8076383819580079,0.05467163398861885,0.15129189949372074,0.24298985752699967,0.2048317889797826,9.973038519965956e-05,0.6515043511389627,0.38876587736297175,0.6419286127633085,/volumes/Seagate/mtg-jamendo-dataset/06/301306.mp3
217.2865306122449,129.19921875,0.5725884038666427,0.36201576232910154,0.19835054874420166,0.6248234440774205,0.9368244965683727,0.6553683036296061,0.0015357903037684954,0.5562715225084469,0.5045132709560403,0.6705035433567045,/volumes/Seagate/mtg-jamendo-dataset/06/225606.mp3
211.94362811791385,83.35433467741936,0.5730009928358353,0.5238011169433594,0.14289823174476624,0.33901239243636183,0.5581115346503577,0.2371929843312456,0.0002979592205661596,0.6913177566097382,0.4706098686019112,0.6573213897077337,/volumes/Seagate/mtg-jamendo-dataset/06/1394306.mp3
210.04408163265308,172.265625,0.5364454727643033,0.6919669036865234,0.18102368712425232,0.3963143489297147,0.7137669990949255,0.3023238946738351,0.0009909674017668183,0.2999999999268388,0.6652263234556213,0.6321232626736066,/volumes/Seagate/mtg-jamendo-dataset/06/78306.mp3
119.02548752834467,103.359375,0.5149110160105506,0.3987600402832031,0.19591274857521057,0.23049681284614604,0.45156539578856975,0.22850801550051977,0.00020698718005246578,0.6439876899041441,0.3678392050707484,0.6969607484729261,/volumes/Seagate/mtg-jamendo-dataset/06/1375206.mp3
192.0,109.95678191489361,0.5550626748854055,0.6469455871582032,0.16372215747833252,0.3815564770669239,0.5778230190877786,0.31550309855499087,0.00046676466167527955,0.29999999922942144,0.4620989345326048,0.6665201897856788,/volumes/Seagate/mtg-jamendo-dataset/06/34406.mp3
218.1818367346939,132.51201923076923,0.5605965654253846,0.5269286499023437,0.27327457070350647,0.831172511767711,1.0,0.5376405070388169,0.005666901012723146,0.4225367582643338,0.7705590988896234,0.6442670256753377,/volumes/Seagate/mtg-jamendo-dataset/06/1093606.mp3
315.0,123.046875,0.5734667579859003,0.3158349761962891,0.09875644743442535,0.14142297830299272,0.20953374691244184,0.260343290075979,2.1962280868488224e-05,0.2816226298957353,0.3933380675419413,0.6568847075680049,/volumes/Seagate/mtg-jamendo-dataset/06/1380006.mp3
229.52401360544218,135.99917763157896,0.5517182514147452,0.47165414428710944,0.17707158625125885,0.35180651002361407,0.6997753043424388,0.20035283812625682,0.0017153657302917643,0.7544875302395656,0.4725700154890918,0.6692317679526348,/volumes/Seagate/mtg-jamendo-dataset/06/277806.mp3
157.74666666666667,114.84375,0.5935907583174473,0.192646224975586,0.2337764948606491,0.5764486377549202,0.7269438476297864,0.9320009764713484,0.00024465609107112037,0.2999875310655446,0.7748025031703314,0.6291990375157674,/volumes/Seagate/mtg-jamendo-dataset/06/400406.mp3
60.0,120.18531976744185,0.5429776828099901,1.0,0.08092208206653595,1.0,1.0,0.35774748923959826,0.006890955340412447,0.5714782442943465,0.6903706395348838,0.5910578216369762,/volumes/Seagate/mtg-jamendo-dataset/06/252806.mp3
270.22784580498865,126.04801829268293,0.5881380049328891,0.44689239501953126,0.1429876685142517,0.6853692022680258,0.956950537045817,0.6906022742990792,0.0017116066303045053,0.7679436770174106,0.6291056554201159,0.6256544295811074,/volumes/Seagate/mtg-jamendo-dataset/06/1086306.mp3
165.0,114.84375,0.5276325611002743,0.5295298767089843,0.16317516565322876,0.20089135599384705,0.25179613732840295,0.1936944389145552,7.380642364995949e-05,0.2999999993198828,0.3965938497420235,0.6794242896867577,/volumes/Seagate/mtg-jamendo-dataset/06/982406.mp3
335.7518367346939,95.703125,0.545832579213464,0.44518467712402354,0.22567090392112732,0.3316847335593816,0.6195661934628168,0.1853309381641534,0.0008276116356068976,0.5365056415545526,0.3740696506054401,0.7064275952905178,/volumes/Seagate/mtg-jamendo-dataset/06/1060106.mp3
133.561179138322,117.45383522727273,0.5402474169718081,0.4487195434570312,0.10738121718168259,0.41108244414476913,0.662017389806186,0.25095515205478003,0.0005491936322335483,0.4305793901666817,0.43608265080244835,0.651440708024916,/volumes/Seagate/mtg-jamendo-dataset/06/1023306.mp3
219.4808163265306,123.046875,0.5424395487375866,0.6928851013183595,0.08918139338493347,0.31436678285937747,0.501830185220819,0.2745971190999929,0.00025134269349265246,0.2830443530762167,0.4381359476075315,0.6444781120970697,/volumes/Seagate/mtg-jamendo-dataset/06/340606.mp3
194.0,107.666015625,0.5465377941755472,0.6855886917114258,0.11226582527160645,0.20784231478392612,0.3800574510952905,0.1649311789347696,0.0003358313806777521,0.4750613803681458,0.4550816801782814,0.6493993610621221,/volumes/Seagate/mtg-jamendo-dataset/06/1114506.mp3
238.94532879818595,129.19921875,0.55707582943589,0.837690254211426,0.07814495265483856,0.9924521076448813,1.0,0.589061007605509,0.012467626134080501,0.3252013950857256,0.6830921455185355,0.5915137538520349,/volumes/Seagate/mtg-jamendo-dataset/06/1385206.mp3
225.30607709750566,97.50884433962264,0.5728207323855322,0.3516968078613282,0.260924369096756,0.4570379374283223,0.7324131440040399,0.29517285063096416,0.0018667292781812124,0.6058074568092343,0.4235311310154056,0.709226546671751,/volumes/Seagate/mtg-jamendo-dataset/06/1219206.mp3
278.56979591836733,99.38401442307692,0.532423285479106,0.5668283691406252,0.13983915746212006,0.4822770689985955,0.7800481997740929,0.26349208930722356,0.0011562429739925037,0.29999999903767477,0.5576509910062007,0.6388118984851231,/volumes/Seagate/mtg-jamendo-dataset/06/186606.mp3
418.11204081632656,93.96306818181819,0.4909412679989409,0.5425639953613282,0.06024171784520149,0.4857304988076674,0.6554758492664798,0.28303789718632455,0.0005649106810085468,0.29999999898278346,0.5921984759594139,0.6032473232323898,/volumes/Seagate/mtg-jamendo-dataset/06/240906.mp3
212.2771201814059,129.19921875,0.6012208666880299,0.7511795654296877,0.22714389860630035,0.7830606331144062,1.0,0.5906424698373316,0.002931879071700662,0.6282924162275518,0.6561349328547568,0.6505448169273168,/volumes/Seagate/mtg-jamendo-dataset/06/1081706.mp3
490.68408163265303,120.18531976744185,0.5595506686057838,0.43303012084960923,0.08680608123540878,0.32570466026913125,0.552188152147139,0.283391724110072,0.0003450977874338169,0.8890112955587406,0.5315334411882898,0.6249435010070893,/volumes/Seagate/mtg-jamendo-dataset/06/36206.mp3
111.4537641723356,112.34714673913044,0.5217294641634067,0.4906386108398438,0.05565895885229111,0.3115502611293046,0.5070830045046678,0.26699695121951217,0.00010706547365466708,0.5237588042839785,0.446068186885587,0.6308235878097075,/volumes/Seagate/mtg-jamendo-dataset/06/1310106.mp3
464.87510204081633,143.5546875,0.6148891770906939,0.34614118957519524,0.24355335533618927,0.6112523266021032,0.7913552067585976,0.7196490026935133,0.001390129376610563,0.6297151492340245,0.6123134041634497,0.6652165270883382,/volumes/Seagate/mtg-jamendo-dataset/06/18506.mp3
117.32,114.84375,0.5248187331677552,0.3434700775146484,0.18244865536689758,0.458102192141632,0.6538148535907835,0.425986977067475,0.0005793303471642031,0.2999974014783602,0.5538917091986684,0.6549031740923494,/volumes/Seagate/mtg-jamendo-dataset/06/80506.mp3
60.82918367346939,120.18531976744185,0.5607450319659786,0.33199624633789065,0.331938773393631,0.38342173610359587,0.8405978152355051,0.26678272202569353,0.0010383149736843227,0.6630368375715959,0.4318268831385499,0.7331325817939972,/volumes/Seagate/mtg-jamendo-dataset/06/1341606.mp3
107.33714285714285,120.18531976744185,0.49385661950307236,0.7366585540771484,0.04525914043188095,0.49454483901325574,0.7138615476091874,0.17135584009960803,0.003027354950725347,0.5935869912291939,0.5348921054124676,0.6093148694729836,/volumes/Seagate/mtg-jamendo-dataset/06/866706.mp3
214.0,151.99908088235293,0.5483040946132032,0.5887901000976563,0.14403504133224487,0.3297575193054216,0.6278345811309488,0.18236381463255852,0.0035428283744318263,0.3659392394775903,0.5717393822097886,0.6375047384376504,/volumes/Seagate/mtg-jamendo-dataset/06/1176206.mp3
306.56249433106575,135.99917763157896,0.5780356401982392,0.7376118850708008,0.16210384666919708,1.0,1.0,0.49150045351850924,0.023254442754706294,0.29999999995203935,0.8119983552631578,0.5959577137482793,/volumes/Seagate/mtg-jamendo-dataset/06/22806.mp3
426.1111337868481,135.99917763157896,0.5771546485422137,0.7735589447021485,0.10060535371303558,0.6667600069849824,0.941441810569913,0.10216071923408933,0.008716062756790845,0.4278288927445494,0.6972352432908382,0.5967708786785252,/volumes/Seagate/mtg-jamendo-dataset/06/1402706.mp3
374.2630158730159,123.046875,0.563668996297741,0.3682857971191406,0.3153732419013977,0.4578089377170204,0.8491716704365481,0.19742652927971724,0.0014088226610894047,0.9639561889749,0.4745581310406799,0.7186227408763672,/volumes/Seagate/mtg-jamendo-dataset/06/1234506.mp3
186.86666666666667,99.38401442307692,0.577932041652419,0.20091285705566406,0.23999527096748352,0.5145082530920374,0.7466579238727636,0.6426083741453716,0.000615847155585841,0.5099016925262214,0.49315949010624077,0.687766399527046,/volumes/Seagate/mtg-jamendo-dataset/06/362406.mp3
399.02222222222224,129.19921875,0.5667972351386197,0.28365814208984375,0.24389924108982086,0.6680303700580004,0.8180766485306814,0.935629740073478,0.0008439502655420199,0.33440681388379506,0.7419690357845982,0.6394099196354158,/volumes/Seagate/mtg-jamendo-dataset/06/378606.mp3
390.70666666666665,135.99917763157896,0.5291655312510197,0.4765304260253906,0.11743605881929398,0.4724089857786903,0.6120733988417003,0.34392396430427324,0.0004582422239592212,0.2999999994120727,0.5731707867581974,0.6276428238233064,/volumes/Seagate/mtg-jamendo-dataset/06/1255906.mp3
245.16024943310657,114.84375,0.5399172919871773,0.2499649963378906,0.2491919994354248,0.6027557791100429,0.875840128617242,0.4519652990250601,0.00164892883213606,0.5263453460655226,0.5638223207305343,0.676944655650646,/volumes/Seagate/mtg-jamendo-dataset/06/686506.mp3
30.191927437641723,99.38401442307692,0.562857635826838,0.38506256103515624,0.20644952356815338,0.6621464478919439,1.0,0.4470550726268508,0.005812296818005639,0.4143637488706107,0.5264084590621233,0.6690401366721105,/volumes/Seagate/mtg-jamendo-dataset/06/1285606.mp3
182.0,120.18531976744185,0.5907564711550639,0.6209533386230468,0.20566071569919586,0.49537808407482925,0.8515697984710897,0.21201729424961535,0.0036323963339388926,0.7470749747857994,0.5731859383052336,0.6594006699906637,/volumes/Seagate/mtg-jamendo-dataset/06/206006.mp3
151.86566893424038,139.6748310810811,0.594767076096377,0.311083984375,0.2205285280942917,0.5234604928775869,0.8580679613104416,0.5298834093761012,0.0015809080855133835,0.8049761082312014,0.6445939780082693,0.6504714745122911,/volumes/Seagate/mtg-jamendo-dataset/06/1032006.mp3
73.00972789115646,151.99908088235293,0.5867939811437894,0.57021826171875,0.09348184615373611,0.2116085012922082,0.48786224010374873,0.06317961287420157,0.002989217118458681,0.3,0.3765791476811494,0.6583376350791151,/volumes/Seagate/mtg-jamendo-dataset/06/1075206.mp3
310.5436734693877,129.19921875,0.5808223115618537,0.3690506591796875,0.4543856680393219,0.3654793554746522,0.547439572302245,0.5070442569542148,0.00011911856273497726,0.5789651732141401,0.5726580207866787,0.7490472363368201,/volumes/Seagate/mtg-jamendo-dataset/06/1294106.mp3
194.8745351473923,126.04801829268293,0.5828175340580253,0.3350050354003906,0.23230768740177155,0.6719693522263416,0.9357615860781162,0.5633265816752056,0.001765837138493897,0.501620201836422,0.6091048913820918,0.6618097891882193,/volumes/Seagate/mtg-jamendo-dataset/06/1371806.mp3
160.63657596371883,107.666015625,0.5617947179217799,0.4224284362792969,0.053458258509635925,0.17511133911125015,0.321877683671995,0.2510152172418595,0.00011921966445492446,0.2999871460736937,0.44574137823240895,0.6300966974169872,/volumes/Seagate/mtg-jamendo-dataset/06/843406.mp3
209.62979591836734,92.28515625,0.5586994223510455,0.5885711364746092,0.2883692681789398,0.48680728793639627,0.7209908843303298,0.38967821411060094,0.0012140576754597113,0.37510712396115664,0.5413552069248423,0.6955418951594499,/volumes/Seagate/mtg-jamendo-dataset/06/1264206.mp3
116.06310657596372,151.99908088235293,0.5641432349547693,0.8307389526367187,0.14514631032943726,0.5786986094283919,0.9114406286082246,0.3684022279854688,0.0018176666790429069,0.2999999999998898,0.711510935089344,0.6099504847007285,/volumes/Seagate/mtg-jamendo-dataset/06/1417806.mp3
348.5518367346939,117.45383522727273,0.5059388637652911,0.6285410919189454,0.14739751815795898,0.4173749835940261,0.7151010044504889,0.1952056296926969,0.001410795309143035,0.4046460893666328,0.5578384910281198,0.6414954083312412,/volumes/Seagate/mtg-jamendo-dataset/06/873806.mp3
426.56310657596373,120.18531976744185,0.5732671239478574,0.823939163208008,0.06710030883550644,0.24354840300165748,0.5135309263545981,0.0662973589073978,0.003553267703496085,0.2999999991207237,0.3971979332609799,0.6447165245285864,/volumes/Seagate/mtg-jamendo-dataset/06/1377406.mp3
432.0391836734694,120.18531976744185,0.6011593167779322,0.6381152038574219,0.380110502243042,0.3694161890150253,0.6877613545927478,0.2555991120333636,0.002741899613817516,0.3,0.43428510313339863,0.7499827601808153,/volumes/Seagate/mtg-jamendo-dataset/06/35106.mp3
258.85895691609977,69.83741554054055,0.5765971441327379,1.0,0.09679507464170456,0.76870517783144,1.0,0.14141222104690887,0.007118710450081407,0.7966677905531472,0.4847325564769596,0.6378997155756218,/volumes/Seagate/mtg-jamendo-dataset/06/1230806.mp3
237.18580498866214,147.65625,0.5643854296580836,0.664621307373047,0.23157602548599243,0.5563221150641915,0.8126312749613502,0.318941298664088,0.00251853899568419,0.3876452472601195,0.5837938027503846,0.6666086086248804,/volumes/Seagate/mtg-jamendo-dataset/06/1151906.mp3
298.150022675737,117.45383522727273,0.5431883585364812,0.5387741088867187,0.25431951880455017,0.1875782140541513,0.48939091649286404,0.13001507235585577,0.0016362103601953962,0.299998940227701,0.5728201606119528,0.6769909946472475,/volumes/Seagate/mtg-jamendo-dataset/06/1095106.mp3
159.0,161.4990234375,0.5432508905744629,0.48432102203369143,0.097303107380867,0.32215768703973663,0.654802946705193,0.22908878504672897,0.0003584383184411456,0.29999992459095814,0.3534403981644711,0.6643410390242179,/volumes/Seagate/mtg-jamendo-dataset/06/1069106.mp3
245.0285260770975,97.50884433962264,0.5828967446847122,0.25686990356445316,0.20122599601745605,0.2666582516741196,0.5214595831256055,0.29530050097942345,0.0002926955065632109,0.4477194621969882,0.36033246222618076,0.700374866121048,/volumes/Seagate/mtg-jamendo-dataset/06/366006.mp3
360.66115646258504,99.38401442307692,0.5372388886362136,0.5708786315917969,0.05952144414186478,0.6437392582106247,1.0,0.1697185680693118,0.011223227717821605,0.6410822758647052,0.6907325923974976,0.5832812014115718,/volumes/Seagate/mtg-jamendo-dataset/06/382406.mp3
184.77678004535147,129.19921875,0.5687592655875586,0.3078159332275391,0.364729642868042,0.5036211496159698,0.6770533303679415,0.7822145532337454,0.00018974078921174347,0.9438258006853191,0.569674578133447,0.7173677558058057,/volumes/Seagate/mtg-jamendo-dataset/06/1295906.mp3
174.40215419501135,92.28515625,0.5685852406207201,0.8617946014404291,0.18944428861141205,0.4747335961581539,0.6009797790639063,0.23189046309315442,0.000471194947898884,0.29999999999626553,0.5064512873866294,0.6669096864227825,/volumes/Seagate/mtg-jamendo-dataset/06/1070606.mp3
180.11947845804988,112.34714673913044,0.6018392955024703,0.22425314331054694,0.2608097195625305,0.678283619059172,0.8557828268735065,1.0,0.0010409244914488583,0.5537181675387688,0.561085081577753,0.6816744827269604,/volumes/Seagate/mtg-jamendo-dataset/06/1196906.mp3
217.85063492063492,147.65625,0.6113189972364164,0.8180684204101564,0.09403330087661743,0.37498998683144347,0.6028693369368888,0.25158227889233326,0.0005049490579957008,0.6423491489479214,0.5317493868624039,0.6275021109431015,/volumes/Seagate/mtg-jamendo-dataset/06/1132206.mp3
203.5028117913832,156.60511363636363,0.5511239437084384,0.4646347045898439,0.23864594101905823,0.48197075112689225,0.750286680668959,0.4524148832109577,0.0009410816221212393,0.6053013183438289,0.6713701401706862,0.6516385107327236,/volumes/Seagate/mtg-jamendo-dataset/06/1185706.mp3
228.36807256235826,156.60511363636363,0.532985891159789,0.7702409973144532,0.18034569919109344,0.6249761418736375,0.9347012900461275,0.3859047453718055,0.0023994198379126744,0.3847101466173238,0.6497265087058036,0.6349791499676329,/volumes/Seagate/mtg-jamendo-dataset/06/1336606.mp3
397.3333333333333,120.18531976744185,0.6073608101194685,0.5115567779541016,0.2931157052516937,0.43700308864909165,0.8214048272468042,0.23378459275476343,0.001388276710472712,0.657672117097744,0.4010943586329283,0.7253027821640241,/volumes/Seagate/mtg-jamendo-dataset/06/1349806.mp3
319.0,103.359375,0.5572387950311228,0.3689475708007812,0.20018409192562103,0.5706083196029553,0.845359050037649,0.5926001081170327,0.0009295005215477171,0.8450931742215924,0.5232123681076938,0.6674237994716848,/volumes/Seagate/mtg-jamendo-dataset/06/1054106.mp3
100.67798185941044,117.45383522727273,0.5639742008517057,0.6593219299316406,0.12248028814792633,0.5111690449611208,0.7847466138111433,0.35022331473314733,0.001404402318013591,0.3278436572745243,0.6048939541233311,0.6231141129085873,/volumes/Seagate/mtg-jamendo-dataset/06/1087106.mp3
143.9869387755102,120.18531976744185,0.5865423210433691,0.48536297607421885,0.16920951008796692,0.47250368409926086,0.6496124491745175,0.7404982665484157,0.0002518942220721935,0.2999999999997898,0.615884128713573,0.6377385978889536,/volumes/Seagate/mtg-jamendo-dataset/06/1415106.mp3
319.4502947845805,129.19921875,0.5905695916987423,0.8801995086669921,0.09808658063411713,0.43403149332838764,0.725282583349239,0.16438613099606791,0.002627293444700704,0.3,0.5792021739208453,0.619470734244113,/volumes/Seagate/mtg-jamendo-dataset/06/1217506.mp3
165.27963718820862,135.99917763157896,0.6319283626125372,0.5540566406249999,0.08270829916000366,0.161820983939351,0.3575361358391363,0.16511117544974707,0.000860684336218061,0.2999999892186345,0.3008335808022889,0.6696082715371436,/volumes/Seagate/mtg-jamendo-dataset/06/1336206.mp3
229.95954648526077,120.18531976744185,0.5887631389861914,0.3281871490478515,0.23598520457744598,0.5304565747323878,0.8156265749773677,0.6048898695772096,0.0010328507445302839,0.37242690573008586,0.5248651787652343,0.6799816378948337,/volumes/Seagate/mtg-jamendo-dataset/06/1283106.mp3
276.08816326530615,120.18531976744185,0.5793710155126005,0.42036651611328124,0.0822954997420311,0.37399386835831805,0.5407430417354426,0.4848149937283402,0.00014884519382077647,0.8674660884735961,0.47043732120490567,0.6355389156661502,/volumes/Seagate/mtg-jamendo-dataset/06/389706.mp3
259.08351473922903,89.10290948275862,0.5724737644506865,0.4818836975097656,0.17208747565746307,0.26914376373876164,0.6433222335538656,0.11133781296586939,0.007201208690040302,0.530563845323466,0.3255543148635747,0.6968406282639719,/volumes/Seagate/mtg-jamendo-dataset/06/1063106.mp3
216.50285714285715,87.5926906779661,0.5729757735120227,0.3974757690429688,0.3243667781352997,0.5973247580336047,0.9454732612604474,0.41523576102295423,0.0021483684834368135,0.5633589696797432,0.7454774604961679,0.6676765480294743,/volumes/Seagate/mtg-jamendo-dataset/06/1078406.mp3
307.8656462585034,135.99917763157896,0.5424144939250679,0.3990244445800781,0.20608548820018768,0.44469402501325267,0.87637888820221,0.22424418572566446,0.003918840808206268,0.5839593172165081,0.5808930099463112,0.6580121737628053,/volumes/Seagate/mtg-jamendo-dataset/06/1346106.mp3
192.39804988662132,143.5546875,0.5244660889932109,0.42241033935546873,0.046419866383075714,0.41657570951875467,0.7255960155907689,0.33501468830763614,0.00036545183416988094,0.29999998946843726,0.5653078541085084,0.6036495810762056,/volumes/Seagate/mtg-jamendo-dataset/06/1266906.mp3
502.9616326530612,156.60511363636363,0.5519258734324864,0.26263142395019534,0.26427319645881653,1.0,1.0,1.0,0.007656210279917878,0.4608207807019813,0.772998046875,0.640538741350174,/volumes/Seagate/mtg-jamendo-dataset/06/353106.mp3
234.23997732426304,126.04801829268293,0.581822623569415,0.3366761016845703,0.07834723591804504,0.6666163730069683,0.9502984409727833,0.45089553393551385,0.0020710449426768578,0.29999999999997756,0.6991213087749549,0.5883807431755053,/volumes/Seagate/mtg-jamendo-dataset/06/376206.mp3
373.65,120.18531976744185,0.5539206168832813,0.6139033813476563,0.18457400798797607,0.3622501581683526,0.6738667845553485,0.1908613884796566,0.0012988191887210584,0.29999999999955945,0.4444628116680886,0.6775540805420537,/volumes/Seagate/mtg-jamendo-dataset/06/677106.mp3
94.33333333333333,135.99917763157896,0.5079038685181583,0.9096729278564453,0.03987397626042366,0.1431112949475336,0.306341996945212,0.09616347406398011,0.000725001707564087,0.2988235793477855,0.32596351097015275,0.6491619292597219,/volumes/Seagate/mtg-jamendo-dataset/06/965306.mp3
523.3866666666667,126.04801829268293,0.5678890015028344,0.32799957275390623,0.20525003969669342,0.541969257370591,0.8456978886099197,0.4953293286177022,0.0013593948558290251,0.7572250294968451,0.6300008400448256,0.6478898462818445,/volumes/Seagate/mtg-jamendo-dataset/06/629706.mp3
198.85333333333332,140.625,0.5920910106182128,0.5408784790039062,0.2277606725692749,0.5609885728796126,0.7870256978808385,0.3662411707526398,0.0007590530614783899,0.2999999999998804,0.6855358763402433,0.6448866668568903,/volumes/Seagate/mtg-jamendo-dataset/06/887206.mp3
60.40866213151927,129.19921875,0.5693920275415373,0.7760207748413086,0.20335914194583893,0.5001088742700103,0.7200457647313288,0.38329615117826815,0.00047591848088189076,0.7602027170462371,0.600471820976707,0.6531149269051606,/volumes/Seagate/mtg-jamendo-dataset/06/80806.mp3
233.10666666666665,135.99917763157896,0.580360937808895,0.44599078369140627,0.1503864973783493,0.5034603882831242,0.81551345140828,0.38359334288098595,0.0010330903250975873,0.5634502960699719,0.5395099934185299,0.6462371403724998,/volumes/Seagate/mtg-jamendo-dataset/06/34806.mp3
215.34417233560092,120.18531976744185,0.4885326924600464,0.4116066589355469,0.1519278734922409,0.39750080625694,0.5738665313334266,0.35112510174107076,0.0002986324067862251,0.3098642761167864,0.49354368660204545,0.6559852971367977,/volumes/Seagate/mtg-jamendo-dataset/06/995906.mp3
204.0,95.703125,0.6040230969591034,1.0,0.2099265158176422,0.47933425062226886,0.7516433810057703,0.3102688312337255,0.0006939471336809031,0.3,0.46567686983460205,0.6824381717274307,/volumes/Seagate/mtg-jamendo-dataset/06/564206.mp3
230.31548752834468,135.99917763157896,0.6148813253282732,0.2476823272705078,0.28319045901298523,0.8491445512353853,1.0,0.9042448712621011,0.007306927979959876,0.7762309510167532,0.7558937911059848,0.6507698070234778,/volumes/Seagate/mtg-jamendo-dataset/06/1106306.mp3
261.3766439909297,120.18531976744185,0.567258035646333,0.42723411560058594,0.19173859059810638,0.8643555593790352,1.0,0.47819871429592864,0.014806406614784271,0.7408960669046969,0.6540668743776483,0.6382125177397887,/volumes/Seagate/mtg-jamendo-dataset/06/1274506.mp3
70.02560090702949,120.18531976744185,0.5578929886897743,0.3930529098510742,0.0873376652598381,0.4588768590469197,0.7327185249044585,0.33475771495115486,0.0008810760550456459,0.534832640356987,0.5911876841001613,0.6132040226735095,/volumes/Seagate/mtg-jamendo-dataset/06/1297806.mp3
477.1762358276644,95.703125,0.5763814584196645,0.3587525939941406,0.25403332710266113,0.3436436409607915,0.6865838697253683,0.21464565873122785,0.001646993855774239,0.9377000819888467,0.3735562458159746,0.7167407485937631,/volumes/Seagate/mtg-jamendo-dataset/06/893606.mp3
270.4652380952381,120.18531976744185,0.5706148926009631,0.6239731597900391,0.15110839903354645,0.23269544044769447,0.48158129312290415,0.21729743198874296,0.0002684652697711673,0.37960870230742183,0.38987938546411505,0.6764231465592537,/volumes/Seagate/mtg-jamendo-dataset/06/245406.mp3
138.84675,119.68085106382979,0.5198541143409132,0.8450312042236328,0.07397793233394623,0.2867060532226081,0.5213167424980951,0.19219069996646038,0.000758962146413634,0.2999999672209661,0.5238040126840222,0.6218712531034162,/volumes/Seagate/mtg-jamendo-dataset/06/1119406.mp3
424.17308390022674,123.046875,0.5632533697685951,0.7738423156738281,0.2512035071849823,0.7744278063950728,0.9936063641614331,0.36655700758890664,0.005684577059491035,0.8996993090421739,0.6512332696480895,0.6601866086569756,/volumes/Seagate/mtg-jamendo-dataset/06/1336806.mp3
130.03755102040816,120.18531976744185,0.5394263763924252,0.5702957916259765,0.12147533893585205,0.2929639381835948,0.6395307818438509,0.21012148305573763,0.0011122415687607283,0.8229325841005394,0.5028387089950758,0.6431633802178917,/volumes/Seagate/mtg-jamendo-dataset/06/1060606.mp3
149.2604081632653,132.51201923076923,0.5058714402183329,0.6422248992919921,0.04155541956424713,0.2855124393812763,0.6665139663823457,0.10847502641628268,0.0029034443824386955,0.29999999897142865,0.435935294161256,0.6277728922108778,/volumes/Seagate/mtg-jamendo-dataset/06/779206.mp3
