duration,tempo,acousticness,dynamic_range,energy,brightness,fullness,density,instrumentalness,danceability,valence,tension,filename
184.61539682539683,103.359375,0.5672760293543693,0.508210479736328,0.15065065026283264,0.28138095128658924,0.4363368004242266,0.175527238482044,0.0004259097402156001,0.7204545466834356,0.5057524070259927,0.6530837526894212,/volumes/Seagate/mtg-jamendo-dataset/01/1109901.mp3
314.92,105.46875,0.5191374359483472,0.6909135437011719,0.09887642413377762,0.38504078749275955,0.7123774832102411,0.12421337529504327,0.0029118597345997328,0.9289079563048043,0.4263470704330977,0.6503260986015404,/volumes/Seagate/mtg-jamendo-dataset/01/75201.mp3
157.4371882086168,79.50721153846153,0.55236174205049,0.8342079162597656,0.08545584231615067,0.22992151538211214,0.5092590705466564,0.078524678912448,0.0029254317513141923,0.3,0.30914417616199835,0.6689352680014147,/volumes/Seagate/mtg-jamendo-dataset/01/1184701.mp3
148.96,114.84375,0.5664989798736604,0.551031494140625,0.2071029096841812,0.43779234716503024,0.7662016862319359,0.23138967933986096,0.001214306862951524,0.6755124564765094,0.5616545472191276,0.6622261380424797,/volumes/Seagate/mtg-jamendo-dataset/01/485801.mp3
44.71503401360544,99.38401442307692,0.5723369282751976,0.7485142822265626,0.12062910944223404,0.37776974942044084,0.588464038680144,0.26099080616974396,0.001985793080304886,0.7763547952038257,0.4096889696572609,0.6614886854677521,/volumes/Seagate/mtg-jamendo-dataset/01/1349101.mp3
200.44,147.65625,0.5802918836918171,0.2321016540527344,0.22773902118206024,0.5658291585850397,0.8843029543667481,0.6901595643237057,0.0013127984783899312,0.8090845794989873,0.6009266369529497,0.6618007202349517,/volumes/Seagate/mtg-jamendo-dataset/01/249101.mp3
90.3935827664399,120.18531976744185,0.5318585290525519,0.6994491958618164,0.0631086453795433,0.3084212805106354,0.49455927286691304,0.22716508053855264,0.00016001735634068654,0.2775677797607948,0.5355512060727847,0.6156088711220786,/volumes/Seagate/mtg-jamendo-dataset/01/1195901.mp3
223.2994784580499,147.65625,0.5402444526582265,0.4956237945556641,0.11634571105241776,0.26598678723901453,0.4647873444425211,0.34124758747847433,0.0001231878000779657,0.6963697890376043,0.47384427101103777,0.6471156017766628,/volumes/Seagate/mtg-jamendo-dataset/01/1162101.mp3
138.0,120.18531976744185,0.48748554594162197,0.6446926422119141,0.11379105597734451,0.4264275331784533,0.8275886963173256,0.0854251518875919,0.0009856365317383704,0.2923768024828257,0.47940362644404616,0.6450840548630348,/volumes/Seagate/mtg-jamendo-dataset/01/1369701.mp3
370.68097505668936,120.18531976744185,0.6345874642809259,0.6765687103271483,0.25366249680519104,0.6596056115415478,0.9522123311392034,0.49515388282171474,0.003846408052495521,0.8373661776019332,0.5419947870037867,0.6829195414491114,/volumes/Seagate/mtg-jamendo-dataset/01/1378201.mp3
76.06666666666666,114.84375,0.531149206804276,0.9849393615722656,0.1202806904911995,0.39949236051126297,0.723650633414763,0.20434795556746777,0.0016845108403031432,0.4430464663377891,0.4556974388476723,0.6521615608072974,/volumes/Seagate/mtg-jamendo-dataset/01/1277701.mp3
208.78666666666666,117.45383522727273,0.5450337014847901,0.3247739257812501,0.1592119038105011,0.6356689133436827,0.9351175220530543,0.43516431950351536,0.0016336607633242123,0.6235143619992738,0.6617995481315471,0.6249563757454709,/volumes/Seagate/mtg-jamendo-dataset/01/207501.mp3
265.01219954648525,139.6748310810811,0.5312998357183477,0.5195059204101562,0.07707294821739197,0.4934413829768395,0.7705512694279405,0.24743826042544825,0.0023695062000547466,0.8257890548085447,0.5361169246058946,0.6205228764370821,/volumes/Seagate/mtg-jamendo-dataset/01/318601.mp3
392.7272789115646,132.51201923076923,0.6219581963040227,0.25606344604492187,0.08443178981542587,0.4861267069539088,0.8745250081081708,0.5708688470099292,0.0006323123797582073,0.9654879141569019,0.5209946376491688,0.6261965168037196,/volumes/Seagate/mtg-jamendo-dataset/01/1313001.mp3
288.0,123.046875,0.6172413511678553,0.28947616577148433,0.1693931221961975,0.5476926158756789,0.830249672926874,0.7462730326904188,0.0007878926710450209,0.2999998933036395,0.6461868383624377,0.6317441563181435,/volumes/Seagate/mtg-jamendo-dataset/01/1079301.mp3
251.99868480725624,101.33272058823529,0.5824418723107412,0.5153216171264648,0.0691826343536377,0.24152664353141637,0.40676157048592043,0.2909848462715715,0.00010646165575645072,0.29999054699063926,0.4680172767441189,0.6313022930184857,/volumes/Seagate/mtg-jamendo-dataset/01/893501.mp3
274.0384807256236,156.60511363636363,0.574292208539704,0.38336612701416006,0.09341791272163391,0.1568731001425838,0.23987277293909964,0.2337842697186504,5.899982535080697e-05,0.2999992278180262,0.45196463925814867,0.6432375207281585,/volumes/Seagate/mtg-jamendo-dataset/01/1398801.mp3
158.60496598639455,139.6748310810811,0.5721341964252857,0.6132158203125,0.2116677165031433,0.7972537313555879,0.9668405358207898,0.5867879930446208,0.00431027283495308,0.29999999999838656,0.8072449478364786,0.6147513883738358,/volumes/Seagate/mtg-jamendo-dataset/01/365701.mp3
422.27746031746034,112.34714673913044,0.5888383506836187,0.40368511962890624,0.17642547190189362,0.5593947981577266,0.7228343223924047,0.36257694876519864,0.0005228664986418098,0.2999999999969793,0.7003899361878151,0.6234351826471187,/volumes/Seagate/mtg-jamendo-dataset/01/1218701.mp3
205.69299319727892,80.74951171875,0.571969832640753,0.5744446258544921,0.10258714854717255,0.3591643887743351,0.7499906598334241,0.10367636430216534,0.005696959616327127,0.7802014573849204,0.34861765650764304,0.6672078421754535,/volumes/Seagate/mtg-jamendo-dataset/01/1355201.mp3
145.42367346938775,117.45383522727273,0.5498351434338576,0.32510086059570314,0.1449289172887802,0.7502792581603569,1.0,0.2883465805758169,0.004871674551114091,0.6849781762974274,0.5945614409911619,0.6332621220257285,/volumes/Seagate/mtg-jamendo-dataset/01/1374701.mp3
174.39791383219955,120.18531976744185,0.5372958273819955,0.467315673828125,0.11465096473693848,0.41396699988649005,0.7721749390679918,0.23414017165068468,0.0012775088315573056,0.4558187610365603,0.5619307668239406,0.6288881939405098,/volumes/Seagate/mtg-jamendo-dataset/01/1406701.mp3
139.9998125,119.68085106382979,0.49842718525133256,0.6478805999755859,0.1274840384721756,0.16139149073407366,0.2919920648100379,0.1255344018583043,0.0003940283578562373,0.29999999993431586,0.46143829504927325,0.6536065948401286,/volumes/Seagate/mtg-jamendo-dataset/01/1110501.mp3
230.62498866213153,95.703125,0.5435981688418334,0.6229951782226564,0.04836539179086685,0.12200164716793502,0.2458486178305115,0.11258728122141529,0.0005554333870714639,0.2997179480485835,0.3044176146298896,0.6565280181187342,/volumes/Seagate/mtg-jamendo-dataset/01/1221301.mp3
296.85333333333335,123.046875,0.587789259396537,1.0,0.058650434017181396,0.13170217064042727,0.28507417569332283,0.10763433998296336,0.0008837325833764243,0.28165606667480936,0.4497534843113228,0.6311634593839207,/volumes/Seagate/mtg-jamendo-dataset/01/202201.mp3
398.4079818594104,132.51201923076923,0.5844775707409282,0.41013159179687514,0.1994599848985672,0.5702135404081297,0.8599292239298463,0.45370359709366825,0.001203530410453861,0.7327284918542518,0.5713419890486074,0.6575371967537628,/volumes/Seagate/mtg-jamendo-dataset/01/1222901.mp3
299.36,109.95678191489361,0.5662448554089414,0.3739873657226564,0.2626928389072418,0.8297236517079533,1.0,0.9139412685575372,0.005197668415938823,0.949207953283508,0.6544356636455716,0.6636822892774927,/volumes/Seagate/mtg-jamendo-dataset/01/361701.mp3
199.95569160997732,132.51201923076923,0.5443348788752791,0.5220666809082032,0.19966037571430206,0.5184550896249115,0.9282565297290069,0.23456325418505883,0.002377112001710447,0.2999999999977411,0.4525159532584202,0.6813745446054646,/volumes/Seagate/mtg-jamendo-dataset/01/1178101.mp3
178.75120181405896,135.99917763157896,0.5723945124138282,0.2347495422363281,0.20705243945121765,0.36047953475728084,0.6735702304416593,0.41612097383557456,0.0005821873459820938,0.5491745776373117,0.4789099257461717,0.678756893053204,/volumes/Seagate/mtg-jamendo-dataset/01/1363601.mp3
335.94666666666666,129.19921875,0.5598660411396326,0.3575067749023437,0.16273446381092072,0.6214931338823981,0.8820304892352626,0.4811982633424841,0.0022215992282414703,0.5498013235921109,0.6808699781666887,0.6224104113385938,/volumes/Seagate/mtg-jamendo-dataset/01/12301.mp3
264.4565306122449,139.6748310810811,0.5794434016432035,0.23713851928710938,0.31391170620918274,0.49816000410785355,0.7335566228427822,0.6263385510188567,0.00039442567676934527,0.2999999999999944,0.6408201899352514,0.6848441762482554,/volumes/Seagate/mtg-jamendo-dataset/01/1155001.mp3
185.13333333333333,120.18531976744185,0.5706526617763136,0.6734733428955079,0.15727479755878448,0.7022317739385457,0.9563576102943554,0.33418320136672236,0.008271269542840807,0.7322005249513699,0.59948892156282,0.6367211428085985,/volumes/Seagate/mtg-jamendo-dataset/01/492101.mp3
274.10147392290247,120.18531976744185,0.6060269585434414,1.0,0.16302423179149628,0.46510544057304753,0.6829420588163537,0.2247873472381484,0.0009872177107376747,0.2999847472427192,0.43284785472743603,0.6721191524994515,/volumes/Seagate/mtg-jamendo-dataset/01/220101.mp3
71.89333333333333,139.6748310810811,0.4699692826019174,0.8650722656250001,0.057309046387672424,0.4760742212435104,0.7736189902573755,0.10716426492538783,0.0042660297475273275,0.29989879685605975,0.5423047625138117,0.6121703041967999,/volumes/Seagate/mtg-jamendo-dataset/01/1135201.mp3
181.8947619047619,95.703125,0.5269734929492647,1.0,0.033434294164180756,0.38080824659949236,0.4703554831460373,0.0746797885390138,0.002330215182940238,0.3,0.4559586719583043,0.6208446115074442,/volumes/Seagate/mtg-jamendo-dataset/01/708401.mp3
187.51643990929705,129.19921875,0.6083234239732092,0.5415552825927734,0.22128647565841675,0.9373103415828369,1.0,0.21796772128196765,0.0229163979412333,0.8801972981933226,0.7399593098958334,0.6316712692578634,/volumes/Seagate/mtg-jamendo-dataset/01/1210701.mp3
181.27274376417233,87.5926906779661,0.5526950527433332,0.8001416931152344,0.13823160529136658,0.3329635314421452,0.5777475727821227,0.1558994898262035,0.0006551358906557405,0.29999999316359416,0.44858395022742026,0.660046587859408,/volumes/Seagate/mtg-jamendo-dataset/01/303801.mp3
217.3584807256236,105.46875,0.5626161714030192,0.42140879821777344,0.19492097198963165,0.648706914334877,0.8994955355581491,0.40968392474224924,0.0033712615357346133,0.5158371398249972,0.5868257451535919,0.652806400885549,/volumes/Seagate/mtg-jamendo-dataset/01/1066801.mp3
171.33333333333334,90.66611842105263,0.5918717469936008,0.7300893096923828,0.24478638172149658,0.5339987793843592,0.8426934577974217,0.2594260574669712,0.0014147121974569588,0.2999999999999999,0.4755613348085366,0.6930108304580315,/volumes/Seagate/mtg-jamendo-dataset/01/1115101.mp3
243.64,99.38401442307692,0.5635244269645587,0.935773696899414,0.14746977388858795,0.4111258499493134,0.7115264101254284,0.23549822994656136,0.0011326220798179795,0.29999999998025434,0.5225379609531096,0.6485815264092697,/volumes/Seagate/mtg-jamendo-dataset/01/47901.mp3
69.50666666666666,147.65625,0.5655617651107103,1.0,0.09582033008337021,0.22227986188135096,0.38635426587973537,0.09764163818354403,0.0007309991012929071,0.29999894948648365,0.5579455748636065,0.6229062038572919,/volumes/Seagate/mtg-jamendo-dataset/01/1045701.mp3
148.42353741496598,93.96306818181819,0.5685599908396457,0.36082269287109375,0.15749618411064148,0.7107806766403397,0.9593128308867864,0.6390415597546667,0.002363468656058312,0.29999999976584163,0.757462031572091,0.6052062199654127,/volumes/Seagate/mtg-jamendo-dataset/01/941401.mp3
307.5134693877551,126.04801829268293,0.5863843716653958,0.6193158416748047,0.3355201780796051,0.6868531059789628,0.8129750532631717,0.5947280314693815,0.0007682021278657301,0.8831702928081202,0.6393441779245644,0.692918428523745,/volumes/Seagate/mtg-jamendo-dataset/01/422701.mp3
204.67072916666666,122.28260869565217,0.539033325213641,0.8369969940185547,0.05328141897916794,0.2860267270082207,0.5199669678856006,0.16205580723724686,0.0004642452189373862,0.5138287697005602,0.5365184215605171,0.611877626520397,/volumes/Seagate/mtg-jamendo-dataset/01/729301.mp3
244.51038548752834,161.4990234375,0.5700404991818028,0.8982801818847657,0.04399070516228676,0.7429354141219016,1.0,0.10965152327559552,0.003948532691356555,0.29999999999961485,0.8106188003627425,0.5537128937858747,/volumes/Seagate/mtg-jamendo-dataset/01/554901.mp3
272.5518367346939,109.95678191489361,0.5727437449539889,0.42992439270019533,0.20148412883281708,0.9266058600177536,1.0,0.9856388880808215,0.007609474755743842,0.2999999997298707,0.7453125,0.6234717863798142,/volumes/Seagate/mtg-jamendo-dataset/01/395901.mp3
42.0,126.04801829268293,0.6431832265728733,0.8564137954711916,0.04321906343102455,0.18117650700637244,0.4095036690598353,0.05822783103452925,0.0020656764740644928,0.29923723499067906,0.4636635642861426,0.6228261499779403,/volumes/Seagate/mtg-jamendo-dataset/01/893401.mp3
106.78963718820862,120.18531976744185,0.4769472125817774,0.3446031799316407,0.06168390437960625,0.9063715079495082,1.0,0.47374608586829425,0.005816695219287051,0.9030647743659533,0.7803706395348837,0.5661320776696814,/volumes/Seagate/mtg-jamendo-dataset/01/1162701.mp3
225.51253968253968,80.74951171875,0.5708493293336311,0.44251974487304707,0.19168569147586823,0.3317776999121291,0.5236989594444642,0.42900285651505166,0.00013048991288009846,0.45911858756640345,0.3879608329876043,0.6914146823337918,/volumes/Seagate/mtg-jamendo-dataset/01/992501.mp3
230.4,109.95678191489361,0.6107782078461067,0.45061325073242187,0.21193885803222656,0.6413469160875387,0.9316879750979941,0.6864350621738607,0.002707986906908454,0.2999999989670001,0.660175126177657,0.6442629636560702,/volumes/Seagate/mtg-jamendo-dataset/01/245201.mp3
198.85643990929705,135.99917763157896,0.5234565460552509,0.687181900024414,0.10793290287256241,0.38786874802318255,0.6668128979853044,0.20465563322222047,0.001658555615534477,0.4623571672559301,0.3653037312268732,0.6657950987887478,/volumes/Seagate/mtg-jamendo-dataset/01/1408401.mp3
193.61301587301588,151.99908088235293,0.597640668013609,0.20498391723632814,0.2546328604221344,0.47355322285746726,0.6748854960044025,0.8735492287464698,0.0002955365205808787,0.8631858985761178,0.41480721247315466,0.7087063872573375,/volumes/Seagate/mtg-jamendo-dataset/01/1236401.mp3
269.53333333333336,135.99917763157896,0.5182662877888248,0.4338538360595703,0.11076689511537552,0.45613090401550355,0.6719934108017334,0.2843518347313039,0.0006735024318093851,0.7284225162958646,0.41134818751726593,0.6576064447380819,/volumes/Seagate/mtg-jamendo-dataset/01/1294001.mp3
347.58637188208615,87.5926906779661,0.6072836657084097,0.5630533599853516,0.08650369942188263,1.0,1.0,0.6662762250722811,0.01141056194514756,0.9729015866919124,0.6251853813559323,0.6061042555206912,/volumes/Seagate/mtg-jamendo-dataset/01/308901.mp3
393.2222902494331,129.19921875,0.5991281910129334,0.7243090209960937,0.22421586513519287,0.4422885053159597,0.7718626210920858,0.2519089488503388,0.0014628117093888578,0.3,0.5671273547298609,0.6672922405026973,/volumes/Seagate/mtg-jamendo-dataset/01/1375801.mp3
144.77333333333334,161.4990234375,0.5631162463676677,0.6745108795166017,0.07226727902889252,0.30736212035560895,0.4821073974298083,0.2767488802394038,0.000255778419876501,0.2999947889879145,0.6173882900252495,0.6025385624453514,/volumes/Seagate/mtg-jamendo-dataset/01/246601.mp3
515.1346938775511,109.95678191489361,0.5063526453439757,0.21832000732421875,0.2823162078857422,0.7843289519754685,1.0,0.8346944911832657,0.0023165219682997167,0.29999999463765264,0.7488240770132489,0.6518690194362174,/volumes/Seagate/mtg-jamendo-dataset/01/1146201.mp3
140.0,119.68085106382979,0.5649693520371382,0.6594853210449219,0.08096812665462494,0.284068495799734,0.6672957441626846,0.08275290523741746,0.002520066084465016,0.43922662945044894,0.49070194431620345,0.6310081367324243,/volumes/Seagate/mtg-jamendo-dataset/01/1079401.mp3
104.0,119.68085106382979,0.6101017807995084,0.7909356689453125,0.25306886434555054,0.43927303660308414,0.7493629346261637,0.44939030643511235,0.0011587164996188567,0.8060558838457778,0.4687252347591814,0.6973597442125619,/volumes/Seagate/mtg-jamendo-dataset/01/31501.mp3
301.17333333333335,105.46875,0.5799629140107501,0.207769775390625,0.282283753156662,0.4808373354527548,0.7202359049199806,0.7884503389962777,0.00040666862153820757,0.39319408800477007,0.47621540141792834,0.7063790708528126,/volumes/Seagate/mtg-jamendo-dataset/01/7201.mp3
186.78260770975058,114.84375,0.5222924746169877,0.6722962799072266,0.12640073895454407,0.3506134268013883,0.6727651883939566,0.25070423816302306,0.0005797623362615218,0.650189754940327,0.43147859735389915,0.6592085465528561,/volumes/Seagate/mtg-jamendo-dataset/01/1298301.mp3
388.5482086167801,123.046875,0.5129402017803448,0.5854106445312499,0.06936097890138626,0.2289409278832875,0.40342183234988194,0.18309889538074273,0.0004991850337017792,0.7197618699067758,0.4194776029538051,0.641074431813738,/volumes/Seagate/mtg-jamendo-dataset/01/633201.mp3
160.61333333333334,129.19921875,0.5579272630507137,0.9294635009765626,0.14646154642105103,0.5751390227421959,0.778879528806055,0.2228586035770007,0.0019615351695509826,0.48815609453208425,0.5690416195046671,0.6389178328106448,/volumes/Seagate/mtg-jamendo-dataset/01/996101.mp3
219.82478458049886,129.19921875,0.56464687417626,0.5090401611328126,0.25437983870506287,0.2740558344336628,0.6448510059366219,0.13782194542304546,0.002290519937074709,0.6915858096046428,0.41486599353051756,0.7086035432277191,/volumes/Seagate/mtg-jamendo-dataset/01/1328101.mp3
243.97360544217688,117.45383522727273,0.5644132491237759,0.37731906127929693,0.24258233606815338,0.5799274303285161,0.8398921152684247,0.5359688491959866,0.001227038541132354,0.4338975443764196,0.5813622465962816,0.6710571916652789,/volumes/Seagate/mtg-jamendo-dataset/01/1380501.mp3
199.22666666666666,107.666015625,0.5446595158071759,0.6740147247314454,0.20048725605010986,0.6089019489069919,0.9476373733263843,0.3636448916936722,0.002908913199480199,0.2999998360631591,0.6237087012783215,0.6474336719223753,/volumes/Seagate/mtg-jamendo-dataset/01/1159701.mp3
307.9066666666667,120.18531976744185,0.5153244319095269,0.18336822509765624,0.17190587520599365,0.31899622157301516,0.5048676596688946,0.5199993378464006,9.542156439906239e-05,0.8584230473675041,0.4457703511887423,0.6727320448364094,/volumes/Seagate/mtg-jamendo-dataset/01/167501.mp3
285.60002267573697,132.51201923076923,0.5736030831857499,0.5892706146240235,0.1105118840932846,0.9521022500455112,1.0,0.21170513583184614,0.006513318660956362,0.2999999999996978,0.7150240384615385,0.5967794705812748,/volumes/Seagate/mtg-jamendo-dataset/01/263201.mp3
172.0,120.18531976744185,0.562681832809327,0.39552215576171873,0.21748356521129608,0.6490341672650388,0.9970146684000607,0.36716972745157755,0.003991527400909346,0.7988482818738889,0.660487651967917,0.6461965530824831,/volumes/Seagate/mtg-jamendo-dataset/01/1007901.mp3
432.44643990929706,139.6748310810811,0.5962980098698656,0.40628126525878905,0.2820587456226349,0.7466070600665251,1.0,0.40207063008130084,0.0023356242251494964,0.8874215920675852,0.6459777063162639,0.6723456071608958,/volumes/Seagate/mtg-jamendo-dataset/01/1399701.mp3
438.76,129.19921875,0.5630898913790756,0.6255723800659179,0.11098328232765198,0.4258263481261969,0.7700690586529905,0.23635186695855104,0.0018590799415393474,0.29999999989124393,0.4928234055298425,0.6413893005319862,/volumes/Seagate/mtg-jamendo-dataset/01/260001.mp3
332.3239909297052,109.95678191489361,0.6093952438455269,0.39868435668945323,0.23663568496704102,0.5767882787889971,0.9028585349295242,0.7926985195441474,0.0008430505970459585,0.7233408155037151,0.5272404779593509,0.6797407509962645,/volumes/Seagate/mtg-jamendo-dataset/01/31801.mp3
215.16056689342403,103.359375,0.5631538283837947,0.24138342285156247,0.24520355463027954,0.5510622445497081,0.7846703523070486,0.5303546870249903,0.0008137271066006601,0.2999997431741886,0.5144696154465529,0.68537935657759,/volumes/Seagate/mtg-jamendo-dataset/01/1027901.mp3
209.60629166666666,95.33898305084746,0.5984237817843268,0.5466304016113281,0.12426130473613739,0.1860646793605674,0.4023344169483912,0.18905535745093344,0.00022777799041512174,0.8844774846592607,0.31938640867922924,0.6808567879691636,/volumes/Seagate/mtg-jamendo-dataset/01/1012001.mp3
244.5750566893424,109.95678191489361,0.5687775205283374,0.3263556671142578,0.22955068945884705,0.7143105052766173,1.0,0.29076537618124687,0.001737320092900003,0.3162915824227258,0.5998430333886406,0.6626696415274569,/volumes/Seagate/mtg-jamendo-dataset/01/1208601.mp3
198.10990929705216,120.18531976744185,0.5641197248957053,0.4546029815673828,0.2616066336631775,0.5336793021479418,0.9624918584177203,0.3377125427372417,0.0020283788168904875,0.427248226296169,0.7159736158062758,0.6509836649574887,/volumes/Seagate/mtg-jamendo-dataset/01/926201.mp3
204.06857142857143,126.04801829268293,0.574258767781106,0.42649384307861327,0.05370055511593819,0.13419721281008776,0.2202870804935265,0.12373587827356257,0.00021305853154185344,0.9317541903343385,0.37563258810246236,0.6442056822212453,/volumes/Seagate/mtg-jamendo-dataset/01/477401.mp3
175.35111111111112,103.359375,0.5254108984186736,0.4921794509887695,0.07320007681846619,0.48792716417185,0.8481821930367558,0.18527768447705664,0.003130063806927288,0.5971953310934404,0.46018030965339096,0.6343159657239696,/volumes/Seagate/mtg-jamendo-dataset/01/1105601.mp3
263.56,120.18531976744185,0.5505048093176456,0.5897968292236329,0.17585325241088867,0.3572918132065547,0.6650214943700409,0.32279653022942,0.000564033861159273,0.2999999995740078,0.32730451796215165,0.6978462672754896,/volumes/Seagate/mtg-jamendo-dataset/01/1051201.mp3
236.298820861678,129.19921875,0.6137258073387252,0.7321408233642578,0.12382552772760391,0.9075433091537132,1.0,0.389448469408542,0.008955654815137796,0.9463571520253093,0.6854006065300431,0.6074970686759288,/volumes/Seagate/mtg-jamendo-dataset/01/397101.mp3
213.91022675736963,117.45383522727273,0.5587930578717134,0.3551798706054688,0.22399789094924927,0.24836163148045362,0.4335129368065879,0.36121176820994805,0.00010353519989538128,0.29999999997111904,0.4006905711163821,0.7005011265184533,/volumes/Seagate/mtg-jamendo-dataset/01/1274301.mp3
77.06074829931973,143.5546875,0.536084630776793,0.5891248626708985,0.0385940782725811,0.20295324634699677,0.3170398695633632,0.15151639856259969,0.0001832659289755885,0.516284631028532,0.4522940442057609,0.6234350593369771,/volumes/Seagate/mtg-jamendo-dataset/01/259901.mp3
190.44,97.50884433962264,0.5723888062476525,0.485813003540039,0.14680789411067963,1.0,1.0,0.6627297922576885,0.013771537855410894,0.931757555962315,0.6450176886792454,0.6238473041439956,/volumes/Seagate/mtg-jamendo-dataset/01/953501.mp3
264.11204081632656,107.666015625,0.5808398961200665,0.5380895080566406,0.2334027737379074,0.4973281345228299,0.8040719830932436,0.4211114077381048,0.0011614318819983215,0.5101253561767789,0.48855641832206753,0.6863137148812333,/volumes/Seagate/mtg-jamendo-dataset/01/1211801.mp3
177.72555555555556,166.70866935483872,0.568894430497467,0.3360043334960938,0.2543164789676666,0.520049296803679,0.7193982399101917,0.5133505079906766,0.0006158410475129342,0.29999999964888674,0.7152347464194808,0.6485069831444638,/volumes/Seagate/mtg-jamendo-dataset/01/1124801.mp3
192.0,126.04801829268293,0.6161217383957827,0.8852325515747075,0.09324077516794205,0.3052625433376726,0.5971836104258248,0.16244097112636383,0.000715740533130727,0.42160111694613567,0.5238979365350035,0.6287870917534585,/volumes/Seagate/mtg-jamendo-dataset/01/377701.mp3
70.0,120.18531976744185,0.576450168594427,0.6096656494140624,0.08331286907196045,0.4440014632794475,0.8334781595149372,0.18015612991950813,0.002041827135588387,0.4913042879653986,0.48156784019098114,0.6336790648277096,/volumes/Seagate/mtg-jamendo-dataset/01/1279601.mp3
83.16546485260771,97.50884433962264,0.4914159396204585,0.6775856933593749,0.04977414384484291,0.22669946147560094,0.3435375992488305,0.14276395527774374,0.0002673313147644545,0.4771001309950173,0.41153313390372026,0.6356120650033994,/volumes/Seagate/mtg-jamendo-dataset/01/1235601.mp3
237.48083900226757,126.04801829268293,0.5589768083955928,0.5487081298828125,0.2725653350353241,0.5514873190258741,0.8840677886331225,0.4444368661726216,0.0023714576083114073,0.29999997701707193,0.5276696717531031,0.6925895862620961,/volumes/Seagate/mtg-jamendo-dataset/01/1249601.mp3
195.06839002267574,129.19921875,0.5853811983806858,1.0,0.19564519822597504,0.6735086647855346,0.7702022714035126,0.5307416945137193,0.0019309387547024569,0.2999999990739383,0.7527899523416341,0.6198742808930242,/volumes/Seagate/mtg-jamendo-dataset/01/1083601.mp3
161.94666666666666,112.34714673913044,0.6035501905547918,0.2591763916015625,0.2737182676792145,0.33777943312483766,0.5706636821375374,0.3855295160593731,0.0003246950726825446,0.29999999946269834,0.409500624804133,0.7166384514036906,/volumes/Seagate/mtg-jamendo-dataset/01/1417801.mp3
326.0,126.04801829268293,0.56159199980202,0.4024652709960938,0.09597106277942657,0.1493032297590423,0.2752229765069957,0.1973862136057258,8.367154497023481e-05,0.47351222596746967,0.2552077171063382,0.683508039179326,/volumes/Seagate/mtg-jamendo-dataset/01/399401.mp3
101.93684807256236,129.19921875,0.5642892474299293,0.7396015930175781,0.07826288789510727,0.6777436732855864,1.0,0.055844520180767236,0.006886947752669758,0.45412846966759346,0.5949745902408818,0.6091797215940623,/volumes/Seagate/mtg-jamendo-dataset/01/846501.mp3
174.98557823129252,123.046875,0.6017017205552969,1.0,0.16873082518577576,0.4598807516011367,0.6793605758991308,0.5169586063272561,0.0005910122231385168,0.4027733912094565,0.4549597585304542,0.6697511453607885,/volumes/Seagate/mtg-jamendo-dataset/01/1070601.mp3
177.6316553287982,93.96306818181819,0.585555487226749,0.389467758178711,0.16278234124183655,0.36402869866809306,0.6572709830429843,0.21589287422285985,0.0007470644255311975,0.2999999999988336,0.49203201405353547,0.6601952400363541,/volumes/Seagate/mtg-jamendo-dataset/01/1032701.mp3
273.4316553287982,147.65625,0.6094453970444998,0.7057142486572267,0.18326079845428467,0.47305540336490703,0.7638595268658396,0.2628597643822906,0.0011213832722177135,0.9429012938645968,0.535694405106788,0.6588350064221848,/volumes/Seagate/mtg-jamendo-dataset/01/1323801.mp3
260.82698412698414,120.18531976744185,0.5480368967907856,0.16882240295410156,0.12864048779010773,0.4418631425927967,0.6944774805009627,0.5724049132238852,0.00032058336873211525,0.43320563855046623,0.5107996838990315,0.6441506388246324,/volumes/Seagate/mtg-jamendo-dataset/01/1330501.mp3
289.2307709750567,97.50884433962264,0.6329405286855585,0.9074256591796874,0.2052692323923111,0.6622508116371321,0.9855069732074826,0.3227730061589943,0.0023603656129060234,0.93118255884646,0.5420881949943807,0.6654792846623558,/volumes/Seagate/mtg-jamendo-dataset/01/549101.mp3
193.84163265306123,99.38401442307692,0.5859292857756053,1.0,0.21464014053344727,0.6363571789938222,0.8841489923206861,0.9461428005907297,0.0016515287174777927,0.7849500739348232,0.6685077556312665,0.6435688994657877,/volumes/Seagate/mtg-jamendo-dataset/01/82801.mp3
152.5,120.18531976744185,0.5741887016102234,0.5057319641113281,0.2102077603340149,0.4995088580538242,0.8874497174008202,0.24270595050652088,0.003432743887235477,0.35592495873594954,0.5770131543204927,0.6602721628561468,/volumes/Seagate/mtg-jamendo-dataset/01/718301.mp3
145.68489795918367,109.95678191489361,0.46302785128527224,0.9156072387695312,0.04652385041117668,0.6727015034341485,1.0,0.04745028755570846,0.009956566355431235,0.7321290162900309,0.6501248168623024,0.5867236227755632,/volumes/Seagate/mtg-jamendo-dataset/01/1133301.mp3
140.75,107.666015625,0.5592200016610637,0.5914881057739259,0.10887258499860764,0.572080409927034,0.7368055572277292,0.2490641420765907,0.0011066069394090685,0.29999999999530214,0.6598877790684873,0.6072165747858013,/volumes/Seagate/mtg-jamendo-dataset/01/1320001.mp3
194.0338775510204,161.4990234375,0.5914743427776086,0.5018277893066407,0.20085899531841278,0.5896532847157315,0.9141707782241205,0.4970726745501165,0.002853093745054134,0.4215757744270976,0.6201227641228613,0.6482846854900564,/volumes/Seagate/mtg-jamendo-dataset/01/938301.mp3
251.50934240362812,143.5546875,0.5629741904256569,0.5562235870361328,0.17603926360607147,0.732607495140204,0.9539720317095813,0.2802110728825161,0.0040501430924584775,0.9422570312135155,0.6677148386259161,0.6298311671730026,/volumes/Seagate/mtg-jamendo-dataset/01/950101.mp3
210.03863945578232,120.18531976744185,0.5409191791861847,0.25646186828613277,0.16938549280166626,0.1266871239258607,0.3121673696250429,0.18662284367703283,0.00011165541527520995,0.2996655240273293,0.42858120708292524,0.6752625359920148,/volumes/Seagate/mtg-jamendo-dataset/01/1391301.mp3
258.5338775510204,129.19921875,0.5745248796996947,0.40900830078125006,0.22428132593631744,0.5906372471644736,0.8522600287627127,0.4711802144291145,0.0018156992251256428,0.9027715300934407,0.6556060563547494,0.6496200660661243,/volumes/Seagate/mtg-jamendo-dataset/01/1051501.mp3
225.93303854875285,112.34714673913044,0.5761410087138541,1.0,0.06420977413654327,0.2509376663560418,0.39877025216658113,0.18700490411717743,0.00043451985378416876,0.29988056620565146,0.5234769653885326,0.6184201256114491,/volumes/Seagate/mtg-jamendo-dataset/01/614901.mp3
87.96049886621316,90.66611842105263,0.5606819898355013,0.9796151123046876,0.035179924219846725,1.0,1.0,0.29965846576771166,0.014712813712554534,0.9537858702176774,0.7213322368421053,0.5683983253507238,/volumes/Seagate/mtg-jamendo-dataset/01/1125001.mp3
297.96678004535147,120.18531976744185,0.5643657718265924,0.5387449951171875,0.2029796987771988,0.655291912474325,0.9405592923824202,0.361726561274964,0.0012932473379898026,0.6678034624540314,0.5696358237220409,0.6591455268153834,/volumes/Seagate/mtg-jamendo-dataset/01/913701.mp3
203.30666666666667,161.4990234375,0.5857496216153868,0.3858617248535156,0.22555163502693176,0.6647906733873556,0.9517444660178859,0.8665748364884289,0.001477854583156093,0.6386648607521053,0.7599170710242887,0.6292151744048377,/volumes/Seagate/mtg-jamendo-dataset/01/287501.mp3
234.66666666666666,90.66611842105263,0.5195757409890136,0.4361598205566406,0.051537297666072845,0.30471199174862296,0.48473272231201364,0.14525715761288616,0.000597354191026891,0.5241061645695082,0.46946781490210404,0.6246598641793655,/volumes/Seagate/mtg-jamendo-dataset/01/1390501.mp3
171.05333333333334,103.359375,0.5957386042587265,0.5225904998779296,0.21296165883541107,0.833749788208348,1.0,0.7214966544941681,0.003547504882161538,0.7973180713115409,0.65671875,0.6453224471807479,/volumes/Seagate/mtg-jamendo-dataset/01/292501.mp3
328.0,123.046875,0.5872233399555784,0.17104512023925786,0.14802464842796326,0.14071728846668485,0.20880479178303005,0.30451856635230656,1.888027978709492e-05,0.251088040742168,0.48499209785432107,0.6562904538632025,/volumes/Seagate/mtg-jamendo-dataset/01/1062501.mp3
122.18183673469387,126.04801829268293,0.5519724973642011,1.0,0.18294203281402588,0.572493617985731,0.8987615997980385,0.3393775898990461,0.004129212139772239,0.29976090572448405,0.586630794424147,0.6485329729282199,/volumes/Seagate/mtg-jamendo-dataset/01/1036201.mp3
315.6908616780045,109.95678191489361,0.5834778275737609,0.5413712310791016,0.2551339864730835,0.9480598667541641,1.0,0.5820548009098803,0.008706292988929769,0.9041409240832903,0.7599135638297871,0.6398655223643526,/volumes/Seagate/mtg-jamendo-dataset/01/82601.mp3
138.43750566893425,120.18531976744185,0.5231832565912742,0.9140082092285157,0.051728442311286926,0.1941441724997093,0.3046906106985764,0.19681259906938692,0.00011434842901548008,0.29999255132857094,0.5707794549108288,0.6044663482498975,/volumes/Seagate/mtg-jamendo-dataset/01/816201.mp3
216.09333333333333,120.18531976744185,0.5615940530439519,0.6240515594482422,0.11943040043115616,0.5856175988928572,0.8298652821639032,0.1254504784880224,0.008904257565134317,0.7166330898949548,0.5641920747306173,0.6301565292090927,/volumes/Seagate/mtg-jamendo-dataset/01/195301.mp3
167.25333333333333,132.51201923076923,0.5253151957025531,0.45462948608398435,0.11696768552064896,0.406734311316792,0.7377026362651486,0.29914590976270006,0.0008204365504981862,0.8199688967891565,0.500719037062757,0.6419645593748822,/volumes/Seagate/mtg-jamendo-dataset/01/170001.mp3
168.98854166666666,125.0,0.5393224558862622,0.221302734375,0.24094811081886292,0.9259344344133197,0.9790249257343596,1.0,0.0011181522551096282,0.5581171643593927,0.7,0.6467413198947907,/volumes/Seagate/mtg-jamendo-dataset/01/1070701.mp3
128.57469387755103,87.5926906779661,0.5431741931943874,0.28922793579101563,0.36396393179893494,0.6382103654245624,0.9637559792302727,0.32038760116720805,0.00355069596383171,0.9217890482534994,0.47548307005970264,0.735930401435676,/volumes/Seagate/mtg-jamendo-dataset/01/1012601.mp3
170.03102040816327,120.18531976744185,0.540923922366402,0.786811294555664,0.11515594273805618,0.2798075169609464,0.5396984273280053,0.1255992645956775,0.0016591175383197502,0.8056396663019872,0.5010013517329245,0.6412558690391154,/volumes/Seagate/mtg-jamendo-dataset/01/1060601.mp3
199.97315192743764,107.666015625,0.5543135170002735,0.37799475097656254,0.11425164341926575,0.247603581563032,0.4307474241684907,0.26490197883110905,0.00015420886531057696,0.8196139597170863,0.5880012077773691,0.6235303500754619,/volumes/Seagate/mtg-jamendo-dataset/01/1270901.mp3
174.7069387755102,105.46875,0.5723703786348997,0.33474114990234377,0.22329232096672058,0.5412243189180688,0.8019191391235543,0.7278428677701622,0.0005202795698206745,0.29999999999620114,0.5324687597663967,0.6738914835947402,/volumes/Seagate/mtg-jamendo-dataset/01/604701.mp3
348.513875,133.92857142857142,0.6104240883969771,0.3250397491455078,0.19099707901477814,0.5270198440968393,0.8962092198713669,0.5966802873023527,0.0011120379298911814,0.7360228220036045,0.6262157788694931,0.6435157926714216,/volumes/Seagate/mtg-jamendo-dataset/01/226001.mp3
211.25224489795917,126.04801829268293,0.6155889158874961,1.0,0.26930105686187744,0.7778138182595855,0.8713072116601392,0.30657099657389186,0.004423179356041292,0.8835082101222709,0.6965494911502622,0.6576384822402235,/volumes/Seagate/mtg-jamendo-dataset/01/332401.mp3
242.56863945578232,151.99908088235293,0.5954589778729034,0.5068244171142577,0.27279382944107056,0.4775534329745409,0.8139558674111267,0.4389494475015584,0.0010095061103489328,0.8516612851751663,0.6442734616093988,0.6693510862769056,/volumes/Seagate/mtg-jamendo-dataset/01/326901.mp3
307.3855328798186,129.19921875,0.6069774795173646,0.7954446029663086,0.1891826093196869,0.8364190626642052,1.0,0.5646739430832894,0.00682315281563221,0.7220369823859926,0.6834041841549894,0.6314249025240893,/volumes/Seagate/mtg-jamendo-dataset/01/872001.mp3
144.1,100.44642857142857,0.5845795790817743,0.5906942291259766,0.22619503736495972,0.38234048464825005,0.6394403064188671,0.29809066454839234,0.0005857283637499973,0.3,0.4041405604200196,0.7006021013673815,/volumes/Seagate/mtg-jamendo-dataset/01/1080201.mp3
256.9764172335601,132.51201923076923,0.555159559165399,0.3345254821777345,0.14338281750679016,0.17804285760039448,0.3911999951138723,0.16681935131978382,0.0009388871405382568,0.42672250276057877,0.40148467486016887,0.6713208793304107,/volumes/Seagate/mtg-jamendo-dataset/01/33501.mp3
128.31249433106575,129.19921875,0.5230480741088752,0.40608056640624995,0.19488012790679932,0.5112254064389217,0.8180244641395298,0.3147065314301351,0.00108828007883016,0.776029537930742,0.5880055908594136,0.6525557278745651,/volumes/Seagate/mtg-jamendo-dataset/01/1165501.mp3
253.09092970521542,109.95678191489361,0.5416009319945017,0.8112346649169921,0.07589515298604965,0.6165071242349327,0.8899970515097273,0.19925374804206758,0.003332791093255401,0.8389308379085125,0.5587953083346213,0.6155631934080537,/volumes/Seagate/mtg-jamendo-dataset/01/826301.mp3
277.6701133786848,114.84375,0.5719620690973006,0.3595706176757813,0.2444407343864441,0.36278256782516033,0.7361826973298361,0.2222093275830948,0.001816601258956868,0.760743579056435,0.5157977798156398,0.6848391084159919,/volumes/Seagate/mtg-jamendo-dataset/01/338001.mp3
297.06798185941045,120.18531976744185,0.5354644610323095,0.4256934814453125,0.11990681290626526,0.4321174494076643,0.7892738700071492,0.23942530225677433,0.0013951901303233304,0.8664667168327087,0.48153887252440336,0.6468586781413749,/volumes/Seagate/mtg-jamendo-dataset/01/1337401.mp3
111.45578231292517,84.72079918032787,0.586508925799266,0.8726011657714844,0.08750054240226746,0.4857500267646945,0.7659749390969836,0.25774246077009255,0.0012381482823297589,0.29999999999991234,0.44227692900896926,0.6430448094630224,/volumes/Seagate/mtg-jamendo-dataset/01/1075201.mp3
140.17412698412699,135.99917763157896,0.5602143934979505,0.5381369171142579,0.20068638026714325,0.10416831650185632,0.31929775074581357,0.11239026006294518,0.0008319748266563657,0.2993611953590677,0.3675056851340253,0.6987459598693666,/volumes/Seagate/mtg-jamendo-dataset/01/1269101.mp3
166.26562358276644,135.99917763157896,0.5328521478251957,0.9959272766113281,0.0586271807551384,0.36837557601501086,0.7163773518493852,0.16439068671114054,0.0011095455309741097,0.5148416167813799,0.3831260186693351,0.6444805813379828,/volumes/Seagate/mtg-jamendo-dataset/01/1030101.mp3
242.47530612244898,109.95678191489361,0.5907158868695106,0.3537225341796875,0.2978041172027588,0.814265211216307,1.0,0.463864696388992,0.008478678069420898,0.8816089669529927,0.6847999448086726,0.6702494932312587,/volumes/Seagate/mtg-jamendo-dataset/01/1388001.mp3
186.9206349206349,120.18531976744185,0.4983908082857429,0.6806098937988281,0.07624468207359314,0.3160597361217926,0.5324454896378571,0.21323717205869652,0.000300151840480542,0.43642974645669685,0.6355036488386598,0.6003473557787616,/volumes/Seagate/mtg-jamendo-dataset/01/961901.mp3
276.43201814058955,166.70866935483872,0.5509200407958086,0.5257736358642578,0.15690740942955017,0.6600571815804824,0.9804257512640439,0.31315167842984604,0.004085557173796153,0.4889139634691172,0.7719723519623158,0.6020921970021749,/volumes/Seagate/mtg-jamendo-dataset/01/1095101.mp3
240.74,126.04801829268293,0.6084631555538504,0.33102394104003907,0.3809330463409424,0.7621458109167283,1.0,0.9694710271755496,0.0036037273628829938,0.2999999970274022,0.7541983104559205,0.6862962345915551,/volumes/Seagate/mtg-jamendo-dataset/01/1378101.mp3
251.0769387755102,129.19921875,0.5289037551423768,0.47791572570800783,0.12942753732204437,0.4412632754235634,0.6245775065039304,0.3079515849260037,0.0007550515613847693,0.6462716426825665,0.49168845408085154,0.6482562226197657,/volumes/Seagate/mtg-jamendo-dataset/01/1238101.mp3
188.68,120.18531976744185,0.5385797032184385,0.5066601104736328,0.09405693411827087,0.43107472009237036,0.7632879107251409,0.22742806889058306,0.0007024561477846598,0.7117199256855657,0.47475693334820784,0.6389091096129359,/volumes/Seagate/mtg-jamendo-dataset/01/3101.mp3
266.5181632653061,135.99917763157896,0.5998404187840924,0.13826568603515624,0.2775581181049347,0.7242875400256163,0.9691183975534419,1.0,0.002458447439966165,0.9171785769787102,0.7409825763009917,0.6517244072575782,/volumes/Seagate/mtg-jamendo-dataset/01/842401.mp3
244.32192743764173,117.45383522727273,0.5698835055861966,0.44607235717773436,0.19028647243976593,0.49033466673908377,0.8741689745422436,0.233409708580336,0.002329974301716708,0.4962687016650636,0.3801078733612173,0.6924815554060724,/volumes/Seagate/mtg-jamendo-dataset/01/1066901.mp3
358.4172789115646,123.046875,0.5514535918421771,0.33483056640625003,0.10250616818666458,0.19410495660704938,0.3568700100598676,0.26403181665918757,8.754978828263864e-05,0.5694819708708405,0.33503262724026267,0.6698956950991468,/volumes/Seagate/mtg-jamendo-dataset/01/1066201.mp3
219.01043083900225,120.18531976744185,0.5801609947453628,0.2947625427246094,0.19539621472358704,0.6939660797018512,0.8967338668578004,0.7261967562423716,0.0021017501138098486,0.3142390830184386,0.6144699018863963,0.6474486569232121,/volumes/Seagate/mtg-jamendo-dataset/01/229001.mp3
250.85714285714286,112.34714673913044,0.5635101012483683,1.0,0.18391965329647064,0.3640171018850779,0.6105562930974406,0.19289107015468526,0.0015759838756287375,0.2999999999903265,0.5224687249681346,0.6617173301931025,/volumes/Seagate/mtg-jamendo-dataset/01/1409401.mp3
219.8726530612245,166.70866935483872,0.5905236078813441,0.6786127624511719,0.1685333251953125,0.6558907887624018,0.9387397270866147,0.19696483833205192,0.0036323228952717594,0.29999999999990995,0.6823879547944909,0.6241944061114143,/volumes/Seagate/mtg-jamendo-dataset/01/415601.mp3
245.0,114.84375,0.5489805539241477,0.5443392333984374,0.09884719550609589,0.2641296523103876,0.532285908580616,0.13030328597367383,0.0009028920733967434,0.4383468149286357,0.4829072298246234,0.6390035444172699,/volumes/Seagate/mtg-jamendo-dataset/01/1157701.mp3
185.81863945578232,139.6748310810811,0.5587770158071661,0.4020562744140625,0.27688488364219666,0.4338223661479389,0.7104929493243212,0.5415094339622641,0.0005558823324155933,0.46940895996985077,0.616458898230885,0.6763867784650137,/volumes/Seagate/mtg-jamendo-dataset/01/718501.mp3
324.62666666666667,135.99917763157896,0.5189364022932388,0.9557977905273438,0.11857408285140991,0.6974446448946158,1.0,0.2077983884051701,0.006023970611941641,0.7799168957833946,0.551792712153987,0.6323281273957102,/volumes/Seagate/mtg-jamendo-dataset/01/1194601.mp3
34.023061224489794,132.51201923076923,0.5848822252534143,1.0,0.09936044365167618,0.25631641569806896,0.4421084041851491,0.3961554784432184,0.00011531765999497994,0.4910811339439729,0.4350873947743191,0.6487522807597396,/volumes/Seagate/mtg-jamendo-dataset/01/1314101.mp3
293.02666666666664,166.70866935483872,0.5506631433139295,0.5300523223876954,0.206352099776268,0.6733866899546758,0.9759060131485687,0.46512349735224773,0.004807548935262779,0.4407191659994343,0.7842162354703353,0.6174435088253893,/volumes/Seagate/mtg-jamendo-dataset/01/1101.mp3
651.9996371882086,114.84375,0.6291818282972791,0.44849342346191406,0.09105599671602249,0.267789342863302,0.5399855359133683,0.3937661317887062,7.142302520164509e-05,0.6629921467168671,0.37913101254360293,0.6569539563090475,/volumes/Seagate/mtg-jamendo-dataset/01/167201.mp3
347.9510204081633,126.04801829268293,0.582634844787915,0.5494448852539062,0.21661417186260223,0.5317361844088522,0.831999438052838,0.27351106069200226,0.0036065700149955577,0.8974778099278384,0.5230338378800983,0.6733743342945171,/volumes/Seagate/mtg-jamendo-dataset/01/1414201.mp3
427.02367346938775,129.19921875,0.5453672126182236,1.0,0.053070712834596634,0.8724970752842311,1.0,0.44484433572211524,0.008704134484863305,0.2999998710361506,0.7983984375,0.5594257691204548,/volumes/Seagate/mtg-jamendo-dataset/01/373601.mp3
455.2127891156463,123.046875,0.5187893499077134,0.5598854064941406,0.14684352278709412,0.18674372280367346,0.3635917800817662,0.11788072549296486,0.0004087056221228532,0.26496275479446035,0.49261277081767546,0.6543411140398188,/volumes/Seagate/mtg-jamendo-dataset/01/1129801.mp3
274.3035827664399,105.46875,0.569258280498202,1.0,0.12152412533760071,1.0,1.0,0.34272365121755083,0.01837823610621547,0.3,0.6609375,0.6115611851215363,/volumes/Seagate/mtg-jamendo-dataset/01/1273901.mp3
173.1122448979592,95.703125,0.579506915397956,1.0,0.15198644995689392,0.35631277181899795,0.6179594041878445,0.14781132279165324,0.0015190134302998667,0.5009238551676334,0.4925034877245503,0.6562144244395718,/volumes/Seagate/mtg-jamendo-dataset/01/1174401.mp3
271.9863718820862,120.18531976744185,0.5685480982436819,0.28044671630859375,0.2498256266117096,0.2817559426945782,0.6082804861305703,0.29663334051703943,0.0003962525847693648,0.299976676630953,0.4043909413048061,0.7090590373192542,/volumes/Seagate/mtg-jamendo-dataset/01/1378001.mp3
154.12244897959184,129.19921875,0.5447290239689044,0.28345657348632813,0.10391474515199661,0.3842194983065014,0.6059302292115445,0.3252279925631435,0.00030014428365219745,0.6048391557952209,0.40099251682627557,0.6572108048894637,/volumes/Seagate/mtg-jamendo-dataset/01/759301.mp3
241.78666666666666,109.95678191489361,0.5862379301991968,0.5679560852050781,0.16394123435020447,0.6187172274125379,0.8387136048816298,0.6356615675059084,0.0012143170538630411,0.8356642050574874,0.5807142003909789,0.6428760042878778,/volumes/Seagate/mtg-jamendo-dataset/01/213201.mp3
232.5681632653061,99.38401442307692,0.5959539030316843,0.46563441467285166,0.07850795239210129,0.3747787623133616,0.6628950176040017,0.17609434660640536,0.001912966768029268,0.29999999999997495,0.4106630227672708,0.6461302583077023,/volumes/Seagate/mtg-jamendo-dataset/01/250001.mp3
147.35383219954647,112.34714673913044,0.5330023040623026,0.9265010986328125,0.0380602590739727,0.23363076598958765,0.47090249287114383,0.10789315409107766,0.0006187364670699507,0.29982281410609074,0.3079965130653605,0.6521023906535581,/volumes/Seagate/mtg-jamendo-dataset/01/1377101.mp3
219.9987074829932,114.84375,0.49860421694745827,0.3676098632812501,0.13903503119945526,0.20202006135619632,0.32461186020855864,0.21165815046013256,0.00017502212831308137,0.29999999981732023,0.4814111313515821,0.6537703849614875,/volumes/Seagate/mtg-jamendo-dataset/01/1331801.mp3
231.0,69.83741554054055,0.5303342481858315,0.4413353576660156,0.24462014436721802,0.3318394342342426,0.5967115839838724,0.2451500839077346,0.0014449423975013012,0.3398168491237661,0.419869586075034,0.7040893347571917,/volumes/Seagate/mtg-jamendo-dataset/01/1403901.mp3
187.8204081632653,135.99917763157896,0.5497735333012423,0.4482237396240237,0.06719210743904114,0.2252670440704731,0.4746614679586866,0.1430476196219497,0.00048458810121512606,0.843523500308107,0.42061509783365664,0.6400661391113235,/volumes/Seagate/mtg-jamendo-dataset/01/142201.mp3
237.0,107.666015625,0.5721536957530875,0.5164588088989258,0.08486618101596832,0.3634430736856074,0.5754433942033969,0.3098655394313324,0.0002840510282701305,0.8830359290909481,0.3792363701777851,0.6547045511301917,/volumes/Seagate/mtg-jamendo-dataset/01/1374201.mp3
192.6530612244898,120.18531976744185,0.5928125025417671,1.0,0.150063619017601,0.5871284972539694,0.7470660446804849,0.1510939893055674,0.003912228386200735,0.9532579302632922,0.6819592827708781,0.6176310462921607,/volumes/Seagate/mtg-jamendo-dataset/01/471601.mp3
300.5910204081633,84.72079918032787,0.586429628170219,0.6074713897705079,0.059839531779289246,0.6112532238269196,0.8591901646634973,0.22360081806372117,0.004629813001943191,0.6787810300506991,0.5670752403535565,0.6081271833698328,/volumes/Seagate/mtg-jamendo-dataset/01/170601.mp3
341.2142857142857,129.19921875,0.5700144419113644,1.0,0.21065641939640045,0.7825408463398262,0.9750856389127798,0.4592632304002523,0.004679719007844141,0.5902403784746677,0.6716197819639119,0.6415123545899217,/volumes/Seagate/mtg-jamendo-dataset/01/1196501.mp3
510.43650793650795,129.19921875,0.6057493916905664,0.4727999877929687,0.3434261381626129,0.5681157593472543,0.8156717383595807,0.4918847490799432,0.003634356170477609,0.9628674455660353,0.5351474504472853,0.7166039196490837,/volumes/Seagate/mtg-jamendo-dataset/01/1234501.mp3
333.00521541950116,120.18531976744185,0.6035573841540101,0.6410093688964844,0.31560683250427246,0.5209761832163199,0.8419803230360496,0.4155555725623149,0.0017996824707321546,0.31233109811516896,0.589841097216208,0.6956502402582965,/volumes/Seagate/mtg-jamendo-dataset/01/133001.mp3
273.40045351473924,161.4990234375,0.5988370600400547,0.3435498046875,0.35971131920814514,0.7874349574165153,0.9404509927305076,0.962897911878605,0.0018297116770765306,0.9415612775349154,0.7698567862291288,0.6755247176691065,/volumes/Seagate/mtg-jamendo-dataset/01/997001.mp3
77.98124716553288,120.18531976744185,0.549234212975573,0.717419921875,0.12619510293006897,0.3820411328823744,0.6488532829729045,0.20477202002926684,0.0012264283191322667,0.5130311853894257,0.4542112204144025,0.6545879929719444,/volumes/Seagate/mtg-jamendo-dataset/01/1084201.mp3
169.41278911564626,161.4990234375,0.614263266601145,1.0,0.10361403971910477,0.3809049313549496,0.6773771148385495,0.21436940196853488,0.0009601012289146775,0.299999999996135,0.39433164724975633,0.6584347248489265,/volumes/Seagate/mtg-jamendo-dataset/01/891601.mp3
296.0145416666667,144.23076923076923,0.6059334453269637,0.40384024047851563,0.2927097678184509,0.5409655851639598,0.8842688890249362,0.30350385645684075,0.0017736284490649874,0.6263035147655558,0.4371145854456548,0.7179525993255114,/volumes/Seagate/mtg-jamendo-dataset/01/47401.mp3
98.56945578231293,126.04801829268293,0.5694049101461037,1.0,0.018770107999444008,0.2311635846269389,0.4621127668093243,0.10711829742252198,0.0002453175655726975,0.29241031490423397,0.2799401295361953,0.6507692129725609,/volumes/Seagate/mtg-jamendo-dataset/01/966301.mp3
34.41419501133787,126.04801829268293,0.5283108592309484,0.42014184570312496,0.35983359813690186,0.6103573757823563,0.928200095742041,1.0,0.0070994180565647855,0.5088328526568333,0.6548268091776666,0.6985747334937513,/volumes/Seagate/mtg-jamendo-dataset/01/1167301.mp3
238.03936507936507,103.359375,0.5799278031191388,0.4214609527587891,0.24770356714725494,0.8094738833595376,1.0,0.5939193304340379,0.007366279522324862,0.8581791502661238,0.8134272784919299,0.6264878284746258,/volumes/Seagate/mtg-jamendo-dataset/01/969701.mp3
425.3529024943311,135.99917763157896,0.5886319256209664,0.8782545013427735,0.21077045798301697,0.7680902273812488,1.0,0.30657824923091875,0.008092389658612312,0.9266670992739305,0.640662705667577,0.6477448237403707,/volumes/Seagate/mtg-jamendo-dataset/01/1097201.mp3
218.98666666666668,161.4990234375,0.6127817536172354,0.1827923736572266,0.1751295030117035,0.5498976994028313,0.814314258439754,0.8128057185566023,0.0010375951394644971,0.6220021890044695,0.6262338549797372,0.6377998500882658,/volumes/Seagate/mtg-jamendo-dataset/01/160301.mp3
137.5,95.703125,0.529454030357701,0.4137342224121094,0.13711684942245483,0.2342400880618019,0.43111075077765804,0.2344696501676263,0.00023822442574712572,0.4521897485203655,0.44073754531311177,0.6612145567294614,/volumes/Seagate/mtg-jamendo-dataset/01/1293701.mp3
191.11183673469387,103.359375,0.5719588344850401,0.5575745391845702,0.24808447062969208,0.6907222208341909,0.9173200644017875,0.7685638173354155,0.0013569887579966456,0.9268065562680139,0.5798962949614636,0.6733311504343964,/volumes/Seagate/mtg-jamendo-dataset/01/1367201.mp3
210.00126984126985,105.46875,0.6100857417033241,0.4102838745117188,0.11607929319143295,0.3179405176650378,0.5930555637358138,0.33573671642515523,0.00028808382425942516,0.6278542391155504,0.4056387461688439,0.6606607963151471,/volumes/Seagate/mtg-jamendo-dataset/01/1103301.mp3
134.37278911564627,161.4990234375,0.5204821393499204,0.5617634429931642,0.22723086178302765,0.4778020670764789,1.0,0.12731732605039892,0.005151859703714938,0.8211127550938635,0.5378978701446813,0.6742235362129536,/volumes/Seagate/mtg-jamendo-dataset/01/1375201.mp3
109.96079365079365,166.70866935483872,0.5863406851750146,0.8476616210937499,0.22207123041152954,0.8918138051891307,1.0,0.5871013925510877,0.003512554180253589,0.6625035614349366,0.7834173387096774,0.6232621752062152,/volumes/Seagate/mtg-jamendo-dataset/01/1264201.mp3
204.84,161.4990234375,0.6064139438979685,0.1968314971923828,0.30657729506492615,0.5846307834403538,0.8345894001255045,0.9174068708494838,0.0009168908752233484,0.5254483879269654,0.6522059683326598,0.6799266325568414,/volumes/Seagate/mtg-jamendo-dataset/01/604301.mp3
259.0040816326531,129.19921875,0.5793273340108993,0.48061541748046877,0.20596714317798615,0.6373885716762446,0.9149653479893183,0.46910477998051753,0.001968534188946169,0.46472573248678417,0.5750963220620079,0.6591289071316735,/volumes/Seagate/mtg-jamendo-dataset/01/1197001.mp3
598.5866666666667,101.33272058823529,0.5462115149248266,0.6606271057128906,0.07894203811883926,0.23468413633950885,0.31875184635904563,0.17163109696964537,0.00014403596389736138,0.7105994314700381,0.4511544426049956,0.6381882452017831,/volumes/Seagate/mtg-jamendo-dataset/01/1095601.mp3
165.0,112.34714673913044,0.5204231211790058,0.43667287445068353,0.06894905120134354,0.12183652508297803,0.24733449171780233,0.1182889073472778,0.0006385497074584435,0.467386732264816,0.34174501415749065,0.6564726556009854,/volumes/Seagate/mtg-jamendo-dataset/01/1380601.mp3
129.99628117913832,120.18531976744185,0.5395211552733212,0.6236186523437499,0.11451973766088486,0.23255645721255697,0.44202544486108364,0.1631329820487631,0.00040545606140064873,0.7831260576728818,0.4151884680025313,0.6581894119574123,/volumes/Seagate/mtg-jamendo-dataset/01/1352901.mp3
201.79054421768708,147.65625,0.5295617438811225,0.4943870544433594,0.12126615643501282,0.23102000108324783,0.3966994781852125,0.23513284059829836,0.00015075883734379133,0.42436976486626926,0.5518770031043658,0.6332804156957315,/volumes/Seagate/mtg-jamendo-dataset/01/339101.mp3
196.5598185941043,120.18531976744185,0.5925855763368613,0.42861907958984374,0.2025940716266632,0.5709610655788923,0.899702901511547,0.39642451211589075,0.003754291655693732,0.9498798522873251,0.516673647719814,0.669599136241636,/volumes/Seagate/mtg-jamendo-dataset/01/203701.mp3
249.78285714285715,74.89809782608695,0.5552432303016954,0.6923430480957031,0.12635262310504913,0.43057393818404227,0.6471091742026217,0.29999217789063787,0.0006134251344211585,0.6431235862100266,0.39998217417041315,0.665490509483735,/volumes/Seagate/mtg-jamendo-dataset/01/1031801.mp3
150.72557823129253,105.46875,0.578612299984556,0.4801365356445315,0.17410817742347717,0.7678135488598662,0.9990021959980607,0.3971298301906997,0.005098157322305846,0.7375702836032041,0.6197970246880082,0.6387195389348501,/volumes/Seagate/mtg-jamendo-dataset/01/1420601.mp3
47.664,89.28571428571429,0.5604849187630985,1.0,0.16014111042022705,0.7449733417311146,0.9914371296492533,0.4462383138040376,0.0034250069984875175,0.33414309897673633,0.5714821357596336,0.643354372599355,/volumes/Seagate/mtg-jamendo-dataset/01/1086301.mp3
196.85018140589568,143.5546875,0.58634811585341,0.30764381408691405,0.24909940361976624,0.47118091647372357,0.6457699154053406,0.8179284690936082,0.00018087879160806958,0.8400965053157361,0.6613693580219164,0.6574019136987326,/volumes/Seagate/mtg-jamendo-dataset/01/1009701.mp3
214.4175283446712,123.046875,0.5591279231931041,0.5378382873535156,0.2541879117488861,0.356599128841293,0.6177466545932367,0.2406033049447393,0.0008597327201302263,0.874226267636641,0.4099138551759923,0.7095248771944005,/volumes/Seagate/mtg-jamendo-dataset/01/1420701.mp3
242.96489795918367,172.265625,0.5728469151894753,0.502067626953125,0.1712661236524582,0.4748194692649763,0.6709450610868439,0.28311073506377266,0.0007772135706695817,0.7968346536017124,0.7137382145364753,0.6189081616075899,/volumes/Seagate/mtg-jamendo-dataset/01/23101.mp3
175.43836734693878,129.19921875,0.6017806179954025,0.43207698059082034,0.1215791255235672,0.5062253708145307,0.7493996773135239,0.5581205051065863,0.0009412977614156554,0.3836421972456249,0.6623868240677804,0.6112911203749282,/volumes/Seagate/mtg-jamendo-dataset/01/191401.mp3
212.83839002267572,120.18531976744185,0.5778706153799199,0.29496855163574215,0.05090801417827606,0.45454724231761173,0.8435507481921,0.20735632000404441,0.0008649578829650294,0.8585413560343881,0.5918186567669076,0.5999631537507979,/volumes/Seagate/mtg-jamendo-dataset/01/342301.mp3
187.0,135.99917763157896,0.5868337386953542,1.0,0.09726697951555252,0.3610294688449966,0.6668348690530743,0.12798010863327108,0.0007105440062755666,0.29999999481152173,0.48258774523624975,0.638498563578349,/volumes/Seagate/mtg-jamendo-dataset/01/1337901.mp3
263.3665306122449,107.666015625,0.5830706673618516,0.2796530151367188,0.180140882730484,0.8083496167121276,0.9429314891020182,0.9309981345790975,0.001829640484541047,0.8235169087029075,0.609014423076923,0.6430478331675896,/volumes/Seagate/mtg-jamendo-dataset/01/199501.mp3
190.5371201814059,123.046875,0.5978775119278801,0.3025620727539062,0.30529752373695374,0.5675168500023559,0.7685707933526077,0.6984098488316104,0.0005505953018652599,0.7835979646408671,0.5623725181801222,0.6974326049092789,/volumes/Seagate/mtg-jamendo-dataset/01/1340001.mp3
463.99725623582765,114.84375,0.5483409674968588,0.809817237854004,0.24557620286941528,0.5188263229973022,0.7549375794712545,0.2976805894766649,0.0010126410283283066,0.7762635252684504,0.5975940057637128,0.6688886318802469,/volumes/Seagate/mtg-jamendo-dataset/01/934001.mp3
227.36,139.6748310810811,0.5823951321372152,1.0,0.16048453748226166,0.5688896542479162,0.9027930725945762,0.135746702136139,0.005921636812165045,0.2999999999999999,0.575605252919173,0.6426533829097796,/volumes/Seagate/mtg-jamendo-dataset/01/3901.mp3
367.36,114.84375,0.5857363034104799,0.770474250793457,0.21849676966667175,0.5135578788685914,0.8474348036984829,0.17093767006186592,0.005177912232993843,0.3,0.4901555633387583,0.6806277244122503,/volumes/Seagate/mtg-jamendo-dataset/01/210601.mp3
219.528,140.625,0.576685207482015,0.43879425048828125,0.2112184762954712,0.3814769268587148,0.6805831928727029,0.2398063096320191,0.001004224136539497,0.7186287885359172,0.48487509232337117,0.6790636330016954,/volumes/Seagate/mtg-jamendo-dataset/01/74801.mp3
204.2039909297052,117.45383522727273,0.5747887745320162,0.316986083984375,0.1776481419801712,0.5578879685062909,0.8361539921311023,0.6085222332694076,0.0017475509165073408,0.29999937245933167,0.5350014622871315,0.6569530386554353,/volumes/Seagate/mtg-jamendo-dataset/01/1323001.mp3
275.1139002267574,103.359375,0.6149304780540066,0.27873583984374994,0.2818368673324585,0.5540191412468285,0.7650738303864666,0.8817565669010279,0.0005098518417317611,0.8731580222325366,0.5322188894177121,0.6950174943561427,/volumes/Seagate/mtg-jamendo-dataset/01/429201.mp3
205.75,135.99917763157896,0.6064167108041278,0.38177494812011725,0.279058575630188,0.6506733443346004,0.8912577547916241,0.7814611025017824,0.0015495489159814849,0.8780526731717064,0.6251620622093887,0.6754286747849899,/volumes/Seagate/mtg-jamendo-dataset/01/1043001.mp3
185.14269841269842,139.6748310810811,0.570662816750159,0.48855203247070306,0.23938457667827606,0.3997440543896765,0.6372213706174237,0.2615361555885578,0.000875063599366489,0.3,0.5012002232645979,0.6859384029512599,/volumes/Seagate/mtg-jamendo-dataset/01/1248601.mp3
181.18637188208618,151.99908088235293,0.5524213968117831,0.40969042968749997,0.20489998161792755,0.6005806233866882,0.9568786925871223,0.4664314167970282,0.0028350709264290566,0.29999999727552007,0.6075692768163821,0.6522501380191774,/volumes/Seagate/mtg-jamendo-dataset/01/1347101.mp3
386.25,129.19921875,0.570184319099065,0.6372352752685546,0.14749975502490997,0.4279029418725221,0.648312185177683,0.24472148319427228,0.0006644635004693924,0.3,0.5202152271401825,0.6490568663809311,/volumes/Seagate/mtg-jamendo-dataset/01/395801.mp3
277.05943310657597,123.046875,0.5815364421215343,0.3630314178466797,0.3650211989879608,0.6699806606693043,1.0,0.32544459252839264,0.005264346173991716,0.8850753085010485,0.5499362489520018,0.7214203818452655,/volumes/Seagate/mtg-jamendo-dataset/01/1420501.mp3
347.53845804988663,129.19921875,0.5077199039964599,0.9096178894042969,0.07915084064006805,0.5564061404677791,0.8944603641482218,0.17488672611797107,0.011922824512149491,0.818430711425006,0.5423915410673372,0.6200159944169571,/volumes/Seagate/mtg-jamendo-dataset/01/1395501.mp3
375.3466666666667,93.96306818181819,0.5342865641791662,0.5021201400756836,0.0309994425624609,0.6002806074023274,0.8517467245433165,0.28848505880666603,0.0024011824491086678,0.7098048628239035,0.6070986360722449,0.5897400721080369,/volumes/Seagate/mtg-jamendo-dataset/01/311701.mp3
165.5998125,100.44642857142857,0.5651148901277071,0.8306070861816406,0.14156287908554077,0.5150807688053943,0.8157187189739381,0.13136388987078276,0.004420758730195033,0.3,0.46524603042311075,0.6579134303861726,/volumes/Seagate/mtg-jamendo-dataset/01/1112001.mp3
80.36798185941043,109.95678191489361,0.5756418721983124,0.7883871154785157,0.1310107707977295,0.2568576290970294,0.5818320867940817,0.15444382986369226,0.0006939180151112726,0.3218060421581435,0.3888020703475084,0.669403463417681,/volumes/Seagate/mtg-jamendo-dataset/01/36701.mp3
310.2302040816327,117.45383522727273,0.6258906999054983,0.9094360122680664,0.05377805233001709,0.29067422180262026,0.44274116380650247,0.425760814602383,7.201610682552097e-05,0.293515283697618,0.4538878660682684,0.6285825256251525,/volumes/Seagate/mtg-jamendo-dataset/01/543401.mp3
311.21986394557825,120.18531976744185,0.5927595543148069,0.4588419189453125,0.1603417694568634,0.41124530012767635,0.6967309147013794,0.4064326117950626,0.0005755956541756342,0.29999999990767157,0.46798580690509134,0.6641258756234525,/volumes/Seagate/mtg-jamendo-dataset/01/1178801.mp3
332.2938775510204,129.19921875,0.5890334407456704,0.5604495468139649,0.12545885145664215,0.6483977213383432,1.0,0.17526889600529016,0.006423877915949579,0.9190037057972658,0.6565600984286218,0.6138531668386668,/volumes/Seagate/mtg-jamendo-dataset/01/442801.mp3
133.34721088435373,90.66611842105263,0.5477559077610077,0.48473876953125,0.1454639434814453,0.3899126251114907,0.6495437487474747,0.220122482088481,0.0014554399513501326,0.3,0.5703921190500181,0.6382885958433168,/volumes/Seagate/mtg-jamendo-dataset/01/1400401.mp3
185.44462585034015,161.4990234375,0.5671497430141024,0.8595854797363282,0.11192019283771515,0.38095129776903863,0.5991858138208603,0.249080994910619,0.0011539622393010403,0.29999999442794806,0.5666410416656791,0.6269630610884417,/volumes/Seagate/mtg-jamendo-dataset/01/965601.mp3
138.85695833333332,140.625,0.5410659793874754,0.41806509399414077,0.1697663813829422,0.9088574914907471,1.0,0.6448234901768284,0.00693814080735972,0.29999999999999594,0.6908543549076279,0.6229450263163335,/volumes/Seagate/mtg-jamendo-dataset/01/121001.mp3
206.4645351473923,120.18531976744185,0.5612574261206156,0.6513318328857421,0.0509033240377903,0.6103119400631645,0.9396806919797767,0.11473289226819394,0.005248219065247953,0.9168661139506802,0.6266837432845086,0.5929884479967028,/volumes/Seagate/mtg-jamendo-dataset/01/399201.mp3
389.8340589569161,143.5546875,0.5520406653734076,0.35362384033203126,0.09588681906461716,0.6313796357872524,1.0,0.17183623423583094,0.008388421955478622,0.3,0.612000264108675,0.6121192020415271,/volumes/Seagate/mtg-jamendo-dataset/01/1121101.mp3
227.31714285714287,129.19921875,0.522878174595044,0.7477732009887696,0.062112536281347275,0.15590160826620802,0.2799966149319403,0.09867435661077754,0.0014423034513009894,0.3913709264810996,0.5514761900996215,0.6120652750413608,/volumes/Seagate/mtg-jamendo-dataset/01/1227101.mp3
172.9851247165533,105.46875,0.5193954226707072,0.6702843627929687,0.0399903729557991,0.26141312173074227,0.3506137761147405,0.2140255360942871,0.00013041367533779864,0.537797885108183,0.4825447784402359,0.6178875785760405,/volumes/Seagate/mtg-jamendo-dataset/01/1170401.mp3
368.63596371882085,95.703125,0.5733171616319954,0.32337391662597653,0.14336615800857544,0.4196123834739661,0.803269065203204,0.1607290341610899,0.0014052233069232923,0.8741946429613495,0.41385359627988294,0.6688410976271105,/volumes/Seagate/mtg-jamendo-dataset/01/1194001.mp3
196.54,126.04801829268293,0.5984907388129667,0.4530276184082031,0.15229126811027527,0.8462564925366715,1.0,0.9366550975451275,0.005016265713924182,0.7518236601382491,0.6572964438930923,0.6233655677410805,/volumes/Seagate/mtg-jamendo-dataset/01/945201.mp3
33.483174603174604,120.18531976744185,0.5644181748733856,0.7703424682617179,0.23436738550662994,0.37287364898175573,0.7722684413132127,0.1876315678234772,0.00155807950908196,0.3629883377622955,0.42484568631238506,0.6994031215199097,/volumes/Seagate/mtg-jamendo-dataset/01/1009601.mp3
308.8410430839002,147.65625,0.5875630539775012,0.4025991516113281,0.3032316267490387,0.6019869901855217,0.8609229119418608,0.617826827617949,0.0013635903088537844,0.920612684326413,0.6211679537485346,0.684929794879947,/volumes/Seagate/mtg-jamendo-dataset/01/1157601.mp3
291.41333333333336,117.45383522727273,0.5838511945804282,0.7250102233886718,0.08274557441473007,0.42044265420203275,0.7209011688018783,0.08778835941819439,0.002217914086199897,0.4047062688004286,0.44519744632575575,0.6407489175241516,/volumes/Seagate/mtg-jamendo-dataset/01/114201.mp3
197.15179138321994,139.6748310810811,0.5212702890029506,0.6927670288085938,0.11670616269111633,0.5053684658095347,0.7836627794389331,0.1341472032079878,0.002474471504419118,0.6136920847456,0.5681045769083276,0.6283933031871363,/volumes/Seagate/mtg-jamendo-dataset/01/1203201.mp3
296.1851041666667,125.0,0.5613743117181611,0.47793963623046876,0.1739455908536911,0.42015052985168433,0.7376663090570342,0.29677027777192205,0.0005838874553619945,0.299999999999999,0.4823402492340245,0.6661523628605239,/volumes/Seagate/mtg-jamendo-dataset/01/1076601.mp3
298.2893424036281,139.6748310810811,0.567717238670713,0.7238531799316406,0.10448332130908966,0.2833873846552075,0.5061173338363056,0.1819003562705226,0.0003034386481356252,0.29999999992667065,0.5588398477691003,0.6258460261174523,/volumes/Seagate/mtg-jamendo-dataset/01/1307201.mp3
219.85333333333332,99.38401442307692,0.5770611164828015,0.612963592529297,0.2351521998643875,0.5570447417535541,0.8623332114610256,0.2292783388308087,0.002119965878140413,0.550096860872354,0.48967376059269574,0.6867200398326404,/volumes/Seagate/mtg-jamendo-dataset/01/661601.mp3
240.74448979591835,120.18531976744185,0.5670621448270132,0.44171777343750007,0.15512847900390625,0.6214189096409486,0.9225698890217335,0.42093536120778574,0.00211881459807112,0.8253479441189113,0.6560580038079747,0.6246346516798114,/volumes/Seagate/mtg-jamendo-dataset/01/74001.mp3
83.25002267573696,139.6748310810811,0.5728974160184153,0.3139076232910156,0.2052271068096161,0.5341565504898147,0.7614544202106452,0.9295318882626841,0.00040028103964649377,0.2999997768773339,0.5892959703762349,0.6560225643762149,/volumes/Seagate/mtg-jamendo-dataset/01/1398501.mp3
141.22562358276645,103.359375,0.5435637643734574,0.66164990234375,0.11856256425380707,0.43760034538218795,0.7021879404278976,0.3418030535422494,0.0005627237584382956,0.8827726337118895,0.5597540880133202,0.6307317055287065,/volumes/Seagate/mtg-jamendo-dataset/01/74601.mp3
297.00267573696146,161.4990234375,0.5389885097808127,0.4372826232910158,0.17255611717700958,0.7186294884597508,1.0,0.3481594337481957,0.0044198920129580495,0.299999999999997,0.7702042081776479,0.6080793605481939,/volumes/Seagate/mtg-jamendo-dataset/01/1388601.mp3
371.94598639455785,109.95678191489361,0.5504165640989049,0.4321356201171875,0.09208346903324127,0.22428156955756298,0.43218139078160017,0.19770570156305553,0.00020119150205585127,0.2999999096803391,0.4652688210373213,0.6400962846445026,/volumes/Seagate/mtg-jamendo-dataset/01/181801.mp3
245.88,139.6748310810811,0.5728606097543594,0.21641940307617186,0.21862752735614777,0.5439034302661827,0.6714442448209273,0.9456673027469686,0.00014010476172039593,0.2999975393010789,0.6221088360623434,0.6542841426357446,/volumes/Seagate/mtg-jamendo-dataset/01/400301.mp3
132.04897959183674,120.18531976744185,0.524386878235105,0.8934782257080078,0.029504990205168724,0.18964430092333742,0.38850870827491585,0.08489537541761913,0.004429504533845937,0.2999999999997536,0.469925272028994,0.616636742068062,/volumes/Seagate/mtg-jamendo-dataset/01/7401.mp3
214.64650793650793,123.046875,0.5690620689732719,0.8434659423828126,0.08962296694517136,0.30840772324333154,0.6171287865560037,0.1319497816104236,0.002478557397123115,0.2999999998801402,0.4340282968925823,0.6454586087217453,/volumes/Seagate/mtg-jamendo-dataset/01/1400801.mp3
254.34478458049887,120.18531976744185,0.5721488716121197,0.5590110473632812,0.1480131596326828,0.30876572189167556,0.5996568924173485,0.18634778697613524,0.000552797083292955,0.29999999949329925,0.42188788349488493,0.6689071607687889,/volumes/Seagate/mtg-jamendo-dataset/01/1242001.mp3
200.0,101.33272058823529,0.5353682065243696,0.5706562042236328,0.08443475514650345,0.16230022817859266,0.3123106609735024,0.16572481937740954,0.00018306371990420316,0.2999980118388025,0.34342267046527036,0.6617119777596873,/volumes/Seagate/mtg-jamendo-dataset/01/1037901.mp3
157.8462358276644,80.74951171875,0.5252995056506011,0.6004982757568359,0.053886089473962784,0.1840360614502764,0.26133723853550167,0.16170430327427723,0.0001286399627640549,0.2999965950252556,0.32153232949660454,0.6550925263113057,/volumes/Seagate/mtg-jamendo-dataset/01/903601.mp3
267.60097916666666,100.44642857142857,0.5685230194411786,0.5746443481445312,0.24825026094913483,0.6232228467452084,0.8898657799893961,0.3292292107391737,0.0017891764797827398,0.3641755396919158,0.5373095603265883,0.6819081818763708,/volumes/Seagate/mtg-jamendo-dataset/01/1136901.mp3
144.0,166.70866935483872,0.5825225013479773,0.6058413696289062,0.10323931276798248,0.22227411796911903,0.30614581052382833,0.23982625588913095,3.1115592008060734e-05,0.2995819309081214,0.3555452255177554,0.6660571074929227,/volumes/Seagate/mtg-jamendo-dataset/01/1353701.mp3
313.6,123.046875,0.5682905780383369,0.8130918579101563,0.028206538408994675,0.2588225778181163,0.4636952749367443,0.15978968696839346,0.00019271700899553098,0.2920732780880554,0.4190669301425819,0.6263409677987217,/volumes/Seagate/mtg-jamendo-dataset/01/1353001.mp3
206.0519501133787,151.99908088235293,0.570646726754918,0.4708117218017578,0.2434803992509842,0.6087333334615455,0.9284839502669946,0.5605083637043267,0.002523638027793485,0.29999999999393845,0.7113912194652285,0.6453746998373086,/volumes/Seagate/mtg-jamendo-dataset/01/1249301.mp3
392.2239909297052,120.18531976744185,0.59539944907369,0.2447771453857422,0.3031085729598999,0.5850299730995205,0.8675010877885428,0.645441917952213,0.0012860793895194706,0.7903770902186653,0.5526078217897544,0.6985975219076132,/volumes/Seagate/mtg-jamendo-dataset/01/1226701.mp3
293.62757369614513,161.4990234375,0.5217847316944095,0.5131906127929687,0.15609125792980194,0.8266228882828968,1.0,0.26750420230468563,0.007534188589897514,0.6128868974805013,0.5900179122673372,0.6381892704012613,/volumes/Seagate/mtg-jamendo-dataset/01/103301.mp3
168.80904761904762,99.38401442307692,0.5711598139675627,0.7540481185913086,0.14381124079227448,0.6062377268641282,0.9058571551112438,0.3245177307343913,0.003301106567164104,0.3,0.6179993060100882,0.6281721854832012,/volumes/Seagate/mtg-jamendo-dataset/01/974001.mp3
153.83333333333334,123.046875,0.537835518446081,0.6328659057617188,0.10567622631788254,0.17924716004668434,0.4246870968762614,0.18420809474112398,0.0001834442872400564,0.29980128707315484,0.3384738422929639,0.670348673015845,/volumes/Seagate/mtg-jamendo-dataset/01/288301.mp3
259.63102040816324,120.18531976744185,0.5826198682065729,0.9118987731933593,0.16960473358631134,0.813764372805272,1.0,0.6705211024743616,0.0043077151588428834,0.4614500942250295,0.7627877808508968,0.6085001479208927,/volumes/Seagate/mtg-jamendo-dataset/01/19201.mp3
90.5,147.65625,0.6247860767458486,0.5876932525634766,0.22918567061424255,0.5595714280130771,0.9006891694457378,0.5531216759063435,0.00287761169500002,0.4765684710704612,0.42896247311946323,0.6967143467972347,/volumes/Seagate/mtg-jamendo-dataset/01/1161201.mp3
160.13061224489795,147.65625,0.5654018535345953,0.70168310546875,0.1004914864897728,0.5957844801728162,0.65300847232252,0.5119305833818144,0.000740587654779966,0.3400942152544068,0.6946765010495543,0.5972416349264072,/volumes/Seagate/mtg-jamendo-dataset/01/82301.mp3
48.0,120.18531976744185,0.5538552974105677,0.7680877532958985,0.14042510092258453,1.0,1.0,0.6331825286813931,0.022340088405473024,0.891335685344157,0.862998046875,0.5779534269571304,/volumes/Seagate/mtg-jamendo-dataset/01/1250201.mp3
334.28607709750565,139.6748310810811,0.6049942053037056,1.0,0.09839706867933273,0.7283098739565569,0.9203898723436412,0.40987807419228595,0.006362588277261729,0.7517188784639397,0.6843803039469533,0.5985468839351691,/volumes/Seagate/mtg-jamendo-dataset/01/1247101.mp3
348.0,87.5926906779661,0.5663079941098391,0.44070980834960943,0.1419304758310318,0.6954412019659351,0.9566706400659526,0.7417280253870095,0.001957335164215273,0.3518631712771021,0.5478537380400765,0.6415242236911561,/volumes/Seagate/mtg-jamendo-dataset/01/1054101.mp3
202.05714285714285,120.18531976744185,0.5483633384111053,0.8473892669677734,0.07464298605918884,0.3671879568098532,0.6441591197507023,0.17660139805259234,0.0008590285462804175,0.3606650352807283,0.46005656815141854,0.6348601613510242,/volumes/Seagate/mtg-jamendo-dataset/01/1211601.mp3
183.5,156.60511363636363,0.5342430787613015,0.6894671630859375,0.11688504368066788,0.5103570826981461,0.7210895719022388,0.22845878224693927,0.0019093499567324026,0.4296074211754263,0.5390733760703585,0.6342639405109688,/volumes/Seagate/mtg-jamendo-dataset/01/659901.mp3
259.36126984126986,139.6748310810811,0.5617367679878376,0.5329066772460936,0.2727535367012024,0.4295670104148222,0.7174149961602933,0.3923381444199402,0.0010624011855455981,0.29999999993186927,0.5134020518658007,0.6955108628392727,/volumes/Seagate/mtg-jamendo-dataset/01/1134301.mp3
220.77868480725624,120.18531976744185,0.5084803196422045,0.6810873870849613,0.1361439973115921,0.35741744276052384,0.7751162119506364,0.09856239026185813,0.0027934019991853348,0.5746263899466031,0.43477935948252117,0.6620559671356689,/volumes/Seagate/mtg-jamendo-dataset/01/1226801.mp3
233.5608163265306,129.19921875,0.5615236887479749,0.36870001220703125,0.31883254647254944,0.5745480866274294,0.7353736341898481,0.7483445234094452,0.00036496701338127125,0.8556654981566254,0.527707201031624,0.709238276523793,/volumes/Seagate/mtg-jamendo-dataset/01/311401.mp3
450.3385260770975,90.66611842105263,0.565830360046833,0.8623529205322271,0.151485875248909,0.6361050284049167,0.8993127148006806,0.2089801672463088,0.0025237689572348994,0.2999999999993526,0.5199627783518659,0.6505423594192341,/volumes/Seagate/mtg-jamendo-dataset/01/381101.mp3
246.02666666666667,112.34714673913044,0.5841659193879984,0.3758050537109375,0.3175976574420929,0.7937063961741102,0.9479493990491912,0.6908220355857468,0.003727871689128559,0.8187730533112583,0.7341726509333782,0.6675006264924778,/volumes/Seagate/mtg-jamendo-dataset/01/209601.mp3
60.157936507936505,114.84375,0.5268871124662717,0.5501328201293945,0.054406918585300446,0.7161284824174106,1.0,0.20863589724280107,0.01212368595323561,0.4537178166228202,0.5731606092429092,0.6049543688421264,/volumes/Seagate/mtg-jamendo-dataset/01/382401.mp3
224.05224489795918,114.84375,0.5618333730829608,0.5446968688964843,0.21131250262260437,0.7516680375273084,0.9515557711778578,0.6101430757817604,0.0017457645742652082,0.7709546248158465,0.568321798813922,0.6624081411813532,/volumes/Seagate/mtg-jamendo-dataset/01/1393201.mp3
198.42183673469387,84.72079918032787,0.5497205188027516,0.5686355590820312,0.19504885375499725,0.44141479296457237,0.7339861783634767,0.2450677934899412,0.0009339475846967654,0.6385953704857499,0.512386574997592,0.6677402723522805,/volumes/Seagate/mtg-jamendo-dataset/01/1324901.mp3
188.54603174603176,90.66611842105263,0.5551282673659381,0.36915008544921873,0.29319530725479126,0.37606606223784045,0.7080665054679534,0.23060396677484415,0.0009386028069264084,0.3973195267716968,0.4859458451183008,0.7083611415880646,/volumes/Seagate/mtg-jamendo-dataset/01/1312101.mp3
178.7286621315193,120.18531976744185,0.5570467174509295,1.0,0.05400417745113373,0.69300931174312,0.9207988193153079,0.0854490292223481,0.0030243746108234823,0.7364399477551369,0.6898557403009302,0.5814703558222222,/volumes/Seagate/mtg-jamendo-dataset/01/1217501.mp3
221.14607709750567,132.51201923076923,0.5668165329306657,0.47782191467285157,0.19310228526592255,0.25718621342150616,0.5803300949088398,0.17934844961637353,0.0011298956050915234,0.29999999996505705,0.5105754869338563,0.6674017253089608,/volumes/Seagate/mtg-jamendo-dataset/01/683801.mp3
70.00365079365079,139.6748310810811,0.6121110288148692,0.657507049560547,0.1821649819612503,0.5621588066572808,0.7448573115327966,0.39064110342595965,0.00211637101075936,0.8697531061404329,0.5774430666664493,0.6500907801727602,/volumes/Seagate/mtg-jamendo-dataset/01/133101.mp3
60.834603174603174,120.18531976744185,0.528858257991781,0.6151242218017579,0.2809229791164398,0.6395630085273414,1.0,0.31368460249487995,0.00452808585027975,0.6743528147775837,0.6448283122893336,0.6721666100240516,/volumes/Seagate/mtg-jamendo-dataset/01/1341601.mp3
273.4426303854875,123.046875,0.5666700083733018,0.7489965820312499,0.19834978878498077,0.6876369676607117,0.9839481074717253,0.2536338905612977,0.003266874423115921,0.674988661062522,0.6063477290505747,0.6501363781524782,/volumes/Seagate/mtg-jamendo-dataset/01/1138701.mp3
340.15453514739227,99.38401442307692,0.6014273311580767,0.5556694793701172,0.13026921451091766,0.2215523619822904,0.47915007424106415,0.16238263355362997,0.00047006533843264577,0.29999999999999977,0.403485696687665,0.6661997778863973,/volumes/Seagate/mtg-jamendo-dataset/01/146401.mp3
222.9119954648526,120.18531976744185,0.5739569670105111,0.5577769470214844,0.25166770815849304,1.0,1.0,0.32382180298028174,0.04586297861313218,0.8156223796391748,0.6706725281083956,0.6564658693153784,/volumes/Seagate/mtg-jamendo-dataset/01/1245901.mp3
139.06702947845804,123.046875,0.5696587836985432,0.7967336120605469,0.04385942220687866,0.12624673019324842,0.29578312100807985,0.11621435072352226,0.00043693931160495127,0.2999387814481344,0.30441857990514487,0.6549056760134473,/volumes/Seagate/mtg-jamendo-dataset/01/1384401.mp3
137.14285714285714,105.46875,0.5755828609835884,0.5950370483398437,0.13582366704940796,0.657719050611303,0.8908901087818463,0.3318832291006394,0.0013035415613482303,0.5362323237503723,0.5880348150844689,0.6312895571208932,/volumes/Seagate/mtg-jamendo-dataset/01/1081801.mp3
211.64,120.18531976744185,0.5442597519092014,0.4665180206298828,0.12785516679286957,0.2521488643934816,0.4902165308633912,0.2813352420962498,0.00023383072871396818,0.2993824371657739,0.4494646959720177,0.6561349208510295,/volumes/Seagate/mtg-jamendo-dataset/01/865201.mp3
257.85469387755103,120.18531976744185,0.5525441258288885,0.8215401458740237,0.056190818548202515,0.21886585767995229,0.3853432110315374,0.1857089203940216,0.00029270510900555847,0.2979110485758414,0.40191248877589836,0.6398461969221733,/volumes/Seagate/mtg-jamendo-dataset/01/798201.mp3
192.52174603174603,114.84375,0.5600978060285242,0.6009839782714846,0.16104136407375336,0.3710257311407403,0.5213483677731697,0.3946430593775877,0.00035567932053873604,0.6142036947126159,0.4724886769320523,0.6634771556801408,/volumes/Seagate/mtg-jamendo-dataset/01/1339601.mp3
217.2885941043084,147.65625,0.5606341076479218,0.2490174102783203,0.25103193521499634,0.5426389590291038,0.824016390532519,0.5918100594769572,0.0009538813040642519,0.4167976721321909,0.6038933296817115,0.6695928307410564,/volumes/Seagate/mtg-jamendo-dataset/01/1165401.mp3
254.22684807256235,135.99917763157896,0.5145470813618436,0.29484123229980463,0.26779645681381226,0.5413286083368732,0.7534371763556991,0.5614209115878719,0.0004029808970807697,0.49592893979319974,0.5818772339319959,0.6800312776665732,/volumes/Seagate/mtg-jamendo-dataset/01/1314301.mp3
332.50002267573694,95.703125,0.5622996059504466,0.46839505004882814,0.19704069197177887,0.52076749131396,0.7788381484239913,0.33620128764136803,0.0016923390109979492,0.5487536827508306,0.47248872464195024,0.6764369041814503,/volumes/Seagate/mtg-jamendo-dataset/01/40301.mp3
114.53333333333333,103.359375,0.5550802145608038,0.32463157653808594,0.2585076689720154,0.5335123198293245,0.7992051920837346,0.5742426564748113,0.001174294355723959,0.6219171069740184,0.5993102071808766,0.6732007193937501,/volumes/Seagate/mtg-jamendo-dataset/01/1354101.mp3
370.63691609977326,109.95678191489361,0.5826626541667724,0.44491705322265623,0.1792307049036026,0.46706328239169287,0.7321014898064836,0.25323299654296466,0.0012524039310700017,0.2999999999980515,0.4693044945490887,0.6706621548554792,/volumes/Seagate/mtg-jamendo-dataset/01/168801.mp3
87.4,99.38401442307692,0.5505072731636016,0.6832231750488279,0.09022148698568344,0.173136347306498,0.23703624764491016,0.1656288367904266,5.561005062288978e-05,0.29997118538831224,0.361300760496128,0.6602195832156205,/volumes/Seagate/mtg-jamendo-dataset/01/1385301.mp3
104.33412698412698,178.20581896551724,0.5846090534478818,1.0,0.10570752620697021,0.5098351218268166,0.9357091663577858,0.17137599839334325,0.0036466743389272395,0.3,0.6432237942709588,0.6094099505803175,/volumes/Seagate/mtg-jamendo-dataset/01/1028801.mp3
228.2033560090703,84.72079918032787,0.5277755466990585,0.7647243881225586,0.17148052155971527,0.6475134820651147,0.8697244701513114,0.329836852397828,0.0018510015146123797,0.29999999999441734,0.6330888685608731,0.6351152140493229,/volumes/Seagate/mtg-jamendo-dataset/01/1036801.mp3
90.0,161.4990234375,0.5484187864527732,0.47761357116699216,0.07109799236059189,0.15859443010225185,0.3345062668798393,0.16618150469430393,0.00010731956835590998,0.5836457115779634,0.3047953287346058,0.6646362115028919,/volumes/Seagate/mtg-jamendo-dataset/01/1116401.mp3
133.1722448979592,101.33272058823529,0.5839917587115604,0.7947001647949219,0.09907201677560806,0.6999718516616262,1.0,0.1917046379948587,0.005331383040013565,0.2999999631107739,0.5766683394724019,0.6203322581447386,/volumes/Seagate/mtg-jamendo-dataset/01/9401.mp3
374.0,120.18531976744185,0.5701987905162098,1.0,0.12963251769542694,0.40774834285879147,0.692457056951887,0.2912951042343353,0.001255289062421965,0.2999999844378085,0.5729669749643794,0.6320743113774778,/volumes/Seagate/mtg-jamendo-dataset/01/1114501.mp3
237.40081632653062,123.046875,0.6091154556559911,0.22712481689453123,0.2527172565460205,0.6308015727141905,0.7108397461833907,1.0,0.0002936882313796307,0.7738230803479138,0.6064684220247014,0.669684527951627,/volumes/Seagate/mtg-jamendo-dataset/01/12101.mp3
459.28,126.04801829268293,0.625111471861816,0.5469902496337891,0.314678430557251,0.6067239536530601,1.0,0.115606426792276,0.014249506278086459,0.5114190830536982,0.5997871056119398,0.6933268138782224,/volumes/Seagate/mtg-jamendo-dataset/01/1062701.mp3
124.55183673469388,120.18531976744185,0.5966725129037067,0.8927863464355471,0.15050549805164337,0.6696335405930434,1.0,0.12831737097313187,0.01394194874287529,0.29999999999996335,0.6377237167851578,0.6266372359415601,/volumes/Seagate/mtg-jamendo-dataset/01/1219701.mp3
311.42408163265304,161.4990234375,0.6100096161670447,0.6948103179931642,0.19725537300109863,0.24309649003380074,0.3406146231494772,0.22819553657809172,6.032270434564711e-05,0.29999048439053877,0.5121300968690974,0.668585914906576,/volumes/Seagate/mtg-jamendo-dataset/01/1393701.mp3
284.0933333333333,126.04801829268293,0.540720915911485,0.7008196258544922,0.18542678654193878,0.2371012875333489,0.3725475286271196,0.1660430392616145,0.0002471329878555901,0.8739388298034898,0.43112677485867035,0.6805282881833639,/volumes/Seagate/mtg-jamendo-dataset/01/1041501.mp3
160.8,99.38401442307692,0.534004068330653,0.18782974243164063,0.13183894753456116,0.1804533584777671,0.2834240061906801,0.2767133129420963,2.2089085484410208e-05,0.3,0.44271307229113166,0.6589194066542157,/volumes/Seagate/mtg-jamendo-dataset/01/1396501.mp3
202.68408163265306,90.66611842105263,0.5534366997293019,0.5423390197753908,0.15901458263397217,0.5762394156255265,0.8652104507015829,0.3268298271251701,0.002051056029397033,0.35350063184820896,0.49445485029998193,0.6583542796882336,/volumes/Seagate/mtg-jamendo-dataset/01/479501.mp3
193.43997732426303,126.04801829268293,0.5372441009330752,0.3247092590332031,0.2118334174156189,0.5068189463590643,0.8349440252040053,0.4833191342356347,0.0012468609081702964,0.9211493258176058,0.6239702010836964,0.6514659900528835,/volumes/Seagate/mtg-jamendo-dataset/01/1371001.mp3
584.562380952381,117.45383522727273,0.5549717331721058,0.32613449096679686,0.06425338983535767,0.8444676835692609,0.9607388201505982,1.0,0.001009977577937273,0.5813049471820684,0.6849076704545455,0.5861496862498197,/volumes/Seagate/mtg-jamendo-dataset/01/1300001.mp3
182.48702947845806,120.18531976744185,0.5147146102445193,0.3616965942382812,0.2529175281524658,0.21525983368661514,0.37698597051188604,0.33383058253255726,5.6063611621486776e-05,0.29958418949866816,0.40700598301999574,0.7096491135308884,/volumes/Seagate/mtg-jamendo-dataset/01/173801.mp3
110.25,161.4990234375,0.6112873485842172,0.6041028747558592,0.09494379162788391,0.5450744515854079,1.0,0.2367376604165115,0.0017372657494782468,0.6374211560510695,0.596984841335267,0.6147827967189848,/volumes/Seagate/mtg-jamendo-dataset/01/376301.mp3
353.2277551020408,139.6748310810811,0.5864080754216436,0.763584716796875,0.19953005015850067,1.0,1.0,0.6726725855261839,0.013385615748123069,0.9639581755088775,0.8193496621621621,0.6079608856246278,/volumes/Seagate/mtg-jamendo-dataset/01/1381001.mp3
168.5374149659864,139.6748310810811,0.5527284798023724,0.41955700683593755,0.19300350546836853,0.46913615083152,0.7438449542139927,0.24223240372515317,0.0014828624440184916,0.8219606477903596,0.5374983911187714,0.6619815837448584,/volumes/Seagate/mtg-jamendo-dataset/01/952001.mp3
91.29968253968254,99.38401442307692,0.6171082300495097,0.6087073059082031,0.20448407530784607,0.44389516299499165,0.7643358520846077,0.35849626578666605,0.0004741697585847137,0.9123102715773239,0.532243096179655,0.6671656478748936,/volumes/Seagate/mtg-jamendo-dataset/01/1093501.mp3
297.9866666666667,120.18531976744185,0.5148726743740164,1.0,0.04263342544436455,0.17412339313972827,0.37422573734789255,0.12876114057435428,0.0004073399648322419,0.2999990505688727,0.28072295107663947,0.6592034429446434,/volumes/Seagate/mtg-jamendo-dataset/01/1374301.mp3
225.6,135.99917763157896,0.583884678884143,0.17261331176757827,0.2282862812280655,0.5984998671653382,0.7596081213071504,0.9719291287190353,0.0002934526081610796,0.29999109434726356,0.5528566368458837,0.6716117338729268,/volumes/Seagate/mtg-jamendo-dataset/01/400401.mp3
123.38027210884354,143.5546875,0.5825159496471646,0.4109700317382813,0.277898371219635,0.42014127048212,0.7380755546647099,0.509345309674399,0.0005276794903764212,0.6173854843476615,0.6222019852673121,0.6756030165856063,/volumes/Seagate/mtg-jamendo-dataset/01/1257401.mp3
502.88984126984127,120.18531976744185,0.577297843850343,0.37355239868164064,0.19212591648101807,0.4680176295260372,0.7722168262271325,0.4112457741070161,0.0007221300151582996,0.2999999999910862,0.4855649541893984,0.6720523390952868,/volumes/Seagate/mtg-jamendo-dataset/01/1179201.mp3
223.05959183673468,126.04801829268293,0.5008409702332044,0.6006150512695313,0.24676524102687836,0.836373513574742,0.9906209349998818,0.24585893951376925,0.00627628029811916,0.3,0.7020960365853659,0.648416279452603,/volumes/Seagate/mtg-jamendo-dataset/01/132901.mp3
292.2,99.38401442307692,0.5868746891416259,0.7817648620605467,0.22022230923175812,0.7002997598198174,1.0,0.2286570103175703,0.004105201032940371,0.7956099094249914,0.5508335748045251,0.669113316362528,/volumes/Seagate/mtg-jamendo-dataset/01/144901.mp3
199.0,132.51201923076923,0.5417969990982925,0.6939330291748047,0.13106846809387207,0.35080254016435686,0.723895885825997,0.11786004459426194,0.002241100774900022,0.7345080473762451,0.4563862729753831,0.6559073939187172,/volumes/Seagate/mtg-jamendo-dataset/01/1268901.mp3
493.7142857142857,117.45383522727273,0.5856225726793574,0.6693531799316407,0.17288289964199066,0.7109406053215103,0.9541528187573969,0.3687214593539906,0.0017200311070398491,0.3,0.6385201777931268,0.6345338083124913,/volumes/Seagate/mtg-jamendo-dataset/01/1385601.mp3
368.0,139.6748310810811,0.5684526772616775,0.5011799926757813,0.2465822994709015,0.5783291193454019,0.7216075735443511,0.7532190859025667,0.0004117907948010802,0.299995173437424,0.6494287804909865,0.6588838717113271,/volumes/Seagate/mtg-jamendo-dataset/01/184601.mp3
175.90857142857143,117.45383522727273,0.6086716703602423,0.42656673431396475,0.03306914493441582,0.5077122047251307,0.8196383585960293,0.2680331985474026,0.0006460363113821967,0.7266856317523529,0.6319364734683427,0.5855175974827211,/volumes/Seagate/mtg-jamendo-dataset/01/1090701.mp3
230.62997732426305,126.04801829268293,0.544212125120498,0.4186658325195312,0.22890664637088776,0.36739163962095456,0.5969304168652632,0.273434708673792,0.0010862966607307696,0.3925763920153942,0.5380144398992378,0.674803504713672,/volumes/Seagate/mtg-jamendo-dataset/01/1333801.mp3
282.94666666666666,172.265625,0.5738232221111301,0.398372802734375,0.2360987365245819,0.5305713607751743,0.787683643563754,0.5712581226587777,0.0008629086525648317,0.8326275512868613,0.5584708173859656,0.6733013816716563,/volumes/Seagate/mtg-jamendo-dataset/01/206601.mp3
184.5,178.20581896551724,0.5645370282323263,0.6890353088378905,0.12515047192573547,0.4112912791466876,0.6405102500240204,0.2251238543092705,0.0008380754164060269,0.5480271308968931,0.6908065488248671,0.6068928601282912,/volumes/Seagate/mtg-jamendo-dataset/01/1154901.mp3
483.5265306122449,139.6748310810811,0.600512059999621,0.6550287017822266,0.21040691435337067,0.929482681395512,1.0,0.6651587520965491,0.009033669322187682,0.7954413890307601,0.7257294449923702,0.6306006001687394,/volumes/Seagate/mtg-jamendo-dataset/01/18501.mp3
220.0,143.5546875,0.5255713526815979,0.46688443756103526,0.07082250714302063,0.35017921335696495,0.4495210441026473,0.29692592830941505,0.0002153516967142752,0.2999999999999954,0.6235951620133838,0.6007770701688107,/volumes/Seagate/mtg-jamendo-dataset/01/1357701.mp3
82.96489795918367,89.10290948275862,0.571852926567125,0.5266741485595703,0.06883832812309265,0.3466037334718729,0.6224136188342125,0.1826104761677252,0.001309671251945204,0.7432004424502338,0.37618985101125235,0.6495438279220629,/volumes/Seagate/mtg-jamendo-dataset/01/389701.mp3
171.1221768707483,109.95678191489361,0.5429264440342765,0.6136441192626952,0.20796988904476166,0.29931285721918033,0.6781622786573397,0.14223152530032762,0.0017430469260860458,0.3065903376623691,0.48065386365866647,0.678738387324381,/volumes/Seagate/mtg-jamendo-dataset/01/1222001.mp3
176.5,87.5926906779661,0.5829994286133285,0.42109295654296885,0.30014848709106445,0.5668015671616842,0.8046494447632456,0.45625558498563346,0.0014400318359024133,0.8727177711787885,0.47096069102851457,0.7138613171470803,/volumes/Seagate/mtg-jamendo-dataset/01/1086701.mp3
159.43750566893425,139.6748310810811,0.6091472659068762,0.5292267150878907,0.785025954246521,0.7634585649562702,1.0,1.0,0.00505476027759603,0.2999999999995241,0.6479260367715786,0.8530241361744318,/volumes/Seagate/mtg-jamendo-dataset/01/1295901.mp3
194.08,114.84375,0.5842244770718101,0.9920651245117188,0.1825135499238968,0.649587731529338,0.7714659708334738,0.45315984750443905,0.001215158562259654,0.2999999999999971,0.6274481695538365,0.6402152440618355,/volumes/Seagate/mtg-jamendo-dataset/01/1311301.mp3
77.75,123.046875,0.5696185724556913,0.4016938018798828,0.050232745707035065,0.26610095628510844,0.4639704625034844,0.3731740094763946,0.00013121279208663016,0.2967023713637864,0.5235526931756813,0.6133732498193963,/volumes/Seagate/mtg-jamendo-dataset/01/275801.mp3
165.83523809523808,109.95678191489361,0.5649414550713975,0.7244232025146485,0.1560843139886856,0.5683666263830744,0.9059873350298319,0.26934280894195106,0.0035148918010534875,0.7429738496090773,0.5171238600529361,0.6527655810253395,/volumes/Seagate/mtg-jamendo-dataset/01/1402101.mp3
231.89380952380952,112.34714673913044,0.5382593481110199,0.45785375976562503,0.10784697532653809,0.27806666104557287,0.6014580272963106,0.18823934529522526,0.0005525436692225882,0.2999895879666825,0.3969952521492115,0.6594258606877115,/volumes/Seagate/mtg-jamendo-dataset/01/1244101.mp3
433.56,117.45383522727273,0.5945906711978037,0.6054207000732421,0.20251204073429108,0.43667360422922613,0.6984971449841418,0.28854826321399457,0.0011718430053617292,0.29999999999565435,0.5705460208762076,0.6587951304891032,/volumes/Seagate/mtg-jamendo-dataset/01/159801.mp3
49.70312925170068,105.46875,0.6113457693311314,0.5089859085083009,0.0471232607960701,0.7444305828864374,1.0,0.3932787277429056,0.0038143559098365296,0.7010594005473816,0.5987053931965043,0.5972232952472843,/volumes/Seagate/mtg-jamendo-dataset/01/1118601.mp3
116.3077097505669,129.19921875,0.585217694498926,0.26642333984375,0.3231379985809326,0.3332321402789453,0.6190361785972074,0.44697982655610147,0.00032486703774529875,0.4857398077886475,0.4396922661101136,0.7283912262671131,/volumes/Seagate/mtg-jamendo-dataset/01/1285501.mp3
206.67535147392292,143.5546875,0.6024382707681164,0.5207248077392578,0.1317252367734909,0.5410977729608576,0.8012913279548014,0.3277170830353399,0.0013555039150869937,0.2999998721157584,0.6834149765194808,0.6107380899345605,/volumes/Seagate/mtg-jamendo-dataset/01/824301.mp3
117.50278911564625,120.18531976744185,0.5999471507949352,0.4358537292480469,0.18796835839748383,0.6621761001100503,0.9917300982204068,0.5444569489662884,0.003586065856112755,0.900166043782084,0.5817224682626236,0.6513241153705694,/volumes/Seagate/mtg-jamendo-dataset/01/1082101.mp3
123.3154648526077,99.38401442307692,0.5082827802273853,0.40811462402343746,0.03703813627362251,0.3186860396116893,0.4730447896795496,0.17719505306519834,0.00028589886272424575,0.4446124899122892,0.5141533285250128,0.6105030633535015,/volumes/Seagate/mtg-jamendo-dataset/01/1193301.mp3
236.06666666666666,139.6748310810811,0.5610443359866548,0.21236120605468753,0.14782531559467316,0.1558703719992284,0.28678055642910905,0.2705633002036718,4.120542593647165e-05,0.7356129366373046,0.414650376796301,0.6702870382548222,/volumes/Seagate/mtg-jamendo-dataset/01/1075701.mp3
396.0,120.18531976744185,0.6092744012250708,1.0,0.06132888421416283,0.09380981774889023,0.23017164908416105,0.08818801131809142,0.002584024500979009,0.2996174986502783,0.43053528068419106,0.6359713421802604,/volumes/Seagate/mtg-jamendo-dataset/01/25001.mp3
192.0271882086168,139.6748310810811,0.6013334974148967,0.5467583236694336,0.1113615334033966,0.2263162939687537,0.4982040327624853,0.20177573952281241,0.0005461863423964763,0.29999999999726645,0.5115010579601245,0.6377899404331979,/volumes/Seagate/mtg-jamendo-dataset/01/1168701.mp3
309.8437188208617,129.19921875,0.5772150278245374,0.5480930175781249,0.27846595644950867,0.575092903369747,0.8201552637320154,0.40554081125343633,0.00217254297788412,0.3,0.6662752003370598,0.6669927042544112,/volumes/Seagate/mtg-jamendo-dataset/01/322101.mp3
272.0933333333333,129.19921875,0.5759132041698031,0.5583158264160155,0.170212522149086,0.36270101038129887,0.7625521949974016,0.15251452518791947,0.002443225123964927,0.5584021365806799,0.44470791362542667,0.6723349252485856,/volumes/Seagate/mtg-jamendo-dataset/01/1126701.mp3
469.64260770975056,84.72079918032787,0.5395855785015513,0.44325050354003914,0.06679987907409668,0.28823787405477547,0.55754543724679,0.16836961843365097,0.0004554138945987876,0.6746580287964679,0.3590681738004596,0.6522343217065829,/volumes/Seagate/mtg-jamendo-dataset/01/1085701.mp3
170.9274829931973,120.18531976744185,0.5379878562381339,0.5108094329833986,0.11037606745958328,0.5199954292133698,0.8527222529488048,0.3438207682355299,0.001166847922280505,0.6195753443012877,0.5204482161464514,0.6356457410561597,/volumes/Seagate/mtg-jamendo-dataset/01/1398101.mp3
231.0265759637188,93.96306818181819,0.5649059236136948,0.2500232849121094,0.2203141450881958,0.5088475986982166,0.9376103513317399,0.34446491366768034,0.0031726843181601925,0.5855141574227218,0.5221785437270191,0.6748773834863466,/volumes/Seagate/mtg-jamendo-dataset/01/1169701.mp3
234.0,151.99908088235293,0.5494896527008148,0.6626612091064453,0.05976603925228119,0.12496419978220798,0.19968669602950212,0.14220664185209028,0.000199077825299926,0.5445603743458922,0.22071154919205427,0.6773734642924103,/volumes/Seagate/mtg-jamendo-dataset/01/1117701.mp3
126.03054421768708,120.18531976744185,0.5859085042579191,0.7594442749023438,0.08933456987142563,0.15637664418442748,0.29678499410066184,0.10148821827201324,0.0008642355827274468,0.29999712016690416,0.3718026890470462,0.6577999073443039,/volumes/Seagate/mtg-jamendo-dataset/01/702501.mp3
256.07836734693876,99.38401442307692,0.5574282252973263,0.4544471435546875,0.15006163716316223,0.5603339421008017,0.8674794704004518,0.3246199149210969,0.002092792817196191,0.8685854914509441,0.5898211487986336,0.6360579596190117,/volumes/Seagate/mtg-jamendo-dataset/01/81801.mp3
312.38489795918366,120.18531976744185,0.5504594579974632,0.5204091033935546,0.0720461905002594,0.1238564001321668,0.2509590841740565,0.13247944364826633,0.000508164883187901,0.5152787773758987,0.36010064504791206,0.653916499570511,/volumes/Seagate/mtg-jamendo-dataset/01/661301.mp3
267.75,161.4990234375,0.5921462911886987,0.55726123046875,0.20764213800430298,0.37808009695582084,0.698001375260621,0.11575609967607285,0.0046786391039301675,0.3069292262290444,0.6080622835700538,0.6531387129675383,/volumes/Seagate/mtg-jamendo-dataset/01/986601.mp3
91.84605442176871,123.046875,0.46614219724943107,0.7104623413085938,0.08283563703298569,0.40476667235194225,0.7019086830302158,0.28187858215328454,0.0008218624353372594,0.4531474521577759,0.5574272202463726,0.6183353852826003,/volumes/Seagate/mtg-jamendo-dataset/01/1345301.mp3
222.09412698412697,107.666015625,0.5880125661843432,0.7123842163085938,0.07871079444885254,0.3107667007547944,0.5987004102588774,0.16516772276975256,0.000928657721407577,0.7026573161213764,0.47912827877272895,0.6325102302470411,/volumes/Seagate/mtg-jamendo-dataset/01/1269901.mp3
219.939410430839,126.04801829268293,0.6067256867356634,0.5583092346191407,0.1603952944278717,0.2625527831285911,0.48531303709398804,0.2665088285087126,0.0001453058216356669,0.29999999767534447,0.5224534442308021,0.6532516171478735,/volumes/Seagate/mtg-jamendo-dataset/01/236401.mp3
206.15836734693877,139.6748310810811,0.5795495347429644,0.6723064956665041,0.14051185548305511,0.7689027730639199,1.0,0.29189097871381914,0.004446140593134266,0.9246982889445403,0.7698475514102348,0.5966147576918529,/volumes/Seagate/mtg-jamendo-dataset/01/279601.mp3
120.0,139.6748310810811,0.6173735153581024,0.4608429718017578,0.12324533611536026,0.26951841239785773,0.5296002460518006,0.24181312769010044,0.0004428206453614139,0.3,0.5282314708416382,0.638722026833202,/volumes/Seagate/mtg-jamendo-dataset/01/1137401.mp3
84.29714285714286,112.34714673913044,0.6059560156438439,1.0,0.07649368792772293,0.07500531253679982,0.3710139749285466,0.03996560307153822,0.24629903851863771,0.7357608766066353,0.1816834849479997,0.6912010306643803,/volumes/Seagate/mtg-jamendo-dataset/01/1044301.mp3
225.32643990929705,120.18531976744185,0.576569537148111,0.524419204711914,0.11379782110452652,0.48935848743835314,0.7053717899620715,0.47917674601548943,0.0008675995710361557,0.9456032343032756,0.5206719652915044,0.6368328225393286,/volumes/Seagate/mtg-jamendo-dataset/01/1372201.mp3
212.00337868480725,129.19921875,0.5507098254064722,0.26294723510742185,0.26966819167137146,0.6705645420609299,1.0,0.571087790720194,0.005105654170373612,0.4094386319644474,0.5832974308646108,0.6804210628287716,/volumes/Seagate/mtg-jamendo-dataset/01/810901.mp3
704.1828571428572,120.18531976744185,0.5992746436113204,0.8610417404174805,0.16288922727108002,0.35712145233143444,0.6042562927886371,0.23100151438748537,0.0008811103383044843,0.3,0.44200730524720616,0.6702386607681476,/volumes/Seagate/mtg-jamendo-dataset/01/1332601.mp3
205.94321995464853,120.18531976744185,0.5896366013777672,0.8573811798095703,0.19529518485069275,0.7326599971077334,0.9725250118321284,0.5861960486677419,0.002128505140397671,0.5339187795629379,0.6322104469675756,0.6438641771527343,/volumes/Seagate/mtg-jamendo-dataset/01/372601.mp3
292.75705215419504,123.046875,0.5964482272405462,0.8166035079956054,0.2180665135383606,0.9645180398907369,1.0,0.43004673765011764,0.016394488149109113,0.6892875959009088,0.69609375,0.6392851948738099,/volumes/Seagate/mtg-jamendo-dataset/01/1336901.mp3
233.67108843537414,132.51201923076923,0.528071794098812,0.627128158569336,0.07713469117879868,0.6681018372911445,0.902175716902199,0.14935161723058576,0.004023827874991316,0.29999999999999993,0.5487061820161353,0.6180272524211405,/volumes/Seagate/mtg-jamendo-dataset/01/1414001.mp3
252.94607709750568,120.18531976744185,0.5979371365897113,0.5477466125488282,0.09139005094766617,0.6219103618018306,0.9458829721779495,0.27768158904336554,0.0035636222411151077,0.6340538435650591,0.6530709610003962,0.6022862261410806,/volumes/Seagate/mtg-jamendo-dataset/01/827701.mp3
120.0,143.5546875,0.580230146851678,0.7068276977539063,0.11298414319753647,0.519261187632288,0.8401316098467737,0.24206231594049687,0.0024198277617317443,0.8551417691180554,0.5572202332349876,0.6292302449041156,/volumes/Seagate/mtg-jamendo-dataset/01/1317801.mp3
80.16394557823129,126.04801829268293,0.5434338348926497,0.5663690490722657,0.10299920290708542,0.5082832304891506,0.7805294033810576,0.41435721728687236,0.0007307136105325091,0.7826255964951482,0.5345337658224254,0.6301729598820657,/volumes/Seagate/mtg-jamendo-dataset/01/1396101.mp3
104.992358276644,129.19921875,0.4782524347527525,1.0,0.03091828152537346,0.32405105719259786,0.5833635235977019,0.09235606951381323,0.002493600298110418,0.27341711017852627,0.48693988535216315,0.6137426042787019,/volumes/Seagate/mtg-jamendo-dataset/01/1048301.mp3
238.41331065759638,120.18531976744185,0.5821496552944081,0.2773769378662109,0.23178789019584656,0.6175874042816457,0.8233508083067822,0.6664294469201022,0.0005363848118521297,0.6827131502040568,0.5967948659309428,0.6640846672843163,/volumes/Seagate/mtg-jamendo-dataset/01/1373101.mp3
233.99197278911564,99.38401442307692,0.5370470162905672,0.40460827636718777,0.12104832381010056,0.25561615189776116,0.3921071842781194,0.2941050759056338,0.0002181604970587788,0.29999997730787953,0.468565300509505,0.6498643364697352,/volumes/Seagate/mtg-jamendo-dataset/01/1052801.mp3
193.33963718820863,105.46875,0.5968610767009833,0.8435774536132813,0.23631078004837036,0.7679001420019492,1.0,0.48988111715020954,0.006621400170411884,0.9010184751098005,0.5767839733607828,0.6697150861452568,/volumes/Seagate/mtg-jamendo-dataset/01/1121401.mp3
132.92308390022677,129.19921875,0.5971322352156876,0.540098861694336,0.20793578028678894,0.4742412236199875,0.8151429826389662,0.22793396527851742,0.0017051522503259374,0.9212567875413588,0.5936402219803244,0.6561288365071791,/volumes/Seagate/mtg-jamendo-dataset/01/1297201.mp3
245.15895691609978,139.6748310810811,0.5550360469548922,0.40925103759765624,0.24517543613910675,0.5630262633894156,0.8512916722914086,0.5603669220383068,0.0016404639446359454,0.2999999958242268,0.6700340446087016,0.6542563480883381,/volumes/Seagate/mtg-jamendo-dataset/01/1359901.mp3
215.48,97.50884433962264,0.5560738943944639,0.2773124084472656,0.22810164093971252,0.4267865123659465,0.7250015761637826,0.5443957632464256,0.0005710727622015323,0.7061377836662686,0.5226072084901554,0.6775951490402654,/volumes/Seagate/mtg-jamendo-dataset/01/37701.mp3
272.32,147.65625,0.5594692758575313,0.4639739990234375,0.039589595049619675,0.3961534463553757,0.680443524704624,0.2748409060659502,0.0002608643918353406,0.7526038827514479,0.5379819970792301,0.6066558548020171,/volumes/Seagate/mtg-jamendo-dataset/01/192101.mp3
261.3333560090703,90.66611842105263,0.5496904327239991,0.4729364013671875,0.23777955770492554,0.9453293636623008,1.0,0.6837240901062942,0.00425288306691214,0.5832725588104062,0.6313322368421053,0.6593341934053522,/volumes/Seagate/mtg-jamendo-dataset/01/892001.mp3
315.08374149659863,135.99917763157896,0.5606818341584836,0.48043722534179684,0.11949021369218826,0.393503151769441,0.7857367724777848,0.2044387727591351,0.0013538833101284647,0.6623033299833567,0.567878417915356,0.6294407933461166,/volumes/Seagate/mtg-jamendo-dataset/01/1088101.mp3
705.889433106576,126.04801829268293,0.5067658208192803,0.622445068359375,0.04810400307178497,0.2662185374424256,0.4668704150305004,0.10462343968187302,0.0006328031872789313,0.29194888277479286,0.4980779428385653,0.6177018525381295,/volumes/Seagate/mtg-jamendo-dataset/01/1297801.mp3
331.63605442176873,109.95678191489361,0.5779496924637628,0.413366943359375,0.14709337055683136,0.6151058871193894,0.8177122383660492,0.5153994526817315,0.0008753246779383237,0.5493112351867493,0.6598220412874746,0.6209892051429643,/volumes/Seagate/mtg-jamendo-dataset/01/25401.mp3
168.41249433106577,92.28515625,0.5609729155497022,0.7988890838623047,0.15912169218063354,0.7381474153142735,0.9415981863136619,0.33450044220558023,0.002996289604743568,0.6255270109337762,0.6861831392018622,0.6200471813446556,/volumes/Seagate/mtg-jamendo-dataset/01/223901.mp3
300.6666666666667,99.38401442307692,0.5808771076185522,0.6436421813964844,0.14600524306297302,0.723714436127518,0.8841416204315846,0.38771597392396817,0.0020235114934156443,0.6541544636721299,0.6140670224154494,0.6297484830195804,/volumes/Seagate/mtg-jamendo-dataset/01/1160601.mp3
189.64879818594105,95.703125,0.5317224907188409,0.5034706420898438,0.15269920229911804,0.1449410571950131,0.19751614770989784,0.17010728123810162,0.00010794093359568629,0.519807425120246,0.3408474849905194,0.6868022158295787,/volumes/Seagate/mtg-jamendo-dataset/01/1193601.mp3
304.61539682539683,129.19921875,0.5410049358267267,0.6788548126220703,0.20570272207260132,0.858713028195975,1.0,0.3730192106403113,0.009163196521666707,0.5976682997615543,0.7851591486465241,0.6170211502168317,/volumes/Seagate/mtg-jamendo-dataset/01/1371701.mp3
174.04736961451246,97.50884433962264,0.5973271816785195,0.5554076843261718,0.0990460067987442,0.3346473162000937,0.6580534546771486,0.19189291199208686,0.0005852231658062125,0.29999999999906996,0.3973758562973384,0.6561813911880803,/volumes/Seagate/mtg-jamendo-dataset/01/1375901.mp3
262.053,100.44642857142857,0.575468048984493,0.585631652832031,0.13752776384353638,0.5881978047114121,0.9671414059073025,0.27513839140345164,0.0018933671038511475,0.2999999999997623,0.49239126122692967,0.6510317427382872,/volumes/Seagate/mtg-jamendo-dataset/01/1137201.mp3
375.85086167800455,109.95678191489361,0.604016139901207,0.5124602966308595,0.1817464679479599,1.0,1.0,0.777818544541163,0.009829729860853145,0.3,0.7599135638297871,0.6134460156953081,/volumes/Seagate/mtg-jamendo-dataset/01/1413901.mp3
351.0,156.60511363636363,0.610595790717561,0.28044314575195295,0.30137747526168823,0.2694527794824839,0.5464384437821453,0.2697435285139078,0.0005556529391914866,0.6320678002962055,0.313797310677756,0.7457364289586565,/volumes/Seagate/mtg-jamendo-dataset/01/760901.mp3
372.8767120181406,109.95678191489361,0.5717902741204361,0.9447969512939453,0.1995900422334671,0.45236689050533213,0.6527801783374702,0.5955733495747636,0.0005623585221608465,0.2999259101810622,0.49997772195562207,0.6718568708129238,/volumes/Seagate/mtg-jamendo-dataset/01/159201.mp3
212.03124716553287,178.20581896551724,0.5320068593541356,0.6421818542480469,0.05461304634809494,0.14367836265477119,0.22459940572788334,0.18286900210074214,9.782418563650017e-05,0.2999773749029236,0.581821873956935,0.6032963218939272,/volumes/Seagate/mtg-jamendo-dataset/01/1018801.mp3
69.76160997732427,120.18531976744185,0.552679211187535,0.5571951293945312,0.14251796901226044,0.610134171776149,0.9327612064122661,0.30144782825761357,0.003099768520186823,0.2999999999981197,0.6465621460543911,0.6219940396335355,/volumes/Seagate/mtg-jamendo-dataset/01/1357301.mp3
227.8540136054422,105.46875,0.5436284109792089,0.37254364013671876,0.1500173956155777,0.2676741557691827,0.4859499601278744,0.24530525708803405,0.00019027817681857836,0.29946185274789006,0.47794846854779355,0.6584165687120493,/volumes/Seagate/mtg-jamendo-dataset/01/1372501.mp3
233.14732426303854,139.6748310810811,0.6095375528826686,0.2957103576660156,0.25474461913108826,0.9100704461224431,1.0,1.0,0.0052505219125247955,0.29999995600273255,0.8193496621621621,0.6278381304547593,/volumes/Seagate/mtg-jamendo-dataset/01/1368401.mp3
226.6122448979592,123.046875,0.5606401389854612,0.7062370910644532,0.19218693673610687,0.78725273664716,0.9384387030747049,0.3734712519008996,0.003718347473721194,0.6147455707635522,0.7687699574499964,0.6154333057349992,/volumes/Seagate/mtg-jamendo-dataset/01/1124201.mp3
74.08433106575964,126.04801829268293,0.6317709105848237,0.6459701614379882,0.02476482093334198,0.14319582740584136,0.43950988145727127,0.14576973347295366,0.00019005619518897924,0.8310921526534366,0.2938483747554966,0.6501456605849039,/volumes/Seagate/mtg-jamendo-dataset/01/1125401.mp3
276.7866666666667,107.666015625,0.5424041790797097,0.45923202514648437,0.13081665337085724,0.24006715817270283,0.4246014261884154,0.15984249310216772,0.00044054269014922947,0.2999870903943664,0.49858567715734353,0.64737685978204,/volumes/Seagate/mtg-jamendo-dataset/01/508801.mp3
437.07315192743766,123.046875,0.5983330524308432,1.0,0.2108931988477707,0.3955911162420395,0.6746722138038725,0.13598012862748757,0.0024964861052027333,0.3,0.5418026575617849,0.6675610200728405,/volumes/Seagate/mtg-jamendo-dataset/01/45101.mp3
182.73333333333332,161.4990234375,0.577190265513797,0.42758341979980474,0.10619009286165237,0.5934884405878371,0.8311410128321669,0.44485976384541487,0.001332445926608185,0.2999999999722704,0.750388544192385,0.5881507245917179,/volumes/Seagate/mtg-jamendo-dataset/01/5701.mp3
270.0,120.18531976744185,0.5580977798285789,0.41111297607421876,0.13341890275478363,0.32320792304206064,0.5776346114705829,0.40915494139461517,0.00028761802555451376,0.7268747353357338,0.4454646040845286,0.6589378841748164,/volumes/Seagate/mtg-jamendo-dataset/01/533201.mp3
277.1249886621315,161.4990234375,0.5978800221964122,0.23854507446289067,0.14432083070278168,0.3649499436526844,0.6770019591541433,0.4114512552750161,0.00039878559579248894,0.658963899646277,0.45748404366489515,0.6604586903200225,/volumes/Seagate/mtg-jamendo-dataset/01/1189901.mp3
186.97333333333333,161.4990234375,0.599336257586439,0.40735015869140623,0.25748902559280396,0.5685106327996217,0.9159731917036446,0.44425712360197184,0.0025988438689590917,0.7968032719794835,0.703872818743021,0.6519214854648052,/volumes/Seagate/mtg-jamendo-dataset/01/356401.mp3
417.6195918367347,123.046875,0.6059713099867743,0.9223908233642578,0.07929840683937073,0.2506825625111385,0.45840502125183763,0.10227140969249619,0.005004570335059365,0.3,0.40184654035430045,0.6481781183913133,/volumes/Seagate/mtg-jamendo-dataset/01/11001.mp3
232.02666666666667,95.703125,0.5694074111039684,1.0,0.07432708144187927,0.39960637479079025,0.610842887318048,0.0971138333418759,0.002759211192105414,0.7440566782877923,0.4243046621737558,0.6418968168843253,/volumes/Seagate/mtg-jamendo-dataset/01/11101.mp3
190.152947845805,135.99917763157896,0.5605699036147416,0.3153452301025391,0.06696287542581558,0.4763208924855352,0.8246583622994775,0.4870418546056149,0.000648894952071434,0.7480135566439843,0.6324370490253012,0.5976192253482333,/volumes/Seagate/mtg-jamendo-dataset/01/1053401.mp3
321.0,161.4990234375,0.5887954646699214,0.5010350036621094,0.3166946768760681,0.8017922564957117,1.0,0.7865041650163328,0.002330447199099431,0.4360345703728258,0.7507134197185025,0.6638673997316841,/volumes/Seagate/mtg-jamendo-dataset/01/166401.mp3
196.51004535147393,105.46875,0.560805791329467,0.4781066131591797,0.11984243243932724,0.3940123269750408,0.8044996864910519,0.14330817359928297,0.002075041661122641,0.3,0.4259105281280211,0.6579611700525536,/volumes/Seagate/mtg-jamendo-dataset/01/506001.mp3
450.6775283446712,123.046875,0.5082394020950727,0.697756118774414,0.11168001592159271,0.45437448127324404,0.6391603298429701,0.1821028048246427,0.000601458080224183,0.7215744139008149,0.6224386076815385,0.6157170841954657,/volumes/Seagate/mtg-jamendo-dataset/01/1182601.mp3
255.0857142857143,139.6748310810811,0.6303906403518368,0.19673841857910163,0.6971371173858643,0.7014502112193124,1.0,1.0,0.0027880439881255692,0.7856484016723619,0.7047122149669904,0.810026919265513,/volumes/Seagate/mtg-jamendo-dataset/01/1299901.mp3
59.42857142857143,105.46875,0.5450014422612635,0.33798020935058587,0.05604340136051178,0.2181063911104018,0.2944956713584933,0.17911272685690327,7.93919737375184e-05,0.5212495879329788,0.49850480702257016,0.6204746630852702,/volumes/Seagate/mtg-jamendo-dataset/01/1173501.mp3
228.54167800453516,120.18531976744185,0.516303458900788,0.6666248474121094,0.16573269665241241,1.0,1.0,0.42250617964650566,0.012971922916715388,0.9117839634050287,0.6903706395348838,0.6215896428878918,/volumes/Seagate/mtg-jamendo-dataset/01/588701.mp3
38.02269841269841,135.99917763157896,0.537408580231394,1.0,0.10190576314926147,0.5474549530691848,0.8422559870839698,0.4268277792668036,0.0020284244695458783,0.29999895972644247,0.6881211790657528,0.5990618389205835,/volumes/Seagate/mtg-jamendo-dataset/01/1219101.mp3
214.57333333333332,114.84375,0.49235398325078794,0.44497763061523443,0.14441558718681335,0.278606606145949,0.5656687941861654,0.1880255278042446,0.0011712227021836866,0.6516786855273704,0.545670358082045,0.6428555397708438,/volumes/Seagate/mtg-jamendo-dataset/01/210801.mp3
314.05333333333334,120.18531976744185,0.5904652687330042,0.6856927490234375,0.07383222132921219,0.2633982653404285,0.35765876433133675,0.1782387558820692,0.00018778451410374433,0.6634354325143578,0.5262748653557769,0.6213246266073611,/volumes/Seagate/mtg-jamendo-dataset/01/380601.mp3
154.27360544217686,135.99917763157896,0.5963591033925378,0.408684814453125,0.14817781746387482,0.5509603241324207,0.8220551511623548,0.6332470097219596,0.0008523006152680064,0.2999999606819157,0.5818309787037153,0.6369778185462519,/volumes/Seagate/mtg-jamendo-dataset/01/1281101.mp3
130.45551020408163,126.04801829268293,0.5404128072454849,0.5796227722167968,0.08886563032865524,0.1809374174349555,0.32844253584080596,0.18663561361964068,0.0002049966152692766,0.29999999986890397,0.36131762171700865,0.6597281025749142,/volumes/Seagate/mtg-jamendo-dataset/01/128301.mp3
451.8899319727891,120.18531976744185,0.557188061202712,0.5882041015625002,0.055039551109075546,0.5145247181515583,0.8037970815359624,0.07515363353412585,0.005577439396447229,0.8516787657948397,0.5121953317452292,0.6173751720502214,/volumes/Seagate/mtg-jamendo-dataset/01/91401.mp3
193.6,103.359375,0.5073731696239581,0.26611488342285156,0.15075421333312988,0.3758426184348575,0.5927242294674061,0.46577175318407055,0.00028692019200305714,0.2998891454660332,0.631213619270619,0.6280287929458029,/volumes/Seagate/mtg-jamendo-dataset/01/80501.mp3
69.88235827664398,120.18531976744185,0.5116791798773417,0.48647801971435556,0.06305217742919922,0.1622944346118593,0.30003352857867865,0.1212616481646544,0.0003960736536760781,0.328079166988661,0.4658184306006392,0.6295350977543839,/volumes/Seagate/mtg-jamendo-dataset/01/1357401.mp3
224.02083900226756,120.18531976744185,0.5701432919779788,0.7176299285888672,0.25770604610443115,0.6858260125848831,1.0,0.23627492618209764,0.005067810054621672,0.32673776184232733,0.6518612332957396,0.6624019299384473,/volumes/Seagate/mtg-jamendo-dataset/01/1281201.mp3
450.6518140589569,161.4990234375,0.5663910532192601,0.6919676208496094,0.08844247460365295,0.36660473222649853,0.5820448976380386,0.2581238815273561,0.00020546682292831893,0.29999983425019033,0.6645961892235404,0.598920053012607,/volumes/Seagate/mtg-jamendo-dataset/01/1291201.mp3
206.734126984127,156.60511363636363,0.5757742518911131,0.6644887390136719,0.16491346061229706,0.35183482870194505,0.6528783299623263,0.15035550557673263,0.0015210927872937815,0.29999999999986376,0.44782613047704006,0.6698036197250189,/volumes/Seagate/mtg-jamendo-dataset/01/1225501.mp3
205.632,140.625,0.5487279130317317,0.6750838012695314,0.16171486675739288,0.35810071410147803,0.6504324276513643,0.18317669042139872,0.0006963507071127321,0.29999999756686313,0.4807883101225737,0.6620596900081467,/volumes/Seagate/mtg-jamendo-dataset/01/963401.mp3
234.1160625,122.28260869565217,0.5491383680283755,1.0,0.0347345732152462,0.20200160859763636,0.3064194777861631,0.2455194914152431,9.614040068967404e-05,0.2999952745701458,0.4969176310806816,0.6131209201413523,/volumes/Seagate/mtg-jamendo-dataset/01/920001.mp3
209.97333333333333,93.96306818181819,0.5789510785411307,0.2637779998779297,0.07384695112705231,0.724742863015858,0.8799314437306467,1.0,0.0012957460223647938,0.8919032833663022,0.6838617881869363,0.5898125447683515,/volumes/Seagate/mtg-jamendo-dataset/01/1393401.mp3
185.3259410430839,107.666015625,0.5816890209297005,0.23926840209960937,0.15231958031654358,0.7362330164176744,1.0,1.0,0.002815296961209707,0.9267847955404637,0.5671506475268281,0.64140491940859,/volumes/Seagate/mtg-jamendo-dataset/01/1379101.mp3
534.1779591836735,92.28515625,0.5813702107898767,0.6738090515136719,0.11491826921701431,0.4093995493139227,0.5936273823234903,0.2338378256313045,0.0006524821893939795,0.8495138737515211,0.5269688804428989,0.6359768008295454,/volumes/Seagate/mtg-jamendo-dataset/01/1397901.mp3
226.08065759637188,89.10290948275862,0.5494640220267508,0.5145356750488281,0.27439913153648376,0.558436639497098,0.7842032556512892,0.5159752152135602,0.0006624913735533395,0.2999999994331976,0.5018116605433043,0.6984213552444734,/volumes/Seagate/mtg-jamendo-dataset/01/698501.mp3
307.6285833333333,104.16666666666667,0.5820862460787584,0.5360746765136719,0.10637474805116653,0.3506178212608421,0.5753494190448948,0.32752763046509836,0.00031954824469944957,0.49746101490581507,0.4244148217784631,0.6534119449427274,/volumes/Seagate/mtg-jamendo-dataset/01/1030901.mp3
181.24,123.046875,0.5786524147888453,0.4272587585449219,0.2557811439037323,0.5547229702967255,0.8065990839781934,0.620239949629014,0.0006455209576713616,0.6438405188975508,0.5565427844637143,0.6807726549126007,/volumes/Seagate/mtg-jamendo-dataset/01/947801.mp3
294.98632653061225,132.51201923076923,0.5471338628911525,1.0,0.15491119027137756,0.4885369387600682,0.7994508539525981,0.20033692690030133,0.0019981311025655617,0.29999999999998445,0.6233840199341916,0.6310912245108576,/volumes/Seagate/mtg-jamendo-dataset/01/518601.mp3
295.35609977324265,120.18531976744185,0.5472972053714884,0.7487212371826173,0.09608462452888489,0.6711699271825788,0.9162329552535681,0.392290612057064,0.0010395887739254595,0.29948156810878246,0.7481631213305284,0.5849578405642928,/volumes/Seagate/mtg-jamendo-dataset/01/1073701.mp3
392.0,120.18531976744185,0.5661749836895109,0.6956319580078126,0.11977129429578781,0.43671817687758746,0.6673694497858889,0.15548124952595593,0.0010870900914518383,0.5806136220539666,0.49527528972570073,0.6440626080013434,/volumes/Seagate/mtg-jamendo-dataset/01/362501.mp3
231.1475283446712,123.046875,0.563965085533304,0.3972348937988282,0.25935131311416626,0.5997391315023481,0.9061141695099716,0.4391160220994475,0.0017926449745488812,0.8079419798583918,0.5602897297458783,0.6813085267719242,/volumes/Seagate/mtg-jamendo-dataset/01/548601.mp3
345.6,151.99908088235293,0.5299123123245593,0.7510260772705079,0.16921281814575195,0.6353729387398122,0.7763231167739812,0.2615208015154594,0.0017779394703239756,0.7393122345957914,0.7473506337703557,0.6114464877783995,/volumes/Seagate/mtg-jamendo-dataset/01/1385201.mp3
265.81333333333333,117.45383522727273,0.6016602543833287,0.450709228515625,0.1720222681760788,0.3676515527773917,0.7045918277127989,0.3413571014640964,0.0005088577856405545,0.5866175199056074,0.5219313188650486,0.6575417527703786,/volumes/Seagate/mtg-jamendo-dataset/01/4401.mp3
268.42718820861677,166.70866935483872,0.5635641732858245,0.5189262390136719,0.23926453292369843,0.718617594349798,1.0,0.38097073613787913,0.008792228257887266,0.37942953821844155,0.6728621385422072,0.6515628041440901,/volumes/Seagate/mtg-jamendo-dataset/01/1295501.mp3
345.2614739229025,129.19921875,0.6049644375572691,0.8693611145019531,0.163572296500206,0.3913887534813724,0.7590440992355254,0.303509967612538,0.0007188264365519799,0.2999999999999483,0.5651324411633927,0.6458595385073956,/volumes/Seagate/mtg-jamendo-dataset/01/1187201.mp3
312.2266666666667,161.4990234375,0.5583432244617402,0.3811431884765625,0.07697480171918869,0.28680400799067557,0.6186767168484728,0.2561214134061543,0.0003936164236151556,0.4493001732498387,0.4987069168587619,0.6279695452471555,/volumes/Seagate/mtg-jamendo-dataset/01/1219601.mp3
187.02666666666667,135.99917763157896,0.5790874056076545,0.5240140686035155,0.03290404751896858,0.6281100100273451,0.9769853252606084,0.43712797686636085,0.0021089396848942023,0.2999999999997386,0.600233388515649,0.591798779403699,/volumes/Seagate/mtg-jamendo-dataset/01/22101.mp3
123.18156462585034,120.18531976744185,0.49908985019451824,0.3035389251708985,0.15268106758594513,0.2791246729116995,0.4481961684688213,0.29935035976184454,0.00014801026738943282,0.6077943626367082,0.4363206453865127,0.6677010552536377,/volumes/Seagate/mtg-jamendo-dataset/01/1060001.mp3
308.46666666666664,117.45383522727273,0.5667834863059946,0.9811445159912108,0.042191218584775925,0.19571882864015094,0.3442342960740808,0.11844827744476165,0.00037077578731704164,0.29871750263668423,0.39041022763340144,0.6371067931638391,/volumes/Seagate/mtg-jamendo-dataset/01/326501.mp3
151.80002267573695,99.38401442307692,0.5603646022255271,0.4464591674804687,0.10708501935005188,0.5521968938026153,0.8752575042300369,0.4560623047148254,0.0011357891863852285,0.32200007428346866,0.591014865227018,0.6203476339206151,/volumes/Seagate/mtg-jamendo-dataset/01/1087101.mp3
74.52630385487528,95.703125,0.5710066747624043,0.4496684265136717,0.1340339481830597,0.5555746825092054,0.8961300476708293,0.4540779576020059,0.003103555911666139,0.6849197868387982,0.4876527365346222,0.6507216740389771,/volumes/Seagate/mtg-jamendo-dataset/01/1275301.mp3
54.073469387755104,120.18531976744185,0.6219074466825693,1.0,0.11192312091588974,0.3308754348701514,0.6353191757517195,0.2637958298861649,0.0008692486699943035,0.29999999582870446,0.43328960760729496,0.6536344020082614,/volumes/Seagate/mtg-jamendo-dataset/01/1042001.mp3
138.66666666666666,120.18531976744185,0.5409437730256896,0.6159909362792968,0.151361346244812,0.26968971589257573,0.5473961539199509,0.17602796791531208,0.0009715245862687131,0.6148219717440027,0.4250161713305707,0.6694868503820182,/volumes/Seagate/mtg-jamendo-dataset/01/409701.mp3
212.50968253968253,109.95678191489361,0.5322814532522328,0.34929098510742196,0.17233751714229584,0.3481958690738137,0.6585494681457802,0.24011858681820905,0.0007155401547093231,0.39709319786575126,0.5077191763112973,0.660497670908967,/volumes/Seagate/mtg-jamendo-dataset/01/1333601.mp3
88.51424036281179,139.6748310810811,0.5690249690497047,0.8610261611938475,0.1703748106956482,0.6206876847616949,0.945811344778347,0.2610837406905024,0.0040297925742571,0.2999999999999997,0.5976415673258939,0.6418066183852547,/volumes/Seagate/mtg-jamendo-dataset/01/1371801.mp3
242.78666666666666,95.703125,0.5431796315363773,0.6091042938232423,0.20706599950790405,0.6468381733980206,0.9741242231501074,0.5906644801910911,0.0047511622943801615,0.42350979377648285,0.6253117775631146,0.6494814043102225,/volumes/Seagate/mtg-jamendo-dataset/01/117101.mp3
1086.8933333333334,126.04801829268293,0.5153176738177465,0.34591276550292965,0.16895784437656403,0.9152960438822789,1.0,0.6925383851031358,0.010317643982015753,0.65849457244618,0.7920960365853658,0.6024056166584898,/volumes/Seagate/mtg-jamendo-dataset/01/1158201.mp3
160.0,120.18531976744185,0.5559773797031823,0.4838224487304686,0.15873290598392487,0.45253345311404536,0.7769916148248316,0.24166197691580749,0.0016882716126359729,0.6819486032465424,0.4812128548259839,0.6609012751890162,/volumes/Seagate/mtg-jamendo-dataset/01/1380701.mp3
33.99401360544218,95.703125,0.5879649817786226,0.6757722167968749,0.11899983882904053,0.3397896998950878,0.5618939423087741,0.49935964159914725,0.00021005772074035885,0.578617612553695,0.4029846577110543,0.6622430104362437,/volumes/Seagate/mtg-jamendo-dataset/01/1346501.mp3
149.33333333333334,120.18531976744185,0.5817420685420542,1.0,0.14517927169799805,0.47522870415308505,0.7307053603597549,0.11115413276499243,0.002041945531097184,0.3,0.6321744625592536,0.6258296452994285,/volumes/Seagate/mtg-jamendo-dataset/01/1310501.mp3
90.01387755102041,120.18531976744185,0.6231581212201174,0.6063395538330077,0.26171252131462097,0.14258505189751727,0.23427585728267894,0.19660662946583035,7.043431915849916e-05,0.3555361960980963,0.32726534667311546,0.7287634383386404,/volumes/Seagate/mtg-jamendo-dataset/01/1406401.mp3
277.5100680272109,161.4990234375,0.6004922361126006,0.26138485717773435,0.3201817572116852,0.6059747938127328,0.913394837321194,0.6457277023090274,0.001277101487843752,0.29999999930099225,0.6451876062687556,0.6862279113424555,/volumes/Seagate/mtg-jamendo-dataset/01/1414801.mp3
154.14857142857142,99.38401442307692,0.6130364364860778,0.2786241760253907,0.20539182424545288,0.6464019146471717,0.8764225930555909,0.7606754617026513,0.0012709816831569616,0.7544995664317597,0.6499946071888097,0.6439421352906011,/volumes/Seagate/mtg-jamendo-dataset/01/39101.mp3
120.88888888888889,107.666015625,0.5737485186422933,0.5352601318359375,0.12409329414367676,0.2539166414595141,0.38554128039879326,0.24759810087297068,0.00011125193694606314,0.37123251637468346,0.5211636418648665,0.6404408575187504,/volumes/Seagate/mtg-jamendo-dataset/01/635301.mp3
189.38197278911565,117.45383522727273,0.5763697026282666,0.4597341308593749,0.18902236223220825,0.4519090376772109,0.8853045214054861,0.17893046545251204,0.0052469699430269115,0.29999999999502736,0.4576644672826632,0.6765151569470623,/volumes/Seagate/mtg-jamendo-dataset/01/245501.mp3
283.53709750566895,114.84375,0.551978817098459,0.2927167510986328,0.24030201137065887,0.6639606968925799,0.9869574949447063,0.47315375381253605,0.0039032008634487304,0.8551438000881488,0.6619259883712492,0.6541235264191874,/volumes/Seagate/mtg-jamendo-dataset/01/347601.mp3
85.3333560090703,178.20581896551724,0.5558576158762547,0.8887192535400391,0.058790478855371475,0.630589782721235,0.7864726790549019,0.4182925170293738,0.0008840407622440557,0.6134636111601264,0.8155280004678933,0.558058972294355,/volumes/Seagate/mtg-jamendo-dataset/01/379401.mp3
580.3398412698413,129.19921875,0.6264402096283064,0.6794436035156249,0.19927482306957245,0.438709084161518,0.8762516242349033,0.18229607990760524,0.0024398703061983395,0.5982725703504925,0.47388252299963884,0.6769624317051183,/volumes/Seagate/mtg-jamendo-dataset/01/1363401.mp3
175.5,161.4990234375,0.6243780657318666,0.27357974243164057,0.2767031192779541,0.30319744724494097,0.6254849319926005,0.41055635958225034,0.00032459055053798595,0.29999995058741386,0.5018309476035138,0.6992469334193607,/volumes/Seagate/mtg-jamendo-dataset/01/1092901.mp3
135.0,161.4990234375,0.572017311305257,0.3249502105712891,0.1945546716451645,0.49797808510334374,0.7277166490078272,0.6520090278302164,0.000306713941397796,0.5963587452191186,0.5859138861709168,0.6528569045580759,/volumes/Seagate/mtg-jamendo-dataset/01/186601.mp3
70.5880625,102.27272727272727,0.5500991859845666,0.7648444671630859,0.0909418910741806,0.8722302639168673,1.0,0.13582837641613044,0.006743210504641171,0.6906835690655988,0.6447191227137078,0.6037952562439634,/volumes/Seagate/mtg-jamendo-dataset/01/1110001.mp3
161.99061224489796,120.18531976744185,0.593689236910778,0.4838681335449219,0.23156380653381348,0.6648076709216264,0.9098006469239117,0.560932957856777,0.0019480367127878266,0.4060046290188978,0.6934422940602448,0.6446745115401239,/volumes/Seagate/mtg-jamendo-dataset/01/1353301.mp3
143.10560090702947,80.74951171875,0.564946455711808,0.13357107543945312,0.2579173147678375,0.18893649308855512,0.4223538973006165,0.25483620131893703,0.00025465530549028276,0.9424089166219554,0.2921797191471742,0.7344142894869867,/volumes/Seagate/mtg-jamendo-dataset/01/1366001.mp3
220.50249433106575,114.84375,0.6030753214286517,0.5085112609863279,0.11427062749862671,0.5300351526477081,0.8519379353344599,0.3071511583856954,0.00138365900719463,0.7084736478513851,0.5237215458226441,0.6363931167349768,/volumes/Seagate/mtg-jamendo-dataset/01/38401.mp3
129.77632653061224,123.046875,0.5799962101808769,0.3825181274414063,0.08114254474639893,0.12309619868716838,0.4059044006915887,0.11405138991008838,0.0011477930749814085,0.29970232679349024,0.3361267233512357,0.6619859714384565,/volumes/Seagate/mtg-jamendo-dataset/01/387401.mp3
243.41333333333333,117.45383522727273,0.5314509484479815,0.8968206405639648,0.09638895839452744,0.2567237824345097,0.5277723808559863,0.1264130310863349,0.0020296032827349813,0.3648510353776146,0.48306364557524,0.6380872959069819,/volumes/Seagate/mtg-jamendo-dataset/01/1166101.mp3
204.17412698412699,161.4990234375,0.5668079735236748,1.0,0.12080592662096024,0.33380455641881146,0.552086714858888,0.17622190448321723,0.0014234341345886535,0.3,0.36078795585308776,0.6713325424129282,/volumes/Seagate/mtg-jamendo-dataset/01/565801.mp3
260.6,112.34714673913044,0.5661925020138492,0.2900994567871094,0.23682335019111633,0.5093078786319458,0.7305007069333915,0.7194947013398499,0.0005653237228903876,0.2999967107719266,0.5197202544407646,0.681312355180649,/volumes/Seagate/mtg-jamendo-dataset/01/1196901.mp3
402.6533333333333,129.19921875,0.6083060353166088,0.6763515625000001,0.10026699304580688,0.4084882625593959,0.6645327132992823,0.2871071097539878,0.0006738627310940079,0.3,0.4865557855359766,0.6387849603892951,/volumes/Seagate/mtg-jamendo-dataset/01/6701.mp3
174.4011111111111,161.4990234375,0.5614985864432673,0.2631586608886718,0.27759048342704773,0.5797894158075713,0.7179848190690553,0.8732905559650723,0.00032261051804598174,0.9220889983484928,0.5005458755593045,0.6998233989218763,/volumes/Seagate/mtg-jamendo-dataset/01/973501.mp3
296.0285714285714,120.18531976744185,0.5749248854465099,0.49205239868164063,0.11816238611936569,0.5810383608484576,0.9237326254786085,0.4260810508332552,0.001837230363694671,0.9094228133463287,0.639560312804983,0.614626396441975,/volumes/Seagate/mtg-jamendo-dataset/01/1300201.mp3
428.363537414966,120.18531976744185,0.548813727010555,0.4486709594726561,0.09303001314401627,0.5191780737783818,0.8059874272131027,0.26481219637791953,0.00218689289100335,0.6501900868196363,0.5284904399722563,0.6277927167373946,/volumes/Seagate/mtg-jamendo-dataset/01/1098401.mp3
38.4,99.38401442307692,0.5252192210429222,0.2638898620605469,0.4258853793144226,0.9350393767029467,1.0,0.30483233550594274,0.049148238312042625,0.915957695831457,0.6059123097560691,0.7321362746019783,/volumes/Seagate/mtg-jamendo-dataset/01/1164201.mp3
126.16022675736961,126.04801829268293,0.59623481966383,0.993943130493164,0.05006992444396019,0.26942579960072827,0.7454941388366921,0.07259481042404056,0.006630980117414681,0.2994405622306163,0.36572728416706907,0.6448797159664118,/volumes/Seagate/mtg-jamendo-dataset/01/25801.mp3
354.0,120.18531976744185,0.5267636127760256,0.8083012542724611,0.18874533474445343,0.590216966949967,0.8004010638528767,0.31577062996131733,0.0016765353198268601,0.2999999999999999,0.6745811443393275,0.6330320916401377,/volumes/Seagate/mtg-jamendo-dataset/01/1216201.mp3
131.6,120.18531976744185,0.5506378975633934,0.5818007278442383,0.032833267003297806,0.13545457227219543,0.2183808631668319,0.15452217842573626,0.0001674083596655857,0.2999776654748655,0.36812463331085427,0.6381950494590164,/volumes/Seagate/mtg-jamendo-dataset/01/1028901.mp3
469.4726530612245,178.20581896551724,0.5471500524095696,0.39857304382324216,0.15239572525024414,0.24690053056950806,0.4982536349534578,0.19817076186489646,0.0008441028795992975,0.29999999998290977,0.6042945025875442,0.634003560572579,/volumes/Seagate/mtg-jamendo-dataset/01/1371501.mp3
180.06204081632654,120.18531976744185,0.5604780683106274,1.0,0.1362302303314209,0.3790601363502724,0.6701221280437931,0.19766444937176642,0.0015905430032555166,0.29999999999999993,0.4487887225626517,0.6592851384067812,/volumes/Seagate/mtg-jamendo-dataset/01/1294201.mp3
55.4,132.51201923076923,0.5349220552901734,0.49046820068359376,0.27426478266716003,0.2346101116623866,0.41974998507460975,0.26291681148161017,0.00018934138103654706,0.9303208507281521,0.3442658304486017,0.7298821556704573,/volumes/Seagate/mtg-jamendo-dataset/01/255301.mp3
374.9066666666667,117.45383522727273,0.5974020983155812,0.19227415466308595,0.2717505693435669,0.60688894866174,0.9225484919882049,0.7821514352267268,0.0019268152871774495,0.777382886619258,0.6602761408025587,0.6657749768031723,/volumes/Seagate/mtg-jamendo-dataset/01/16101.mp3
183.18045833333332,112.5,0.5594567488157216,0.4961895904541015,0.175319105386734,0.28372052580402113,0.6182484114381749,0.23717332212334585,0.0005761202317637983,0.29999999999976157,0.4012190744312907,0.6828710630529661,/volumes/Seagate/mtg-jamendo-dataset/01/1115701.mp3
201.4285941043084,139.6748310810811,0.5655916775984373,0.2036846923828125,0.32753586769104004,0.5168403898524323,0.8259399838031114,0.5543712659028608,0.0008550830312229479,0.7744385968293837,0.5393737680906882,0.7100381587506368,/volumes/Seagate/mtg-jamendo-dataset/01/899001.mp3
399.5950566893424,103.359375,0.5525364837705726,0.6905633850097657,0.3285919725894928,0.7629991177355346,1.0,0.7009061217605987,0.0045896164681949484,0.6032870595675495,0.6260975831088161,0.6930735935104542,/volumes/Seagate/mtg-jamendo-dataset/01/464901.mp3
200.3618820861678,126.04801829268293,0.5578435311386079,0.6358123931884766,0.1409808248281479,0.5440352393236065,0.9081322660261947,0.26459104155301605,0.001931828766124154,0.4645016092691904,0.5360219582267322,0.6435487052927868,/volumes/Seagate/mtg-jamendo-dataset/01/1095701.mp3
268.48,166.70866935483872,0.5695269874948963,0.7110259399414063,0.0656912550330162,0.7987318070901197,0.9848759188566211,0.9262365194462756,0.0019542389596056723,0.368642507521823,0.7831002904822073,0.5670287937154443,/volumes/Seagate/mtg-jamendo-dataset/01/604401.mp3
286.3636507936508,87.5926906779661,0.5445875453569458,0.7781855392456055,0.1452430784702301,0.5320969131999291,0.8693720123316414,0.3052187962891548,0.004785245172929012,0.4734986680716375,0.4628939344222933,0.6597087213648242,/volumes/Seagate/mtg-jamendo-dataset/01/1337801.mp3
507.08897959183673,139.6748310810811,0.5868850063434763,0.38068464660644535,0.372048556804657,0.6298153894044192,0.8287776135853271,0.4752044619214451,0.0008368582426165189,0.6715661173437009,0.6261483223337945,0.7087078159829175,/volumes/Seagate/mtg-jamendo-dataset/01/502601.mp3
257.77632653061227,105.46875,0.5726663843973699,0.4714245529174804,0.061272770166397095,0.7139199953575075,0.9489265286674291,0.3124769872270872,0.00324314958523087,0.5750650947240805,0.6695709998368842,0.5881439972925262,/volumes/Seagate/mtg-jamendo-dataset/01/468601.mp3
204.4865306122449,135.99917763157896,0.5912227296105801,0.44285952758789066,0.2731620967388153,0.780129800498132,0.924709287463732,0.5117182285709538,0.0023750381570157527,0.7907704758105099,0.6769902348543083,0.6629403078551118,/volumes/Seagate/mtg-jamendo-dataset/01/1278601.mp3
271.058820861678,84.72079918032787,0.5163523159323251,0.6970865402221679,0.13682587444782257,0.7421587943596635,0.8711188721500576,0.4672442826878157,0.00331211833933443,0.8868874326618652,0.5871408619427552,0.6318291424126651,/volumes/Seagate/mtg-jamendo-dataset/01/1180601.mp3
301.26666666666665,178.20581896551724,0.5307767031974462,0.2540558776855468,0.10468140989542007,0.31260691741206204,0.5013498895797092,0.34447100268913977,0.00022796870776845555,0.2999999447440635,0.6453181034371773,0.6086216868749158,/volumes/Seagate/mtg-jamendo-dataset/01/80701.mp3
307.9996371882086,84.72079918032787,0.570963966477968,0.6270982666015625,0.10847041010856628,0.7146362631946769,1.0,0.3756564606243145,0.00409668920951732,0.3030004862176513,0.5357565519377938,0.631898037251525,/volumes/Seagate/mtg-jamendo-dataset/01/152801.mp3
335.7866666666667,114.84375,0.5517081696133523,0.501939910888672,0.22883930802345276,0.6415275936409249,1.0,0.31775437389266536,0.003994369671437718,0.2999999999999999,0.46650477166275095,0.6890811965558928,/volumes/Seagate/mtg-jamendo-dataset/01/1210601.mp3
499.28,126.04801829268293,0.6055883088806207,0.6113414611816406,0.2656800448894501,0.26119360114310447,0.6079331216757692,0.13264923817706958,0.0019104034546749168,0.3,0.3928577505483306,0.7170732660505359,/volumes/Seagate/mtg-jamendo-dataset/01/373001.mp3
252.91755102040815,90.66611842105263,0.548279993524994,0.8153379364013673,0.21111048758029938,0.526155713793415,0.7596308041711113,0.2877164305267106,0.002112309998046148,0.9110831626095222,0.6613675447554458,0.6437262665778186,/volumes/Seagate/mtg-jamendo-dataset/01/1075101.mp3
578.6879818594105,107.666015625,0.4991343550319566,0.31055184936523433,0.1411210596561432,0.4803553591053861,0.6854037475982441,0.28134005661452943,0.0007108010091174986,0.2999673478849969,0.5346237592044583,0.64387882963532,/volumes/Seagate/mtg-jamendo-dataset/01/1089301.mp3
229.09092970521542,120.18531976744185,0.5187610933698237,0.4286302185058593,0.14708267152309418,0.22199468785843815,0.3891355835902085,0.2202236441864748,0.00017087450731339271,0.3,0.2864583176788281,0.6956580982125483,/volumes/Seagate/mtg-jamendo-dataset/01/1415801.mp3
218.01795918367347,139.6748310810811,0.5323763017422929,0.5312288818359374,0.15676461160182953,0.394708237554361,0.5190438151273163,0.4832390617958046,0.00028306755411427906,0.2999998261657303,0.5411417702753918,0.6482069061215803,/volumes/Seagate/mtg-jamendo-dataset/01/387501.mp3
140.64326530612246,105.46875,0.5517641919232015,0.4180225219726562,0.20602168142795563,0.3402260447437276,0.6405734380493764,0.3120513775505068,0.0006895540424468605,0.4532534131021691,0.4055901181555976,0.6930497816829444,/volumes/Seagate/mtg-jamendo-dataset/01/1400601.mp3
333.61702947845805,139.6748310810811,0.546832888963098,0.5028292846679687,0.1681208312511444,0.5254527471615528,0.7852109635763733,0.49420307322505297,0.0010062519139729027,0.29999999929342547,0.5703979863890413,0.6464439019726038,/volumes/Seagate/mtg-jamendo-dataset/01/1153401.mp3
228.936,95.33898305084746,0.5145415180941811,0.38263702392578125,0.09843404591083527,0.3724444141241409,0.5949923119694772,0.22126654719466174,0.0006572666203994833,0.5810072344239812,0.5051859612310622,0.6343990642816884,/volumes/Seagate/mtg-jamendo-dataset/01/296701.mp3
103.91045351473923,120.18531976744185,0.6073587513722124,0.7813843536376953,0.04203888401389122,0.5925704722510783,0.8393024560824316,0.2803937971230902,0.001033275565264417,0.6855949503111272,0.5298369643648587,0.609166605372029,/volumes/Seagate/mtg-jamendo-dataset/01/1346601.mp3
267.15408333333335,119.68085106382979,0.5419754128635578,0.4033269500732422,0.2143084853887558,0.36001047523859286,0.6630044832963943,0.1861137458296247,0.0008844327159313405,0.7780871100755841,0.4361230489402823,0.6899264449518956,/volumes/Seagate/mtg-jamendo-dataset/01/400701.mp3
217.05142857142857,92.28515625,0.5804774896345013,0.5722004699707032,0.19776003062725067,0.42980048771871227,0.697422612933171,0.17179962845841554,0.0019983674067602882,0.39047621633252794,0.41382702908896346,0.6884282052080175,/volumes/Seagate/mtg-jamendo-dataset/01/726601.mp3
106.63179138321995,156.60511363636363,0.5661688824379498,0.7195838623046875,0.12470471858978271,0.35256900735194147,0.6288216488291548,0.10018349111090458,0.004303278991480211,0.3,0.3488104396101683,0.675131610770288,/volumes/Seagate/mtg-jamendo-dataset/01/484001.mp3
146.70800453514738,147.65625,0.6387047216037595,0.3734324340820312,0.171763077378273,0.27687811477362617,0.5288611284021182,0.2939714388834954,0.00020662838429234977,0.6931559515990806,0.3235458862708792,0.6971255306020024,/volumes/Seagate/mtg-jamendo-dataset/01/818601.mp3
204.0,156.60511363636363,0.521053956535205,0.2762761993408203,0.1724320501089096,0.16828939810297092,0.3190596192342578,0.19928433816548502,0.00030186088844384935,0.29985814027218144,0.546985314552425,0.6526784751287225,/volumes/Seagate/mtg-jamendo-dataset/01/1375001.mp3
83.9,161.4990234375,0.5197229359768993,1.0,0.2035747766494751,0.5833736751745386,0.8010619804141301,0.2612040890022848,0.002409666538698443,0.3,0.7172308496626848,0.6298407496612741,/volumes/Seagate/mtg-jamendo-dataset/01/1304001.mp3
105.03836734693877,123.046875,0.5552432633253612,0.34951148986816405,0.057960327714681625,0.47446689408861004,0.7890860416835689,0.47154255892691554,0.0007505012156469118,0.7840474344872452,0.4447073007662632,0.6319242578240328,/volumes/Seagate/mtg-jamendo-dataset/01/1226201.mp3
148.06204081632654,120.18531976744185,0.5476470328373814,0.669583625793457,0.05558846890926361,0.33725111267398167,0.5309559981784893,0.15307220690209097,0.0006296022020801123,0.44019297932650137,0.5384079906314801,0.6123302506810389,/volumes/Seagate/mtg-jamendo-dataset/01/374601.mp3
220.00004535147391,95.703125,0.5915323181393892,0.43029165649414075,0.18229113519191742,1.0,1.0,1.0,0.008626787007989358,0.7326895533997329,0.64140625,0.6373435586690903,/volumes/Seagate/mtg-jamendo-dataset/01/49401.mp3
183.84004535147392,109.95678191489361,0.5772557052492004,0.47663537597656247,0.15085121989250183,0.3662484957345526,0.6332353859296962,0.27696442736451365,0.00044915210831066016,0.7342904399891927,0.37716980667755984,0.6788724778257886,/volumes/Seagate/mtg-jamendo-dataset/01/1194701.mp3
253.1265306122449,120.18531976744185,0.5832372496379123,0.5580899963378906,0.10341240465641022,0.35757101123454865,0.6619492579133164,0.19673528928106782,0.0013038757640065114,0.3,0.437940010455134,0.6496404635852808,/volumes/Seagate/mtg-jamendo-dataset/01/129501.mp3
124.27319727891157,97.50884433962264,0.5792160482897695,0.7891236114501953,0.21491602063179016,0.5967198626056014,0.7586476655547184,0.9364910402023218,0.0006249314136911174,0.7893972044939266,0.6287329819113257,0.6516231710451794,/volumes/Seagate/mtg-jamendo-dataset/01/1131101.mp3
124.97732426303855,109.95678191489361,0.5398172452469954,0.660879150390625,0.17973211407661438,0.3922003370989967,0.7345478653093946,0.10892843791419801,0.010734883024204571,0.3912788650793633,0.42746238533166137,0.6792110840012489,/volumes/Seagate/mtg-jamendo-dataset/01/1086601.mp3
308.81650793650795,114.84375,0.5900472452868089,0.17390977478027353,0.48329028487205505,0.5602775355162974,0.9235132976991625,0.4689460847240051,0.003608736170161083,0.8005713493411201,0.5907777955332097,0.7558289434472979,/volumes/Seagate/mtg-jamendo-dataset/01/1259701.mp3
512.1567346938775,120.18531976744185,0.5861892432702855,0.6261630554199219,0.16693605482578278,0.34667457001773433,0.5882402112716667,0.16592531324052867,0.0009662607102481401,0.9778003976202274,0.5251302287554958,0.6550709339861827,/volumes/Seagate/mtg-jamendo-dataset/01/1414101.mp3
222.9551020408163,126.04801829268293,0.5613964281707888,0.6255288314819337,0.06381375342607498,0.5505206087843704,0.827398144999521,0.29512093517102633,0.0015739579657424625,0.29999999740995403,0.6447466292658627,0.5940236253802144,/volumes/Seagate/mtg-jamendo-dataset/01/1222501.mp3
139.9352380952381,156.60511363636363,0.6032538987391745,0.2532607727050782,0.1515941321849823,0.5197964497393682,0.8315387768471276,0.73135848033443,0.0006646612385997377,0.8161091329212221,0.6029642896982363,0.6339810296469464,/volumes/Seagate/mtg-jamendo-dataset/01/1158501.mp3
208.0,90.66611842105263,0.5948386800426141,0.7736305618286132,0.10772343724966049,0.4466363642392016,0.6487178963861836,0.45413828217317675,0.0003340599588858722,0.5505483979764701,0.5452122913563598,0.6297379791386059,/volumes/Seagate/mtg-jamendo-dataset/01/1132201.mp3
250.96126984126985,117.45383522727273,0.5784242823191548,0.2981560668945314,0.12102658301591873,0.2039844763644304,0.42674236014134875,0.18997897995818555,0.00042772646277507154,0.43235291516285174,0.46320854657511906,0.650927860570707,/volumes/Seagate/mtg-jamendo-dataset/01/1343001.mp3
177.5114058956916,109.95678191489361,0.5320584450794792,0.7084398880004882,0.04628633335232735,0.20316874148941644,0.2888241648205532,0.12205969149292539,0.00016705315774816188,0.25548783465735275,0.4850551201949506,0.6196520559678477,/volumes/Seagate/mtg-jamendo-dataset/01/390001.mp3
293.23485260770974,120.18531976744185,0.6039730466411346,0.404125991821289,0.30417710542678833,0.5582886563993499,0.9882987830409813,0.37180279998223215,0.0032672894386346894,0.7120790384230091,0.5057665138824645,0.7083504551771509,/volumes/Seagate/mtg-jamendo-dataset/01/912701.mp3
126.08038548752835,135.99917763157896,0.5148672395209402,0.5207534484863282,0.15580983459949493,0.5174939189546806,0.6435678106320165,0.7159484346224677,0.00026974558767892484,0.7379761017397478,0.7003479370966714,0.6160219530364839,/volumes/Seagate/mtg-jamendo-dataset/01/38001.mp3
219.31034013605444,87.5926906779661,0.5435468538835824,0.6449394912719728,0.11657338589429855,0.8326903473643058,1.0,0.10036178646593243,0.017639610001571503,0.9224413387892778,0.5584969156498708,0.6302670357919734,/volumes/Seagate/mtg-jamendo-dataset/01/1399901.mp3
154.0,132.51201923076923,0.5844765991202715,0.3597048339843751,0.08918284624814987,0.7491271207567933,0.9228264032032648,0.6567629834609692,0.0023615760715632703,0.7115234131382198,0.6866023402771975,0.5947853565938945,/volumes/Seagate/mtg-jamendo-dataset/01/263601.mp3
234.92580498866212,156.60511363636363,0.568850580696542,0.3357177124023437,0.18504948914051056,0.6346857333082544,1.0,0.6875548885955872,0.002171549522604333,0.5868516818524272,0.6632172509272922,0.6339743659051253,/volumes/Seagate/mtg-jamendo-dataset/01/1046901.mp3
444.05548752834466,161.4990234375,0.592585147139044,0.42477943420410164,0.23863646388053894,0.49845742757897826,0.7779647174296729,0.6012496110110652,0.0006560226871507894,0.35685429485482284,0.6838542875365428,0.6491382694896854,/volumes/Seagate/mtg-jamendo-dataset/01/311101.mp3
221.32004535147394,129.19921875,0.527409343407062,0.6584218902587889,0.04061107337474823,0.2955879963749874,0.6047436939444951,0.11401143576561926,0.0016925494818931946,0.8210017672294794,0.4392945050608034,0.6267610854027487,/volumes/Seagate/mtg-jamendo-dataset/01/970601.mp3
165.32294784580498,132.51201923076923,0.5949016934103475,0.4184643249511719,0.24145196378231049,0.5627341190638431,0.7744574009075804,0.6789942449986297,0.0005430629200545541,0.8001802589385795,0.681448041256818,0.6506330987102681,/volumes/Seagate/mtg-jamendo-dataset/01/1317901.mp3
209.26666666666668,166.70866935483872,0.5645794349472238,0.7245339965820312,0.2314223200082779,0.43240927694000686,0.6478008752590102,0.2408936098237543,0.0005236173973350863,0.29999999999993515,0.586820022022349,0.6659480307985103,/volumes/Seagate/mtg-jamendo-dataset/01/287701.mp3
103.57759637188208,114.84375,0.5664308448930871,0.7306818847656252,0.10525023192167282,0.5269307178061138,0.8497131620853304,0.16809148118380982,0.0011868926257244893,0.31209899337804425,0.4996605149634652,0.6379579804991092,/volumes/Seagate/mtg-jamendo-dataset/01/1416001.mp3
121.91637188208617,143.5546875,0.5222224193715126,0.6502097778320313,0.055287644267082214,0.18876275437331178,0.3191123295642897,0.19124905360651398,0.0001233934223417852,0.6365273965545993,0.2979422694851281,0.6603150980391239,/volumes/Seagate/mtg-jamendo-dataset/01/238201.mp3
158.25086167800453,135.99917763157896,0.5828513671892481,0.32434783935546874,0.2854396402835846,0.6380734562046552,0.8752238983302928,0.7922686988589496,0.0011508849381506544,0.6314252047497196,0.7181611442464617,0.6591260416527981,/volumes/Seagate/mtg-jamendo-dataset/01/1149701.mp3
246.87501133786847,139.6748310810811,0.579893573986543,1.0,0.23659363389015198,0.8759230008355795,1.0,0.3620519231761798,0.005470914154374008,0.2999999999991377,0.7293496621621622,0.6393037757680222,/volumes/Seagate/mtg-jamendo-dataset/01/1180401.mp3
308.0108616780045,120.18531976744185,0.6007102573752552,1.0,0.09579439461231232,0.5439043855158238,0.8126988039383751,0.09290430529635113,0.012696192028219387,0.3,0.520428980660353,0.6304001859283618,/volumes/Seagate/mtg-jamendo-dataset/01/1404701.mp3
242.82666666666665,112.34714673913044,0.5655107901370001,0.26140899658203126,0.18331830203533173,0.7223701643872598,0.9640331324428609,0.6827199623114992,0.003332507592277698,0.6770284179078618,0.604096871971686,0.6451752143383822,/volumes/Seagate/mtg-jamendo-dataset/01/165901.mp3
124.91755102040817,107.666015625,0.5457921712148891,0.9454361038208006,0.10218938440084457,0.3004871945930127,0.5060031254911445,0.21631743585093843,0.0006419455441436159,0.8637323874216766,0.4010545247460692,0.6565772734350902,/volumes/Seagate/mtg-jamendo-dataset/01/1381401.mp3
348.52566893424034,95.703125,0.5465092353605294,0.23571600341796872,0.39840561151504517,0.7177235652004111,1.0,0.5901816675062154,0.003116615823364196,0.29999995138193863,0.6514675088155092,0.7131325183823144,/volumes/Seagate/mtg-jamendo-dataset/01/464501.mp3
237.79265306122448,107.666015625,0.5780060212391187,0.5928529129028322,0.11415287107229233,0.23680310005172986,0.42386325070283554,0.1674769756192826,0.00030018458893533084,0.7251461441334663,0.4088294760229187,0.6593291383814416,/volumes/Seagate/mtg-jamendo-dataset/01/349401.mp3
330.1877551020408,147.65625,0.5915823154008135,0.16359100341796876,0.3136923313140869,0.552982646206013,0.7491492533483689,0.9972427301362428,0.00038127217404193255,0.9482831113493306,0.7061424478810979,0.6717007496968517,/volumes/Seagate/mtg-jamendo-dataset/01/310401.mp3
180.23993197278912,129.19921875,0.5428499620389016,0.7430311279296875,0.1322055459022522,0.45408152490928805,0.8151120019715621,0.24004618828796984,0.0027820222742439655,0.29999999995957544,0.5838898080590451,0.6308160349130018,/volumes/Seagate/mtg-jamendo-dataset/01/890101.mp3
313.04201814058956,129.19921875,0.48558659899010725,0.45063718414306636,0.0910622775554657,0.1934870397536891,0.3126725871575367,0.20893965214685523,7.448535794826756e-05,0.5775029377955366,0.40438184224724144,0.6519060514705194,/volumes/Seagate/mtg-jamendo-dataset/01/460301.mp3
162.82122448979592,114.84375,0.6013204016884524,0.2723626708984375,0.18387417495250702,0.5306265767320807,0.7151773913260844,0.7547459675666275,0.0004103065028539676,0.8710876234517271,0.5396225114958544,0.6582702006837317,/volumes/Seagate/mtg-jamendo-dataset/01/373101.mp3
636.3166439909297,97.50884433962264,0.5654002475423596,0.6106879653930664,0.04933733493089676,0.48710923441222037,0.7183228954529544,0.44045848745598826,0.0004214574057512449,0.2999999999999658,0.4964518968510221,0.6184710612049185,/volumes/Seagate/mtg-jamendo-dataset/01/1193401.mp3
349.10147392290247,99.38401442307692,0.5747633217408159,0.33264590454101567,0.10770077258348465,0.33302576558994174,0.6254532130649196,0.2569623723506939,0.0008686334529598747,0.6552720778678689,0.39284914755906997,0.6602024486182405,/volumes/Seagate/mtg-jamendo-dataset/01/1171701.mp3
159.2888888888889,120.18531976744185,0.5530309206801822,1.0,0.02674042247235775,0.3082930921754732,0.5480148170276946,0.08612221607967847,0.0008495946622272463,0.5088249894918837,0.32543882442268546,0.6445387872055117,/volumes/Seagate/mtg-jamendo-dataset/01/1400501.mp3
253.92755102040817,114.84375,0.5525432459705277,1.0,0.08662326633930206,0.16469145309143354,0.3230722405687727,0.12821939622102876,0.0004431920930933914,0.29987860940150257,0.3647447974704179,0.6582354163880652,/volumes/Seagate/mtg-jamendo-dataset/01/1150101.mp3
237.14666666666668,161.4990234375,0.564039640797547,0.5969523010253908,0.06645824015140533,0.5092284318975091,0.8071504593106201,0.15339119553627611,0.002659827268772652,0.8026953978365532,0.5986810501870432,0.6041887564170974,/volumes/Seagate/mtg-jamendo-dataset/01/14301.mp3
135.45,109.95678191489361,0.5306120870673168,1.0,0.0998804122209549,0.33298626626418487,0.5422084505380992,0.13637756691272235,0.0010487908601955502,0.3,0.4326821328921907,0.6494205218211057,/volumes/Seagate/mtg-jamendo-dataset/01/80801.mp3
194.79510204081632,139.6748310810811,0.5402442758314204,0.29093334960937506,0.42734500765800476,0.6658323979078232,0.9450978822165171,0.40899614646066,0.007067009944794169,0.3259913370193062,0.7008012989476584,0.71368394296735,/volumes/Seagate/mtg-jamendo-dataset/01/1296301.mp3
168.3492290249433,135.99917763157896,0.48763994964843616,0.38714683532714844,0.02156796306371689,0.38952227107240694,0.686101176883853,0.2586701337670573,0.0003642823964263553,0.29991576252869917,0.6124625331055649,0.5852719600818251,/volumes/Seagate/mtg-jamendo-dataset/01/1266901.mp3
173.46666666666667,123.046875,0.5463226891866413,0.37794314575195304,0.1822773665189743,0.5046614535329067,0.7269417797045616,0.5363336608871376,0.0007001810592173424,0.3057463157756094,0.5354929796452732,0.6585212560177761,/volumes/Seagate/mtg-jamendo-dataset/01/1333701.mp3
217.73925170068028,129.19921875,0.5812147736181291,0.5830060119628908,0.11448816955089569,0.6902399197534069,1.0,0.159175504418334,0.01858978767904498,0.959458836316198,0.6739580862766615,0.6064241237829902,/volumes/Seagate/mtg-jamendo-dataset/01/1180801.mp3
