duration,tempo,energy,loudness,key,mode,acousticness,instrumentalness,speechiness,danceability,valence,liveness,time_signature,filename
184.61539682539683,103.359375,0.15065065026283264,-25.65694808959961,0,1,0.5672760293543693,0.0,0.0006721580866724253,1.0,0.532236606732471,0.00476611836347729,4,/volumes/Seagate/mtg-jamendo-dataset/01/1109901.mp3
314.92,105.46875,0.09887642413377762,-21.622821807861328,11,1,0.5191374359483472,0.0,0.00023668922949582338,1.0,0.5753277953097848,0.09343243204057217,4,/volumes/Seagate/mtg-jamendo-dataset/01/75201.mp3
157.4371882086168,79.50721153846153,0.08545584231615067,-25.414247512817383,4,1,0.55236174205049,0.0,0.00047036180330906063,1.0,0.4652349913452152,0.009593881550244987,4,/volumes/Seagate/mtg-jamendo-dataset/01/1184701.mp3
148.96,114.84375,0.2071029096841812,-14.6047945022583,0,0,0.5664989798736604,0.0,0.0005672174447681755,1.0,0.4938596301868864,0.2584124356508255,4,/volumes/Seagate/mtg-jamendo-dataset/01/485801.mp3
44.71503401360544,99.38401442307692,0.12062910944223404,-24.234634399414062,9,1,0.5723369282751976,0.0,0.0015025408356450498,1.0,0.5604316848788192,1.0,4,/volumes/Seagate/mtg-jamendo-dataset/01/1349101.mp3
200.44,147.65625,0.22773902118206024,-9.30070972442627,4,1,0.5802918836918171,0.0,0.0009845832246355712,1.0,0.72749843446939,0.281644593924284,4,/volumes/Seagate/mtg-jamendo-dataset/01/249101.mp3
90.3935827664399,120.18531976744185,0.0631086453795433,-29.143112182617188,4,1,0.5318585290525519,0.0,0.0001711506374704186,1.0,0.6586560270664883,0.002162085147574544,4,/volumes/Seagate/mtg-jamendo-dataset/01/1195901.mp3
223.2994784580499,147.65625,0.11634571105241776,-25.911251068115234,3,0,0.5402444526582265,0.0,2.6018453354481608e-05,1.0,0.4950575452146304,0.0009118844172917306,4,/volumes/Seagate/mtg-jamendo-dataset/01/1162101.mp3
138.0,120.18531976744185,0.11379105597734451,-23.856847763061523,2,1,0.48748554594162197,0.0,0.0021836073137819767,1.0,0.6449343634034586,0.3161521628499031,4,/volumes/Seagate/mtg-jamendo-dataset/01/1369701.mp3
370.68097505668936,120.18531976744185,0.25366249680519104,-7.871190071105957,0,1,0.6345874642809259,0.0,0.001626666693482548,1.0,0.7077227438629642,0.9899564832448959,4,/volumes/Seagate/mtg-jamendo-dataset/01/1378201.mp3
76.06666666666666,114.84375,0.1202806904911995,-21.70821762084961,3,0,0.531149206804276,0.0,0.012129971757531166,1.0,0.47949713519172366,0.6601876020431519,4,/volumes/Seagate/mtg-jamendo-dataset/01/1277701.mp3
208.78666666666666,117.45383522727273,0.1592119038105011,-14.297979354858398,0,1,0.5450337014847901,0.0,0.0052703601540997624,1.0,0.6932835129584265,0.6852397322654724,4,/volumes/Seagate/mtg-jamendo-dataset/01/207501.mp3
265.01219954648525,139.6748310810811,0.07707294821739197,-23.805034637451172,11,1,0.5312998357183477,0.0,0.0005942595598753542,1.0,0.684390180778477,0.12748626992106438,4,/volumes/Seagate/mtg-jamendo-dataset/01/318601.mp3
392.7272789115646,132.51201923076923,0.08443178981542587,-18.182985305786133,1,1,0.6219581963040227,0.0,0.0004254750529071316,1.0,0.6673215535692543,0.07504471577703953,4,/volumes/Seagate/mtg-jamendo-dataset/01/1313001.mp3
288.0,123.046875,0.1693931221961975,-12.152233123779297,4,1,0.6172413511678553,0.0,0.009365068282932043,1.0,0.6714784809533797,0.3717157617211342,4,/volumes/Seagate/mtg-jamendo-dataset/01/1079301.mp3
251.99868480725624,101.33272058823529,0.0691826343536377,-28.980958938598633,9,1,0.5824418723107412,0.0,0.007650730200111866,1.0,0.5093405201704351,0.0006857437256257981,4,/volumes/Seagate/mtg-jamendo-dataset/01/893501.mp3
274.0384807256236,156.60511363636363,0.09341791272163391,-31.319847106933594,2,1,0.574292208539704,0.0,0.00696416781283915,1.0,0.5920376398261962,0.024695810861885548,4,/volumes/Seagate/mtg-jamendo-dataset/01/1398801.mp3
158.60496598639455,139.6748310810811,0.2116677165031433,-9.294692039489746,9,1,0.5721341964252857,0.0,0.002152126282453537,1.0,0.7983198114205077,1.0,4,/volumes/Seagate/mtg-jamendo-dataset/01/365701.mp3
422.27746031746034,112.34714673913044,0.17642547190189362,-15.751347541809082,2,0,0.5888383506836187,0.0,0.01056423643603921,1.0,0.6543042993091475,0.43602313846349716,4,/volumes/Seagate/mtg-jamendo-dataset/01/1218701.mp3
205.69299319727892,80.74951171875,0.10258714854717255,-22.288745880126953,3,0,0.571969832640753,0.0,0.00020155881793471053,1.0,0.3961856692278757,0.02046142239123583,4,/volumes/Seagate/mtg-jamendo-dataset/01/1355201.mp3
145.42367346938775,117.45383522727273,0.1449289172887802,-13.329849243164062,11,1,0.5498351434338576,0.0,0.0008737317693885416,1.0,0.7362623922646794,0.535663515329361,4,/volumes/Seagate/mtg-jamendo-dataset/01/1374701.mp3
174.39791383219955,120.18531976744185,0.11465096473693848,-20.099655151367188,7,1,0.5372958273819955,0.0,0.0010473689180798829,1.0,0.6156082644923175,0.05723331589251757,4,/volumes/Seagate/mtg-jamendo-dataset/01/1406701.mp3
139.9998125,119.68085106382979,0.1274840384721756,-28.489017486572266,0,1,0.49842718525133256,0.0,0.0001562914767418988,1.0,0.5198835111529373,2.0050827060913434e-05,4,/volumes/Seagate/mtg-jamendo-dataset/01/1110501.mp3
230.62498866213153,95.703125,0.04836539179086685,-35.5617561340332,11,1,0.5435981688418334,0.0,0.004023332032375038,1.0,0.4571568676879757,2.921511566000845e-06,4,/volumes/Seagate/mtg-jamendo-dataset/01/1221301.mp3
296.85333333333335,123.046875,0.058650434017181396,-30.6518497467041,0,0,0.587789259396537,0.0,0.0028727619792334735,1.0,0.38975895352504397,5.161512490303721e-05,4,/volumes/Seagate/mtg-jamendo-dataset/01/202201.mp3
398.4079818594104,132.51201923076923,0.1994599848985672,-10.62485408782959,9,1,0.5844775707409282,0.0,0.0010698916157707572,1.0,0.6988541161145871,0.37325330078601837,4,/volumes/Seagate/mtg-jamendo-dataset/01/1222901.mp3
299.36,109.95678191489361,0.2626928389072418,-4.372494697570801,10,0,0.5662448554089414,0.0,0.003945180913433433,1.0,0.6199135638297872,1.0,4,/volumes/Seagate/mtg-jamendo-dataset/01/361701.mp3
199.95569160997732,132.51201923076923,0.19966037571430206,-14.340217590332031,3,0,0.5443348788752791,0.0,0.0003106867443420924,1.0,0.4931886874554956,0.42535580694675446,4,/volumes/Seagate/mtg-jamendo-dataset/01/1178101.mp3
178.75120181405896,135.99917763157896,0.20705243945121765,-16.24190902709961,9,1,0.5723945124138282,0.0,0.0005921776173636317,1.0,0.6271781807971383,0.1766270026564598,4,/volumes/Seagate/mtg-jamendo-dataset/01/1363601.mp3
335.94666666666666,129.19921875,0.16273446381092072,-12.661155700683594,4,1,0.5598660411396326,0.0,0.007133515784516931,1.0,0.7051559617912653,0.4459316283464432,4,/volumes/Seagate/mtg-jamendo-dataset/01/12301.mp3
264.4565306122449,139.6748310810811,0.31391170620918274,-11.969874382019043,9,1,0.5794434016432035,0.0,0.0012943454494234174,1.0,0.6861596637026073,1.0,4,/volumes/Seagate/mtg-jamendo-dataset/01/1155001.mp3
185.13333333333333,120.18531976744185,0.15727479755878448,-14.889554977416992,7,0,0.5706526617763136,0.0,0.002960082027129829,1.0,0.6037075547618385,1.0,4,/volumes/Seagate/mtg-jamendo-dataset/01/492101.mp3
274.10147392290247,120.18531976744185,0.16302423179149628,-14.550825119018555,3,0,0.6060269585434414,0.0,0.03555579576641321,1.0,0.4264136210972458,0.20695999264717102,4,/volumes/Seagate/mtg-jamendo-dataset/01/220101.mp3
71.89333333333333,139.6748310810811,0.057309046387672424,-25.94767951965332,0,1,0.4699692826019174,0.0,0.007072072941809893,1.0,0.6778774951284786,0.0047122855903580785,4,/volumes/Seagate/mtg-jamendo-dataset/01/1135201.mp3
181.8947619047619,95.703125,0.033434294164180756,-33.382999420166016,1,0,0.5269734929492647,0.0,0.000576102829654701,1.0,0.4342093424748096,0.0002732523535087239,4,/volumes/Seagate/mtg-jamendo-dataset/01/708401.mp3
187.51643990929705,129.19921875,0.22128647565841675,-5.7365641593933105,0,0,0.6083234239732092,0.0,0.004241376067511737,1.0,0.6583984375,1.0,4,/volumes/Seagate/mtg-jamendo-dataset/01/1210701.mp3
181.27274376417233,87.5926906779661,0.13823160529136658,-21.149232864379883,9,1,0.5526950527433332,0.0,0.00043552194256335497,1.0,0.5200467056467367,1.0,4,/volumes/Seagate/mtg-jamendo-dataset/01/303801.mp3
217.3584807256236,105.46875,0.19492097198963165,-11.544702529907227,4,1,0.5626161714030192,0.0,0.00319529150146991,1.0,0.6222795159525021,0.38792792707681656,4,/volumes/Seagate/mtg-jamendo-dataset/01/1066801.mp3
171.33333333333334,90.66611842105263,0.24478638172149658,-12.153173446655273,5,0,0.5918717469936008,0.0,0.0012170868285465986,1.0,0.48158177911124,1.0,4,/volumes/Seagate/mtg-jamendo-dataset/01/1115101.mp3
243.64,99.38401442307692,0.14746977388858795,-18.599451065063477,2,1,0.5635244269645587,0.0,0.0010201547993347049,1.0,0.5729402225771464,0.09294364601373672,4,/volumes/Seagate/mtg-jamendo-dataset/01/47901.mp3
69.50666666666666,147.65625,0.09582033008337021,-27.460939407348633,0,1,0.5655617651107103,0.0,0.0019769638893194497,1.0,0.5986674482055067,9.788998340809485e-06,4,/volumes/Seagate/mtg-jamendo-dataset/01/1045701.mp3
148.42353741496598,93.96306818181819,0.15749618411064148,-10.357412338256836,9,1,0.5685599908396457,0.0,0.0036910471972078085,1.0,0.8556833787401273,0.9953220188617706,4,/volumes/Seagate/mtg-jamendo-dataset/01/941401.mp3
307.5134693877551,126.04801829268293,0.3355201780796051,-7.893038272857666,9,1,0.5863843716653958,0.0,0.000441334443166852,1.0,0.7296659513274769,0.01835214556194842,4,/volumes/Seagate/mtg-jamendo-dataset/01/422701.mp3
204.67072916666666,122.28260869565217,0.05328141897916794,-29.517547607421875,7,0,0.539033325213641,0.0,0.004824036383070052,1.0,0.46888792960482695,0.0007587231084471568,4,/volumes/Seagate/mtg-jamendo-dataset/01/729301.mp3
244.51038548752834,161.4990234375,0.04399070516228676,-24.757984161376953,4,1,0.5700404991818028,0.0,0.00446084572467953,1.0,0.8215988271707131,1.0,4,/volumes/Seagate/mtg-jamendo-dataset/01/554901.mp3
272.5518367346939,109.95678191489361,0.20148412883281708,-4.894614219665527,2,1,0.5727437449539889,0.0,0.011647635838016868,1.0,0.8153125000000001,1.0,4,/volumes/Seagate/mtg-jamendo-dataset/01/395901.mp3
42.0,126.04801829268293,0.04321906343102455,-28.594146728515625,0,0,0.6431832265728733,0.0,0.00021999776072334498,1.0,0.4140349401273896,0.006385197048075497,4,/volumes/Seagate/mtg-jamendo-dataset/01/893401.mp3
106.78963718820862,120.18531976744185,0.06168390437960625,-20.777517318725586,7,1,0.4769472125817774,0.0,0.0018347034347243607,1.0,0.7603706395348837,0.21807435899972916,4,/volumes/Seagate/mtg-jamendo-dataset/01/1162701.mp3
225.51253968253968,80.74951171875,0.19168569147586823,-17.951749801635742,4,1,0.5708493293336311,0.0,7.418831773975398e-05,1.0,0.5059156609045485,0.011273490963503718,4,/volumes/Seagate/mtg-jamendo-dataset/01/992501.mp3
230.4,109.95678191489361,0.21193885803222656,-8.923077583312988,4,1,0.6107782078461067,0.0,0.025490672327578068,1.0,0.6804186573626143,1.0,4,/volumes/Seagate/mtg-jamendo-dataset/01/245201.mp3
198.85643990929705,135.99917763157896,0.10793290287256241,-24.67171287536621,2,1,0.5234565460552509,0.0,0.00047354317212011665,1.0,0.5051256115897746,0.01168370246887207,4,/volumes/Seagate/mtg-jamendo-dataset/01/1408401.mp3
193.61301587301588,151.99908088235293,0.2546328604221344,-12.101243019104004,9,1,0.597640668013609,0.0,0.0003521034523146227,1.0,0.5473786542237242,0.10504007339477539,4,/volumes/Seagate/mtg-jamendo-dataset/01/1236401.mp3
269.53333333333336,135.99917763157896,0.11076689511537552,-19.21669578552246,11,0,0.5182662877888248,0.0,0.0039441174594685435,1.0,0.41263727393732064,0.025018653832376003,4,/volumes/Seagate/mtg-jamendo-dataset/01/1294001.mp3
347.58637188208615,87.5926906779661,0.08650369942188263,-10.102777481079102,0,0,0.6072836657084097,0.0,0.022539351135492325,1.0,0.5751853813559322,0.7476367056369781,4,/volumes/Seagate/mtg-jamendo-dataset/01/308901.mp3
393.2222902494331,129.19921875,0.22421586513519287,-15.410255432128906,8,0,0.5991281910129334,0.0,0.0001406476367264986,1.0,0.524256626993485,0.0823607761412859,4,/volumes/Seagate/mtg-jamendo-dataset/01/1375801.mp3
144.77333333333334,161.4990234375,0.07226727902889252,-26.806095123291016,4,1,0.5631162463676677,0.0,0.011267853202298284,1.0,0.6582588420083535,0.0071461108746007085,4,/volumes/Seagate/mtg-jamendo-dataset/01/246601.mp3
515.1346938775511,109.95678191489361,0.2823162078857422,-7.952020168304443,7,1,0.5063526453439757,0.0,0.00398177036549896,1.0,0.7340369208205879,1.0,4,/volumes/Seagate/mtg-jamendo-dataset/01/1146201.mp3
140.0,119.68085106382979,0.08096812665462494,-26.16379737854004,7,1,0.5649693520371382,0.0,4.205307504889788e-05,1.0,0.5658873880525599,0.472673662006855,4,/volumes/Seagate/mtg-jamendo-dataset/01/1079401.mp3
104.0,119.68085106382979,0.25306886434555054,-14.735396385192871,5,1,0.6101017807995084,0.0,0.00011240674575674348,1.0,0.629292606117461,0.10694979690015316,4,/volumes/Seagate/mtg-jamendo-dataset/01/31501.mp3
301.17333333333335,105.46875,0.282283753156662,-10.686759948730469,2,1,0.5799629140107501,0.0,0.008074672892689705,1.0,0.607032750794783,0.08858354762196541,4,/volumes/Seagate/mtg-jamendo-dataset/01/7201.mp3
186.78260770975058,114.84375,0.12640073895454407,-23.180286407470703,3,0,0.5222924746169877,0.0,0.000661809928715229,1.0,0.46116753505052066,0.16392022371292114,4,/volumes/Seagate/mtg-jamendo-dataset/01/1298301.mp3
388.5482086167801,123.046875,0.06936097890138626,-28.026199340820312,2,1,0.5129402017803448,0.0,0.0005420251982286572,1.0,0.5519465979562329,0.00075465468398761,4,/volumes/Seagate/mtg-jamendo-dataset/01/633201.mp3
160.61333333333334,129.19921875,0.14646154642105103,-16.72417449951172,9,1,0.5579272630507137,0.0,0.001128424279158935,1.0,0.6940755710283235,0.30867017805576324,4,/volumes/Seagate/mtg-jamendo-dataset/01/996101.mp3
219.82478458049886,129.19921875,0.25437983870506287,-18.70285987854004,1,0,0.56464687417626,0.0,0.0004210628103464842,1.0,0.46116937541262354,0.07131681777536869,4,/volumes/Seagate/mtg-jamendo-dataset/01/1328101.mp3
243.97360544217688,117.45383522727273,0.24258233606815338,-9.939176559448242,4,1,0.5644132491237759,0.0,0.0025962068466469646,1.0,0.6126581677291258,0.4323238879442215,4,/volumes/Seagate/mtg-jamendo-dataset/01/1380501.mp3
199.22666666666666,107.666015625,0.20048725605010986,-11.66351318359375,4,1,0.5446595158071759,0.0,0.0020882243989035487,1.0,0.663670262090122,0.5137243494391441,4,/volumes/Seagate/mtg-jamendo-dataset/01/1159701.mp3
307.9066666666667,120.18531976744185,0.17190587520599365,-22.751541137695312,4,1,0.5153244319095269,0.0,0.002701049961615354,1.0,0.5799942226247644,2.47191422886317e-07,4,/volumes/Seagate/mtg-jamendo-dataset/01/167501.mp3
285.60002267573697,132.51201923076923,0.1105118840932846,-13.181153297424316,5,0,0.5736030831857499,0.0,0.021187088917940855,1.0,0.6650240384615385,1.0,4,/volumes/Seagate/mtg-jamendo-dataset/01/263201.mp3
172.0,120.18531976744185,0.21748356521129608,-11.83502197265625,10,0,0.562681832809327,0.0,0.0012044352188240737,1.0,0.5837584522592733,0.42905550450086594,4,/volumes/Seagate/mtg-jamendo-dataset/01/1007901.mp3
432.44643990929706,139.6748310810811,0.2820587456226349,-7.923984527587891,7,0,0.5962980098698656,0.0,0.003128587268292904,1.0,0.6593273096871091,1.0,4,/volumes/Seagate/mtg-jamendo-dataset/01/1399701.mp3
438.76,129.19921875,0.11098328232765198,-19.98746109008789,3,0,0.5630898913790756,0.0,0.0024334117770195007,1.0,0.5180833180473239,0.11227728798985481,4,/volumes/Seagate/mtg-jamendo-dataset/01/260001.mp3
332.3239909297052,109.95678191489361,0.23663568496704102,-8.7221097946167,4,1,0.6093952438455269,0.0,0.005730950622819364,1.0,0.6562091683756612,1.0,4,/volumes/Seagate/mtg-jamendo-dataset/01/31801.mp3
215.16056689342403,103.359375,0.24520355463027954,-10.165863990783691,11,1,0.5631538283837947,0.0,0.0014359717606566846,1.0,0.6293137828826112,0.11532186530530453,4,/volumes/Seagate/mtg-jamendo-dataset/01/1027901.mp3
209.60629166666666,95.33898305084746,0.12426130473613739,-25.249753952026367,11,1,0.5984237817843268,0.0,8.854124473600677e-07,1.0,0.48045222086190775,2.8790018404833972e-05,4,/volumes/Seagate/mtg-jamendo-dataset/01/1012001.mp3
244.5750566893424,109.95678191489361,0.22955068945884705,-9.632885932922363,10,0,0.5687775205283374,0.0,0.0016988289426080883,1.0,0.5877800033085188,1.0,4,/volumes/Seagate/mtg-jamendo-dataset/01/1208601.mp3
198.10990929705216,120.18531976744185,0.2616066336631775,-12.550244331359863,4,1,0.5641197248957053,0.0,0.0006836708489572629,1.0,0.7765413762365125,1.0,4,/volumes/Seagate/mtg-jamendo-dataset/01/926201.mp3
204.06857142857143,126.04801829268293,0.05370055511593819,-29.33464813232422,9,1,0.574258767781106,0.0,0.0016449677059426904,1.0,0.42933837788070606,1.9408677331966828e-07,4,/volumes/Seagate/mtg-jamendo-dataset/01/477401.mp3
175.35111111111112,103.359375,0.07320007681846619,-23.22675895690918,4,1,0.5254108984186736,0.0,0.0007732052472420037,1.0,0.6056381277409144,0.44722747057676315,4,/volumes/Seagate/mtg-jamendo-dataset/01/1105601.mp3
263.56,120.18531976744185,0.17585325241088867,-18.42249298095703,6,0,0.5505048093176456,0.0,0.0054761976934969425,1.0,0.3541697497198999,0.08870407938957214,4,/volumes/Seagate/mtg-jamendo-dataset/01/1051201.mp3
236.298820861678,129.19921875,0.12382552772760391,-11.1365327835083,7,0,0.6137258073387252,0.0,0.006780963856726885,1.0,0.6583984375,1.0,4,/volumes/Seagate/mtg-jamendo-dataset/01/397101.mp3
213.91022675736963,117.45383522727273,0.22399789094924927,-21.4232177734375,10,0,0.5587930578717134,0.0,7.07112794771092e-05,1.0,0.4280432822597156,0.006155991577543318,4,/volumes/Seagate/mtg-jamendo-dataset/01/1274301.mp3
77.06074829931973,143.5546875,0.0385940782725811,-36.909297943115234,2,1,0.536084630776793,0.0,0.0009280676313210279,1.0,0.5832168423801238,2.7149496872880263e-06,4,/volumes/Seagate/mtg-jamendo-dataset/01/259901.mp3
190.44,97.50884433962264,0.14680789411067963,-7.489150047302246,7,0,0.5723888062476525,0.0,0.014650708995759487,1.0,0.5950176886792453,1.0,4,/volumes/Seagate/mtg-jamendo-dataset/01/953501.mp3
264.11204081632656,107.666015625,0.2334027737379074,-12.541160583496094,7,1,0.5808398961200665,0.0,0.0025677630328573287,1.0,0.6218300816960614,0.2718017250299454,4,/volumes/Seagate/mtg-jamendo-dataset/01/1211801.mp3
177.72555555555556,166.70866935483872,0.2543164789676666,-10.66328239440918,4,1,0.568894430497467,0.0,0.008001255104318261,1.0,0.7484358250110571,0.18291201442480087,4,/volumes/Seagate/mtg-jamendo-dataset/01/1124801.mp3
192.0,126.04801829268293,0.09324077516794205,-24.467893600463867,7,0,0.6161217383957827,0.0,0.0004494101885939017,1.0,0.466569490336993,0.11763635091483593,4,/volumes/Seagate/mtg-jamendo-dataset/01/377701.mp3
70.0,120.18531976744185,0.08331286907196045,-21.74293327331543,2,1,0.576450168594427,0.0,0.00047137793444562703,1.0,0.6268711882646766,0.08533948101103306,4,/volumes/Seagate/mtg-jamendo-dataset/01/1279601.mp3
83.16546485260771,97.50884433962264,0.04977414384484291,-31.626619338989258,0,1,0.4914159396204585,0.0,0.002498808433301747,1.0,0.45058888256039265,4.869690428677131e-06,4,/volumes/Seagate/mtg-jamendo-dataset/01/1235601.mp3
237.48083900226757,126.04801829268293,0.2725653350353241,-11.087767601013184,2,1,0.5589768083955928,0.0,0.0008073990466073155,1.0,0.6789037812200687,0.7145541161298752,4,/volumes/Seagate/mtg-jamendo-dataset/01/1249601.mp3
195.06839002267574,129.19921875,0.19564519822597504,-11.44742202758789,7,0,0.5853811983806858,0.0,0.008244173135608435,1.0,0.6109641867945754,1.0,4,/volumes/Seagate/mtg-jamendo-dataset/01/1083601.mp3
161.94666666666666,112.34714673913044,0.2737182676792145,-15.92963981628418,2,1,0.6035501905547918,0.0,0.00011245076166233048,1.0,0.571361580900075,0.028197853825986385,4,/volumes/Seagate/mtg-jamendo-dataset/01/1417801.mp3
326.0,126.04801829268293,0.09597106277942657,-28.588947296142578,7,0,0.56159199980202,0.0,0.00312807597219944,1.0,0.27903558615964086,0.0001156591679318808,4,/volumes/Seagate/mtg-jamendo-dataset/01/399401.mp3
101.93684807256236,129.19921875,0.07826288789510727,-20.766368865966797,7,0,0.5642892474299293,0.0,0.0014077374071348459,1.0,0.6125523149820948,0.02183609176427126,4,/volumes/Seagate/mtg-jamendo-dataset/01/846501.mp3
174.98557823129252,123.046875,0.16873082518577576,-16.102872848510742,2,1,0.6017017205552969,0.0,0.000684488783008419,1.0,0.5737875186925316,0.12784472666680813,4,/volumes/Seagate/mtg-jamendo-dataset/01/1070601.mp3
177.6316553287982,93.96306818181819,0.16278234124183655,-17.210102081298828,0,1,0.585555487226749,0.0,0.0019250779878348112,1.0,0.5444368983641713,0.1648169755935669,4,/volumes/Seagate/mtg-jamendo-dataset/01/1032701.mp3
273.4316553287982,147.65625,0.18326079845428467,-15.353763580322266,3,0,0.6094453970444998,0.0,0.0011757904139813036,1.0,0.5727082762618401,0.3369850665330887,4,/volumes/Seagate/mtg-jamendo-dataset/01/1323801.mp3
260.82698412698414,120.18531976744185,0.12864048779010773,-20.454471588134766,9,1,0.5480368967907856,0.0,0.00022333751257974654,1.0,0.6260693180071826,0.01898866379633546,4,/volumes/Seagate/mtg-jamendo-dataset/01/1330501.mp3
289.2307709750567,97.50884433962264,0.2052692323923111,-11.48346996307373,5,1,0.6329405286855585,0.0,0.006250220350921154,1.0,0.6633617430431699,0.6154164671897888,4,/volumes/Seagate/mtg-jamendo-dataset/01/549101.mp3
193.84163265306123,99.38401442307692,0.21464014053344727,-12.375873565673828,6,0,0.5859292857756053,0.0,0.020827661734074354,1.0,0.6426321038873892,0.5330149456858635,4,/volumes/Seagate/mtg-jamendo-dataset/01/82801.mp3
152.5,120.18531976744185,0.2102077603340149,-15.232933044433594,4,1,0.5741887016102234,0.0,0.0009966403304133564,1.0,0.6476864613050679,0.7294552773237228,4,/volumes/Seagate/mtg-jamendo-dataset/01/718301.mp3
145.68489795918367,109.95678191489361,0.04652385041117668,-24.33649444580078,0,1,0.46302785128527224,0.0,0.0021751587046310306,1.0,0.6875950950378058,0.011456765932962298,4,/volumes/Seagate/mtg-jamendo-dataset/01/1133301.mp3
140.75,107.666015625,0.10887258499860764,-17.79376220703125,6,0,0.5592200016610637,0.0,0.0005355964094633237,1.0,0.6375282005976377,0.04627273418009281,4,/volumes/Seagate/mtg-jamendo-dataset/01/1320001.mp3
194.0338775510204,161.4990234375,0.20085899531841278,-10.92447280883789,6,0,0.5914743427776086,0.0,0.001334302854957059,1.0,0.6441180286433993,0.28002524748444557,4,/volumes/Seagate/mtg-jamendo-dataset/01/938301.mp3
251.50934240362812,143.5546875,0.17603926360607147,-11.766164779663086,11,1,0.5629741904256569,0.0,0.003985820920206606,1.0,0.7818371856775765,1.0,4,/volumes/Seagate/mtg-jamendo-dataset/01/950101.mp3
210.03863945578232,120.18531976744185,0.16938549280166626,-26.910505294799805,0,1,0.5409191791861847,0.0,1.0873017345147673e-05,1.0,0.5078783110070816,0.003372377250343561,4,/volumes/Seagate/mtg-jamendo-dataset/01/1391301.mp3
258.5338775510204,129.19921875,0.22428132593631744,-10.253301620483398,11,1,0.5745248796996947,0.0,0.0036848243325948715,1.0,0.6998874051866777,0.2736661024391651,4,/volumes/Seagate/mtg-jamendo-dataset/01/1051501.mp3
225.93303854875285,112.34714673913044,0.06420977413654327,-27.340730667114258,3,0,0.5761410087138541,0.0,0.00011751340935006738,1.0,0.5386328748835156,0.006073115509934723,4,/volumes/Seagate/mtg-jamendo-dataset/01/614901.mp3
87.96049886621316,90.66611842105263,0.035179924219846725,-22.0237979888916,4,1,0.5606819898355013,0.0,0.02264758525416255,1.0,0.7013322368421053,0.48626910895109177,4,/volumes/Seagate/mtg-jamendo-dataset/01/1125001.mp3
297.96678004535147,120.18531976744185,0.2029796987771988,-12.107125282287598,7,1,0.5643657718265924,0.0,0.0035460273502394557,1.0,0.7061051067127556,1.0,4,/volumes/Seagate/mtg-jamendo-dataset/01/913701.mp3
203.30666666666667,161.4990234375,0.22555163502693176,-9.9885835647583,7,1,0.5857496216153868,0.0,0.0026897345669567585,1.0,0.7922945493952585,1.0,4,/volumes/Seagate/mtg-jamendo-dataset/01/287501.mp3
234.66666666666666,90.66611842105263,0.051537297666072845,-29.37178611755371,0,0,0.5195757409890136,0.0,0.0014640749723184854,1.0,0.3924728158712508,0.028926357626914978,4,/volumes/Seagate/mtg-jamendo-dataset/01/1390501.mp3
171.05333333333334,103.359375,0.21296165883541107,-5.916254997253418,11,1,0.5957386042587265,0.0,0.006466583115980029,1.0,0.7267187500000001,1.0,4,/volumes/Seagate/mtg-jamendo-dataset/01/292501.mp3
328.0,123.046875,0.14802464842796326,-29.366743087768555,9,1,0.5872233399555784,0.0,0.00125031522475183,1.0,0.6291806211060412,1.1574028349059517e-05,4,/volumes/Seagate/mtg-jamendo-dataset/01/1062501.mp3
122.18183673469387,126.04801829268293,0.18294203281402588,-16.41945457458496,1,1,0.5519724973642011,0.0,0.0008978348050732166,1.0,0.738683268509355,1.0,4,/volumes/Seagate/mtg-jamendo-dataset/01/1036201.mp3
315.6908616780045,109.95678191489361,0.2551339864730835,-4.731835842132568,0,0,0.5834778275737609,0.0,0.005630475701764226,1.0,0.6199135638297872,1.0,4,/volumes/Seagate/mtg-jamendo-dataset/01/82601.mp3
138.43750566893425,120.18531976744185,0.051728442311286926,-35.175113677978516,0,0,0.5231832565912742,0.0,0.00028521920467028394,1.0,0.49580211156239096,1.7295974430453498e-06,4,/volumes/Seagate/mtg-jamendo-dataset/01/816201.mp3
216.09333333333333,120.18531976744185,0.11943040043115616,-17.860225677490234,4,1,0.5615940530439519,0.0,0.007366992300376296,1.0,0.6799772391197052,1.0,4,/volumes/Seagate/mtg-jamendo-dataset/01/195301.mp3
167.25333333333333,132.51201923076923,0.11696768552064896,-21.057601928710938,9,1,0.5253151957025531,0.0,0.0002729078260017559,1.0,0.6375494052053355,0.053440011106431484,4,/volumes/Seagate/mtg-jamendo-dataset/01/170001.mp3
168.98854166666666,125.0,0.24094811081886292,-6.105348110198975,2,1,0.5393224558862622,0.0,0.004117025644518435,1.0,0.77,1.0,4,/volumes/Seagate/mtg-jamendo-dataset/01/1070701.mp3
128.57469387755103,87.5926906779661,0.36396393179893494,-9.987761497497559,9,1,0.5431741931943874,0.0,0.0005846336425747722,1.0,0.6345142683901432,1.0,4,/volumes/Seagate/mtg-jamendo-dataset/01/1012601.mp3
170.03102040816327,120.18531976744185,0.11515594273805618,-25.068208694458008,2,1,0.540923922366402,0.0,0.002751080843154341,1.0,0.5652984583952387,0.040490939281880856,4,/volumes/Seagate/mtg-jamendo-dataset/01/1060601.mp3
199.97315192743764,107.666015625,0.11425164341926575,-23.92932891845703,7,1,0.5543135170002735,0.0,1.9251569938205648e-05,1.0,0.635849389961137,0.0016516048344783485,4,/volumes/Seagate/mtg-jamendo-dataset/01/1270901.mp3
174.7069387755102,105.46875,0.22329232096672058,-12.012545585632324,2,1,0.5723703786348997,0.0,0.0009547522058710456,1.0,0.6338966195942759,0.7564903795719147,4,/volumes/Seagate/mtg-jamendo-dataset/01/604701.mp3
348.513875,133.92857142857142,0.19099707901477814,-13.432676315307617,4,1,0.6104240883969771,0.0,0.001023506687488407,1.0,0.6854895843934576,0.12966806069016457,4,/volumes/Seagate/mtg-jamendo-dataset/01/226001.mp3
211.25224489795917,126.04801829268293,0.26930105686187744,-11.595470428466797,7,0,0.6155889158874961,0.0,0.001919274393003434,1.0,0.6437762184327104,1.0,4,/volumes/Seagate/mtg-jamendo-dataset/01/332401.mp3
242.56863945578232,151.99908088235293,0.27279382944107056,-11.901240348815918,4,1,0.5954589778729034,0.0,0.0008693947456777096,1.0,0.7030806991301588,1.0,4,/volumes/Seagate/mtg-jamendo-dataset/01/326901.mp3
307.3855328798186,129.19921875,0.1891826093196869,-8.836039543151855,8,0,0.6069774795173646,0.0,0.007084184791892767,1.0,0.6583984375,1.0,4,/volumes/Seagate/mtg-jamendo-dataset/01/872001.mp3
144.1,100.44642857142857,0.22619503736495972,-17.118236541748047,7,1,0.5845795790817743,0.0,0.00015030198483145796,1.0,0.5642705388859509,0.339883491396904,4,/volumes/Seagate/mtg-jamendo-dataset/01/1080201.mp3
256.9764172335601,132.51201923076923,0.14338281750679016,-24.480865478515625,3,0,0.555159559165399,0.0,0.000104447561170673,1.0,0.4317901100616864,0.004970849840901792,4,/volumes/Seagate/mtg-jamendo-dataset/01/33501.mp3
128.31249433106575,129.19921875,0.19488012790679932,-16.272090911865234,0,1,0.5230480741088752,0.0,0.0005929930630372837,1.0,0.6701079649145957,1.0,4,/volumes/Seagate/mtg-jamendo-dataset/01/1165501.mp3
253.09092970521542,109.95678191489361,0.07589515298604965,-20.9964542388916,11,1,0.5416009319945017,0.0,0.003978479420766234,1.0,0.671103735417887,1.0,4,/volumes/Seagate/mtg-jamendo-dataset/01/826301.mp3
277.6701133786848,114.84375,0.2444407343864441,-15.362160682678223,7,1,0.5719620690973006,0.0,0.0019290176569484174,1.0,0.5807377564126961,0.23987745866179466,4,/volumes/Seagate/mtg-jamendo-dataset/01/338001.mp3
297.06798185941045,120.18531976744185,0.11990681290626526,-19.966821670532227,4,1,0.5354644610323095,0.0,0.0007258793630171567,1.0,0.6224146830627579,0.049428874626755714,4,/volumes/Seagate/mtg-jamendo-dataset/01/1337401.mp3
111.45578231292517,84.72079918032787,0.08750054240226746,-20.062044143676758,11,1,0.586508925799266,0.0,0.000505745701957494,1.0,0.5715978583974162,0.0551077164709568,4,/volumes/Seagate/mtg-jamendo-dataset/01/1075201.mp3
140.17412698412699,135.99917763157896,0.20068638026714325,-26.974369049072266,11,0,0.5602143934979505,0.0,3.5318187201482942e-06,1.0,0.41106147395135406,0.0002105269413732458,4,/volumes/Seagate/mtg-jamendo-dataset/01/1269101.mp3
166.26562358276644,135.99917763157896,0.0586271807551384,-28.600093841552734,3,0,0.5328521478251957,0.0,0.0008974247029982507,1.0,0.4133262223615613,0.008765305974520743,4,/volumes/Seagate/mtg-jamendo-dataset/01/1030101.mp3
242.47530612244898,109.95678191489361,0.2978041172027588,-4.446208477020264,7,1,0.5907158868695106,0.0,0.003293341607786715,1.0,0.7399135638297873,1.0,4,/volumes/Seagate/mtg-jamendo-dataset/01/1388001.mp3
186.9206349206349,120.18531976744185,0.07624468207359314,-29.459409713745117,7,1,0.4983908082857429,0.0,2.2293421807262348e-05,1.0,0.6719397397553497,0.0004003144567832351,4,/volumes/Seagate/mtg-jamendo-dataset/01/961901.mp3
276.43201814058955,166.70866935483872,0.15690740942955017,-13.763123512268066,11,1,0.5509200407958086,0.0,0.0016283390577882528,1.0,0.8009387818023583,0.7392553240060806,4,/volumes/Seagate/mtg-jamendo-dataset/01/1095101.mp3
240.74,126.04801829268293,0.3809330463409424,-1.7403336763381958,0,0,0.6084631555538504,0.0,0.00800764700397849,1.0,0.637900715679139,1.0,4,/volumes/Seagate/mtg-jamendo-dataset/01/1378101.mp3
251.0769387755102,129.19921875,0.12942753732204437,-23.013578414916992,7,1,0.5289037551423768,0.0,0.00019083508959738538,1.0,0.5146729470338363,0.007732429075986147,4,/volumes/Seagate/mtg-jamendo-dataset/01/1238101.mp3
188.68,120.18531976744185,0.09405693411827087,-21.059417724609375,5,1,0.5385797032184385,0.0,0.001429186959285289,1.0,0.6165606904891844,0.09153482504189014,4,/volumes/Seagate/mtg-jamendo-dataset/01/3101.mp3
266.5181632653061,135.99917763157896,0.2775581181049347,-3.6223833560943604,5,0,0.5998404187840924,0.0,0.0025742644211277366,1.0,0.6436061827727642,1.0,4,/volumes/Seagate/mtg-jamendo-dataset/01/842401.mp3
244.32192743764173,117.45383522727273,0.19028647243976593,-15.472622871398926,3,0,0.5698835055861966,0.0,0.0017459355876781046,1.0,0.4040608197945983,0.2347869612276554,4,/volumes/Seagate/mtg-jamendo-dataset/01/1066901.mp3
358.4172789115646,123.046875,0.10250616818666458,-28.27813720703125,6,1,0.5514535918421771,0.0,7.476141945517156e-05,1.0,0.48071549509128,0.007630573236383498,4,/volumes/Seagate/mtg-jamendo-dataset/01/1066201.mp3
219.01043083900225,120.18531976744185,0.19539621472358704,-10.437338829040527,5,0,0.5801609947453628,0.0,0.0019492711289785802,1.0,0.600607919423078,1.0,4,/volumes/Seagate/mtg-jamendo-dataset/01/229001.mp3
250.85714285714286,112.34714673913044,0.18391965329647064,-18.111282348632812,4,1,0.5635101012483683,0.0,0.0008185767510440201,1.0,0.5812007066851652,0.2195405401289463,4,/volumes/Seagate/mtg-jamendo-dataset/01/1409401.mp3
219.8726530612245,166.70866935483872,0.1685333251953125,-13.420710563659668,7,0,0.5905236078813441,0.0,0.002257723768707365,1.0,0.679376384495578,0.1174533274024725,4,/volumes/Seagate/mtg-jamendo-dataset/01/415601.mp3
245.0,114.84375,0.09884719550609589,-23.489748001098633,7,1,0.5489805539241477,0.0,0.0020383824594318867,1.0,0.5487361196163955,0.008145670290105045,4,/volumes/Seagate/mtg-jamendo-dataset/01/1157701.mp3
185.81863945578232,139.6748310810811,0.27688488364219666,-13.280538558959961,4,1,0.5587770158071661,0.0,0.0027092446689493954,1.0,0.6620330494676393,0.13647357933223248,4,/volumes/Seagate/mtg-jamendo-dataset/01/718501.mp3
324.62666666666667,135.99917763157896,0.11857408285140991,-16.835176467895508,1,0,0.5189364022932388,0.0,0.0029179241973906755,1.0,0.5642071830119515,0.19012151286005974,4,/volumes/Seagate/mtg-jamendo-dataset/01/1194601.mp3
34.023061224489794,132.51201923076923,0.09936044365167618,-25.686634063720703,9,1,0.5848822252534143,0.0,0.027430803515017033,1.0,0.5811426943483143,0.0006085647692088969,4,/volumes/Seagate/mtg-jamendo-dataset/01/1314101.mp3
293.02666666666664,166.70866935483872,0.206352099776268,-10.982583999633789,0,0,0.5506631433139295,0.0,0.0072926057036966085,1.0,0.6859373474426809,1.0,4,/volumes/Seagate/mtg-jamendo-dataset/01/1101.mp3
651.9996371882086,114.84375,0.09105599671602249,-26.28574562072754,2,0,0.6291818282972791,0.0,5.20749636052642e-05,1.0,0.3991890324198921,0.002723512297961861,4,/volumes/Seagate/mtg-jamendo-dataset/01/167201.mp3
347.9510204081633,126.04801829268293,0.21661417186260223,-16.256587982177734,7,0,0.582634844787915,0.0,0.001800506841391325,1.0,0.5514971057386854,1.0,4,/volumes/Seagate/mtg-jamendo-dataset/01/1414201.mp3
427.02367346938775,129.19921875,0.053070712834596634,-20.587459564208984,4,1,0.5453672126182236,0.0,0.017430574167519808,1.0,0.7783984375,0.3854251652956009,4,/volumes/Seagate/mtg-jamendo-dataset/01/373601.mp3
455.2127891156463,123.046875,0.14684352278709412,-23.755826950073242,10,0,0.5187893499077134,0.0,4.559639364742907e-05,1.0,0.526440533982412,1.1827481785076088e-05,4,/volumes/Seagate/mtg-jamendo-dataset/01/1129801.mp3
274.3035827664399,105.46875,0.12152412533760071,-10.887039184570312,3,0,0.569258280498202,0.0,0.01537095895037055,1.0,0.6109375,1.0,4,/volumes/Seagate/mtg-jamendo-dataset/01/1273901.mp3
173.1122448979592,95.703125,0.15198644995689392,-19.893390655517578,2,1,0.579506915397956,0.0,0.0001444627887394745,1.0,0.5450235394321243,0.03382819937542081,4,/volumes/Seagate/mtg-jamendo-dataset/01/1174401.mp3
271.9863718820862,120.18531976744185,0.2498256266117096,-19.730167388916016,3,0,0.5685480982436819,0.0,0.0004915936879115179,1.0,0.44602911804535056,0.022610467858612537,4,/volumes/Seagate/mtg-jamendo-dataset/01/1378001.mp3
154.12244897959184,129.19921875,0.10391474515199661,-20.985689163208008,9,1,0.5447290239689044,0.0,0.0016357367858290672,1.0,0.5392676932208703,0.2710912190377712,4,/volumes/Seagate/mtg-jamendo-dataset/01/759301.mp3
241.78666666666666,109.95678191489361,0.16394123435020447,-11.338505744934082,11,1,0.5862379301991968,0.0,0.001633531996048987,1.0,0.671932524109489,0.1165415346622467,4,/volumes/Seagate/mtg-jamendo-dataset/01/213201.mp3
232.5681632653061,99.38401442307692,0.07850795239210129,-24.018747329711914,11,1,0.5959539030316843,0.0,0.00012690579023910686,1.0,0.5593100647136645,0.0023390546266455203,4,/volumes/Seagate/mtg-jamendo-dataset/01/250001.mp3
147.35383219954647,112.34714673913044,0.0380602590739727,-36.341583251953125,7,0,0.5330023040623026,0.0,0.0008217775030061603,1.0,0.32728636832717645,1.3018506024309318e-05,4,/volumes/Seagate/mtg-jamendo-dataset/01/1377101.mp3
219.9987074829932,114.84375,0.13903503119945526,-27.9144344329834,7,1,0.49860421694745827,0.0,1.4951428511267295e-05,1.0,0.5254450230085737,0.003731408214662224,4,/volumes/Seagate/mtg-jamendo-dataset/01/1331801.mp3
231.0,69.83741554054055,0.24462014436721802,-20.37612533569336,9,1,0.5303342481858315,0.0,0.00044509582221508026,1.0,0.48411461891892216,1.0,4,/volumes/Seagate/mtg-jamendo-dataset/01/1403901.mp3
187.8204081632653,135.99917763157896,0.06719210743904114,-28.4638614654541,7,0,0.5497735333012423,0.0,0.0039056186797097325,1.0,0.4564734967895854,4.9558495085477716e-08,4,/volumes/Seagate/mtg-jamendo-dataset/01/142201.mp3
237.0,107.666015625,0.08486618101596832,-23.475250244140625,10,0,0.5721536957530875,0.0,0.00021969559747958556,1.0,0.3953055757090258,0.059875003062188625,4,/volumes/Seagate/mtg-jamendo-dataset/01/1374201.mp3
192.6530612244898,120.18531976744185,0.150063619017601,-16.66349983215332,7,0,0.5928125025417671,0.0,0.00036820788227487355,1.0,0.5605438260051223,0.40369443595409393,4,/volumes/Seagate/mtg-jamendo-dataset/01/471601.mp3
300.5910204081633,84.72079918032787,0.059839531779289246,-27.724260330200195,9,1,0.586429628170219,0.0,0.0004943124367855489,1.0,0.6186615572957506,0.0419930275529623,4,/volumes/Seagate/mtg-jamendo-dataset/01/170601.mp3
341.2142857142857,129.19921875,0.21065641939640045,-10.115194320678711,8,0,0.5700144419113644,0.0,0.0017388235428370535,1.0,0.6518512548774349,1.0,4,/volumes/Seagate/mtg-jamendo-dataset/01/1196501.mp3
510.43650793650795,129.19921875,0.3434261381626129,-9.279608726501465,6,0,0.6057493916905664,0.0,0.0012157582968939096,1.0,0.5714418472552203,1.0,4,/volumes/Seagate/mtg-jamendo-dataset/01/1234501.mp3
333.00521541950116,120.18531976744185,0.31560683250427246,-10.584578514099121,7,1,0.6035573841540101,0.0,0.0007837547454982996,1.0,0.6557367082410037,1.0,4,/volumes/Seagate/mtg-jamendo-dataset/01/133001.mp3
273.40045351473924,161.4990234375,0.35971131920814514,-0.7847951054573059,9,1,0.5988370600400547,0.0,0.005694588529877365,1.0,0.8382861559061933,1.0,4,/volumes/Seagate/mtg-jamendo-dataset/01/997001.mp3
77.98124716553288,120.18531976744185,0.12619510293006897,-22.018400192260742,11,1,0.549234212975573,0.0,0.001211285765748471,1.0,0.6036360643657742,0.03300735494121909,4,/volumes/Seagate/mtg-jamendo-dataset/01/1084201.mp3
169.41278911564626,161.4990234375,0.10361403971910477,-21.04322052001953,10,0,0.614263266601145,0.0,0.0020665699266828597,1.0,0.4069018492581061,0.16768699511885643,4,/volumes/Seagate/mtg-jamendo-dataset/01/891601.mp3
296.0145416666667,144.23076923076923,0.2927097678184509,-12.071208000183105,9,1,0.6059334453269637,0.0,7.875319715822116e-05,1.0,0.6168276116778643,0.10623615235090256,4,/volumes/Seagate/mtg-jamendo-dataset/01/47401.mp3
98.56945578231293,126.04801829268293,0.018770107999444008,-43.10206604003906,9,1,0.5694049101461037,0.0,0.004668833571486175,1.0,0.40668634423510214,4.381353448934533e-06,4,/volumes/Seagate/mtg-jamendo-dataset/01/966301.mp3
34.41419501133787,126.04801829268293,0.35983359813690186,-9.361459732055664,7,1,0.5283108592309484,0.0,0.04047827795147896,1.0,0.7009800525037495,1.0,4,/volumes/Seagate/mtg-jamendo-dataset/01/1167301.mp3
238.03936507936507,103.359375,0.24770356714725494,-6.938713073730469,0,1,0.5799278031191388,0.0,0.0023387238616123796,1.0,0.8239981617647059,1.0,3,/volumes/Seagate/mtg-jamendo-dataset/01/969701.mp3
425.3529024943311,135.99917763157896,0.21077045798301697,-11.411099433898926,8,0,0.5886319256209664,0.0,0.0028066907543689013,1.0,0.6600321905311262,1.0,4,/volumes/Seagate/mtg-jamendo-dataset/01/1097201.mp3
218.98666666666668,161.4990234375,0.1751295030117035,-12.562721252441406,9,1,0.6127817536172354,0.0,0.006786013254895806,1.0,0.7492096841510618,0.10093970224261284,4,/volumes/Seagate/mtg-jamendo-dataset/01/160301.mp3
137.5,95.703125,0.13711684942245483,-24.693660736083984,9,1,0.529454030357701,0.0,4.113778322789585e-05,1.0,0.4992462830231758,0.039093573577702045,4,/volumes/Seagate/mtg-jamendo-dataset/01/1293701.mp3
191.11183673469387,103.359375,0.24808447062969208,-9.817038536071777,8,0,0.5719588344850401,0.0,0.0009880865982268006,1.0,0.5657395828128216,1.0,4,/volumes/Seagate/mtg-jamendo-dataset/01/1367201.mp3
210.00126984126985,105.46875,0.11607929319143295,-22.00080680847168,11,1,0.6100857417033241,0.0,0.00091647615772672,1.0,0.5501651941243892,0.011946551967412233,4,/volumes/Seagate/mtg-jamendo-dataset/01/1103301.mp3
134.37278911564627,161.4990234375,0.22723086178302765,-16.59678840637207,2,1,0.5204821393499204,0.0,0.00011654485206236131,1.0,0.7221738220286796,0.0810735672712326,4,/volumes/Seagate/mtg-jamendo-dataset/01/1375201.mp3
109.96079365079365,166.70866935483872,0.22207123041152954,-7.270451545715332,9,1,0.5863406851750146,0.0,0.013885604683309793,1.0,0.8534173387096775,1.0,4,/volumes/Seagate/mtg-jamendo-dataset/01/1264201.mp3
204.84,161.4990234375,0.30657729506492615,-6.867070198059082,2,1,0.6064139438979685,0.0,0.006274638930335641,1.0,0.7726538824998102,1.0,4,/volumes/Seagate/mtg-jamendo-dataset/01/604301.mp3
259.0040816326531,129.19921875,0.20596714317798615,-10.994067192077637,8,1,0.5793273340108993,0.0,0.0034347904147580266,1.0,0.7174191518785917,0.6431750953197479,4,/volumes/Seagate/mtg-jamendo-dataset/01/1197001.mp3
598.5866666666667,101.33272058823529,0.07894203811883926,-28.080875396728516,7,1,0.5462115149248266,0.0,0.0035904909018427134,1.0,0.48933878796942115,9.097070687857922e-05,4,/volumes/Seagate/mtg-jamendo-dataset/01/1095601.mp3
165.0,112.34714673913044,0.06894905120134354,-30.321191787719727,2,1,0.5204231211790058,0.0,0.00022518057085108012,1.0,0.48560226073590407,4.177105381586443e-06,4,/volumes/Seagate/mtg-jamendo-dataset/01/1380601.mp3
129.99628117913832,120.18531976744185,0.11451973766088486,-27.262218475341797,2,1,0.5395211552733212,0.0,8.150868779921439e-06,1.0,0.5475793109895927,0.0008608242933405563,4,/volumes/Seagate/mtg-jamendo-dataset/01/1352901.mp3
201.79054421768708,147.65625,0.12126615643501282,-25.222698211669922,4,1,0.5295617438811225,0.0,1.1225251000723802e-05,1.0,0.601945000406218,0.00024149207092705183,4,/volumes/Seagate/mtg-jamendo-dataset/01/339101.mp3
196.5598185941043,120.18531976744185,0.2025940716266632,-15.385554313659668,0,0,0.5925855763368613,0.0,0.0011569713824428618,1.0,0.5544810391269683,1.0,4,/volumes/Seagate/mtg-jamendo-dataset/01/203701.mp3
249.78285714285715,74.89809782608695,0.12635262310504913,-20.900110244750977,9,1,0.5552432303016954,0.0,0.0003491991010378115,1.0,0.5312614224711898,0.12386939488351345,4,/volumes/Seagate/mtg-jamendo-dataset/01/1031801.mp3
150.72557823129253,105.46875,0.17410817742347717,-10.135527610778809,9,1,0.578612299984556,0.0,0.006144419778138399,1.0,0.7188675808224498,1.0,4,/volumes/Seagate/mtg-jamendo-dataset/01/1420601.mp3
47.664,89.28571428571429,0.16014111042022705,-15.062485694885254,2,1,0.5604849187630985,0.0,0.050852296873927116,1.0,0.6779364317205966,0.19564468413591385,4,/volumes/Seagate/mtg-jamendo-dataset/01/1086301.mp3
196.85018140589568,143.5546875,0.24909940361976624,-11.935078620910645,9,1,0.58634811585341,0.0,0.00033639971661614254,1.0,0.6838022186776465,0.05031343549489975,4,/volumes/Seagate/mtg-jamendo-dataset/01/1009701.mp3
214.4175283446712,123.046875,0.2541879117488861,-17.074859619140625,5,0,0.5591279231931041,0.0,0.0006607892137253657,1.0,0.35532393802136725,0.7920041680335999,4,/volumes/Seagate/mtg-jamendo-dataset/01/1420701.mp3
242.96489795918367,172.265625,0.1712661236524582,-14.595514297485352,4,1,0.5728469151894753,0.0,4.240967427904252e-05,1.0,0.7425885509743662,5.087747467769077e-05,4,/volumes/Seagate/mtg-jamendo-dataset/01/23101.mp3
175.43836734693878,129.19921875,0.1215791255235672,-18.759357452392578,0,1,0.6017806179954025,0.0,0.002066655666567385,1.0,0.668232951555449,0.7224517315626144,4,/volumes/Seagate/mtg-jamendo-dataset/01/191401.mp3
212.83839002267572,120.18531976744185,0.05090801417827606,-24.681175231933594,7,0,0.5778706153799199,0.0,0.00027986958593828604,1.0,0.5108258554039882,0.06207365542650223,4,/volumes/Seagate/mtg-jamendo-dataset/01/342301.mp3
187.0,135.99917763157896,0.09726697951555252,-24.42542839050293,1,0,0.5868337386953542,0.0,0.0006545126088894904,1.0,0.5073844060800317,0.0031981125357560813,4,/volumes/Seagate/mtg-jamendo-dataset/01/1337901.mp3
263.3665306122449,107.666015625,0.180140882730484,-8.41344165802002,11,1,0.5830706673618516,0.0,0.0005535463424166664,1.0,0.6790144230769231,0.569307841360569,4,/volumes/Seagate/mtg-jamendo-dataset/01/199501.mp3
190.5371201814059,123.046875,0.30529752373695374,-8.0320463180542,2,1,0.5978775119278801,0.0,0.0009260045480914414,1.0,0.6789125687508836,0.18409952521324158,4,/volumes/Seagate/mtg-jamendo-dataset/01/1340001.mp3
463.99725623582765,114.84375,0.24557620286941528,-14.1350679397583,4,1,0.5483409674968588,0.0,0.0003909736988134682,1.0,0.6442473711239884,0.17732568085193634,4,/volumes/Seagate/mtg-jamendo-dataset/01/934001.mp3
227.36,139.6748310810811,0.16048453748226166,-15.992411613464355,1,1,0.5823951321372152,0.0,0.00030055239039938897,1.0,0.7126832825051308,1.0,4,/volumes/Seagate/mtg-jamendo-dataset/01/3901.mp3
367.36,114.84375,0.21849676966667175,-15.231367111206055,11,1,0.5857363034104799,0.0,7.829567948647309e-05,1.0,0.6422717045757218,0.3839998319745064,4,/volumes/Seagate/mtg-jamendo-dataset/01/210601.mp3
219.528,140.625,0.2112184762954712,-18.944297790527344,6,1,0.576685207482015,0.0,0.0001879592236946337,1.0,0.6443038475720182,0.007067184196785092,4,/volumes/Seagate/mtg-jamendo-dataset/01/74801.mp3
204.2039909297052,117.45383522727273,0.1776481419801712,-14.465373039245605,7,1,0.5747887745320162,0.0,0.0008924156427383423,1.0,0.6695786277247429,0.17113514244556427,4,/volumes/Seagate/mtg-jamendo-dataset/01/1323001.mp3
275.1139002267574,103.359375,0.2818368673324585,-7.169436454772949,4,1,0.6149304780540066,0.0,0.0023544125142507255,1.0,0.6344759279675607,0.29017403721809387,4,/volumes/Seagate/mtg-jamendo-dataset/01/429201.mp3
205.75,135.99917763157896,0.279058575630188,-6.28262996673584,0,0,0.6064167108041278,0.0,0.0018468379857949913,1.0,0.6233521662876373,1.0,4,/volumes/Seagate/mtg-jamendo-dataset/01/1043001.mp3
185.14269841269842,139.6748310810811,0.23938457667827606,-17.363922119140625,0,0,0.570662816750159,0.0,0.00021294751059031114,1.0,0.5292536825582909,0.1492183841764927,4,/volumes/Seagate/mtg-jamendo-dataset/01/1248601.mp3
181.18637188208618,151.99908088235293,0.20489998161792755,-11.448970794677734,2,1,0.5524213968117831,0.0,0.0010234355286229402,1.0,0.7492158955347139,0.7184796780347824,4,/volumes/Seagate/mtg-jamendo-dataset/01/1347101.mp3
386.25,129.19921875,0.14749975502490997,-19.084060668945312,7,0,0.570184319099065,0.0,0.005722895613871515,1.0,0.5188620407021958,1.0,4,/volumes/Seagate/mtg-jamendo-dataset/01/395801.mp3
277.05943310657597,123.046875,0.3650211989879608,-6.859790325164795,4,1,0.5815364421215343,0.0,0.0013112859742250293,1.0,0.7173364977509892,1.0,4,/volumes/Seagate/mtg-jamendo-dataset/01/1420501.mp3
347.53845804988663,129.19921875,0.07915084064006805,-24.075090408325195,2,1,0.5077199039964599,0.0,0.0028687407611869276,1.0,0.6870507401754172,1.0,4,/volumes/Seagate/mtg-jamendo-dataset/01/1395501.mp3
375.3466666666667,93.96306818181819,0.0309994425624609,-28.137096405029297,7,1,0.5342865641791662,0.0,0.0008782512741163373,1.0,0.6330313641395092,0.004915628815069795,4,/volumes/Seagate/mtg-jamendo-dataset/01/311701.mp3
165.5998125,100.44642857142857,0.14156287908554077,-19.755287170410156,5,1,0.5651148901277071,0.0,0.0031503180507570505,1.0,0.6140481454448801,0.11430731974542141,4,/volumes/Seagate/mtg-jamendo-dataset/01/1112001.mp3
80.36798185941043,109.95678191489361,0.1310107707977295,-24.128036499023438,10,0,0.5756418721983124,0.0,0.0047888708068057895,1.0,0.4162351747411733,0.008067035814747214,4,/volumes/Seagate/mtg-jamendo-dataset/01/36701.mp3
310.2302040816327,117.45383522727273,0.05377805233001709,-29.642940521240234,10,0,0.6258906999054983,0.0,0.0002038034872384742,1.0,0.4439105036305281,0.0006186890095705166,4,/volumes/Seagate/mtg-jamendo-dataset/01/543401.mp3
311.21986394557825,120.18531976744185,0.1603417694568634,-20.00037384033203,3,0,0.5927595543148069,0.0,0.00035149532777722925,1.0,0.4945876270827624,0.0115796213503927,4,/volumes/Seagate/mtg-jamendo-dataset/01/1178801.mp3
332.2938775510204,129.19921875,0.12545885145664215,-15.591887474060059,0,0,0.5890334407456704,0.0,0.0015508726355619729,1.0,0.6015475830018786,0.5579473450779915,4,/volumes/Seagate/mtg-jamendo-dataset/01/442801.mp3
133.34721088435373,90.66611842105263,0.1454639434814453,-19.660137176513672,3,0,0.5477559077610077,0.0,0.00019863082707161084,1.0,0.6026288723478435,0.05360542330890894,4,/volumes/Seagate/mtg-jamendo-dataset/01/1400401.mp3
185.44462585034015,161.4990234375,0.11192019283771515,-19.245981216430664,9,1,0.5671497430141024,0.0,0.0021017901599407196,1.0,0.696274075373067,0.08808097802102566,4,/volumes/Seagate/mtg-jamendo-dataset/01/965601.mp3
138.85695833333332,140.625,0.1697663813829422,-10.61152172088623,6,1,0.5410659793874754,0.0,0.0057376655749976635,1.0,0.80125,1.0,4,/volumes/Seagate/mtg-jamendo-dataset/01/121001.mp3
206.4645351473923,120.18531976744185,0.0509033240377903,-24.756669998168945,4,1,0.5612574261206156,0.0,0.0004919978964608163,1.0,0.6892376170585705,0.10672658681869507,4,/volumes/Seagate/mtg-jamendo-dataset/01/399201.mp3
389.8340589569161,143.5546875,0.09588681906461716,-18.612876892089844,3,0,0.5520406653734076,0.0,0.0034092399291694164,1.0,0.6238767384202196,0.21227380260825157,4,/volumes/Seagate/mtg-jamendo-dataset/01/1121101.mp3
227.31714285714287,129.19921875,0.062112536281347275,-31.354509353637695,5,0,0.522878174595044,0.0,0.000986219703918323,1.0,0.481461149974828,4.503212494455511e-05,4,/volumes/Seagate/mtg-jamendo-dataset/01/1227101.mp3
172.9851247165533,105.46875,0.0399903729557991,-36.111671447753906,4,1,0.5193954226707072,0.0,0.0005604146572295576,1.0,0.5094361706490285,3.558729986252729e-06,4,/volumes/Seagate/mtg-jamendo-dataset/01/1170401.mp3
368.63596371882085,95.703125,0.14336615800857544,-16.39898109436035,5,0,0.5733171616319954,0.0,0.00042692084389273077,1.0,0.4487608938027373,0.04177392926067114,3,/volumes/Seagate/mtg-jamendo-dataset/01/1194001.mp3
196.54,126.04801829268293,0.15229126811027527,-8.087793350219727,1,0,0.5984907388129667,0.0,0.006020985776558518,1.0,0.6520960365853659,1.0,4,/volumes/Seagate/mtg-jamendo-dataset/01/945201.mp3
33.483174603174604,120.18531976744185,0.23436738550662994,-17.7194766998291,7,0,0.5644181748733856,0.0,0.005724268849007785,1.0,0.4801982579030421,0.20362529903650284,4,/volumes/Seagate/mtg-jamendo-dataset/01/1009601.mp3
308.8410430839002,147.65625,0.3032316267490387,-8.24834156036377,6,1,0.5875630539775012,0.0,0.0012987223744858056,1.0,0.7497432830842765,0.6676153838634491,4,/volumes/Seagate/mtg-jamendo-dataset/01/1157601.mp3
291.41333333333336,117.45383522727273,0.08274557441473007,-23.4714298248291,2,1,0.5838511945804282,0.0,0.0004833972343476489,1.0,0.5975795591555495,0.0007383791671600193,4,/volumes/Seagate/mtg-jamendo-dataset/01/114201.mp3
197.15179138321994,139.6748310810811,0.11670616269111633,-22.0469913482666,11,1,0.5212702890029506,0.0,0.0004167424631305039,1.0,0.6888628368407377,0.0006316450162557885,4,/volumes/Seagate/mtg-jamendo-dataset/01/1203201.mp3
296.1851041666667,125.0,0.1739455908536911,-18.391069412231445,6,1,0.5613743117181611,0.0,0.00012525804777396843,1.0,0.6275564486943817,0.2631198614835739,4,/volumes/Seagate/mtg-jamendo-dataset/01/1076601.mp3
298.2893424036281,139.6748310810811,0.10448332130908966,-22.00346565246582,4,1,0.567717238670713,0.0,0.009170245612040162,1.0,0.6056199314078651,0.019983372185379267,4,/volumes/Seagate/mtg-jamendo-dataset/01/1307201.mp3
219.85333333333332,99.38401442307692,0.2351521998643875,-10.147940635681152,4,1,0.5770611164828015,0.0,0.0004165188147453591,1.0,0.6276598070037367,0.9538672864437103,4,/volumes/Seagate/mtg-jamendo-dataset/01/661601.mp3
240.74448979591835,120.18531976744185,0.15512847900390625,-14.805561065673828,2,1,0.5670621448270132,0.0,0.001071341073838994,1.0,0.6934027306502395,0.7507016509771347,4,/volumes/Seagate/mtg-jamendo-dataset/01/74001.mp3
83.25002267573696,139.6748310810811,0.2052271068096161,-12.392130851745605,6,0,0.5728974160184153,0.0,0.004951335838995874,1.0,0.5796583685958427,0.313149094581604,4,/volumes/Seagate/mtg-jamendo-dataset/01/1398501.mp3
141.22562358276645,103.359375,0.11856256425380707,-20.17570686340332,4,1,0.5435637643734574,0.0,0.008952515199780464,1.0,0.5828681583644744,0.03959542140364647,4,/volumes/Seagate/mtg-jamendo-dataset/01/74601.mp3
297.00267573696146,161.4990234375,0.17255611717700958,-10.595797538757324,7,0,0.5389885097808127,0.0,0.0024663577205501497,1.0,0.6924841050474065,0.7454249262809753,4,/volumes/Seagate/mtg-jamendo-dataset/01/1388601.mp3
371.94598639455785,109.95678191489361,0.09208346903324127,-26.49851417541504,9,1,0.5504165640989049,0.0,0.0001385545292578172,1.0,0.5194376198340862,0.010691271163523197,4,/volumes/Seagate/mtg-jamendo-dataset/01/181801.mp3
245.88,139.6748310810811,0.21862752735614777,-12.895709991455078,5,0,0.5728606097543594,0.0,0.0068559651263058186,1.0,0.5910731613498185,0.008086833404377103,4,/volumes/Seagate/mtg-jamendo-dataset/01/400301.mp3
132.04897959183674,120.18531976744185,0.029504990205168724,-34.079315185546875,0,1,0.524386878235105,0.0,4.707103289547376e-05,1.0,0.5314872523811353,0.0010666124580893666,4,/volumes/Seagate/mtg-jamendo-dataset/01/7401.mp3
214.64650793650793,123.046875,0.08962296694517136,-21.4578857421875,2,1,0.5690620689732719,0.0,0.00019601325038820505,1.0,0.5760235357511331,0.7443252950906754,4,/volumes/Seagate/mtg-jamendo-dataset/01/1400801.mp3
254.34478458049887,120.18531976744185,0.1480131596326828,-21.4692440032959,9,1,0.5721488716121197,0.0,0.00017049239613697864,1.0,0.5761577852442621,0.029550290200859308,4,/volumes/Seagate/mtg-jamendo-dataset/01/1242001.mp3
200.0,101.33272058823529,0.08443475514650345,-29.996192932128906,9,1,0.5353682065243696,0.0,0.00012545950812636875,1.0,0.48352802674344286,1.794179638636706e-05,4,/volumes/Seagate/mtg-jamendo-dataset/01/1037901.mp3
157.8462358276644,80.74951171875,0.053886089473962784,-33.676307678222656,7,0,0.5252995056506011,0.0,0.0013598919322248548,1.0,0.32802794612077674,2.290295242346474e-06,4,/volumes/Seagate/mtg-jamendo-dataset/01/903601.mp3
267.60097916666666,100.44642857142857,0.24825026094913483,-11.727777481079102,6,1,0.5685230194411786,0.0,0.0005696119624190032,1.0,0.6546014246723103,1.0,4,/volumes/Seagate/mtg-jamendo-dataset/01/1136901.mp3
144.0,166.70866935483872,0.10323931276798248,-31.66895294189453,4,1,0.5825225013479773,0.0,0.0033281568903476,1.0,0.4674152942384197,3.811759825111949e-05,4,/volumes/Seagate/mtg-jamendo-dataset/01/1353701.mp3
313.6,123.046875,0.028206538408994675,-36.52040100097656,8,0,0.5682905780383369,0.0,0.0002892997727030888,1.0,0.4319661371363391,6.626697086176137e-05,4,/volumes/Seagate/mtg-jamendo-dataset/01/1353001.mp3
206.0519501133787,151.99908088235293,0.2434803992509842,-9.465953826904297,9,1,0.570646726754918,0.0,0.0014418294886127114,1.0,0.7522731618127854,1.0,4,/volumes/Seagate/mtg-jamendo-dataset/01/1249301.mp3
392.2239909297052,120.18531976744185,0.3031085729598999,-7.3555498123168945,10,0,0.59539944907369,0.0,0.001170462230220437,1.0,0.5597568794472039,1.0,4,/volumes/Seagate/mtg-jamendo-dataset/01/1226701.mp3
293.62757369614513,161.4990234375,0.15609125792980194,-12.173011779785156,7,0,0.5217847316944095,0.0,0.004399126628413796,1.0,0.5667086693548387,0.7369117438793182,4,/volumes/Seagate/mtg-jamendo-dataset/01/103301.mp3
168.80904761904762,99.38401442307692,0.14381124079227448,-15.552984237670898,2,1,0.5711598139675627,0.0,0.003417542204260826,1.0,0.646107176420202,1.0,4,/volumes/Seagate/mtg-jamendo-dataset/01/974001.mp3
153.83333333333334,123.046875,0.10567622631788254,-31.394155502319336,4,1,0.537835518446081,0.0,0.0014824186800979078,1.0,0.4898831261939773,0.0011177801206940785,4,/volumes/Seagate/mtg-jamendo-dataset/01/288301.mp3
259.63102040816324,120.18531976744185,0.16960473358631134,-10.186952590942383,3,0,0.5826198682065729,0.0,0.023272697813808918,1.0,0.6403706395348837,1.0,4,/volumes/Seagate/mtg-jamendo-dataset/01/19201.mp3
90.5,147.65625,0.22918567061424255,-11.438169479370117,1,0,0.6247860767458486,0.0,0.0011238106526434422,1.0,0.45963548115707786,1.0,4,/volumes/Seagate/mtg-jamendo-dataset/01/1161201.mp3
160.13061224489795,147.65625,0.1004914864897728,-17.364341735839844,2,1,0.5654018535345953,0.0,0.002583834808319807,1.0,0.747417341829512,1.1632876351086452e-06,4,/volumes/Seagate/mtg-jamendo-dataset/01/82301.mp3
48.0,120.18531976744185,0.14042510092258453,-10.424971580505371,7,1,0.5538552974105677,0.0,0.014580866787582636,1.0,0.842998046875,1.0,4,/volumes/Seagate/mtg-jamendo-dataset/01/1250201.mp3
334.28607709750565,139.6748310810811,0.09839706867933273,-19.1035099029541,0,0,0.6049942053037056,0.0,0.01808283431455493,1.0,0.652465864895871,0.5611484125256538,4,/volumes/Seagate/mtg-jamendo-dataset/01/1247101.mp3
348.0,87.5926906779661,0.1419304758310318,-14.498063087463379,5,0,0.5663079941098391,0.0,0.0022305382881313562,1.0,0.5359758320931578,0.26314588263630867,4,/volumes/Seagate/mtg-jamendo-dataset/01/1054101.mp3
202.05714285714285,120.18531976744185,0.07464298605918884,-24.485183715820312,6,0,0.5483633384111053,0.0,0.0005174151010578498,1.0,0.4780661233385787,0.01772283809259534,4,/volumes/Seagate/mtg-jamendo-dataset/01/1211601.mp3
183.5,156.60511363636363,0.11688504368066788,-17.987163543701172,0,1,0.5342430787613015,0.0,0.0076976444106549025,1.0,0.5679890196481685,0.058594061993062496,4,/volumes/Seagate/mtg-jamendo-dataset/01/659901.mp3
259.36126984126986,139.6748310810811,0.2727535367012024,-12.740720748901367,9,1,0.5617367679878376,0.0,0.0038600696716457605,1.0,0.6604372910677205,0.49966808408498764,4,/volumes/Seagate/mtg-jamendo-dataset/01/1134301.mp3
220.77868480725624,120.18531976744185,0.1361439973115921,-21.67634391784668,7,1,0.5084803196422045,0.0,0.0030650985427200794,1.0,0.5944021805700802,0.06348449271172285,4,/volumes/Seagate/mtg-jamendo-dataset/01/1226801.mp3
233.5608163265306,129.19921875,0.31883254647254944,-9.823941230773926,7,0,0.5615236887479749,0.0,0.0004723144811578095,1.0,0.5104732211645313,0.13605112209916115,4,/volumes/Seagate/mtg-jamendo-dataset/01/311401.mp3
450.3385260770975,90.66611842105263,0.151485875248909,-14.892427444458008,6,1,0.565830360046833,0.0,0.0016572026652283967,1.0,0.6367452046173611,0.24639979004859924,4,/volumes/Seagate/mtg-jamendo-dataset/01/381101.mp3
246.02666666666667,112.34714673913044,0.3175976574420929,-5.516970634460449,7,0,0.5841659193879984,0.0,0.010854237014427781,1.0,0.6223341920435521,1.0,4,/volumes/Seagate/mtg-jamendo-dataset/01/209601.mp3
60.157936507936505,114.84375,0.054406918585300446,-21.685606002807617,7,0,0.5268871124662717,0.0,0.0019086026586592197,1.0,0.598235680906529,0.06082901731133461,4,/volumes/Seagate/mtg-jamendo-dataset/01/382401.mp3
224.05224489795918,114.84375,0.21131250262260437,-10.481401443481445,2,0,0.5618333730829608,0.0,0.0008375894394703209,1.0,0.5541411390727407,0.02977884840220213,4,/volumes/Seagate/mtg-jamendo-dataset/01/1393201.mp3
198.42183673469387,84.72079918032787,0.19504885375499725,-17.981216430664062,7,1,0.5497205188027516,0.0,0.0007844207575544715,1.0,0.5549721457223704,0.23802489042282104,4,/volumes/Seagate/mtg-jamendo-dataset/01/1324901.mp3
188.54603174603176,90.66611842105263,0.29319530725479126,-16.532875061035156,9,1,0.5551282673659381,0.0,0.00035805816150968894,1.0,0.5423570101812955,0.32969366759061813,4,/volumes/Seagate/mtg-jamendo-dataset/01/1312101.mp3
178.7286621315193,120.18531976744185,0.05400417745113373,-26.707725524902344,4,1,0.5570467174509295,0.0,0.007743109250441194,1.0,0.7592281540658323,0.07636488415300846,4,/volumes/Seagate/mtg-jamendo-dataset/01/1217501.mp3
221.14607709750567,132.51201923076923,0.19310228526592255,-20.47829246520996,2,1,0.5668165329306657,0.0,0.0003028973369509913,1.0,0.5814688684946033,0.04022371023893356,4,/volumes/Seagate/mtg-jamendo-dataset/01/683801.mp3
70.00365079365079,139.6748310810811,0.1821649819612503,-15.895535469055176,3,0,0.6121110288148692,0.0,0.0006470624502981082,1.0,0.5901592146586425,0.03197781043127179,4,/volumes/Seagate/mtg-jamendo-dataset/01/133101.mp3
60.834603174603174,120.18531976744185,0.2809229791164398,-10.69937515258789,7,1,0.528858257991781,0.0,0.0019423799822106957,1.0,0.7002067677326368,1.0,4,/volumes/Seagate/mtg-jamendo-dataset/01/1341601.mp3
273.4426303854875,123.046875,0.19834978878498077,-10.11967658996582,3,0,0.5666700083733018,0.0,0.001977505045942962,1.0,0.6039576128727668,0.8465688675642014,4,/volumes/Seagate/mtg-jamendo-dataset/01/1138701.mp3
340.15453514739227,99.38401442307692,0.13026921451091766,-26.36741065979004,2,0,0.6014273311580767,0.0,5.694552601198666e-05,1.0,0.4481061742048974,0.04391159862279892,4,/volumes/Seagate/mtg-jamendo-dataset/01/146401.mp3
222.9119954648526,120.18531976744185,0.25166770815849304,-4.446589469909668,5,0,0.5739569670105111,0.0,0.007407291093841195,1.0,0.6403706395348837,1.0,4,/volumes/Seagate/mtg-jamendo-dataset/01/1245901.mp3
139.06702947845804,123.046875,0.04385942220687866,-37.66626739501953,0,1,0.5696587836985432,0.0,0.00010495576862012967,1.0,0.36734252382246824,4.740081465115509e-06,4,/volumes/Seagate/mtg-jamendo-dataset/01/1384401.mp3
137.14285714285714,105.46875,0.13582366704940796,-13.169845581054688,8,0,0.5755828609835884,0.0,0.006034963997080922,1.0,0.5575821439792387,1.0,4,/volumes/Seagate/mtg-jamendo-dataset/01/1081801.mp3
211.64,120.18531976744185,0.12785516679286957,-25.807863235473633,4,1,0.5442597519092014,0.0,1.0407020226921304e-05,1.0,0.5024819605111921,0.0010967731213895604,4,/volumes/Seagate/mtg-jamendo-dataset/01/865201.mp3
257.85469387755103,120.18531976744185,0.056190818548202515,-30.230239868164062,2,1,0.5525441258288885,0.0,0.00041956210043281317,1.0,0.5424453361648659,0.0001196885477838805,4,/volumes/Seagate/mtg-jamendo-dataset/01/798201.mp3
192.52174603174603,114.84375,0.16104136407375336,-18.540721893310547,11,1,0.5600978060285242,0.0,0.0019369310466572642,1.0,0.5888221491777776,0.0642944173887372,4,/volumes/Seagate/mtg-jamendo-dataset/01/1339601.mp3
217.2885941043084,147.65625,0.25103193521499634,-10.790681838989258,2,1,0.5606341076479218,0.0,0.001713902922347188,1.0,0.7274877714006198,0.39880886673927307,4,/volumes/Seagate/mtg-jamendo-dataset/01/1165401.mp3
254.22684807256235,135.99917763157896,0.26779645681381226,-11.336271286010742,1,1,0.5145470813618436,0.0,0.0008682147308718413,1.0,0.6949965833894854,1.0,4,/volumes/Seagate/mtg-jamendo-dataset/01/1314301.mp3
332.50002267573694,95.703125,0.19704069197177887,-14.306714057922363,7,0,0.5622996059504466,0.0,0.006020450033247471,1.0,0.486694059242735,0.5341850966215134,4,/volumes/Seagate/mtg-jamendo-dataset/01/40301.mp3
114.53333333333333,103.359375,0.2585076689720154,-10.628874778747559,2,1,0.5550802145608038,0.0,0.011678013950586319,1.0,0.6267858699359967,0.4247048497200012,4,/volumes/Seagate/mtg-jamendo-dataset/01/1354101.mp3
370.63691609977326,109.95678191489361,0.1792307049036026,-15.254232406616211,9,1,0.5826626541667724,0.0,0.00048474431969225407,1.0,0.6150622947266722,0.07549881469458342,4,/volumes/Seagate/mtg-jamendo-dataset/01/168801.mp3
87.4,99.38401442307692,0.09022148698568344,-32.266780853271484,3,0,0.5505072731636016,0.0,0.0003760789695661515,1.0,0.3636941590860906,5.196947086005821e-06,4,/volumes/Seagate/mtg-jamendo-dataset/01/1385301.mp3
104.33412698412698,178.20581896551724,0.10570752620697021,-23.974489212036133,3,0,0.5846090534478818,0.0,0.001431254844646901,1.0,0.6475998086160907,0.5234547704458237,4,/volumes/Seagate/mtg-jamendo-dataset/01/1028801.mp3
228.2033560090703,84.72079918032787,0.17148052155971527,-15.123860359191895,4,1,0.5277755466990585,0.0,0.0012413657968863845,1.0,0.6322591541350738,0.4545355588197708,4,/volumes/Seagate/mtg-jamendo-dataset/01/1036801.mp3
90.0,161.4990234375,0.07109799236059189,-30.401453018188477,9,1,0.5484187864527732,0.0,0.00021848980395589024,1.0,0.4435354112883445,8.297397471324075e-05,4,/volumes/Seagate/mtg-jamendo-dataset/01/1116401.mp3
133.1722448979592,101.33272058823529,0.09907201677560806,-15.578445434570312,1,0,0.5839917587115604,0.0,0.0016163456020876765,1.0,0.5651548855495805,0.4613760858774185,4,/volumes/Seagate/mtg-jamendo-dataset/01/9401.mp3
374.0,120.18531976744185,0.12963251769542694,-21.212268829345703,0,1,0.5701987905162098,0.0,0.0031669302843511105,1.0,0.6132762681069306,0.15163037925958633,4,/volumes/Seagate/mtg-jamendo-dataset/01/1114501.mp3
237.40081632653062,123.046875,0.2527172565460205,-7.854700565338135,9,1,0.6091154556559911,0.0,0.007555591408163309,1.0,0.6553186186139753,0.19066434353590012,4,/volumes/Seagate/mtg-jamendo-dataset/01/12101.mp3
459.28,126.04801829268293,0.314678430557251,-10.850889205932617,7,0,0.625111471861816,0.0,0.005181906279176474,1.0,0.5796175192052633,1.0,4,/volumes/Seagate/mtg-jamendo-dataset/01/1062701.mp3
124.55183673469388,120.18531976744185,0.15050549805164337,-13.853524208068848,7,0,0.5966725129037067,0.0,0.008030731463804841,1.0,0.591483217257275,0.5510784313082695,4,/volumes/Seagate/mtg-jamendo-dataset/01/1219701.mp3
311.42408163265304,161.4990234375,0.19725537300109863,-22.622175216674805,6,1,0.6100096161670447,0.0,0.002641366620082408,1.0,0.6341592306376753,0.00014268453924159985,4,/volumes/Seagate/mtg-jamendo-dataset/01/1393701.mp3
284.0933333333333,126.04801829268293,0.18542678654193878,-22.64826202392578,7,1,0.540720915911485,0.0,0.00010688569091144018,1.0,0.5610090194103717,0.0004015654485556297,4,/volumes/Seagate/mtg-jamendo-dataset/01/1041501.mp3
160.8,99.38401442307692,0.13183894753456116,-33.40274429321289,7,0,0.534004068330653,0.0,9.639200652600266e-05,1.0,0.3664380382753165,0.00031830157240619883,4,/volumes/Seagate/mtg-jamendo-dataset/01/1396501.mp3
202.68408163265306,90.66611842105263,0.15901458263397217,-14.755236625671387,4,1,0.5534366997293019,0.0,6.431830479414202e-05,1.0,0.6174220177016778,0.28095196932554245,4,/volumes/Seagate/mtg-jamendo-dataset/01/479501.mp3
193.43997732426303,126.04801829268293,0.2118334174156189,-13.108453750610352,9,1,0.5372441009330752,0.0,0.001225580577738583,1.0,0.662153141470015,0.7783384621143341,4,/volumes/Seagate/mtg-jamendo-dataset/01/1371001.mp3
584.562380952381,117.45383522727273,0.06425338983535767,-19.756824493408203,8,0,0.5549717331721058,0.0,0.006824061507359147,1.0,0.6349076704545455,0.8410310745239258,4,/volumes/Seagate/mtg-jamendo-dataset/01/1300001.mp3
182.48702947845806,120.18531976744185,0.2529175281524658,-21.710996627807617,8,0,0.5147146102445193,0.0,5.08873779381247e-06,1.0,0.4210930771673644,0.004825971554964781,4,/volumes/Seagate/mtg-jamendo-dataset/01/173801.mp3
110.25,161.4990234375,0.09494379162788391,-19.646501541137695,9,1,0.6112873485842172,0.0,0.0059399229940027,1.0,0.747400966219528,0.32355155795812607,4,/volumes/Seagate/mtg-jamendo-dataset/01/376301.mp3
353.2277551020408,139.6748310810811,0.19953005015850067,-6.972312927246094,0,1,0.5864080754216436,0.0,0.010493139736354351,1.0,0.7993496621621623,1.0,4,/volumes/Seagate/mtg-jamendo-dataset/01/1381001.mp3
168.5374149659864,139.6748310810811,0.19300350546836853,-14.29651927947998,7,1,0.5527284798023724,0.0,0.00035696384293260053,1.0,0.5838521929254564,0.0455629313364625,4,/volumes/Seagate/mtg-jamendo-dataset/01/952001.mp3
91.29968253968254,99.38401442307692,0.20448407530784607,-14.756976127624512,4,1,0.6171082300495097,0.0,0.0008909787575248629,1.0,0.5852287149692758,0.37128742784261703,4,/volumes/Seagate/mtg-jamendo-dataset/01/1093501.mp3
297.9866666666667,120.18531976744185,0.04263342544436455,-33.81087112426758,2,1,0.5148726743740164,0.0,7.310720502573531e-05,1.0,0.4308728569344404,2.0209988349506602e-06,4,/volumes/Seagate/mtg-jamendo-dataset/01/1374301.mp3
225.6,135.99917763157896,0.2282862812280655,-10.920211791992188,1,0,0.583884678884143,0.0,0.006146147148683667,1.0,0.5311562001870018,0.018561689648777246,4,/volumes/Seagate/mtg-jamendo-dataset/01/400401.mp3
123.38027210884354,143.5546875,0.277898371219635,-13.365289688110352,4,1,0.5825159496471646,0.0,0.00041504495311528444,1.0,0.6646623514307951,1.0,4,/volumes/Seagate/mtg-jamendo-dataset/01/1257401.mp3
502.88984126984127,120.18531976744185,0.19212591648101807,-14.707184791564941,9,1,0.577297843850343,0.0,0.0004579482047120109,1.0,0.6358772506071477,0.11174703016877174,4,/volumes/Seagate/mtg-jamendo-dataset/01/1179201.mp3
223.05959183673468,126.04801829268293,0.24676524102687836,-11.418127059936523,7,1,0.5008409702332044,0.0,0.0028478074818849564,1.0,0.772096036585366,1.0,4,/volumes/Seagate/mtg-jamendo-dataset/01/132901.mp3
292.2,99.38401442307692,0.22022230923175812,-11.7421875,2,0,0.5868746891416259,0.0,0.0016664700815454125,1.0,0.5613804387785853,1.0,4,/volumes/Seagate/mtg-jamendo-dataset/01/144901.mp3
199.0,132.51201923076923,0.13106846809387207,-21.900300979614258,5,0,0.5417969990982925,0.0,0.00014260246462072246,1.0,0.49657499102317226,0.023206654004752636,4,/volumes/Seagate/mtg-jamendo-dataset/01/1268901.mp3
493.7142857142857,117.45383522727273,0.17288289964199066,-11.490667343139648,5,1,0.5856225726793574,0.0,0.0009030191868077964,1.0,0.6617881083514986,0.5211076885461807,4,/volumes/Seagate/mtg-jamendo-dataset/01/1385601.mp3
368.0,139.6748310810811,0.2465822994709015,-12.038488388061523,9,1,0.5684526772616775,0.0,0.0011177227715961635,1.0,0.7239827947545258,0.2317909151315689,4,/volumes/Seagate/mtg-jamendo-dataset/01/184601.mp3
175.90857142857143,117.45383522727273,0.03306914493441582,-28.350786209106445,4,1,0.6086716703602423,0.0,0.0011442161339800805,1.0,0.7668037147029585,0.0911709014326334,4,/volumes/Seagate/mtg-jamendo-dataset/01/1090701.mp3
230.62997732426305,126.04801829268293,0.22890664637088776,-19.47621726989746,0,1,0.544212125120498,0.0,0.0004009457625215873,1.0,0.6098679014432239,0.8896104246377945,4,/volumes/Seagate/mtg-jamendo-dataset/01/1333801.mp3
282.94666666666666,172.265625,0.2360987365245819,-11.709330558776855,4,1,0.5738232221111301,0.0,0.0007323897880269215,1.0,0.5941496416466227,0.27503088116645813,4,/volumes/Seagate/mtg-jamendo-dataset/01/206601.mp3
184.5,178.20581896551724,0.12515047192573547,-20.746280670166016,4,1,0.5645370282323263,0.0,0.01023176684975624,1.0,0.7306458676110423,0.12459676712751389,4,/volumes/Seagate/mtg-jamendo-dataset/01/1154901.mp3
483.5265306122449,139.6748310810811,0.21040691435337067,-8.813458442687988,6,1,0.600512059999621,0.0,0.004339117091149092,1.0,0.7993496621621623,1.0,4,/volumes/Seagate/mtg-jamendo-dataset/01/18501.mp3
220.0,143.5546875,0.07082250714302063,-26.270889282226562,2,1,0.5255713526815979,0.0,0.002151593507733196,1.0,0.638426580008862,0.021964504849165678,4,/volumes/Seagate/mtg-jamendo-dataset/01/1357701.mp3
82.96489795918367,89.10290948275862,0.06883832812309265,-25.12676239013672,4,1,0.571852926567125,0.0,0.004775622859597206,1.0,0.5281822190174696,0.007813037955202162,4,/volumes/Seagate/mtg-jamendo-dataset/01/389701.mp3
171.1221768707483,109.95678191489361,0.20796988904476166,-19.602130889892578,7,1,0.5429264440342765,0.0,0.005012240842916071,1.0,0.5521558852869799,0.22281041368842125,4,/volumes/Seagate/mtg-jamendo-dataset/01/1222001.mp3
176.5,87.5926906779661,0.30014848709106445,-9.216190338134766,8,0,0.5829994286133285,0.0,0.000759674672735855,1.0,0.4877359690415638,0.3060482442378998,4,/volumes/Seagate/mtg-jamendo-dataset/01/1086701.mp3
159.43750566893425,139.6748310810811,0.785025954246521,3.6855204105377197,9,1,0.6091472659068762,0.0,0.013877039775252342,1.0,0.7856466240207636,1.0,4,/volumes/Seagate/mtg-jamendo-dataset/01/1295901.mp3
194.08,114.84375,0.1825135499238968,-11.967939376831055,7,0,0.5842244770718101,0.0,0.03430758509784937,1.0,0.5732828993235017,0.6875942647457123,4,/volumes/Seagate/mtg-jamendo-dataset/01/1311301.mp3
77.75,123.046875,0.050232745707035065,-32.58440017700195,7,0,0.5696185724556913,0.0,4.506554250838235e-05,1.0,0.45188389519228145,0.00028103571821702644,4,/volumes/Seagate/mtg-jamendo-dataset/01/275801.mp3
165.83523809523808,109.95678191489361,0.1560843139886856,-15.551145553588867,1,1,0.5649414550713975,0.0,0.0011989633203484118,1.0,0.6530510487234402,0.8485972881317139,4,/volumes/Seagate/mtg-jamendo-dataset/01/1402101.mp3
231.89380952380952,112.34714673913044,0.10784697532653809,-23.714075088500977,9,1,0.5382593481110199,0.0,0.00012309130397625268,1.0,0.5489692913703508,0.020573800429701805,4,/volumes/Seagate/mtg-jamendo-dataset/01/1244101.mp3
433.56,117.45383522727273,0.20251204073429108,-16.108200073242188,5,1,0.5945906711978037,0.0,0.0020048965816386044,1.0,0.6186602720405052,0.35864289849996567,4,/volumes/Seagate/mtg-jamendo-dataset/01/159801.mp3
49.70312925170068,105.46875,0.0471232607960701,-23.105880737304688,3,0,0.6113457693311314,0.0,0.0036278602201491594,1.0,0.5944934998324141,0.37412814795970917,4,/volumes/Seagate/mtg-jamendo-dataset/01/1118601.mp3
116.3077097505669,129.19921875,0.3231379985809326,-13.681588172912598,6,0,0.585217694498926,0.0,6.820089402026497e-05,1.0,0.48336049010460447,0.04082686733454466,4,/volumes/Seagate/mtg-jamendo-dataset/01/1285501.mp3
206.67535147392292,143.5546875,0.1317252367734909,-15.404294967651367,0,0,0.6024382707681164,0.0,0.0017336473683826625,1.0,0.5900210398603216,0.12615878134965897,4,/volumes/Seagate/mtg-jamendo-dataset/01/824301.mp3
117.50278911564625,120.18531976744185,0.18796835839748383,-9.557558059692383,1,1,0.5999471507949352,0.0,0.0041270507499575615,1.0,0.7086866770761526,0.7723178714513779,4,/volumes/Seagate/mtg-jamendo-dataset/01/1082101.mp3
123.3154648526077,99.38401442307692,0.03703813627362251,-33.88995361328125,0,1,0.5082827802273853,0.0,0.002646125969476998,1.0,0.5382752937005374,2.9365603495534742e-05,4,/volumes/Seagate/mtg-jamendo-dataset/01/1193301.mp3
236.06666666666666,139.6748310810811,0.14782531559467316,-28.718093872070312,6,0,0.5610443359866548,0.0,0.0007272595830727369,1.0,0.43780105166187283,0.0002307414797542151,4,/volumes/Seagate/mtg-jamendo-dataset/01/1075701.mp3
396.0,120.18531976744185,0.06132888421416283,-32.06044006347656,1,0,0.6092744012250708,0.0,0.003051170613616705,1.0,0.37554932119071754,1.1097029073425801e-05,4,/volumes/Seagate/mtg-jamendo-dataset/01/25001.mp3
192.0271882086168,139.6748310810811,0.1113615334033966,-26.17323875427246,7,1,0.6013334974148967,0.0,7.158627158787567e-05,1.0,0.5842182724004449,0.00641525664832443,4,/volumes/Seagate/mtg-jamendo-dataset/01/1168701.mp3
309.8437188208617,129.19921875,0.27846595644950867,-12.851882934570312,5,0,0.5772150278245374,0.0,0.00414326589088887,1.0,0.5740582762636551,1.0,4,/volumes/Seagate/mtg-jamendo-dataset/01/322101.mp3
272.0933333333333,129.19921875,0.170212522149086,-19.10335922241211,7,1,0.5759132041698031,0.0,0.001956476946361363,1.0,0.6144113163929872,0.1926283910870552,4,/volumes/Seagate/mtg-jamendo-dataset/01/1126701.mp3
469.64260770975056,84.72079918032787,0.06679987907409668,-27.506816864013672,5,0,0.5395855785015513,0.0,0.0015205306699499488,1.0,0.3775308011311965,0.003792486386373639,4,/volumes/Seagate/mtg-jamendo-dataset/01/1085701.mp3
170.9274829931973,120.18531976744185,0.11037606745958328,-18.805662155151367,5,1,0.5379878562381339,0.0,0.0003189905473846011,1.0,0.6553689254898974,0.2607937902212143,4,/volumes/Seagate/mtg-jamendo-dataset/01/1398101.mp3
231.0265759637188,93.96306818181819,0.2203141450881958,-12.435355186462402,3,0,0.5649059236136948,0.0,0.0005569641070906073,1.0,0.4787439858754676,0.21391082555055618,4,/volumes/Seagate/mtg-jamendo-dataset/01/1169701.mp3
234.0,151.99908088235293,0.05976603925228119,-33.254249572753906,11,1,0.5494896527008148,0.0,0.0005303063808241859,1.0,0.36686157491832805,7.820501224387044e-07,4,/volumes/Seagate/mtg-jamendo-dataset/01/1117701.mp3
126.03054421768708,120.18531976744185,0.08933456987142563,-26.979421615600586,2,1,0.5859085042579191,0.0,0.00029872347658965737,1.0,0.5190118811040441,0.005469725583679974,4,/volumes/Seagate/mtg-jamendo-dataset/01/702501.mp3
256.07836734693876,99.38401442307692,0.15006163716316223,-17.868894577026367,0,1,0.5574282252973263,0.0,0.00024155106075340882,1.0,0.6288932571339545,0.22245733067393303,4,/volumes/Seagate/mtg-jamendo-dataset/01/81801.mp3
312.38489795918366,120.18531976744185,0.0720461905002594,-29.5678653717041,11,1,0.5504594579974632,0.0,0.00026631214132066816,1.0,0.5068167895844463,0.09625989943742752,4,/volumes/Seagate/mtg-jamendo-dataset/01/661301.mp3
267.75,161.4990234375,0.20764213800430298,-19.131837844848633,7,1,0.5921462911886987,0.0,0.00021794952044729143,1.0,0.6847780832334329,0.8206662535667419,4,/volumes/Seagate/mtg-jamendo-dataset/01/986601.mp3
91.84605442176871,123.046875,0.08283563703298569,-27.046602249145508,4,1,0.46614219724943107,0.0,0.004638207145035267,1.0,0.6014750021319784,0.003358560206834227,4,/volumes/Seagate/mtg-jamendo-dataset/01/1345301.mp3
222.09412698412697,107.666015625,0.07871079444885254,-25.990182876586914,2,0,0.5880125661843432,0.0,0.0029034652397967875,1.0,0.4318695440330479,0.006779460236430168,4,/volumes/Seagate/mtg-jamendo-dataset/01/1269901.mp3
219.939410430839,126.04801829268293,0.1603952944278717,-21.45085334777832,5,0,0.6067256867356634,0.0,5.966840581095312e-05,1.0,0.45055333025858746,0.025182864628732204,4,/volumes/Seagate/mtg-jamendo-dataset/01/236401.mp3
206.15836734693877,139.6748310810811,0.14051185548305511,-12.83640193939209,9,1,0.5795495347429644,0.0,0.0014123340952210128,1.0,0.7876882020611322,1.0,4,/volumes/Seagate/mtg-jamendo-dataset/01/279601.mp3
120.0,139.6748310810811,0.12324533611536026,-24.17105484008789,0,0,0.6173735153581024,0.0,0.0033595918212085962,1.0,0.4804190668113588,0.07400333881378174,4,/volumes/Seagate/mtg-jamendo-dataset/01/1137401.mp3
84.29714285714286,112.34714673913044,0.07649368792772293,-33.87053298950195,0,0,0.6059560156438439,0.0,3.1759099329065066e-05,0.5,0.22812699220129995,1.1152261549796094e-05,4,/volumes/Seagate/mtg-jamendo-dataset/01/1044301.mp3
225.32643990929705,120.18531976744185,0.11379782110452652,-19.167465209960938,7,0,0.576569537148111,0.0,0.001021446572849527,1.0,0.5238800723242661,0.06598830223083496,4,/volumes/Seagate/mtg-jamendo-dataset/01/1372201.mp3
212.00337868480725,129.19921875,0.26966819167137146,-8.171104431152344,9,1,0.5507098254064722,0.0,0.0036124776815995574,1.0,0.7298601407728487,1.0,4,/volumes/Seagate/mtg-jamendo-dataset/01/810901.mp3
704.1828571428572,120.18531976744185,0.16288922727108002,-19.299158096313477,9,1,0.5992746436113204,0.0,9.340290853288025e-05,1.0,0.5942911841591717,0.08191794157028198,4,/volumes/Seagate/mtg-jamendo-dataset/01/1332601.mp3
205.94321995464853,120.18531976744185,0.19529518485069275,-12.66396427154541,0,0,0.5896366013777672,0.0,0.0013233162753749639,1.0,0.6151181384502837,1.0,4,/volumes/Seagate/mtg-jamendo-dataset/01/372601.mp3
292.75705215419504,123.046875,0.2180665135383606,-7.488479137420654,8,0,0.5964482272405462,0.0,0.013125114608556032,1.0,0.6460937499999999,1.0,4,/volumes/Seagate/mtg-jamendo-dataset/01/1336901.mp3
233.67108843537414,132.51201923076923,0.07713469117879868,-23.277700424194336,9,1,0.528071794098812,0.0,0.0006827632896602154,1.0,0.6693062178303331,0.08966268971562386,4,/volumes/Seagate/mtg-jamendo-dataset/01/1414001.mp3
252.94607709750568,120.18531976744185,0.09139005094766617,-17.558048248291016,2,1,0.5979371365897113,0.0,0.004157102666795254,1.0,0.6935870252105703,1.0,4,/volumes/Seagate/mtg-jamendo-dataset/01/827701.mp3
120.0,143.5546875,0.11298414319753647,-19.109642028808594,11,1,0.580230146851678,0.0,0.0009735361381899565,1.0,0.7018323203621081,0.07419405970722437,4,/volumes/Seagate/mtg-jamendo-dataset/01/1317801.mp3
80.16394557823129,126.04801829268293,0.10299920290708542,-20.86155128479004,11,1,0.5434338348926497,0.0,0.0006129308603703976,1.0,0.6627022480187974,0.027036108076572418,4,/volumes/Seagate/mtg-jamendo-dataset/01/1396101.mp3
104.992358276644,129.19921875,0.03091828152537346,-31.171720504760742,6,1,0.4782524347527525,0.0,0.00185778719605878,1.0,0.6286285214472243,0.0013426212535705417,4,/volumes/Seagate/mtg-jamendo-dataset/01/1048301.mp3
238.41331065759638,120.18531976744185,0.23178789019584656,-10.755905151367188,8,0,0.5821496552944081,0.0,0.0006077574798837304,1.0,0.5719659161405009,0.3385179117321968,4,/volumes/Seagate/mtg-jamendo-dataset/01/1373101.mp3
233.99197278911564,99.38401442307692,0.12104832381010056,-25.587158203125,11,1,0.5370470162905672,0.0,8.287881792057306e-05,1.0,0.5146240858078143,0.019440943142399192,4,/volumes/Seagate/mtg-jamendo-dataset/01/1052801.mp3
193.33963718820863,105.46875,0.23631078004837036,-10.190797805786133,11,1,0.5968610767009833,0.0,0.005463486886583269,1.0,0.718900053250731,1.0,4,/volumes/Seagate/mtg-jamendo-dataset/01/1121401.mp3
132.92308390022677,129.19921875,0.20793578028678894,-14.367353439331055,0,0,0.5971322352156876,0.0,0.0002512600112822838,1.0,0.5362388963574953,0.08370951749384403,4,/volumes/Seagate/mtg-jamendo-dataset/01/1297201.mp3
245.15895691609978,139.6748310810811,0.24517543613910675,-10.248899459838867,7,0,0.5550360469548922,0.0,0.0008873814367689192,1.0,0.5904845109331931,0.403834730386734,4,/volumes/Seagate/mtg-jamendo-dataset/01/1359901.mp3
215.48,97.50884433962264,0.22810164093971252,-15.374307632446289,7,0,0.5560738943944639,0.0,0.004133696551434696,1.0,0.45506263081647524,0.10682649910449982,4,/volumes/Seagate/mtg-jamendo-dataset/01/37701.mp3
272.32,147.65625,0.039589595049619675,-29.077743530273438,9,1,0.5594692758575313,0.0,0.0003579927870305255,1.0,0.663870042383266,0.0008644760237075388,4,/volumes/Seagate/mtg-jamendo-dataset/01/192101.mp3
261.3333560090703,90.66611842105263,0.23777955770492554,-5.145792484283447,2,1,0.5496904327239991,0.0,0.01056967000477016,1.0,0.7013322368421053,1.0,4,/volumes/Seagate/mtg-jamendo-dataset/01/892001.mp3
315.08374149659863,135.99917763157896,0.11949021369218826,-21.246328353881836,7,1,0.5606818341584836,0.0,0.00034190826409030706,1.0,0.6395620371766984,0.07660333067178726,4,/volumes/Seagate/mtg-jamendo-dataset/01/1088101.mp3
705.889433106576,126.04801829268293,0.04810400307178497,-29.910234451293945,6,0,0.5067658208192803,0.0,3.2169927180802915e-05,1.0,0.5038301133056154,0.0006548671080963686,4,/volumes/Seagate/mtg-jamendo-dataset/01/1297801.mp3
331.63605442176873,109.95678191489361,0.14709337055683136,-12.953093528747559,10,1,0.5779496924637628,0.0,0.003301813267171383,1.0,0.6705782714995583,0.06583562586456537,4,/volumes/Seagate/mtg-jamendo-dataset/01/25401.mp3
168.41249433106577,92.28515625,0.15912169218063354,-13.725614547729492,10,0,0.5609729155497022,0.0,0.0012751762114930898,1.0,0.5613755932428526,0.25106532499194145,4,/volumes/Seagate/mtg-jamendo-dataset/01/223901.mp3
300.6666666666667,99.38401442307692,0.14600524306297302,-12.4365234375,9,1,0.5808771076185522,0.0,0.005312755471095443,1.0,0.6901609423939731,0.6364702433347702,4,/volumes/Seagate/mtg-jamendo-dataset/01/1160601.mp3
189.64879818594105,95.703125,0.15269920229911804,-25.736736297607422,2,1,0.5317224907188409,0.0,0.0005154402460902929,1.0,0.48107164644812994,8.725474742732331e-07,4,/volumes/Seagate/mtg-jamendo-dataset/01/1193601.mp3
304.61539682539683,129.19921875,0.20570272207260132,-9.433451652526855,7,0,0.5410049358267267,0.0,0.005070037906989455,1.0,0.6583984375,1.0,4,/volumes/Seagate/mtg-jamendo-dataset/01/1371701.mp3
174.04736961451246,97.50884433962264,0.0990460067987442,-22.28030776977539,9,1,0.5973271816785195,0.0,0.0011453111947048455,1.0,0.5405104322542805,0.2270892821252346,4,/volumes/Seagate/mtg-jamendo-dataset/01/1375901.mp3
262.053,100.44642857142857,0.13752776384353638,-16.741086959838867,6,1,0.575468048984493,0.0,0.00555158662609756,1.0,0.6414670339096367,0.8102050423622131,4,/volumes/Seagate/mtg-jamendo-dataset/01/1137201.mp3
375.85086167800455,109.95678191489361,0.1817464679479599,-4.4590277671813965,4,1,0.604016139901207,0.0,0.014981433749198914,1.0,0.7399135638297873,1.0,4,/volumes/Seagate/mtg-jamendo-dataset/01/1413901.mp3
351.0,156.60511363636363,0.30137747526168823,-17.664939880371094,6,1,0.610595790717561,0.0,5.2704594054375775e-05,1.0,0.48005921538285456,0.06504474207758904,4,/volumes/Seagate/mtg-jamendo-dataset/01/760901.mp3
372.8767120181406,109.95678191489361,0.1995900422334671,-15.200094223022461,2,0,0.5717902741204361,0.0,0.0012000932183582336,1.0,0.48955114776928677,0.2581039071083069,4,/volumes/Seagate/mtg-jamendo-dataset/01/159201.mp3
212.03124716553287,178.20581896551724,0.05461304634809494,-35.318115234375,0,0,0.5320068593541356,0.0,0.003768310882151127,1.0,0.5102910239265737,1.908453128862675e-06,4,/volumes/Seagate/mtg-jamendo-dataset/01/1018801.mp3
69.76160997732427,120.18531976744185,0.14251796901226044,-15.518802642822266,0,1,0.552679211187535,0.0,0.001088873133994639,1.0,0.6891709539509396,0.4755784198641777,4,/volumes/Seagate/mtg-jamendo-dataset/01/1357301.mp3
227.8540136054422,105.46875,0.1500173956155777,-21.38376808166504,4,1,0.5436284109792089,0.0,5.462834451464005e-05,1.0,0.5313153084134437,0.008171746740117669,4,/volumes/Seagate/mtg-jamendo-dataset/01/1372501.mp3
233.14732426303854,139.6748310810811,0.25474461913108826,-3.5995676517486572,0,1,0.6095375528826686,0.0,0.007784784771502018,1.0,0.7993496621621623,1.0,4,/volumes/Seagate/mtg-jamendo-dataset/01/1368401.mp3
226.6122448979592,123.046875,0.19218693673610687,-9.354948043823242,5,1,0.5606401389854612,0.0,0.002469583705533296,1.0,0.7613135262426851,1.0,4,/volumes/Seagate/mtg-jamendo-dataset/01/1124201.mp3
74.08433106575964,126.04801829268293,0.02476482093334198,-40.0120964050293,0,0,0.6317709105848237,0.0,2.9215884751465637e-06,1.0,0.3288838166331227,2.2090875972935464e-05,4,/volumes/Seagate/mtg-jamendo-dataset/01/1125401.mp3
276.7866666666667,107.666015625,0.13081665337085724,-23.296615600585938,2,1,0.5424041790797097,0.0,0.0015334164490923285,1.0,0.6330232311897637,0.0019272175268270075,4,/volumes/Seagate/mtg-jamendo-dataset/01/508801.mp3
437.07315192743766,123.046875,0.2108931988477707,-18.94694709777832,8,0,0.5983330524308432,0.0,0.0160056184977293,1.0,0.4944404185907648,0.9678038954734802,4,/volumes/Seagate/mtg-jamendo-dataset/01/45101.mp3
182.73333333333332,161.4990234375,0.10619009286165237,-17.986501693725586,9,1,0.577190265513797,0.0,0.0028699737740680575,1.0,0.765556212095439,0.06088332273066044,4,/volumes/Seagate/mtg-jamendo-dataset/01/5701.mp3
270.0,120.18531976744185,0.13341890275478363,-21.4532470703125,6,1,0.5580977798285789,0.0,0.00024682009097887203,1.0,0.5815736106756565,0.012565862853080034,4,/volumes/Seagate/mtg-jamendo-dataset/01/533201.mp3
277.1249886621315,161.4990234375,0.14432083070278168,-19.27314567565918,4,1,0.5978800221964122,0.0,0.00012720766972051933,1.0,0.5158706519466798,0.013834774727001786,4,/volumes/Seagate/mtg-jamendo-dataset/01/1189901.mp3
186.97333333333333,161.4990234375,0.25748902559280396,-9.555953025817871,4,1,0.599336257586439,0.0,0.0009091096871998161,1.0,0.7561895341748581,0.8003246784210205,4,/volumes/Seagate/mtg-jamendo-dataset/01/356401.mp3
417.6195918367347,123.046875,0.07929840683937073,-26.71135902404785,8,0,0.6059713099867743,0.0,0.0003873413224937394,1.0,0.44009971094167694,0.013908663531765342,4,/volumes/Seagate/mtg-jamendo-dataset/01/11001.mp3
232.02666666666667,95.703125,0.07432708144187927,-21.019201278686523,1,1,0.5694074111039684,0.0,0.007369652856141329,1.0,0.5612586405465464,0.0021779890812467784,4,/volumes/Seagate/mtg-jamendo-dataset/01/11101.mp3
190.152947845805,135.99917763157896,0.06696287542581558,-23.36381721496582,4,1,0.5605699036147416,0.0,0.000981009565293789,1.0,0.6706186899452337,0.014622949529439211,4,/volumes/Seagate/mtg-jamendo-dataset/01/1053401.mp3
321.0,161.4990234375,0.3166946768760681,-4.59793758392334,3,0,0.5887954646699214,0.0,0.004823300871066749,1.0,0.7229980468749999,1.0,4,/volumes/Seagate/mtg-jamendo-dataset/01/166401.mp3
196.51004535147393,105.46875,0.11984243243932724,-19.442211151123047,4,1,0.560805791329467,0.0,0.0007016476301942021,1.0,0.5786921226156404,0.12857778929173946,4,/volumes/Seagate/mtg-jamendo-dataset/01/506001.mp3
450.6775283446712,123.046875,0.11168001592159271,-22.546688079833984,2,1,0.5082394020950727,0.0,0.0027457059477455914,1.0,0.7133884773524666,0.38881246000528336,4,/volumes/Seagate/mtg-jamendo-dataset/01/1182601.mp3
255.0857142857143,139.6748310810811,0.6971371173858643,3.8050150871276855,4,1,0.6303906403518368,0.0,0.0030003658030182123,1.0,0.7623934913694044,1.0,4,/volumes/Seagate/mtg-jamendo-dataset/01/1299901.mp3
59.42857142857143,105.46875,0.05604340136051178,-34.949039459228516,0,0,0.5450014422612635,0.0,0.005113064311444759,1.0,0.3927273966664007,6.950262445570843e-06,4,/volumes/Seagate/mtg-jamendo-dataset/01/1173501.mp3
228.54167800453516,120.18531976744185,0.16573269665241241,-14.424040794372559,10,0,0.516303458900788,0.0,0.009886899031698704,1.0,0.6403706395348837,0.1789383962750435,4,/volumes/Seagate/mtg-jamendo-dataset/01/588701.mp3
38.02269841269841,135.99917763157896,0.10190576314926147,-20.53076934814453,0,1,0.537408580231394,0.0,0.04818524792790413,1.0,0.7046452695631066,0.07553196512162685,4,/volumes/Seagate/mtg-jamendo-dataset/01/1219101.mp3
214.57333333333332,114.84375,0.14441558718681335,-24.699420928955078,9,1,0.49235398325078794,0.0,0.001546510902699083,1.0,0.6936181023047309,0.012371899792924523,4,/volumes/Seagate/mtg-jamendo-dataset/01/210801.mp3
314.05333333333334,120.18531976744185,0.07383222132921219,-25.78449249267578,4,1,0.5904652687330042,0.0,0.003248986671678722,1.0,0.5591449890375445,9.385734074385255e-06,4,/volumes/Seagate/mtg-jamendo-dataset/01/380601.mp3
154.27360544217686,135.99917763157896,0.14817781746387482,-14.178619384765625,0,1,0.5963591033925378,0.0,0.01638497645035386,1.0,0.6079423583917631,0.8283070474863052,4,/volumes/Seagate/mtg-jamendo-dataset/01/1281101.mp3
130.45551020408163,126.04801829268293,0.08886563032865524,-32.254310607910156,4,1,0.5404128072454849,0.0,0.0015540006570518017,1.0,0.4138995498307913,8.99744190974161e-05,4,/volumes/Seagate/mtg-jamendo-dataset/01/128301.mp3
451.8899319727891,120.18531976744185,0.055039551109075546,-25.318880081176758,9,1,0.557188061202712,0.0,0.0004887795075774193,1.0,0.6533174088417182,0.08339118212461472,4,/volumes/Seagate/mtg-jamendo-dataset/01/91401.mp3
193.6,103.359375,0.15075421333312988,-21.66205596923828,11,1,0.5073731696239581,0.0,0.00017688491789158434,1.0,0.7584770396053793,0.058718943037092686,4,/volumes/Seagate/mtg-jamendo-dataset/01/80501.mp3
69.88235827664398,120.18531976744185,0.06305217742919922,-32.59150314331055,0,1,0.5116791798773417,0.0,3.476205256447429e-05,1.0,0.521231052514331,1.13046996830235e-05,4,/volumes/Seagate/mtg-jamendo-dataset/01/1357401.mp3
224.02083900226756,120.18531976744185,0.25770604610443115,-13.089112281799316,0,1,0.5701432919779788,0.0,0.001445191155653447,1.0,0.7175553942542149,1.0,4,/volumes/Seagate/mtg-jamendo-dataset/01/1281201.mp3
450.6518140589569,161.4990234375,0.08844247460365295,-25.623947143554688,9,1,0.5663910532192601,0.0,0.00022199020895641297,1.0,0.680474821459937,0.01019031391479075,4,/volumes/Seagate/mtg-jamendo-dataset/01/1291201.mp3
206.734126984127,156.60511363636363,0.16491346061229706,-20.00176429748535,9,1,0.5757742518911131,0.0,0.0001501768892921973,1.0,0.5109524838401525,0.0015236015315167606,4,/volumes/Seagate/mtg-jamendo-dataset/01/1225501.mp3
205.632,140.625,0.16171486675739288,-18.063823699951172,2,1,0.5487279130317317,0.0,7.758574975014199e-05,1.0,0.6355377677880544,0.022768396884202957,4,/volumes/Seagate/mtg-jamendo-dataset/01/963401.mp3
234.1160625,122.28260869565217,0.0347345732152462,-36.69255828857422,0,0,0.5491383680283755,0.0,0.00012524445992312394,1.0,0.4257506032241136,5.734865471396233e-08,4,/volumes/Seagate/mtg-jamendo-dataset/01/920001.mp3
209.97333333333333,93.96306818181819,0.07384695112705231,-16.377527236938477,0,0,0.5789510785411307,0.0,0.0012845662131439894,1.0,0.5597047099945831,0.1193165872246027,4,/volumes/Seagate/mtg-jamendo-dataset/01/1393401.mp3
185.3259410430839,107.666015625,0.15231958031654358,-8.92365550994873,4,1,0.5816890209297005,0.0,0.0039270969573408365,1.0,0.655101804233551,0.5381878837943077,4,/volumes/Seagate/mtg-jamendo-dataset/01/1379101.mp3
534.1779591836735,92.28515625,0.11491826921701431,-19.020185470581055,5,1,0.5813702107898767,0.0,0.0012459964491426945,1.0,0.558095143492721,0.036257156170904636,4,/volumes/Seagate/mtg-jamendo-dataset/01/1397901.mp3
226.08065759637188,89.10290948275862,0.27439913153648376,-10.072739601135254,0,1,0.5494640220267508,0.0,0.0035482195671647787,1.0,0.6076195587769291,0.4896894842386246,4,/volumes/Seagate/mtg-jamendo-dataset/01/698501.mp3
307.6285833333333,104.16666666666667,0.10637474805116653,-23.11854362487793,6,1,0.5820862460787584,0.0,0.0007857475429773331,1.0,0.5598150163061492,0.008292393758893013,4,/volumes/Seagate/mtg-jamendo-dataset/01/1030901.mp3
181.24,123.046875,0.2557811439037323,-9.197315216064453,11,1,0.5786524147888453,0.0,0.0011726121883839369,1.0,0.6741148638612722,0.3243250772356987,4,/volumes/Seagate/mtg-jamendo-dataset/01/947801.mp3
294.98632653061225,132.51201923076923,0.15491119027137756,-15.5779447555542,8,1,0.5471338628911525,0.0,0.000866814429173246,1.0,0.668225390496564,0.48158932477235794,4,/volumes/Seagate/mtg-jamendo-dataset/01/518601.mp3
295.35609977324265,120.18531976744185,0.09608462452888489,-17.506534576416016,7,0,0.5472972053714884,0.0,0.002886707545258105,1.0,0.5920593622283508,1.0,4,/volumes/Seagate/mtg-jamendo-dataset/01/1073701.mp3
392.0,120.18531976744185,0.11977129429578781,-18.987659454345703,9,1,0.5661749836895109,0.0,0.00022622902906732634,1.0,0.6241399558639791,0.10872491635382175,4,/volumes/Seagate/mtg-jamendo-dataset/01/362501.mp3
231.1475283446712,123.046875,0.25935131311416626,-9.38171100616455,7,1,0.563965085533304,0.0,0.001295413268962875,1.0,0.6909959243133806,1.0,4,/volumes/Seagate/mtg-jamendo-dataset/01/548601.mp3
345.6,151.99908088235293,0.16921281814575195,-14.83383560180664,9,1,0.5299123123245593,0.0,0.00256399781210348,1.0,0.7622630137921355,1.0,4,/volumes/Seagate/mtg-jamendo-dataset/01/1385201.mp3
265.81333333333333,117.45383522727273,0.1720222681760788,-17.036317825317383,9,1,0.6016602543833287,0.0,0.002780216687824577,1.0,0.6710795595642491,0.05981114227324724,4,/volumes/Seagate/mtg-jamendo-dataset/01/4401.mp3
268.42718820861677,166.70866935483872,0.23926453292369843,-11.298626899719238,9,1,0.5635641732858245,0.0,0.0032915157498791814,1.0,0.8228989365908517,1.0,4,/volumes/Seagate/mtg-jamendo-dataset/01/1295501.mp3
345.2614739229025,129.19921875,0.163572296500206,-19.06174659729004,9,1,0.6049644375572691,0.0,0.000631288843578659,1.0,0.6251692200555147,0.531441792845726,4,/volumes/Seagate/mtg-jamendo-dataset/01/1187201.mp3
312.2266666666667,161.4990234375,0.07697480171918869,-27.253822326660156,1,0,0.5583432244617402,0.0,0.0018979153828695416,1.0,0.5305495498715033,0.03605031408369541,4,/volumes/Seagate/mtg-jamendo-dataset/01/1219601.mp3
187.02666666666667,135.99917763157896,0.03290404751896858,-26.795734405517578,1,0,0.5790874056076545,0.0,0.00216611655196175,1.0,0.6075396090234124,0.015897811390459538,4,/volumes/Seagate/mtg-jamendo-dataset/01/22101.mp3
123.18156462585034,120.18531976744185,0.15268106758594513,-23.248125076293945,5,1,0.49908985019451824,0.0,0.0013076221221126616,1.0,0.5650423918767711,0.0012446779874153435,4,/volumes/Seagate/mtg-jamendo-dataset/01/1060001.mp3
308.46666666666664,117.45383522727273,0.042191218584775925,-30.556882858276367,9,1,0.5667834863059946,0.0,3.539941280905623e-05,1.0,0.5283022311946021,3.13085195102758e-06,4,/volumes/Seagate/mtg-jamendo-dataset/01/326501.mp3
151.80002267573695,99.38401442307692,0.10708501935005188,-17.113262176513672,0,1,0.5603646022255271,0.0,0.0007809566741343588,1.0,0.6258418640221346,0.1996888406574726,4,/volumes/Seagate/mtg-jamendo-dataset/01/1087101.mp3
74.52630385487528,95.703125,0.1340339481830597,-16.029296875,3,0,0.5710066747624043,0.0,0.0008032587356865406,1.0,0.49974675594095197,0.3866904228925705,4,/volumes/Seagate/mtg-jamendo-dataset/01/1275301.mp3
54.073469387755104,120.18531976744185,0.11192312091588974,-21.750612258911133,2,1,0.6219074466825693,0.0,0.00041594391223043203,1.0,0.5844489276111906,0.04306815564632416,4,/volumes/Seagate/mtg-jamendo-dataset/01/1042001.mp3
138.66666666666666,120.18531976744185,0.151361346244812,-23.62256622314453,0,1,0.5409437730256896,0.0,2.5278313842136413e-05,1.0,0.5024658803018213,0.05969151854515076,4,/volumes/Seagate/mtg-jamendo-dataset/01/409701.mp3
212.50968253968253,109.95678191489361,0.17233751714229584,-18.679729461669922,7,1,0.5322814532522328,0.0,8.370725663553458e-05,1.0,0.5704870147324674,0.1425682008266449,4,/volumes/Seagate/mtg-jamendo-dataset/01/1333601.mp3
88.51424036281179,139.6748310810811,0.1703748106956482,-13.317931175231934,0,1,0.5690249690497047,0.0,0.0012819761177524924,1.0,0.7321075439477978,0.4029723256826401,4,/volumes/Seagate/mtg-jamendo-dataset/01/1371801.mp3
242.78666666666666,95.703125,0.20706599950790405,-11.681060791015625,0,1,0.5431796315363773,0.0,0.009870006702840328,1.0,0.6539705650242578,0.9840210527181625,4,/volumes/Seagate/mtg-jamendo-dataset/01/117101.mp3
1086.8933333333334,126.04801829268293,0.16895784437656403,-10.521312713623047,7,1,0.5153176738177465,0.0,0.007533734897151589,1.0,0.772096036585366,1.0,4,/volumes/Seagate/mtg-jamendo-dataset/01/1158201.mp3
160.0,120.18531976744185,0.15873290598392487,-18.223424911499023,2,1,0.5559773797031823,0.0,0.00023764749494148418,1.0,0.6300706844526508,0.06552938837558031,4,/volumes/Seagate/mtg-jamendo-dataset/01/1380701.mp3
33.99401360544218,95.703125,0.11899983882904053,-21.44917869567871,9,1,0.5879649817786226,0.0,0.012030618265271187,1.0,0.538827387460658,0.007678279071114957,4,/volumes/Seagate/mtg-jamendo-dataset/01/1346501.mp3
149.33333333333334,120.18531976744185,0.14517927169799805,-20.50737953186035,0,1,0.5817420685420542,0.0,0.0006346593727357686,1.0,0.7546224019884413,0.5985329672694206,4,/volumes/Seagate/mtg-jamendo-dataset/01/1310501.mp3
90.01387755102041,120.18531976744185,0.26171252131462097,-22.27426528930664,2,0,0.6231581212201174,0.0,2.1249722067295806e-05,1.0,0.36018814446156894,3.4449681152182166e-05,4,/volumes/Seagate/mtg-jamendo-dataset/01/1406401.mp3
277.5100680272109,161.4990234375,0.3201817572116852,-8.174501419067383,9,1,0.6004922361126006,0.0,0.0032157901441678405,1.0,0.7702385945547748,1.0,4,/volumes/Seagate/mtg-jamendo-dataset/01/1414801.mp3
154.14857142857142,99.38401442307692,0.20539182424545288,-9.063096046447754,0,0,0.6130364364860778,0.0,0.0011464224953670055,1.0,0.5411687468388432,1.0,4,/volumes/Seagate/mtg-jamendo-dataset/01/39101.mp3
120.88888888888889,107.666015625,0.12409329414367676,-26.002824783325195,5,1,0.5737485186422933,0.0,0.002825687639415264,1.0,0.6382167874223179,0.007317676208913326,4,/volumes/Seagate/mtg-jamendo-dataset/01/635301.mp3
189.38197278911565,117.45383522727273,0.18902236223220825,-17.48653221130371,9,1,0.5763697026282666,0.0,0.013736064545810223,1.0,0.6243735595834996,0.718906819820404,4,/volumes/Seagate/mtg-jamendo-dataset/01/245501.mp3
283.53709750566895,114.84375,0.24030201137065887,-9.643794059753418,7,0,0.551978817098459,0.0,0.001607200421858579,1.0,0.5786727613347175,1.0,4,/volumes/Seagate/mtg-jamendo-dataset/01/347601.mp3
85.3333560090703,178.20581896551724,0.058790478855371475,-22.687040328979492,5,0,0.5558576158762547,0.0,0.0030829216120764613,1.0,0.6928828064514976,0.1611054129898548,4,/volumes/Seagate/mtg-jamendo-dataset/01/379401.mp3
580.3398412698413,129.19921875,0.19927482306957245,-15.770012855529785,5,1,0.6264402096283064,0.0,0.00036678893957287073,1.0,0.6429143440605694,0.1408542226999998,3,/volumes/Seagate/mtg-jamendo-dataset/01/1363401.mp3
175.5,161.4990234375,0.2767031192779541,-14.444663047790527,9,1,0.6243780657318666,0.0,0.006004976341500878,1.0,0.6566970895918529,0.05644656717777252,4,/volumes/Seagate/mtg-jamendo-dataset/01/1092901.mp3
135.0,161.4990234375,0.1945546716451645,-14.26482105255127,4,1,0.572017311305257,0.0,0.0007146029092837125,1.0,0.729739828788754,0.26683976873755455,4,/volumes/Seagate/mtg-jamendo-dataset/01/186601.mp3
70.5880625,102.27272727272727,0.0909418910741806,-21.304821014404297,5,0,0.5500991859845666,0.0,0.006950202165171504,1.0,0.6045454545454545,0.15247976407408714,4,/volumes/Seagate/mtg-jamendo-dataset/01/1110001.mp3
161.99061224489796,120.18531976744185,0.23156380653381348,-9.281942367553711,7,0,0.593689236910778,0.0,0.002955762203782797,1.0,0.5896735161304936,1.0,4,/volumes/Seagate/mtg-jamendo-dataset/01/1353301.mp3
143.10560090702947,80.74951171875,0.2579173147678375,-22.320117950439453,2,0,0.564946455711808,0.0,3.2425026802229695e-05,1.0,0.33235020834570816,0.29424235224723816,4,/volumes/Seagate/mtg-jamendo-dataset/01/1366001.mp3
220.50249433106575,114.84375,0.11427062749862671,-15.69564437866211,4,1,0.6030753214286517,0.0,0.004013232188299298,1.0,0.6484506822428906,0.0418383814394474,4,/volumes/Seagate/mtg-jamendo-dataset/01/38401.mp3
129.77632653061224,123.046875,0.08114254474639893,-31.367475509643555,11,1,0.5799962101808769,0.0,4.3727635784307495e-05,1.0,0.4097157620076882,0.00015732344763819128,4,/volumes/Seagate/mtg-jamendo-dataset/01/387401.mp3
243.41333333333333,117.45383522727273,0.09638895839452744,-25.537099838256836,4,1,0.5314509484479815,0.0,0.005588275613263249,1.0,0.5511790888674867,0.005519784172065556,3,/volumes/Seagate/mtg-jamendo-dataset/01/1166101.mp3
204.17412698412699,161.4990234375,0.12080592662096024,-20.746023178100586,0,1,0.5668079735236748,0.0,0.021852262783795595,1.0,0.5041911317339774,0.005641811294481158,4,/volumes/Seagate/mtg-jamendo-dataset/01/565801.mp3
260.6,112.34714673913044,0.23682335019111633,-12.008139610290527,7,0,0.5661925020138492,0.0,0.000643946390482597,1.0,0.5156847479652406,0.08702010847628117,4,/volumes/Seagate/mtg-jamendo-dataset/01/1196901.mp3
402.6533333333333,129.19921875,0.10026699304580688,-20.61482810974121,0,0,0.6083060353166088,0.0,0.0023247641511261463,1.0,0.5115815359597735,0.06862595677375793,4,/volumes/Seagate/mtg-jamendo-dataset/01/6701.mp3
174.4011111111111,161.4990234375,0.27759048342704773,-10.11318302154541,11,1,0.5614985864432673,0.0,0.0009088480146601796,1.0,0.5964354540047624,0.022151092998683453,4,/volumes/Seagate/mtg-jamendo-dataset/01/973501.mp3
296.0285714285714,120.18531976744185,0.11816238611936569,-15.864629745483398,4,1,0.5749248854465099,0.0,0.0013375435082707554,1.0,0.6782600248530554,0.39722785353660583,4,/volumes/Seagate/mtg-jamendo-dataset/01/1300201.mp3
428.363537414966,120.18531976744185,0.09303001314401627,-20.142887115478516,2,1,0.548813727010555,0.0,0.0006354964716592804,1.0,0.6550624172017769,0.04271653946489096,4,/volumes/Seagate/mtg-jamendo-dataset/01/1098401.mp3
38.4,99.38401442307692,0.4258853793144226,-6.810218334197998,7,1,0.5252192210429222,0.0,0.0006773736386094242,1.0,0.7187680288461539,1.0,4,/volumes/Seagate/mtg-jamendo-dataset/01/1164201.mp3
126.16022675736961,126.04801829268293,0.05006992444396019,-34.125244140625,9,1,0.59623481966383,0.0,6.415360257960856e-05,1.0,0.545728968328534,0.00014743191059096716,4,/volumes/Seagate/mtg-jamendo-dataset/01/25801.mp3
354.0,120.18531976744185,0.18874533474445343,-14.224998474121094,5,0,0.5267636127760256,0.0,0.0003720298991538584,1.0,0.5617020021411213,0.024697687476873398,4,/volumes/Seagate/mtg-jamendo-dataset/01/1216201.mp3
131.6,120.18531976744185,0.032833267003297806,-37.30860137939453,1,1,0.5506378975633934,0.0,0.0014435633202083409,1.0,0.5111661041369571,1.7496483906143112e-06,4,/volumes/Seagate/mtg-jamendo-dataset/01/1028901.mp3
469.4726530612245,178.20581896551724,0.15239572525024414,-21.63582420349121,9,1,0.5471500524095696,0.0,2.3731803594273515e-05,1.0,0.6689993368946,0.007426228257827461,4,/volumes/Seagate/mtg-jamendo-dataset/01/1371501.mp3
180.06204081632654,120.18531976744185,0.1362302303314209,-22.763750076293945,11,1,0.5604780683106274,0.0,0.014749837573617697,1.0,0.6025181906662359,0.2831203304231167,4,/volumes/Seagate/mtg-jamendo-dataset/01/1294201.mp3
55.4,132.51201923076923,0.27426478266716003,-21.70893096923828,7,0,0.5349220552901734,0.0,0.013429335784167051,1.0,0.372549104373395,0.0035974394995719194,4,/volumes/Seagate/mtg-jamendo-dataset/01/255301.mp3
374.9066666666667,117.45383522727273,0.2717505693435669,-7.362330436706543,4,1,0.5974020983155812,0.0,0.0011359158670529723,1.0,0.7921146057481525,1.0,4,/volumes/Seagate/mtg-jamendo-dataset/01/16101.mp3
183.18045833333332,112.5,0.175319105386734,-21.435972213745117,4,1,0.5594567488157216,0.0,4.864978836849332e-05,1.0,0.4744215129659817,0.005795712349936366,4,/volumes/Seagate/mtg-jamendo-dataset/01/1115701.mp3
201.4285941043084,139.6748310810811,0.32753586769104004,-13.06983757019043,9,1,0.5655916775984373,0.0,0.003510623937472701,1.0,0.6931648083568244,1.0,4,/volumes/Seagate/mtg-jamendo-dataset/01/899001.mp3
399.5950566893424,103.359375,0.3285919725894928,-5.305785655975342,2,1,0.5525364837705726,0.0,0.0020087131415493786,1.0,0.7128434191508255,1.0,4,/volumes/Seagate/mtg-jamendo-dataset/01/464901.mp3
200.3618820861678,126.04801829268293,0.1409808248281479,-17.370960235595703,3,0,0.5578435311386079,0.0,0.0010076889011543244,1.0,0.5561092513317183,0.16083592548966408,4,/volumes/Seagate/mtg-jamendo-dataset/01/1095701.mp3
268.48,166.70866935483872,0.0656912550330162,-18.536579132080078,1,0,0.5695269874948963,0.0,0.015203895047307014,1.0,0.7329417663684723,0.053627435117959976,4,/volumes/Seagate/mtg-jamendo-dataset/01/604401.mp3
286.3636507936508,87.5926906779661,0.1452430784702301,-17.398666381835938,3,0,0.5445875453569458,0.0,0.0011941618868149817,1.0,0.47472172380590566,0.4636450856924057,4,/volumes/Seagate/mtg-jamendo-dataset/01/1337801.mp3
507.08897959183673,139.6748310810811,0.372048556804657,-6.858305931091309,8,0,0.5868850063434763,0.0,0.0008012202742975205,1.0,0.6155304331888194,0.09138822555541992,4,/volumes/Seagate/mtg-jamendo-dataset/01/502601.mp3
257.77632653061227,105.46875,0.061272770166397095,-19.49787139892578,9,1,0.5726663843973699,0.0,0.014664723537862301,1.0,0.7670696604212275,0.15341713093221188,4,/volumes/Seagate/mtg-jamendo-dataset/01/468601.mp3
204.4865306122449,135.99917763157896,0.2731620967388153,-7.115006446838379,9,1,0.5912227296105801,0.0,0.0005946163146290928,1.0,0.7845470304499573,1.0,4,/volumes/Seagate/mtg-jamendo-dataset/01/1278601.mp3
271.058820861678,84.72079918032787,0.13682587444782257,-14.455268859863281,3,0,0.5163523159323251,0.0,0.002731195301748812,1.0,0.5477511462455296,0.6250237673521042,4,/volumes/Seagate/mtg-jamendo-dataset/01/1180601.mp3
301.26666666666665,178.20581896551724,0.10468140989542007,-26.105405807495117,9,1,0.5307767031974462,0.0,0.0027339323423802853,1.0,0.6936392319605578,0.02856343286111951,4,/volumes/Seagate/mtg-jamendo-dataset/01/80701.mp3
307.9996371882086,84.72079918032787,0.10847041010856628,-14.534151077270508,7,0,0.570963966477968,0.0,0.003052194253541529,1.0,0.5374301970586595,0.49154479056596756,4,/volumes/Seagate/mtg-jamendo-dataset/01/152801.mp3
335.7866666666667,114.84375,0.22883930802345276,-12.883689880371094,2,1,0.5517081696133523,0.0,0.0043768828036263585,1.0,0.6357582289712791,1.0,4,/volumes/Seagate/mtg-jamendo-dataset/01/1210601.mp3
499.28,126.04801829268293,0.2656800448894501,-19.043312072753906,5,1,0.6055883088806207,0.0,3.290533823019359e-05,1.0,0.57004363701403,0.07472763769328594,4,/volumes/Seagate/mtg-jamendo-dataset/01/373001.mp3
252.91755102040815,90.66611842105263,0.21111048758029938,-13.949710845947266,1,1,0.548279993524994,0.0,0.00029321457986952737,1.0,0.7864490176725306,0.3324609622359276,4,/volumes/Seagate/mtg-jamendo-dataset/01/1075101.mp3
578.6879818594105,107.666015625,0.1411210596561432,-17.7216739654541,0,1,0.4991343550319566,0.0,5.4826023188070394e-05,1.0,0.5591476827414429,0.06115604192018509,4,/volumes/Seagate/mtg-jamendo-dataset/01/1089301.mp3
229.09092970521542,120.18531976744185,0.14708267152309418,-24.135282516479492,9,1,0.5187610933698237,0.0,2.3938281628943514e-05,1.0,0.4248472726527967,0.011374079622328281,4,/volumes/Seagate/mtg-jamendo-dataset/01/1415801.mp3
218.01795918367347,139.6748310810811,0.15676461160182953,-19.789194107055664,11,1,0.5323763017422929,0.0,0.0008199553994927555,1.0,0.6473652512450476,0.9509162604808807,4,/volumes/Seagate/mtg-jamendo-dataset/01/387501.mp3
140.64326530612246,105.46875,0.20602168142795563,-19.283830642700195,8,1,0.5517641919232015,0.0,0.0004971613234374672,1.0,0.5585222667788979,0.1599232293665409,4,/volumes/Seagate/mtg-jamendo-dataset/01/1400601.mp3
333.61702947845805,139.6748310810811,0.1681208312511444,-15.198127746582031,9,1,0.546832888963098,0.0,0.0011102658463642001,1.0,0.6963944423477446,0.5726210027933121,4,/volumes/Seagate/mtg-jamendo-dataset/01/1153401.mp3
228.936,95.33898305084746,0.09843404591083527,-21.855897903442383,4,1,0.5145415180941811,0.0,6.845338248240296e-05,1.0,0.5503446213982478,1.1772078067906477e-06,4,/volumes/Seagate/mtg-jamendo-dataset/01/296701.mp3
103.91045351473923,120.18531976744185,0.04203888401389122,-23.897689819335938,5,1,0.6073587513722124,0.0,0.000827272015158087,1.0,0.6531514270941544,0.0006717507494613528,4,/volumes/Seagate/mtg-jamendo-dataset/01/1346601.mp3
267.15408333333335,119.68085106382979,0.2143084853887558,-18.513469696044922,2,1,0.5419754128635578,0.0,0.000518707005539909,1.0,0.594365630342132,5.106948719912907e-05,4,/volumes/Seagate/mtg-jamendo-dataset/01/400701.mp3
217.05142857142857,92.28515625,0.19776003062725067,-15.782651901245117,5,1,0.5804774896345013,0.0,0.0015441494761034846,1.0,0.5657454953945171,0.09436917491257191,4,/volumes/Seagate/mtg-jamendo-dataset/01/726601.mp3
106.63179138321995,156.60511363636363,0.12470471858978271,-21.68417739868164,7,1,0.5661688824379498,0.0,0.000182754378329264,1.0,0.5088184913933417,0.053819320164620876,4,/volumes/Seagate/mtg-jamendo-dataset/01/484001.mp3
146.70800453514738,147.65625,0.171763077378273,-20.7711124420166,6,1,0.6387047216037595,0.0,0.0007079939532559365,1.0,0.47362548869228377,0.14341751113533974,4,/volumes/Seagate/mtg-jamendo-dataset/01/818601.mp3
204.0,156.60511363636363,0.1724320501089096,-25.14633560180664,7,1,0.521053956535205,0.0,0.0008923702407628298,1.0,0.5963187515613414,3.5968696465715766e-05,4,/volumes/Seagate/mtg-jamendo-dataset/01/1375001.mp3
83.9,161.4990234375,0.2035747766494751,-17.24456214904785,0,1,0.5197229359768993,0.0,0.0041998178930953145,1.0,0.7617631750654521,1.0,4,/volumes/Seagate/mtg-jamendo-dataset/01/1304001.mp3
105.03836734693877,123.046875,0.057960327714681625,-24.98029899597168,0,1,0.5552432633253612,0.0,0.005830744514241815,1.0,0.5673666836438845,0.020118749234825373,4,/volumes/Seagate/mtg-jamendo-dataset/01/1226201.mp3
148.06204081632654,120.18531976744185,0.05558846890926361,-26.79548454284668,0,1,0.5476470328373814,0.0,0.011779316235333681,1.0,0.5868398067876269,0.17631623893976212,4,/volumes/Seagate/mtg-jamendo-dataset/01/374601.mp3
220.00004535147391,95.703125,0.18229113519191742,-6.978944778442383,4,1,0.5915323181393892,0.0,0.015610228758305311,1.0,0.71140625,1.0,4,/volumes/Seagate/mtg-jamendo-dataset/01/49401.mp3
183.84004535147392,109.95678191489361,0.15085121989250183,-20.20253562927246,5,1,0.5772557052492004,0.0,0.0033401510445401073,1.0,0.5214056859004573,0.006742104887962341,4,/volumes/Seagate/mtg-jamendo-dataset/01/1194701.mp3
253.1265306122449,120.18531976744185,0.10341240465641022,-22.920923233032227,7,0,0.5832372496379123,0.0,0.0005091381899546832,1.0,0.47445976874783946,0.017808491829782724,4,/volumes/Seagate/mtg-jamendo-dataset/01/129501.mp3
124.27319727891157,97.50884433962264,0.21491602063179016,-11.545598030090332,7,0,0.5792160482897695,0.0,0.0022499383776448667,1.0,0.5151761984771005,0.20897120237350464,4,/volumes/Seagate/mtg-jamendo-dataset/01/1131101.mp3
124.97732426303855,109.95678191489361,0.17973211407661438,-20.673250198364258,6,0,0.5398172452469954,0.0,0.00020197607955196872,1.0,0.46698869024191103,0.021791367325931787,4,/volumes/Seagate/mtg-jamendo-dataset/01/1086601.mp3
308.81650793650795,114.84375,0.48329028487205505,-5.122665882110596,3,0,0.5900472452868089,0.0,0.0005635411944240332,1.0,0.5397915758186116,1.0,4,/volumes/Seagate/mtg-jamendo-dataset/01/1259701.mp3
512.1567346938775,120.18531976744185,0.16693605482578278,-19.099224090576172,9,1,0.5861892432702855,0.0,0.00019154004257870838,1.0,0.5903736032915341,0.1872921921312809,4,/volumes/Seagate/mtg-jamendo-dataset/01/1414101.mp3
222.9551020408163,126.04801829268293,0.06381375342607498,-21.691606521606445,4,1,0.5613964281707888,0.0,0.0024363871780224144,1.0,0.6785412648795048,0.06332631222903728,4,/volumes/Seagate/mtg-jamendo-dataset/01/1222501.mp3
139.9352380952381,156.60511363636363,0.1515941321849823,-15.088786125183105,2,1,0.6032538987391745,0.0,0.001000716642010957,1.0,0.7281338959249903,0.16675272956490517,4,/volumes/Seagate/mtg-jamendo-dataset/01/1158501.mp3
208.0,90.66611842105263,0.10772343724966049,-19.866371154785156,0,0,0.5948386800426141,0.0,0.007393882144242525,1.0,0.4488208734318059,1.0,4,/volumes/Seagate/mtg-jamendo-dataset/01/1132201.mp3
250.96126984126985,117.45383522727273,0.12102658301591873,-23.193309783935547,2,0,0.5784242823191548,0.0,0.0018160977051593363,1.0,0.4994922255116614,3.925888947264866e-08,4,/volumes/Seagate/mtg-jamendo-dataset/01/1343001.mp3
177.5114058956916,109.95678191489361,0.04628633335232735,-32.96965789794922,0,1,0.5320584450794792,0.0,0.001634583924897015,1.0,0.5115203093085312,2.0141928871453274e-05,4,/volumes/Seagate/mtg-jamendo-dataset/01/390001.mp3
293.23485260770974,120.18531976744185,0.30417710542678833,-7.915709495544434,9,1,0.6039730466411346,0.0,0.0008632074168417603,1.0,0.66972888568464,1.0,4,/volumes/Seagate/mtg-jamendo-dataset/01/912701.mp3
126.08038548752835,135.99917763157896,0.15580983459949493,-18.97366714477539,4,1,0.5148672395209402,0.0,0.0008664369815960526,1.0,0.6860585748711632,0.2505502477288246,4,/volumes/Seagate/mtg-jamendo-dataset/01/38001.mp3
219.31034013605444,87.5926906779661,0.11657338589429855,-13.932711601257324,11,1,0.5435468538835824,0.0,0.0029751767870038748,1.0,0.6951853813559323,0.632975623011589,4,/volumes/Seagate/mtg-jamendo-dataset/01/1399901.mp3
154.0,132.51201923076923,0.08918284624814987,-14.774885177612305,2,1,0.5844765991202715,0.0,0.012791348621249199,1.0,0.765946708745336,0.11842845007777214,4,/volumes/Seagate/mtg-jamendo-dataset/01/263601.mp3
234.92580498866212,156.60511363636363,0.18504948914051056,-10.08853530883789,11,1,0.568850580696542,0.0,0.0030928566120564938,1.0,0.7810051968655954,0.5363339930772781,4,/volumes/Seagate/mtg-jamendo-dataset/01/1046901.mp3
444.05548752834466,161.4990234375,0.23863646388053894,-11.780564308166504,9,1,0.592585147139044,0.0,0.00012852463260060176,1.0,0.729919582217117,0.505317747592926,4,/volumes/Seagate/mtg-jamendo-dataset/01/311101.mp3
221.32004535147394,129.19921875,0.04061107337474823,-30.583078384399414,9,1,0.527409343407062,0.0,0.0043098279275000095,1.0,0.5892439361406203,0.0001208217963721836,4,/volumes/Seagate/mtg-jamendo-dataset/01/970601.mp3
165.32294784580498,132.51201923076923,0.24145196378231049,-10.338293075561523,4,1,0.5949016934103475,0.0,0.004133963375352323,1.0,0.6960493331104797,0.41862234473228455,4,/volumes/Seagate/mtg-jamendo-dataset/01/1317901.mp3
209.26666666666668,166.70866935483872,0.2314223200082779,-14.2742919921875,9,1,0.5645794349472238,0.0,0.0042054131627082825,1.0,0.71557081756218,0.04454837180674076,4,/volumes/Seagate/mtg-jamendo-dataset/01/287701.mp3
103.57759637188208,114.84375,0.10525023192167282,-22.548133850097656,7,1,0.5664308448930871,0.0,0.005679860478267074,1.0,0.6472865191772927,0.7137059420347214,4,/volumes/Seagate/mtg-jamendo-dataset/01/1416001.mp3
121.91637188208617,143.5546875,0.055287644267082214,-32.148624420166016,4,1,0.5222224193715126,0.0,3.014455705852015e-05,1.0,0.4323742178214988,2.9006946533627342e-05,4,/volumes/Seagate/mtg-jamendo-dataset/01/238201.mp3
158.25086167800453,135.99917763157896,0.2854396402835846,-8.04925537109375,4,1,0.5828513671892481,0.0,0.0019642775296233594,1.0,0.7312759013399036,0.3904080390930176,4,/volumes/Seagate/mtg-jamendo-dataset/01/1149701.mp3
246.87501133786847,139.6748310810811,0.23659363389015198,-9.515076637268066,6,1,0.579893573986543,0.0,0.024494491517543793,1.0,0.7993496621621623,1.0,4,/volumes/Seagate/mtg-jamendo-dataset/01/1180401.mp3
308.0108616780045,120.18531976744185,0.09579439461231232,-23.091888427734375,9,0,0.6007102573752552,0.0,0.0013522081717383116,1.0,0.5443347841033176,1.0,4,/volumes/Seagate/mtg-jamendo-dataset/01/1404701.mp3
242.82666666666665,112.34714673913044,0.18331830203533173,-10.889007568359375,8,0,0.5655107901370001,0.0,0.007564615225419402,1.0,0.5955831051234833,0.5681924521923065,4,/volumes/Seagate/mtg-jamendo-dataset/01/165901.mp3
124.91755102040817,107.666015625,0.10218938440084457,-23.42499351501465,5,1,0.5457921712148891,0.0,6.621581405852339e-06,1.0,0.5480147292223798,0.02166940364986658,4,/volumes/Seagate/mtg-jamendo-dataset/01/1381401.mp3
348.52566893424034,95.703125,0.39840561151504517,-7.131898880004883,7,1,0.5465092353605294,0.0,0.0020101371919736266,1.0,0.6805525869501543,1.0,4,/volumes/Seagate/mtg-jamendo-dataset/01/464501.mp3
237.79265306122448,107.666015625,0.11415287107229233,-22.65631103515625,9,1,0.5780060212391187,0.0,1.1371964319550898e-05,1.0,0.46781558559632186,0.0006528956873808056,4,/volumes/Seagate/mtg-jamendo-dataset/01/349401.mp3
330.1877551020408,147.65625,0.3136923313140869,-8.673285484313965,4,1,0.5915823154008135,0.0,0.000314940232783556,1.0,0.7313666540919608,0.32898642122745514,4,/volumes/Seagate/mtg-jamendo-dataset/01/310401.mp3
180.23993197278912,129.19921875,0.1322055459022522,-20.926816940307617,5,0,0.5428499620389016,0.0,0.0038679580902680755,1.0,0.528679009340983,0.2807610295712948,4,/volumes/Seagate/mtg-jamendo-dataset/01/890101.mp3
313.04201814058956,129.19921875,0.0910622775554657,-30.97742462158203,8,0,0.48558659899010725,0.0,8.289694733321085e-06,1.0,0.4186513899076334,6.329249117698055e-05,4,/volumes/Seagate/mtg-jamendo-dataset/01/460301.mp3
162.82122448979592,114.84375,0.18387417495250702,-12.351245880126953,2,1,0.6013204016884524,0.0,6.008164018567186e-05,1.0,0.6486724662745303,0.08672524243593216,4,/volumes/Seagate/mtg-jamendo-dataset/01/373101.mp3
636.3166439909297,97.50884433962264,0.04933733493089676,-26.893144607543945,9,1,0.5654002475423596,0.0,0.002213729952927679,1.0,0.597683651583828,0.007409713580273092,4,/volumes/Seagate/mtg-jamendo-dataset/01/1193401.mp3
349.10147392290247,99.38401442307692,0.10770077258348465,-21.976390838623047,2,1,0.5747633217408159,0.0,0.0015377825475297868,1.0,0.543652690942382,0.016120531363412738,4,/volumes/Seagate/mtg-jamendo-dataset/01/1171701.mp3
159.2888888888889,120.18531976744185,0.02674042247235775,-35.27680969238281,2,1,0.5530309206801822,0.0,0.0002192633182858117,1.0,0.46480912831580246,0.0009741464600665495,4,/volumes/Seagate/mtg-jamendo-dataset/01/1400501.mp3
253.92755102040817,114.84375,0.08662326633930206,-27.855884552001953,2,0,0.5525432459705277,0.0,0.00037989112024661154,1.0,0.3864535883875485,0.00035676875995704904,4,/volumes/Seagate/mtg-jamendo-dataset/01/1150101.mp3
237.14666666666668,161.4990234375,0.06645824015140533,-22.594295501708984,9,1,0.564039640797547,0.0,0.0013502996298484504,1.0,0.733958708836566,0.07916710339486599,4,/volumes/Seagate/mtg-jamendo-dataset/01/14301.mp3
135.45,109.95678191489361,0.0998804122209549,-23.841327667236328,9,1,0.5306120870673168,0.0,0.00040992409049067646,1.0,0.5647834136788566,0.006497850408777595,4,/volumes/Seagate/mtg-jamendo-dataset/01/80801.mp3
194.79510204081632,139.6748310810811,0.42734500765800476,-6.717008113861084,8,0,0.5402442758314204,0.0,0.001590707979630679,1.0,0.6290368113775959,1.0,4,/volumes/Seagate/mtg-jamendo-dataset/01/1296301.mp3
168.3492290249433,135.99917763157896,0.02156796306371689,-39.33699035644531,7,1,0.48763994964843616,0.0,0.00010689214104786515,1.0,0.6380692069153105,0.0003243383252993226,4,/volumes/Seagate/mtg-jamendo-dataset/01/1266901.mp3
173.46666666666667,123.046875,0.1822773665189743,-15.075604438781738,3,0,0.5463226891866413,0.0,0.012913827784359455,1.0,0.5353417950748399,0.07214543875306845,4,/volumes/Seagate/mtg-jamendo-dataset/01/1333701.mp3
217.73925170068028,129.19921875,0.11448816955089569,-17.09577751159668,0,0,0.5812147736181291,0.0,0.0014990054187364876,1.0,0.6172384074075277,0.12110350653529167,4,/volumes/Seagate/mtg-jamendo-dataset/01/1180801.mp3
