duration,tempo,energy,loudness,key,mode,acousticness,instrumentalness,speechiness,danceability,valence,liveness,time_signature,filename
261.2244897959184,135.99917763157896,0.6759682893753052,4.254309177398682,4,1,0.614169664716012,0.0,0.005175096681341529,1.0,0.7877396414049178,1.0,4,/volumes/Seagate/mtg-jamendo-dataset/03/1345603.mp3
207.42965986394557,139.6748310810811,0.10671138763427734,-20.242216110229492,9,1,0.5281069164880217,0.0,0.024502957239747047,1.0,0.6867214965202668,0.3946765512228012,4,/volumes/Seagate/mtg-jamendo-dataset/03/1247103.mp3
371.41208616780045,156.60511363636363,0.18748776614665985,-15.052431106567383,8,0,0.5676576988231403,0.0,0.000813240185379982,1.0,0.6336944510432158,0.0877462700009346,4,/volumes/Seagate/mtg-jamendo-dataset/03/1343403.mp3
193.1715192743764,112.34714673913044,0.04055800288915634,-36.76899337768555,8,0,0.5408957329549628,0.0,0.0013308139750733972,1.0,0.3734368603487852,1.1418507739335837e-06,4,/volumes/Seagate/mtg-jamendo-dataset/03/334703.mp3
202.10938775510203,107.666015625,0.25289005041122437,-8.921649932861328,9,1,0.601883924622768,0.0,0.0030346900457516313,1.0,0.6198125075409477,0.04087258130311966,4,/volumes/Seagate/mtg-jamendo-dataset/03/199503.mp3
296.58537414965986,123.046875,0.12105031311511993,-14.823542594909668,7,1,0.5780051874084418,0.0,0.004689972032792866,1.0,0.76609375,1.0,4,/volumes/Seagate/mtg-jamendo-dataset/03/113803.mp3
274.2921315192744,105.46875,0.08966656774282455,-27.393455505371094,4,1,0.5401230613566437,0.0,0.00022766761685488746,1.0,0.5223304369641746,0.0013700511772185564,4,/volumes/Seagate/mtg-jamendo-dataset/03/1408403.mp3
288.3134693877551,99.38401442307692,0.19749677181243896,-12.28154182434082,8,0,0.5799140267627576,0.0,0.0007863212667871267,1.0,0.5746724696777983,1.0,4,/volumes/Seagate/mtg-jamendo-dataset/03/81503.mp3
233.84616780045351,117.45383522727273,0.17331857979297638,-14.667116165161133,3,0,0.602967132886242,0.0,0.008542574476450682,1.0,0.6039922903046772,1.0,4,/volumes/Seagate/mtg-jamendo-dataset/03/263203.mp3
208.0859410430839,90.66611842105263,0.18279911577701569,-17.026439666748047,3,0,0.5838080417133626,0.0,0.00043419114081189036,1.0,0.42220797698648027,0.09759495034813881,4,/volumes/Seagate/mtg-jamendo-dataset/03/653703.mp3
224.23510204081632,120.18531976744185,0.27063068747520447,-11.053518295288086,9,1,0.5536144365610434,0.0,0.0040307947201654315,1.0,0.6699533751099014,0.6255926936864853,4,/volumes/Seagate/mtg-jamendo-dataset/03/1287803.mp3
245.6,129.19921875,0.22080588340759277,-19.810104370117188,0,1,0.5034117737379717,0.0,0.0024669842678122222,1.0,0.5977995172678308,0.04589532967656851,4,/volumes/Seagate/mtg-jamendo-dataset/03/1294003.mp3
414.30204081632655,172.265625,0.2576839327812195,-14.603046417236328,3,0,0.5176500786132792,0.0,0.0019881505868397653,1.0,0.7130961363365804,1.0,4,/volumes/Seagate/mtg-jamendo-dataset/03/604203.mp3
146.19442176870749,143.5546875,0.19770291447639465,-20.91960906982422,0,0,0.5850647775701606,0.0,0.0013272334181237966,1.0,0.413733018777796,0.025937689933925867,4,/volumes/Seagate/mtg-jamendo-dataset/03/1328103.mp3
169.5880045351474,126.04801829268293,0.17294152081012726,-12.3187255859375,5,0,0.5794464792488375,0.0,0.006014976650476456,1.0,0.613087655608344,1.0,4,/volumes/Seagate/mtg-jamendo-dataset/03/718303.mp3
96.13061224489796,114.84375,0.05341792851686478,-34.484718322753906,2,0,0.5611648372431903,0.0,0.0004955129261361435,1.0,0.3807517745954092,6.186893642734503e-05,4,/volumes/Seagate/mtg-jamendo-dataset/03/238203.mp3
185.38145124716553,120.18531976744185,0.2862320840358734,-8.28412914276123,3,0,0.6054849868489338,0.0,0.000734281784389168,1.0,0.5472704938520226,1.0,4,/volumes/Seagate/mtg-jamendo-dataset/03/1414803.mp3
98.4881179138322,123.046875,0.152468740940094,-28.18529510498047,4,1,0.5476026450816569,0.0,7.433616474372684e-06,1.0,0.6349776113010103,6.823449894000078e-07,4,/volumes/Seagate/mtg-jamendo-dataset/03/150803.mp3
148.58750566893423,99.38401442307692,0.16073830425739288,-16.65939712524414,9,1,0.5822159007296883,0.0,0.0012930970697198063,1.0,0.5842830745977906,0.37972133606672287,4,/volumes/Seagate/mtg-jamendo-dataset/03/1287603.mp3
169.0,123.046875,0.2508018910884857,-9.96810245513916,0,0,0.6017664019605827,0.0,0.0014185325999278575,1.0,0.5610636819266324,0.7724281400442123,4,/volumes/Seagate/mtg-jamendo-dataset/03/1353303.mp3
210.83721088435374,117.45383522727273,0.07082423567771912,-31.631528854370117,7,1,0.5640350457517416,0.0,0.00038116062933113426,1.0,0.4287635777887643,5.83400208142848e-06,4,/volumes/Seagate/mtg-jamendo-dataset/03/155503.mp3
356.6250113378685,166.70866935483872,0.26352471113204956,-16.774694442749023,9,1,0.5670366531199369,0.0,0.0001229299850820098,1.0,0.4950607334290712,0.024116942659020424,4,/volumes/Seagate/mtg-jamendo-dataset/03/1409403.mp3
184.5,156.60511363636363,0.2465602606534958,-13.749898910522461,4,1,0.521357904919579,0.0,0.0011045618739444762,1.0,0.7066968952530039,0.6495000422000885,4,/volumes/Seagate/mtg-jamendo-dataset/03/1179403.mp3
180.0,120.18531976744185,0.19756674766540527,-15.541123390197754,6,1,0.5383428650733821,0.0,0.0008338178449776024,1.0,0.672231756273548,0.6909206509590149,4,/volumes/Seagate/mtg-jamendo-dataset/03/1383803.mp3
155.0,112.34714673913044,0.07273595035076141,-31.01179313659668,4,1,0.522067839870067,0.0,7.2472391821065685e-06,1.0,0.4338795666232889,0.0003845379615086131,4,/volumes/Seagate/mtg-jamendo-dataset/03/1167103.mp3
444.26961451247166,107.666015625,0.12257911264896393,-19.6157169342041,0,1,0.5910060548435546,0.0,0.00020451348245842382,1.0,0.5971526735808238,0.027613728307187557,4,/volumes/Seagate/mtg-jamendo-dataset/03/133103.mp3
258.54063492063494,105.46875,0.11428159475326538,-26.363868713378906,4,1,0.5176847804987132,0.0,0.00017577198013896123,1.0,0.5342670521444651,0.021747639402747154,4,/volumes/Seagate/mtg-jamendo-dataset/03/181803.mp3
155.0,120.18531976744185,0.046083901077508926,-30.23951530456543,7,1,0.538054660538758,0.0,0.0006742811965523288,1.0,0.5208719165567526,3.0841586067253957e-05,4,/volumes/Seagate/mtg-jamendo-dataset/03/1170403.mp3
279.22392290249434,123.046875,0.198415607213974,-10.935901641845703,0,1,0.5901630270892869,0.0,0.002968483488075435,1.0,0.6846610718768729,0.6851870566606522,4,/volumes/Seagate/mtg-jamendo-dataset/03/1413903.mp3
213.81224489795918,123.046875,0.15273721516132355,-14.925345420837402,6,1,0.5552877801985965,0.0,0.0007206703157862648,1.0,0.6883549013489566,0.3957314044237137,4,/volumes/Seagate/mtg-jamendo-dataset/03/1396603.mp3
168.2818820861678,120.18531976744185,0.21085324883460999,-16.158164978027344,2,1,0.5327347893570359,0.0,0.00038534420309588313,1.0,0.6283799012711578,0.27146950364112854,4,/volumes/Seagate/mtg-jamendo-dataset/03/1347103.mp3
128.6035827664399,139.6748310810811,0.07780137658119202,-24.766647338867188,9,1,0.502684358170111,0.0,0.00043340306729078293,1.0,0.6671643529160054,0.10067918337881565,4,/volumes/Seagate/mtg-jamendo-dataset/03/1321603.mp3
442.200022675737,99.38401442307692,0.12110214680433273,-18.959972381591797,3,0,0.5693009401682154,0.0,0.0007148197910282761,1.0,0.47388228929511844,0.3664303570985794,4,/volumes/Seagate/mtg-jamendo-dataset/03/1305603.mp3
185.52809523809523,151.99908088235293,0.14121980965137482,-21.23466682434082,9,1,0.564386637939687,0.0,0.0005738349136663601,1.0,0.6276854339071131,0.007284325547516346,4,/volumes/Seagate/mtg-jamendo-dataset/03/38403.mp3
193.86666666666667,139.6748310810811,0.13873390853405,-13.474197387695312,11,1,0.5887262695575666,0.0,0.0009101873729377985,1.0,0.7317260349638092,0.1503523625433445,4,/volumes/Seagate/mtg-jamendo-dataset/03/168403.mp3
1477.5968934240364,105.46875,0.16230806708335876,-21.698368072509766,7,1,0.5372011651722981,0.0,0.00023903747205622494,1.0,0.531774386995352,0.1467958278954029,4,/volumes/Seagate/mtg-jamendo-dataset/03/36603.mp3
360.05986394557823,120.18531976744185,0.20138125121593475,-11.387077331542969,2,1,0.6012498327428413,0.0,0.0008754878654144704,1.0,0.6656612738269636,0.3105144202709198,4,/volumes/Seagate/mtg-jamendo-dataset/03/1179203.mp3
185.15591836734694,129.19921875,0.1185101568698883,-17.2517032623291,5,0,0.593013510657586,0.0,0.0007376025896519423,1.0,0.5518893776911836,0.21566197276115417,4,/volumes/Seagate/mtg-jamendo-dataset/03/1131403.mp3
85.0,123.046875,0.047428276389837265,-31.07220458984375,0,0,0.492440035865092,0.0,0.0019660445395857096,1.0,0.40055450796299225,0.001999814994633198,4,/volumes/Seagate/mtg-jamendo-dataset/03/1070703.mp3
215.09224489795918,139.6748310810811,0.22382643818855286,-11.523402214050293,0,1,0.5727597007029083,0.0,0.0012134462012909353,1.0,0.7399215689444647,1.0,4,/volumes/Seagate/mtg-jamendo-dataset/03/23003.mp3
168.5681632653061,123.046875,0.2641317546367645,-8.839300155639648,4,1,0.574944569074505,0.0,0.02053714357316494,1.0,0.6982272345257782,1.0,4,/volumes/Seagate/mtg-jamendo-dataset/03/875003.mp3
109.71428571428571,105.46875,0.06244996190071106,-30.277721405029297,10,0,0.5241990727916996,0.0,0.00038668264460284263,1.0,0.38410316362849617,3.4878669907811855e-06,4,/volumes/Seagate/mtg-jamendo-dataset/03/646803.mp3
1099.969954648526,109.95678191489361,0.10714589804410934,-20.04526710510254,3,0,0.5668164065404229,0.0,0.00026931292813969776,1.0,0.48901154233743943,0.1693464256823063,4,/volumes/Seagate/mtg-jamendo-dataset/03/1088103.mp3
448.05224489795916,126.04801829268293,0.22492972016334534,-13.835685729980469,7,1,0.5699505899311837,0.0,0.0008679187449160963,1.0,0.6475138592255686,0.46874094754457474,4,/volumes/Seagate/mtg-jamendo-dataset/03/518603.mp3
472.3636507936508,109.95678191489361,0.14806555211544037,-19.917827606201172,10,0,0.569227517982004,0.0,0.0003647914491011761,1.0,0.48191860165330197,0.1659071259200573,4,/volumes/Seagate/mtg-jamendo-dataset/03/251903.mp3
884.1404081632653,161.4990234375,0.1431637555360794,-19.296918869018555,1,0,0.570013977271849,0.0,0.0004706375766545534,1.0,0.39780996319409423,0.0853550061583519,4,/volumes/Seagate/mtg-jamendo-dataset/03/1106003.mp3
143.5626984126984,129.19921875,0.20176461338996887,-15.734662055969238,7,0,0.6182768170008824,0.0,0.0016832646215334535,1.0,0.5548054163657804,0.8606678992509842,4,/volumes/Seagate/mtg-jamendo-dataset/03/1121403.mp3
235.01,129.19921875,0.17710793018341064,-11.140328407287598,11,1,0.5695440862241116,0.0,0.002812732185702771,1.0,0.741998063978086,1.0,4,/volumes/Seagate/mtg-jamendo-dataset/03/362403.mp3
176.82666666666665,123.046875,0.18682488799095154,-13.28961181640625,2,1,0.5972904955011933,0.0,0.016677718609571457,1.0,0.6381649115555594,1.0,4,/volumes/Seagate/mtg-jamendo-dataset/03/1236303.mp3
213.51022675736962,117.45383522727273,0.26566627621650696,-9.633882522583008,4,1,0.5620117672826789,0.0,0.002066763408947736,1.0,0.6765743548171104,0.06635928526520729,4,/volumes/Seagate/mtg-jamendo-dataset/03/973503.mp3
514.9466666666667,126.04801829268293,0.040366001427173615,-28.457380294799805,9,1,0.5154902588897485,0.0,0.002060899743810296,1.0,0.6643066586367188,0.001773442781995982,4,/volumes/Seagate/mtg-jamendo-dataset/03/270103.mp3
612.989387755102,126.04801829268293,0.2368485927581787,-12.123542785644531,7,1,0.5974551786099207,0.0,0.0008788318082224578,1.0,0.7178292536240315,0.5442990735173225,4,/volumes/Seagate/mtg-jamendo-dataset/03/1397903.mp3
240.0,105.46875,0.09201142191886902,-21.608360290527344,4,1,0.5799410592950016,0.0,0.0010710758215282112,1.0,0.5970155933410806,0.06204032804816961,4,/volumes/Seagate/mtg-jamendo-dataset/03/1398803.mp3
143.25551020408165,99.38401442307692,0.06612005084753036,-23.85342788696289,10,0,0.5550643297145361,0.0,0.0002406790154054761,1.0,0.4579604312858673,0.02551342360675335,4,/volumes/Seagate/mtg-jamendo-dataset/03/128303.mp3
204.06666666666666,109.95678191489361,0.11180651932954788,-23.663856506347656,8,0,0.5268030019053478,0.0,0.005929234670475125,1.0,0.44935334622502543,0.07741500157862902,4,/volumes/Seagate/mtg-jamendo-dataset/03/1051203.mp3
81.52229024943311,99.38401442307692,0.12681803107261658,-20.50789451599121,0,1,0.5432491683994265,0.0,0.00012431929644662887,1.0,0.5486087856456452,0.03553413785994053,4,/volumes/Seagate/mtg-jamendo-dataset/03/1265903.mp3
306.61986394557823,90.66611842105263,0.209178626537323,-16.96712875366211,7,1,0.570268635226203,0.0,0.0002326206667930819,1.0,0.5530819352257043,0.5090217292308807,4,/volumes/Seagate/mtg-jamendo-dataset/03/372603.mp3
217.96,87.5926906779661,0.08429908007383347,-27.773822784423828,11,1,0.5746008251684493,0.0,0.0026189731433987617,1.0,0.4971709388684162,0.047064623795449734,4,/volumes/Seagate/mtg-jamendo-dataset/03/1219603.mp3
268.4210625,127.8409090909091,0.17508116364479065,-12.543232917785645,10,0,0.60006017245962,0.0,0.0005444483977044001,1.0,0.568384015465849,0.8664753288030624,4,/volumes/Seagate/mtg-jamendo-dataset/03/1136903.mp3
117.92430839002267,103.359375,0.022237177938222885,-39.469879150390625,10,0,0.5272476389291547,0.0,0.0012414194934535772,1.0,0.378451208826736,2.0844152004428906e-05,4,/volumes/Seagate/mtg-jamendo-dataset/03/1193303.mp3
231.09333333333333,123.046875,0.24358810484409332,-10.310750007629395,5,0,0.5944381715509528,0.0,0.009931439068168402,1.0,0.56145508606432,0.019050970440730453,4,/volumes/Seagate/mtg-jamendo-dataset/03/400403.mp3
412.60408163265305,139.6748310810811,0.46650171279907227,-6.640993595123291,0,1,0.6072616458791325,0.0,0.00013265144298202358,1.0,0.7044167306465111,0.019032135605812073,4,/volumes/Seagate/mtg-jamendo-dataset/03/454903.mp3
309.2133333333333,135.99917763157896,0.09672413021326065,-14.885049819946289,0,1,0.5643851059234105,0.0,0.019305283203721046,1.0,0.791998355263158,0.3776317462325096,4,/volumes/Seagate/mtg-jamendo-dataset/03/271103.mp3
573.3496145124717,120.18531976744185,0.07775483280420303,-25.00963592529297,3,0,0.5838123762516034,0.0,0.0003275175404269248,1.0,0.3601879100707394,0.01111522433348,4,/volumes/Seagate/mtg-jamendo-dataset/03/1395103.mp3
168.0,151.99908088235293,0.055417947471141815,-34.07746505737305,5,0,0.5451744412044197,0.0,0.0004672150971600786,1.0,0.2973328778883187,1.6906913913317112e-06,4,/volumes/Seagate/mtg-jamendo-dataset/03/1210603.mp3
375.7030625,85.22727272727273,0.11599075794219971,-19.77547836303711,4,1,0.5911862468524014,0.0,0.014186037238687277,1.0,0.5527753126555058,0.2395418845117092,4,/volumes/Seagate/mtg-jamendo-dataset/03/1137203.mp3
384.41938775510204,135.99917763157896,0.13186627626419067,-24.579326629638672,0,1,0.6234203493455277,0.0,0.0005524186708498746,1.0,0.44959055470350456,0.00013379349184106104,4,/volumes/Seagate/mtg-jamendo-dataset/03/1150403.mp3
308.0108616780045,120.18531976744185,0.07649659365415573,-17.644174575805664,4,1,0.60892241194844,0.0,0.003245462430641055,1.0,0.7361807916666898,1.0,4,/volumes/Seagate/mtg-jamendo-dataset/03/1234703.mp3
274.05061224489793,120.18531976744185,0.14487794041633606,-10.154757499694824,9,1,0.5993767736513749,0.0,0.007452456979081035,1.0,0.8764116379310345,1.0,4,/volumes/Seagate/mtg-jamendo-dataset/03/1381003.mp3
558.332902494331,123.046875,0.005663780961185694,-45.055381774902344,2,1,0.6263020462668683,0.0,0.00021210154955042526,0.7231498860137893,0.6164447624669878,2.1675698462786386e-05,4,/volumes/Seagate/mtg-jamendo-dataset/03/1400803.mp3
185.76,120.18531976744185,0.2401382178068161,-4.3627119064331055,0,0,0.5822416234253966,0.0,0.005220739636570215,1.0,0.6403706395348837,1.0,4,/volumes/Seagate/mtg-jamendo-dataset/03/953503.mp3
213.01333333333332,123.046875,0.20335839688777924,-14.57376766204834,8,1,0.5583323723239657,0.0,0.002076264296192676,1.0,0.682432612546222,1.0,4,/volumes/Seagate/mtg-jamendo-dataset/03/1194603.mp3
123.21573696145124,126.04801829268293,0.0673942044377327,-21.78895378112793,2,1,0.616339640139177,0.0,0.00028528523398563266,1.0,0.6497097097527662,0.0013459600450005382,4,/volumes/Seagate/mtg-jamendo-dataset/03/1346603.mp3
755.8791836734694,139.6748310810811,0.13676302134990692,-18.462854385375977,0,1,0.5578960834312652,0.0,4.9080779717769474e-05,1.0,0.6603361529734971,0.0500806700438261,4,/volumes/Seagate/mtg-jamendo-dataset/03/1146203.mp3
85.49984126984127,120.18531976744185,0.1907871663570404,-14.779280662536621,9,1,0.5622774385723623,0.0,0.0025769040221348405,1.0,0.698846859747259,0.34115754067897797,4,/volumes/Seagate/mtg-jamendo-dataset/03/153403.mp3
470.24111111111114,135.99917763157896,0.1023828312754631,-25.559158325195312,10,0,0.5645067334222187,0.0,0.00012632964353542775,1.0,0.36675942098899755,0.005580752622336149,4,/volumes/Seagate/mtg-jamendo-dataset/03/1066203.mp3
114.12897959183674,166.70866935483872,0.323562353849411,-14.725946426391602,8,1,0.5762706423499817,0.0,0.003192335134372115,1.0,0.7048052213632776,0.07520231418311596,4,/volumes/Seagate/mtg-jamendo-dataset/03/1400603.mp3
73.85095238095238,129.19921875,0.07809838652610779,-35.58271026611328,9,1,0.4041310686757512,0.0,0.006550520192831755,1.0,0.37828310235213647,1.0104068692839974e-07,4,/volumes/Seagate/mtg-jamendo-dataset/03/1345303.mp3
269.9504761904762,135.99917763157896,0.10718552768230438,-15.4266939163208,5,1,0.5863054269631154,0.0,0.0004922174848616123,1.0,0.7157126372166585,0.09118026122450829,4,/volumes/Seagate/mtg-jamendo-dataset/03/1393403.mp3
172.95780045351475,114.84375,0.2733417749404907,-6.422250747680664,4,1,0.6147452027483532,0.0,0.009863457642495632,1.0,0.6708783916554217,0.9356371313333511,4,/volumes/Seagate/mtg-jamendo-dataset/03/429203.mp3
595.2,99.38401442307692,0.023971987888216972,-37.9348030090332,11,1,0.559753234339059,0.0,0.0003897712449543178,1.0,0.5171948546069772,0.00022343825548887253,4,/volumes/Seagate/mtg-jamendo-dataset/03/1150903.mp3
228.80943310657597,151.99908088235293,0.24236178398132324,-8.810651779174805,7,1,0.590785496638054,0.0,0.0014165424217935652,1.0,0.7538151396689194,0.44939659535884857,4,/volumes/Seagate/mtg-jamendo-dataset/03/1325603.mp3
151.77496598639456,120.18531976744185,0.0425623282790184,-25.489377975463867,9,0,0.5485778611068393,0.0,8.442625039606355e-05,1.0,0.44872930050882337,5.9580856941465754e-05,4,/volumes/Seagate/mtg-jamendo-dataset/03/702503.mp3
117.89167800453515,120.18531976744185,0.14333513379096985,-16.065719604492188,0,1,0.5492571727257469,0.0,0.0008470867469441146,1.0,0.6736902028241307,0.4016762971878052,4,/volumes/Seagate/mtg-jamendo-dataset/03/1357303.mp3
272.7857142857143,139.6748310810811,0.3336881697177887,-3.488955497741699,9,0,0.6145376560353836,0.0,0.0031019897432997823,1.0,0.6349043316189702,0.547211728990078,4,/volumes/Seagate/mtg-jamendo-dataset/03/159203.mp3
190.3542857142857,114.84375,0.07619809359312057,-20.989835739135742,7,1,0.5368782720628424,0.0,0.00011591724614845589,1.0,0.7418058755748833,0.05838154815137386,4,/volumes/Seagate/mtg-jamendo-dataset/03/296703.mp3
192.6018820861678,172.265625,0.1747485101222992,-17.945024490356445,5,1,0.555668417662534,0.0,0.002915295772254467,1.0,0.7084238175179545,0.12698976323008537,4,/volumes/Seagate/mtg-jamendo-dataset/03/480703.mp3
136.74666666666667,90.66611842105263,0.05639483034610748,-23.65882110595703,0,1,0.620687116673192,0.0,0.00023682301252847537,1.0,0.5695469230641272,0.006890910444781184,4,/volumes/Seagate/mtg-jamendo-dataset/03/6703.mp3
63.99466666666667,93.75,0.21419686079025269,-19.336042404174805,4,1,0.5799465340373963,0.0,6.428780034184456e-05,1.0,0.5546242740914643,0.2191488817334175,4,/volumes/Seagate/mtg-jamendo-dataset/03/697303.mp3
171.5461224489796,139.6748310810811,0.13501153886318207,-15.252307891845703,4,1,0.5599758057753008,0.0,0.0006809091428294778,1.0,0.7571234428011386,0.3423279896378517,4,/volumes/Seagate/mtg-jamendo-dataset/03/1374703.mp3
300.56489795918367,114.84375,0.15427842736244202,-20.849985122680664,7,0,0.6056319593418495,0.0,0.0004199451796011999,1.0,0.46156286085375897,0.253609512001276,4,/volumes/Seagate/mtg-jamendo-dataset/03/210603.mp3
369.08408163265307,129.19921875,0.23468704521656036,-13.512175559997559,6,1,0.6008930973211748,0.0,0.0011547399626579136,1.0,0.6842012530321531,1.0,4,/volumes/Seagate/mtg-jamendo-dataset/03/1414203.mp3
250.85809523809525,132.51201923076923,0.21681775152683258,-13.639891624450684,8,0,0.5564026660831112,0.0,0.0015322227263823152,1.0,0.5964328587397008,0.7930897921323776,4,/volumes/Seagate/mtg-jamendo-dataset/03/1081703.mp3
180.3890022675737,129.19921875,0.07065251469612122,-23.209659576416016,9,1,0.4976574560613397,0.0,0.0010261517018079758,1.0,0.7344601769380228,0.0671611214056611,4,/volumes/Seagate/mtg-jamendo-dataset/03/1392203.mp3
132.3653514739229,109.95678191489361,0.196466863155365,-9.057999610900879,7,1,0.526952441017597,0.0,0.020549817010760307,1.0,0.7399135638297873,1.0,4,/volumes/Seagate/mtg-jamendo-dataset/03/1064503.mp3
331.18174603174606,129.19921875,0.34255337715148926,-9.569079399108887,8,0,0.5984035806422086,0.0,0.0007900864875409752,1.0,0.5682437774958904,0.9217347949743271,4,/volumes/Seagate/mtg-jamendo-dataset/03/1234503.mp3
278.24256235827664,126.04801829268293,0.23407360911369324,-12.140844345092773,2,1,0.5752604544727034,0.0,0.0006584661168744788,1.0,0.6674420144628426,0.34308791160583496,4,/volumes/Seagate/mtg-jamendo-dataset/03/347603.mp3
301.8604535147392,129.19921875,0.16554439067840576,-14.941783905029297,9,1,0.5932635067043988,0.0,0.0026099851238541305,1.0,0.7024808106639033,0.43407831341028214,4,/volumes/Seagate/mtg-jamendo-dataset/03/322103.mp3
495.39984126984126,120.18531976744185,0.20523957908153534,-18.548885345458984,9,1,0.6177623211615808,0.0,0.0001299004434258677,1.0,0.5842938483468872,0.1563076674938202,4,/volumes/Seagate/mtg-jamendo-dataset/03/1178803.mp3
209.37501133786847,109.95678191489361,0.12625445425510406,-23.497844696044922,2,1,0.54044071664453,0.0,0.0019406995852477849,1.0,0.5197629713500691,0.029114955104887486,4,/volumes/Seagate/mtg-jamendo-dataset/03/1127403.mp3
151.51562358276644,126.04801829268293,0.08717260509729385,-24.52116584777832,0,1,0.5834417584452947,0.0,0.0004419506003614515,1.0,0.637487528906768,0.03117815824225545,4,/volumes/Seagate/mtg-jamendo-dataset/03/1261203.mp3
104.57142857142857,139.6748310810811,0.2846251428127289,-8.328644752502441,9,1,0.5976210906779521,0.0,0.0025124901439994574,1.0,0.7148580071538762,0.7367050647735596,4,/volumes/Seagate/mtg-jamendo-dataset/03/31503.mp3
360.1,132.51201923076923,0.14995191991329193,-17.55790901184082,0,1,0.6065958661000698,0.0,0.005846524494700134,1.0,0.5656766683505223,1.0,4,/volumes/Seagate/mtg-jamendo-dataset/03/45103.mp3
150.0,123.046875,0.052945371717214584,-27.77104377746582,2,1,0.5117768880852358,0.0,0.001898109563626349,1.0,0.6334830022694302,0.003420081629883498,4,/volumes/Seagate/mtg-jamendo-dataset/03/1389203.mp3
148.8,99.38401442307692,0.1971787065267563,-15.51578426361084,4,1,0.5788680546772558,0.0,0.0033324945252388716,1.0,0.5883722110851528,1.0,4,/volumes/Seagate/mtg-jamendo-dataset/03/1196203.mp3
300.92308390022674,129.19921875,0.18090279400348663,-10.731650352478027,5,1,0.5515642080326165,0.0,0.003604982513934374,1.0,0.7783984375,1.0,4,/volumes/Seagate/mtg-jamendo-dataset/03/1371703.mp3
79.71428571428571,105.46875,0.04972419515252113,-28.717538833618164,2,0,0.4906905460258498,0.0,0.00485356617718935,1.0,0.485536248192139,0.007739287684671581,4,/volumes/Seagate/mtg-jamendo-dataset/03/275803.mp3
166.55802721088435,166.70866935483872,0.08749327808618546,-32.01366424560547,1,1,0.5174473834962436,0.0,0.001196498516947031,1.0,0.607282544887132,9.790247190721857e-07,4,/volumes/Seagate/mtg-jamendo-dataset/03/1241403.mp3
142.34666666666666,126.04801829268293,0.24894733726978302,-13.01906967163086,4,1,0.5983595004427824,0.0,0.016706708818674088,1.0,0.5786140616052433,0.031270566396415234,4,/volumes/Seagate/mtg-jamendo-dataset/03/7203.mp3
157.83735416666667,127.8409090909091,0.23381802439689636,-18.092405319213867,9,1,0.5619127791499885,0.0,6.646183464908972e-05,1.0,0.5989929224005909,0.04470679443329573,4,/volumes/Seagate/mtg-jamendo-dataset/03/1115703.mp3
173.62501133786847,156.60511363636363,0.2820737659931183,-10.396074295043945,2,1,0.5744522590076601,0.0,0.0003510029782773927,1.0,0.7304143939332017,1.0,4,/volumes/Seagate/mtg-jamendo-dataset/03/564203.mp3
278.2884353741497,120.18531976744185,0.20834945142269135,-20.65563201904297,2,1,0.5683857437936862,0.0,3.0239554689615034e-05,1.0,0.5362506134285095,0.02151886699721217,4,/volumes/Seagate/mtg-jamendo-dataset/03/965603.mp3
198.9,99.38401442307692,0.1444086730480194,-18.59964370727539,4,1,0.5512248562697328,0.0,0.0006465199840022251,1.0,0.5699891554777164,0.47939326614141464,4,/volumes/Seagate/mtg-jamendo-dataset/03/1388303.mp3
417.1134240362812,117.45383522727273,0.07124944776296616,-16.22157096862793,8,1,0.529949125681161,0.0,0.0007193661003839225,1.0,0.7549076704545454,1.0,4,/volumes/Seagate/mtg-jamendo-dataset/03/253303.mp3
369.0,120.18531976744185,0.16577266156673431,-15.83367919921875,0,0,0.5078528625562349,0.0,0.004270160221494734,1.0,0.6019489294518248,0.835389643907547,4,/volumes/Seagate/mtg-jamendo-dataset/03/1053503.mp3
288.8817006802721,114.84375,0.13295987248420715,-15.252669334411621,4,1,0.5857830726480577,0.0,0.0018186826491728425,1.0,0.6681498786399516,0.9491037577390671,4,/volumes/Seagate/mtg-jamendo-dataset/03/633103.mp3
150.0,107.666015625,0.11391990631818771,-26.812761306762695,10,0,0.5668989427808435,0.0,6.166154707898386e-05,1.0,0.5000512297525869,0.0014413324242923409,4,/volumes/Seagate/mtg-jamendo-dataset/03/1299803.mp3
225.1528798185941,139.6748310810811,0.18670876324176788,-15.376547813415527,1,0,0.601427903683241,0.0,0.0006535636639455333,1.0,0.5452688932782879,0.6551029533147812,4,/volumes/Seagate/mtg-jamendo-dataset/03/243403.mp3
293.472335600907,105.46875,0.1717355102300644,-16.47376823425293,2,1,0.5694403571145326,0.0,0.0003373834551894106,1.0,0.6028788035832886,0.22483911365270615,4,/volumes/Seagate/mtg-jamendo-dataset/03/1121103.mp3
342.6742857142857,90.66611842105263,0.15526562929153442,-18.50567626953125,2,0,0.6003967967582504,0.0,0.0007830445538274944,1.0,0.4420334742500269,0.24641258642077446,4,/volumes/Seagate/mtg-jamendo-dataset/03/218703.mp3
212.42696145124717,161.4990234375,0.2988085150718689,-8.74756145477295,4,1,0.5920233230489206,0.0,0.0017850900767371058,1.0,0.7365253617758487,0.17870016396045685,4,/volumes/Seagate/mtg-jamendo-dataset/03/1119003.mp3
172.10206349206348,172.265625,0.13143290579319,-24.05799674987793,2,1,0.5132999516723276,0.0,0.0003179062478011474,1.0,0.6929574812035062,0.008315345621667802,4,/volumes/Seagate/mtg-jamendo-dataset/03/1318103.mp3
207.41224489795917,87.5926906779661,0.13431289792060852,-16.76949691772461,9,1,0.544741400302245,0.0,0.0001298351344303228,1.0,0.6099051174980675,0.20612183958292007,4,/volumes/Seagate/mtg-jamendo-dataset/03/1074803.mp3
149.0,90.66611842105263,0.10157649219036102,-26.600038528442383,7,1,0.5199377424227847,0.0,8.387557681999169e-05,1.0,0.5151939732322834,0.0063687399961054325,4,/volumes/Seagate/mtg-jamendo-dataset/03/1385303.mp3
312.4395238095238,103.359375,0.12887980043888092,-25.24831199645996,7,1,0.5541296221203935,0.0,0.0005502431304194033,1.0,0.5138578983867075,0.002914428769145161,4,/volumes/Seagate/mtg-jamendo-dataset/03/1194703.mp3
30.137097505668933,117.45383522727273,0.11106570810079575,-22.26148223876953,7,1,0.589072097910781,0.0,0.004844553885050118,1.0,0.7184493750640952,0.004391110560391098,4,/volumes/Seagate/mtg-jamendo-dataset/03/1274103.mp3
192.16,151.99908088235293,0.18977844715118408,-11.522392272949219,1,1,0.53499297161385,0.0,0.002938644611276686,1.0,0.8271577592949872,1.0,4,/volumes/Seagate/mtg-jamendo-dataset/03/1319503.mp3
223.7098866213152,105.46875,0.2961027920246124,-8.96430492401123,9,1,0.600202295851535,0.0,0.0012096635182388127,1.0,0.6109759028378385,1.0,4,/volumes/Seagate/mtg-jamendo-dataset/03/193603.mp3
202.40963718820862,109.95678191489361,0.07441480457782745,-24.27083396911621,7,1,0.49512822587747674,0.0,0.0033850749023258686,1.0,0.5935056700485412,0.13277237303555012,3,/volumes/Seagate/mtg-jamendo-dataset/03/1418303.mp3
236.93213151927438,120.18531976744185,0.2000102698802948,-16.074466705322266,2,1,0.5503410874931849,0.0,0.00039756497426424176,1.0,0.6316491525200005,0.8559539169073105,4,/volumes/Seagate/mtg-jamendo-dataset/03/941403.mp3
212.75827664399094,120.18531976744185,0.07403476536273956,-28.89436912536621,0,1,0.4888523820521111,0.0,0.00023432308807969093,1.0,0.5468891119068189,0.0004666677341447212,4,/volumes/Seagate/mtg-jamendo-dataset/03/1347803.mp3
480.0,114.84375,0.09966235607862473,-21.068635940551758,8,1,0.5497152043392888,0.0,0.008603344671428204,1.0,0.6343861475511452,0.11717951856553555,4,/volumes/Seagate/mtg-jamendo-dataset/03/950503.mp3
87.25197278911564,117.45383522727273,0.07445553690195084,-37.576107025146484,5,1,0.5970197615016435,0.0,6.796405614295509e-05,1.0,0.3945747828077999,0.00013299353668116964,4,/volumes/Seagate/mtg-jamendo-dataset/03/1384403.mp3
264.25333333333333,117.45383522727273,0.19672800600528717,-8.28176212310791,10,0,0.561516174483894,0.0,0.008308370131999254,1.0,0.6349076704545455,0.42735543102025986,4,/volumes/Seagate/mtg-jamendo-dataset/03/1160603.mp3
291.95521541950114,107.666015625,0.03349617123603821,-30.989044189453125,2,0,0.507950526241711,0.0,0.0005108397599542513,1.0,0.3785518917838825,1.5397007757655956e-06,4,/volumes/Seagate/mtg-jamendo-dataset/03/1048303.mp3
219.42857142857142,139.6748310810811,0.2013178914785385,-19.759830474853516,2,1,0.5657646161955289,0.0,0.000980344513664022,1.0,0.6054710042947932,0.01011024578474462,4,/volumes/Seagate/mtg-jamendo-dataset/03/1378003.mp3
276.1404081632653,120.18531976744185,0.07181668281555176,-26.45527458190918,9,1,0.575123086312149,0.0,0.00010989045040332712,1.0,0.567529671283472,0.0018963040201924741,4,/volumes/Seagate/mtg-jamendo-dataset/03/387403.mp3
274.2857142857143,126.04801829268293,0.18883633613586426,-14.637837409973145,10,0,0.5448258435966953,0.0,0.0013567683636210859,1.0,0.559546329961758,1.0,4,/volumes/Seagate/mtg-jamendo-dataset/03/1153403.mp3
167.44489795918366,99.38401442307692,0.13997675478458405,-22.760387420654297,7,1,0.5633689449985532,0.0,0.0012115734571125358,1.0,0.5434176014902234,0.049002645537257195,4,/volumes/Seagate/mtg-jamendo-dataset/03/1209403.mp3
39.99868480725623,139.6748310810811,0.05089432746171951,-31.16425895690918,2,0,0.549086631278423,0.0,0.009363056626170874,1.0,0.5593992514619688,0.004488569393288344,4,/volumes/Seagate/mtg-jamendo-dataset/03/893403.mp3
116.63414965986395,105.46875,0.0448647104203701,-33.03566360473633,0,1,0.5484795012965957,0.0,0.0011329019616823643,1.0,0.509438773344807,9.590618219590397e-06,4,/volumes/Seagate/mtg-jamendo-dataset/03/1110303.mp3
181.0,147.65625,0.05161137506365776,-34.120182037353516,4,1,0.5454963680757954,0.0,0.0020550215849652886,1.0,0.4637632544667572,4.349031428318995e-06,4,/volumes/Seagate/mtg-jamendo-dataset/03/1357103.mp3
528.770612244898,143.5546875,0.21486979722976685,-5.2641921043396,4,0,0.5922423753616615,0.0,0.02591453678905964,1.0,0.6871093749999999,1.0,4,/volumes/Seagate/mtg-jamendo-dataset/03/18503.mp3
254.65333333333334,166.70866935483872,0.19393564760684967,-12.70706558227539,9,1,0.5664908471617671,0.0,0.00949795008637011,1.0,0.7631337242040316,0.4502609744668007,4,/volumes/Seagate/mtg-jamendo-dataset/03/434903.mp3
223.21632653061224,123.046875,0.14554463326931,-12.08652114868164,4,1,0.5791171188374022,0.0,0.0019880749750882387,1.0,0.724092141714241,0.28241146355867386,4,/volumes/Seagate/mtg-jamendo-dataset/03/230903.mp3
70.06185941043084,95.703125,0.11583742499351501,-13.814245223999023,0,1,0.5653821549206097,0.0,0.0005861568351974711,1.0,0.6794075611741526,0.10535761713981628,4,/volumes/Seagate/mtg-jamendo-dataset/03/219003.mp3
291.3175510204082,90.66611842105263,0.17394429445266724,-17.151700973510742,8,0,0.5625535535890183,0.0,0.00734939519315958,1.0,0.4563582332049932,0.09877827018499374,4,/volumes/Seagate/mtg-jamendo-dataset/03/116103.mp3
207.69489795918366,120.18531976744185,0.06922207772731781,-19.479047775268555,9,1,0.5566420270321439,0.0,0.0014831878943368793,1.0,0.7147067889901002,0.37406284362077713,4,/volumes/Seagate/mtg-jamendo-dataset/03/408503.mp3
202.92024943310656,139.6748310810811,0.11615794152021408,-20.63280487060547,2,0,0.5458969895631925,0.0,0.0010323320457246155,1.0,0.4612387123754331,0.08063733577728271,4,/volumes/Seagate/mtg-jamendo-dataset/03/3103.mp3
45.062290249433104,126.04801829268293,0.09030772745609283,-26.94980812072754,5,0,0.5301838164864145,0.0,0.0005972704966552556,1.0,0.5006466874620537,0.040037138387560844,4,/volumes/Seagate/mtg-jamendo-dataset/03/1163803.mp3
239.11111111111111,129.19921875,0.1559145450592041,-23.083736419677734,11,1,0.5741996013407265,0.0,4.207102301734267e-05,1.0,0.5201108175642998,0.01958440989255905,4,/volumes/Seagate/mtg-jamendo-dataset/03/1268903.mp3
243.4612244897959,143.5546875,0.08950874954462051,-18.862892150878906,11,1,0.6012632865918699,0.0,0.002072878531180322,1.0,0.7001812531814824,0.03416311461478472,4,/volumes/Seagate/mtg-jamendo-dataset/03/1143803.mp3
222.01469387755103,161.4990234375,0.18531714379787445,-17.785608291625977,11,1,0.52952148501707,0.0,2.9972376069054008e-05,1.0,0.7117977129403463,0.3535453602671623,4,/volumes/Seagate/mtg-jamendo-dataset/03/1008803.mp3
192.0,120.18531976744185,0.2174426019191742,-17.11092185974121,4,1,0.5949324690589162,0.0,0.003602061071433127,1.0,0.5832467581846048,0.037697041407227516,4,/volumes/Seagate/mtg-jamendo-dataset/03/760903.mp3
180.0,120.18531976744185,0.10029704123735428,-22.69765281677246,9,1,0.5843932150555882,0.0,0.0002966192478197627,1.0,0.6128975598734653,0.019908843096345663,4,/volumes/Seagate/mtg-jamendo-dataset/03/1154903.mp3
256.0,120.18531976744185,0.11638325452804565,-22.442054748535156,2,1,0.5398699483869918,0.0,0.0025428757653571665,1.0,0.604414868845342,0.023533497005701065,4,/volumes/Seagate/mtg-jamendo-dataset/03/34403.mp3
285.0454648526077,120.18531976744185,0.12888294458389282,-22.83908462524414,7,1,0.4881081249946029,0.0,0.0013994366163387895,1.0,0.5987166713196324,0.003846009203698486,4,/volumes/Seagate/mtg-jamendo-dataset/03/1182603.mp3
118.4,151.99908088235293,0.18557770550251007,-16.568273544311523,1,1,0.5380855331179903,0.0,0.00036655917938333005,1.0,0.681266835987724,0.21611040458083153,4,/volumes/Seagate/mtg-jamendo-dataset/03/1279603.mp3
177.0078231292517,156.60511363636363,0.1437014937400818,-21.531641006469727,5,0,0.5779028440985202,0.0,0.0015529202646575868,1.0,0.3833495359306954,0.0006788936298107728,4,/volumes/Seagate/mtg-jamendo-dataset/03/1282103.mp3
288.0,123.046875,0.1929006427526474,-14.94696044921875,10,0,0.5514384180138495,0.0,0.004453885951079428,1.0,0.5327733990947369,0.19144225865602493,4,/volumes/Seagate/mtg-jamendo-dataset/03/1280403.mp3
252.22798185941042,161.4990234375,0.19583216309547424,-10.989115715026855,10,0,0.5945396064551893,0.0,0.007781642256304622,1.0,0.6867202022809777,1.0,4,/volumes/Seagate/mtg-jamendo-dataset/03/1274503.mp3
289.79660416666667,130.8139534883721,0.29049867391586304,-12.573160171508789,7,1,0.5733334586036589,0.0,0.00010948955969070084,1.0,0.6609238511192033,0.5951529368758202,4,/volumes/Seagate/mtg-jamendo-dataset/03/1159203.mp3
215.48315192743763,92.28515625,0.12925870716571808,-16.114009857177734,0,1,0.6123892503628743,0.0,0.003872797591611743,1.0,0.5986116792947282,0.8259870857000351,4,/volumes/Seagate/mtg-jamendo-dataset/03/1132203.mp3
338.88,125.0,0.2559156119823456,-10.093565940856934,7,0,0.5983547676811612,0.0,0.0004951333394274116,1.0,0.5685583159847281,0.3825029358267784,4,/volumes/Seagate/mtg-jamendo-dataset/03/887203.mp3
204.01331065759638,123.046875,0.13788461685180664,-14.688689231872559,2,1,0.5034911073360023,0.0,0.0012029728386551142,1.0,0.6804717019627167,0.18650032579898834,4,/volumes/Seagate/mtg-jamendo-dataset/03/1306203.mp3
185.33333333333334,89.10290948275862,0.24483181536197662,-22.014034271240234,4,1,0.5332265123070281,0.0,0.00198510306654498,1.0,0.48431268029822944,0.064746318385005,4,/volumes/Seagate/mtg-jamendo-dataset/03/37703.mp3
184.2561678004535,120.18531976744185,0.18341250717639923,-12.418213844299316,2,1,0.5606315389457932,0.0,0.0011043350386898965,1.0,0.7013532738317565,0.7074122130870819,4,/volumes/Seagate/mtg-jamendo-dataset/03/436603.mp3
282.7733333333333,129.19921875,0.03863783925771713,-27.676803588867188,0,1,0.5355861355967827,0.0,0.004371770890429616,1.0,0.5479640144063089,0.06633491721004248,4,/volumes/Seagate/mtg-jamendo-dataset/03/153603.mp3
141.2789569160998,112.34714673913044,0.15447749197483063,-23.444887161254883,4,1,0.5456326915701795,0.0,0.00012302095274208114,1.0,0.5632120175949069,0.0054477929370477796,4,/volumes/Seagate/mtg-jamendo-dataset/03/18403.mp3
247.17333333333335,143.5546875,0.17321054637432098,-16.441341400146484,0,0,0.5666296844352079,0.0,0.0005214239645283669,1.0,0.551909582882251,0.31732071191072464,4,/volumes/Seagate/mtg-jamendo-dataset/03/1126703.mp3
440.0753287981859,117.45383522727273,0.06222636625170708,-24.51351547241211,6,0,0.5901667247983554,0.0,0.0011108704784419388,1.0,0.5119926287893053,0.378757007420063,4,/volumes/Seagate/mtg-jamendo-dataset/03/1375803.mp3
232.0457142857143,120.18531976744185,0.08725643903017044,-27.17905044555664,0,1,0.5260347128985092,0.0,0.005593700101599097,1.0,0.5619628382687352,0.028337612748146057,4,/volumes/Seagate/mtg-jamendo-dataset/03/438203.mp3
223.3208163265306,129.19921875,0.19614996016025543,-10.72075366973877,11,0,0.5576161477351849,0.0,0.004293603356927633,1.0,0.6077126421909773,0.30825452879071236,4,/volumes/Seagate/mtg-jamendo-dataset/03/1051503.mp3
349.5,135.99917763157896,0.2439461499452591,-4.330792427062988,10,0,0.5810023359452001,0.0,0.01284661190584302,1.0,0.6719983552631579,1.0,4,/volumes/Seagate/mtg-jamendo-dataset/03/365703.mp3
271.57759637188207,129.19921875,0.10565299540758133,-17.651002883911133,4,1,0.5643469408050132,0.0,0.0007593320624437183,1.0,0.6766576544939455,0.24780040606856346,4,/volumes/Seagate/mtg-jamendo-dataset/03/506003.mp3
254.22367346938776,139.6748310810811,0.4368176758289337,-3.393287420272827,5,1,0.6194551294532493,0.0,0.0022633724729530513,1.0,0.70154928696387,1.0,4,/volumes/Seagate/mtg-jamendo-dataset/03/1299903.mp3
170.7208163265306,105.46875,0.07907348871231079,-23.47445297241211,7,1,0.5419033745592868,0.0,0.0004388499946799129,1.0,0.566882679536218,0.03937747795134783,4,/volumes/Seagate/mtg-jamendo-dataset/03/1181303.mp3
188.17451247165533,109.95678191489361,0.11757651716470718,-26.27161979675293,9,1,0.586411340450534,0.0,0.002659565827343613,1.0,0.7085992694857423,0.0003238713907194324,4,/volumes/Seagate/mtg-jamendo-dataset/03/1336203.mp3
342.0,117.45383522727273,0.2928616404533386,-13.994507789611816,4,1,0.5818377860632125,0.0,0.005181821063160896,1.0,0.6276339375060546,0.5573916807770729,4,/volumes/Seagate/mtg-jamendo-dataset/03/1315103.mp3
216.86061224489796,117.45383522727273,0.1710534393787384,-22.09160804748535,11,1,0.5288166265511667,0.0,0.002248725446406752,1.0,0.5607511349549797,0.0632617762312293,4,/volumes/Seagate/mtg-jamendo-dataset/03/1311203.mp3
127.20625850340136,99.38401442307692,0.0573483482003212,-22.963712692260742,9,1,0.5189557372625457,0.0,0.0010389205708634108,1.0,0.6175446423529907,0.29111968353390694,4,/volumes/Seagate/mtg-jamendo-dataset/03/1165503.mp3
171.36326530612246,132.51201923076923,0.04132575914263725,-30.424484252929688,0,0,0.605737632605077,0.0,0.00016499273260706104,1.0,0.5401604418444799,0.004306778428144753,4,/volumes/Seagate/mtg-jamendo-dataset/03/543403.mp3
230.8,129.19921875,0.12374628335237503,-23.080097198486328,7,0,0.5557221443072294,0.0,0.003959069028496742,1.0,0.47886860152221566,0.003662389935925603,4,/volumes/Seagate/mtg-jamendo-dataset/03/134103.mp3
240.16319727891155,117.45383522727273,0.2180168181657791,-15.502022743225098,11,1,0.5210557671651523,0.0,0.0003124947688775137,1.0,0.615800925270666,4.730675868813705e-06,4,/volumes/Seagate/mtg-jamendo-dataset/03/956103.mp3
248.11102040816326,178.20581896551724,0.08971170336008072,-25.44806480407715,4,1,0.5600195601608673,0.0,0.00021881899010622874,1.0,0.6960744143117266,0.06457630544900894,4,/volumes/Seagate/mtg-jamendo-dataset/03/399203.mp3
1724.6302040816327,120.18531976744185,0.21303758025169373,-5.712619304656982,7,1,0.6290254451271979,0.0,0.001963767979759723,1.0,0.7871943946690433,1.0,4,/volumes/Seagate/mtg-jamendo-dataset/03/117803.mp3
245.12501133786847,123.046875,0.20841015875339508,-11.231287956237793,0,0,0.5923168688212257,0.0,0.015930811408907175,1.0,0.6334918830422535,1.0,4,/volumes/Seagate/mtg-jamendo-dataset/03/22803.mp3
136.6442403628118,129.19921875,0.2881609797477722,-19.478788375854492,2,0,0.6170197226521781,0.0,9.139528174273437e-06,1.0,0.4343376095704303,0.008186656632460654,4,/volumes/Seagate/mtg-jamendo-dataset/03/1302903.mp3
224.00639455782314,132.51201923076923,0.28268587589263916,-7.295463562011719,11,1,0.5670965209339222,0.0,0.007544687949120998,1.0,0.7394148207812572,0.4750794544816017,4,/volumes/Seagate/mtg-jamendo-dataset/03/810903.mp3
80.69333333333333,103.359375,0.20317789912223816,-9.275073051452637,4,1,0.5889054757551808,0.0,0.0020070496830157936,1.0,0.6819521503984566,0.993470773100853,4,/volumes/Seagate/mtg-jamendo-dataset/03/213203.mp3
137.81739229024944,107.666015625,0.1516074389219284,-18.254018783569336,9,1,0.6057168842419842,0.0,0.0006873872625874355,1.0,0.582701146906271,0.07887130603194237,4,/volumes/Seagate/mtg-jamendo-dataset/03/201903.mp3
297.12433106575963,132.51201923076923,0.06521641463041306,-23.779253005981445,4,1,0.5881394819154002,0.0,0.004893546109087765,1.0,0.6755774270913678,0.010128099238499999,4,/volumes/Seagate/mtg-jamendo-dataset/03/1379103.mp3
160.33680272108845,151.99908088235293,0.09738153964281082,-20.92473793029785,0,0,0.6146413428823179,0.0,0.002627030946314335,1.0,0.5715199691680435,0.026921355165541172,4,/volumes/Seagate/mtg-jamendo-dataset/03/1103303.mp3
176.45820861678004,107.666015625,0.0830080658197403,-26.993040084838867,9,1,0.5149364008836448,0.0,1.504354895587312e-05,1.0,0.4491455991025856,4.154067596573441e-06,4,/volumes/Seagate/mtg-jamendo-dataset/03/26403.mp3
72.0,79.50721153846153,0.2070125937461853,-6.094088077545166,9,1,0.5898798467094275,0.0,0.006918439641594887,1.0,0.6790144230769231,1.0,4,/volumes/Seagate/mtg-jamendo-dataset/03/1250203.mp3
317.9066666666667,151.99908088235293,0.07905101031064987,-23.728534698486328,5,0,0.5352213229525169,0.0,0.005443727946840227,1.0,0.5660081035880036,0.014199796132743359,4,/volumes/Seagate/mtg-jamendo-dataset/03/26003.mp3
231.7268253968254,120.18531976744185,0.14681939780712128,-13.25289535522461,7,1,0.5758537339286272,0.0,0.001713549834676087,1.0,0.6964992977448589,0.2492942102253437,4,/volumes/Seagate/mtg-jamendo-dataset/03/181603.mp3
236.08,166.70866935483872,0.23876206576824188,-12.590620994567871,11,0,0.5913458301105405,0.0,0.0004205877485219389,1.0,0.444037121815732,1.0,4,/volumes/Seagate/mtg-jamendo-dataset/03/47003.mp3
262.24,120.18531976744185,0.10407695919275284,-20.63051986694336,9,1,0.5666737352558564,0.0,4.5648846025869716e-05,1.0,0.5933124655205781,0.00865645066369325,4,/volumes/Seagate/mtg-jamendo-dataset/03/1079803.mp3
243.9710430839002,120.18531976744185,0.16431327164173126,-18.53999137878418,2,1,0.541577349577232,0.0,0.00018260748765897006,1.0,0.5756212683268827,0.0037036804133094847,4,/volumes/Seagate/mtg-jamendo-dataset/03/710603.mp3
172.5387755102041,126.04801829268293,0.21463628113269806,-8.824463844299316,7,0,0.6044066439733766,0.0,0.0008277188753709197,1.0,0.5204165582903979,1.0,4,/volumes/Seagate/mtg-jamendo-dataset/03/39103.mp3
68.50299319727891,99.38401442307692,0.08367501944303513,-34.35415267944336,0,1,0.5361132125280543,0.0,2.8971325264137704e-05,1.0,0.6574312782552716,1.267143829863926e-05,4,/volumes/Seagate/mtg-jamendo-dataset/03/1357403.mp3
123.12,114.84375,0.16258379817008972,-22.71131706237793,1,0,0.5378306854911261,0.0,0.00029697222635149956,1.0,0.479161550170981,0.0005225697532296181,4,/volumes/Seagate/mtg-jamendo-dataset/03/1269103.mp3
128.0,120.18531976744185,0.15109729766845703,-25.25648307800293,9,1,0.5383547265340898,0.0,0.003137342515401542,1.0,0.536407373871786,0.023744194768369198,4,/volumes/Seagate/mtg-jamendo-dataset/03/1104703.mp3
110.442947845805,156.60511363636363,0.08161155879497528,-29.65911102294922,4,1,0.5139648330543911,0.0,1.5254539903253317e-05,1.0,0.6021201025530115,1.1623837963270489e-05,4,/volumes/Seagate/mtg-jamendo-dataset/03/1195903.mp3
282.48138321995464,101.33272058823529,0.16519594192504883,-15.876729965209961,0,1,0.5077487596084409,0.0,0.001796674041543156,1.0,0.6421966146486464,1.0,4,/volumes/Seagate/mtg-jamendo-dataset/03/38003.mp3
334.2365306122449,172.265625,0.23130901157855988,-12.365398406982422,4,1,0.5555996683492213,0.0,0.0033706423128023744,1.0,0.5748129837134807,1.0,4,/volumes/Seagate/mtg-jamendo-dataset/03/174903.mp3
248.5760090702948,139.6748310810811,0.13360001146793365,-24.976560592651367,2,1,0.5241610694487742,0.0,0.0006166363164084032,1.0,0.5845393040538677,0.003991622943431139,4,/volumes/Seagate/mtg-jamendo-dataset/03/1388603.mp3
160.92,120.18531976744185,0.05023784562945366,-37.89323425292969,9,1,0.517174775516689,0.0,0.0009493618563283235,1.0,0.4145548467327552,3.5435701306596457e-06,4,/volumes/Seagate/mtg-jamendo-dataset/03/1390503.mp3
328.0,75.99954044117646,0.05891501531004906,-30.931047439575195,4,1,0.5336159842650059,0.0,0.00038304756162688136,1.0,0.41668838831990734,1.1838761082572091e-06,4,/volumes/Seagate/mtg-jamendo-dataset/03/1117703.mp3
128.45278911564625,120.18531976744185,0.06835857778787613,-25.74805450439453,6,1,0.57251188637038,0.0,0.00023213482199935243,1.0,0.5078014083806488,0.001987322320928797,4,/volumes/Seagate/mtg-jamendo-dataset/03/1379503.mp3
793.0919047619047,123.046875,0.0999147891998291,-12.11629867553711,10,0,0.5315039141914828,0.0,0.0005897920491406694,1.0,0.6460937499999999,1.0,4,/volumes/Seagate/mtg-jamendo-dataset/03/262003.mp3
164.93333333333334,82.03125,0.12064245343208313,-19.794347763061523,1,0,0.5966767086249227,0.0,0.0004720873403130099,1.0,0.415430247122235,0.03423497546464205,4,/volumes/Seagate/mtg-jamendo-dataset/03/565803.mp3
185.79244897959182,105.46875,0.25057706236839294,-3.9409165382385254,6,1,0.5807630396473227,0.0,0.004241244401782751,1.0,0.7309375,1.0,4,/volumes/Seagate/mtg-jamendo-dataset/03/1135703.mp3
232.8992290249433,126.04801829268293,0.13477453589439392,-16.851900100708008,7,1,0.5653260634956843,0.0,0.006290945922955871,1.0,0.6535836461307414,0.6554252654314041,4,/volumes/Seagate/mtg-jamendo-dataset/03/944903.mp3
296.3009297052154,129.19921875,0.2611105442047119,-10.035205841064453,1,1,0.5984868926705179,0.0,0.002322919259313494,1.0,0.6799541562804037,0.34884724766016006,4,/volumes/Seagate/mtg-jamendo-dataset/03/1149703.mp3
315.6923129251701,129.19921875,0.27739065885543823,-17.73516082763672,1,0,0.597717359166056,0.0,0.0009660848008934408,1.0,0.49650038592667056,1.0,4,/volumes/Seagate/mtg-jamendo-dataset/03/1083603.mp3
179.5,95.703125,0.12358726561069489,-17.70376968383789,9,1,0.5775960781418681,0.0,0.0037812612717971206,1.0,0.596719450231048,0.0556417228654027,4,/volumes/Seagate/mtg-jamendo-dataset/03/659903.mp3
185.5477551020408,120.18531976744185,0.0694601908326149,-28.358463287353516,2,1,0.5545722214889539,0.0,0.00233510130783543,1.0,0.5808303887400651,0.004043001681566238,4,/volumes/Seagate/mtg-jamendo-dataset/03/1060603.mp3
187.2369387755102,79.50721153846153,0.1608692705631256,-17.968307495117188,9,1,0.5847294390793157,0.0,0.0005234957789070904,1.0,0.5236956181705231,0.14186876825988293,4,/volumes/Seagate/mtg-jamendo-dataset/03/1121503.mp3
175.67331065759637,129.19921875,0.1028476133942604,-21.8863525390625,9,1,0.5739137674342967,0.0,0.00038097814831417054,1.0,0.5630081843289148,0.04028019495308399,4,/volumes/Seagate/mtg-jamendo-dataset/03/824303.mp3
62.25086167800453,123.046875,0.02154705487191677,-40.62124252319336,3,0,0.6299230686910064,0.0,3.5844013837049715e-06,1.0,0.3557615892074797,2.1849016320629744e-05,4,/volumes/Seagate/mtg-jamendo-dataset/03/1125403.mp3
194.45333333333335,120.18531976744185,0.1481282263994217,-21.792438507080078,5,1,0.5821215615604973,0.0,0.003238450619392097,1.0,0.6111515071221828,0.005770662100985646,4,/volumes/Seagate/mtg-jamendo-dataset/03/1603.mp3
239.91392290249433,129.19921875,0.15093807876110077,-17.488597869873047,5,1,0.525680824802671,0.0,0.00017140309864771552,1.0,0.6630307146953298,0.16974704340100288,4,/volumes/Seagate/mtg-jamendo-dataset/03/1296703.mp3
148.0,120.18531976744185,0.22955673933029175,-14.122231483459473,3,0,0.6215202949891967,0.0,0.0019685383304022253,1.0,0.5274734592160548,1.0,4,/volumes/Seagate/mtg-jamendo-dataset/03/197103.mp3
149.4204081632653,135.99917763157896,0.12871968746185303,-16.994308471679688,0,1,0.5684976348382502,0.0,0.0008188432257156819,1.0,0.7409326797848774,0.9180394560098648,4,/volumes/Seagate/mtg-jamendo-dataset/03/1193203.mp3
393.695873015873,117.45383522727273,0.06699936091899872,-30.450227737426758,9,1,0.55208703566177,0.0,0.0013945087557658553,1.0,0.5994581592778006,3.1961555180259893e-07,4,/volumes/Seagate/mtg-jamendo-dataset/03/1150103.mp3
76.01337868480725,120.18531976744185,0.052331674844026566,-34.60664749145508,0,0,0.45233794797265336,0.0,0.002290202770382166,1.0,0.43114884057331715,3.0291992061393103e-05,4,/volumes/Seagate/mtg-jamendo-dataset/03/1338303.mp3
149.33333333333334,135.99917763157896,0.1365896612405777,-24.558664321899414,4,1,0.5373356462357051,0.0,1.3464092262438498e-05,1.0,0.565983586863058,0.005320286727510393,4,/volumes/Seagate/mtg-jamendo-dataset/03/1400503.mp3
294.312925170068,132.51201923076923,0.2576676607131958,-9.182148933410645,4,1,0.6116234214699392,0.0,0.002427957078907639,1.0,0.7578297303815428,1.0,4,/volumes/Seagate/mtg-jamendo-dataset/03/872003.mp3
253.08,129.19921875,0.054680999368429184,-31.50296974182129,9,1,0.5267568909627105,0.0,0.003059841343201697,1.0,0.6050847663167783,0.004530784499365836,4,/volumes/Seagate/mtg-jamendo-dataset/03/80703.mp3
202.0,170.45454545454547,0.24793224036693573,-6.189747333526611,2,1,0.5596412626530493,0.0,0.0039841096149757504,1.0,0.6930769230769231,1.0,4,/volumes/Seagate/mtg-jamendo-dataset/03/1036003.mp3
266.7944444444444,161.4990234375,0.16979527473449707,-16.761804580688477,4,1,0.5413797884317696,0.0,0.00030910782516002655,1.0,0.7273705165500981,0.4358949512243271,4,/volumes/Seagate/mtg-jamendo-dataset/03/1095103.mp3
134.81795918367348,129.19921875,0.07338543981313705,-33.3494758605957,0,1,0.5954788682153198,0.0,8.122872486637789e-06,1.0,0.5410634321692177,0.002729595871642232,4,/volumes/Seagate/mtg-jamendo-dataset/03/1414003.mp3
288.0816326530612,120.18531976744185,0.2789423167705536,-13.118106842041016,0,1,0.575198542744046,0.0,0.00024973926338134333,1.0,0.6221279932620613,0.7243990898132324,4,/volumes/Seagate/mtg-jamendo-dataset/03/679803.mp3
223.81910416666668,108.17307692307692,0.1432666778564453,-15.623563766479492,9,1,0.5828349285959931,0.0,0.0005687296361429617,1.0,0.664637034025689,0.11088722385466099,4,/volumes/Seagate/mtg-jamendo-dataset/03/1046003.mp3
160.8081859410431,105.46875,0.26243162155151367,-10.456072807312012,3,0,0.567572938915989,0.0,0.0008450212189927697,1.0,0.6507458464947604,0.811343640089035,4,/volumes/Seagate/mtg-jamendo-dataset/03/1366203.mp3
256.5,87.5926906779661,0.259771466255188,-5.378704071044922,9,1,0.5771735399578484,0.0,0.005852310103364289,1.0,0.6951853813559323,1.0,4,/volumes/Seagate/mtg-jamendo-dataset/03/1086703.mp3
272.61333333333334,117.45383522727273,0.21332794427871704,-16.433006286621094,1,1,0.5718019003252939,0.0,0.0024535440606996417,1.0,0.5169172438131464,0.26175016537308693,4,/volumes/Seagate/mtg-jamendo-dataset/03/338003.mp3
224.87501133786847,101.33272058823529,0.15115121006965637,-24.2291202545166,7,1,0.526503544494618,0.0,0.0001420604676241055,1.0,0.5133910713801281,0.008306580712087452,4,/volumes/Seagate/mtg-jamendo-dataset/03/1337503.mp3
49.13333333333333,132.51201923076923,0.07897395640611649,-22.139572143554688,7,1,0.5498235652902532,0.0,0.01582610048353672,1.0,0.689005437315013,0.0572094926610589,4,/volumes/Seagate/mtg-jamendo-dataset/03/1269903.mp3
444.1027664399093,95.703125,0.0340447872877121,-31.355127334594727,7,0,0.6289845772668015,0.0,0.008497044676914811,1.0,0.5914062499999999,0.020488430745899677,4,/volumes/Seagate/mtg-jamendo-dataset/03/311903.mp3
565.5692290249433,120.18531976744185,0.08609861135482788,-14.069363594055176,7,1,0.5388767979436309,0.0,0.003966910298913717,1.0,0.7603706395348837,0.8879809081554413,4,/volumes/Seagate/mtg-jamendo-dataset/03/102903.mp3
341.25,139.6748310810811,0.37653011083602905,-15.55331802368164,9,1,0.5555431269971038,0.0,0.0023054246557876468,1.0,0.4996691931166766,0.042387135326862335,4,/volumes/Seagate/mtg-jamendo-dataset/03/1170703.mp3
238.4,147.65625,0.18112555146217346,-17.61492156982422,2,1,0.5555058132693965,0.0,0.0017754978616721928,1.0,0.6574892841072372,0.010723401792347431,4,/volumes/Seagate/mtg-jamendo-dataset/03/1066803.mp3
231.53918367346938,103.359375,0.2686828076839447,-4.377199172973633,5,0,0.5988627980201668,0.0,0.0035920446971431375,1.0,0.5832389587818247,0.9491588175296783,4,/volumes/Seagate/mtg-jamendo-dataset/03/842403.mp3
151.82367346938776,105.46875,0.20787233114242554,-10.214303016662598,4,1,0.5919571325223891,0.0,0.0061338592786341906,1.0,0.6876309786190812,1.0,4,/volumes/Seagate/mtg-jamendo-dataset/03/75003.mp3
232.01562358276644,120.18531976744185,0.09004790335893631,-21.056650161743164,4,1,0.5766705396204979,0.0,0.0006981968181207776,1.0,0.6930876835415415,0.2545970678329468,4,/volumes/Seagate/mtg-jamendo-dataset/03/1404703.mp3
272.41,129.19921875,0.17370720207691193,-12.307174682617188,6,1,0.5803553926672799,0.0,0.0034001462627202272,1.0,0.7073868040559985,0.5659450963139534,4,/volumes/Seagate/mtg-jamendo-dataset/03/945203.mp3
115.99766439909297,143.5546875,0.1538192331790924,-16.507184982299805,9,1,0.5548544062712557,0.0,0.0008974035736173391,1.0,0.7008073222283422,0.24159112945199013,4,/volumes/Seagate/mtg-jamendo-dataset/03/1082103.mp3
653.4825623582766,93.96306818181819,0.08413403481245041,-26.351232528686523,7,0,0.5359601155499305,0.0,0.00036010801704833284,1.0,0.41746948535934425,0.013740301365032792,4,/volumes/Seagate/mtg-jamendo-dataset/03/1086303.mp3
380.7051700680272,120.18531976744185,0.12734264135360718,-24.057735443115234,10,0,0.5424677647673114,0.0,0.0024374810163863003,1.0,0.4520337340594233,0.0814552791416645,4,/volumes/Seagate/mtg-jamendo-dataset/03/136303.mp3
190.5,120.18531976744185,0.22330768406391144,-8.793610572814941,0,1,0.5962692222065289,0.0,0.0017393423477187753,1.0,0.7121257418073986,1.0,4,/volumes/Seagate/mtg-jamendo-dataset/03/993603.mp3
252.55827083333332,86.53846153846153,0.1812840700149536,-16.096647262573242,10,0,0.5937301460214184,0.0,0.0001010422820399981,1.0,0.4440712501351003,0.017242816975340247,4,/volumes/Seagate/mtg-jamendo-dataset/03/1046903.mp3
229.5249886621315,123.046875,0.24067632853984833,-10.624412536621094,6,1,0.5848019455883366,0.0,0.002319666906259954,1.0,0.7069742475346953,1.0,4,/volumes/Seagate/mtg-jamendo-dataset/03/1311303.mp3
475.66367346938773,132.51201923076923,0.2820436358451843,-16.93328285217285,5,1,0.5872308012245164,0.0,0.00019874906865879893,1.0,0.636605252265507,0.5748507007956505,4,/volumes/Seagate/mtg-jamendo-dataset/03/1414103.mp3
135.69333333333333,120.18531976744185,0.14938437938690186,-24.842050552368164,0,1,0.541199650255577,0.0,0.0017626260523684323,1.0,0.5573835312996774,0.0382854463532567,4,/volumes/Seagate/mtg-jamendo-dataset/03/1135203.mp3
235.3127664399093,120.18531976744185,0.05405770614743233,-33.54629898071289,7,1,0.5351968307143683,0.0,0.000649177614832297,1.0,0.40353257855048047,3.430338892940199e-06,4,/volumes/Seagate/mtg-jamendo-dataset/03/903603.mp3
152.61333333333334,95.703125,0.21725332736968994,-8.96307373046875,8,0,0.5993240277290266,0.0,0.017254512291401625,1.0,0.5255301155809443,0.4491540417075157,4,/volumes/Seagate/mtg-jamendo-dataset/03/373403.mp3
143.75,120.18531976744185,0.11201810836791992,-18.61017417907715,7,1,0.575682342550871,0.0,0.0036583291366696358,1.0,0.6726603029634991,0.42821940034627914,4,/volumes/Seagate/mtg-jamendo-dataset/03/588703.mp3
113.24,109.95678191489361,0.13724665343761444,-20.91819190979004,2,1,0.5795000063550623,0.0,0.00019546541443560272,1.0,0.5586981306408654,0.08357083424925804,4,/volumes/Seagate/mtg-jamendo-dataset/03/1045703.mp3
305.31201814058954,139.6748310810811,0.0961717739701271,-20.933290481567383,2,1,0.5982244243617638,0.0,0.0003206193869118579,1.0,0.6410862777150521,0.006756198708899319,4,/volumes/Seagate/mtg-jamendo-dataset/03/1107103.mp3
128.37340136054422,95.703125,0.08892139792442322,-23.244888305664062,7,1,0.554679808033177,0.0,0.0033027632161974907,1.0,0.5674705822091104,0.0282902829349041,4,/volumes/Seagate/mtg-jamendo-dataset/03/966303.mp3
492.9423129251701,129.19921875,0.15344516932964325,-12.997442245483398,10,0,0.5643503487698736,0.0,0.00406645517796278,1.0,0.623093828172093,0.5996121466159821,4,/volumes/Seagate/mtg-jamendo-dataset/03/1097203.mp3
300.06857142857143,120.18531976744185,0.23002566397190094,-19.280893325805664,11,1,0.603660154339044,0.0,0.0026149103650823236,1.0,0.5520476672451418,0.001842337951529771,4,/volumes/Seagate/mtg-jamendo-dataset/03/1391103.mp3
200.58351473922903,123.046875,0.27558955550193787,-8.976252555847168,6,1,0.5698650145911885,0.0,0.014347298070788383,1.0,0.739373753159782,1.0,4,/volumes/Seagate/mtg-jamendo-dataset/03/1420503.mp3
270.16777777777776,132.51201923076923,0.22491072118282318,-10.970223426818848,11,1,0.5948009361782685,0.0,0.002508928009774536,1.0,0.7065455257770944,1.0,4,/volumes/Seagate/mtg-jamendo-dataset/03/115203.mp3
155.0037641723356,143.5546875,0.06757747381925583,-25.90787696838379,0,1,0.563086690721238,0.0,0.0027199993492104113,1.0,0.691113753966188,0.25292906910181046,4,/volumes/Seagate/mtg-jamendo-dataset/03/1115403.mp3
228.0,120.18531976744185,0.18283939361572266,-27.841327667236328,9,1,0.5628838252712511,0.0,0.001322734955465421,1.0,0.49834771205733713,0.0012040143337799236,4,/volumes/Seagate/mtg-jamendo-dataset/03/1062503.mp3
185.07755102040815,120.18531976744185,0.1328677386045456,-25.219154357910156,0,1,0.531743918438168,0.0,4.489146795094712e-05,1.0,0.5458660101228789,0.002416201023152098,4,/volumes/Seagate/mtg-jamendo-dataset/03/1231903.mp3
92.33333333333333,126.04801829268293,0.03824860602617264,-33.95846939086914,10,0,0.542526932732567,0.0,0.008152118884027004,1.0,0.43043481089545876,3.936898735901195e-06,4,/volumes/Seagate/mtg-jamendo-dataset/03/1057703.mp3
186.92,129.19921875,0.052867989987134933,-35.49384307861328,5,0,0.49586703678866917,0.0,0.00021502297022379935,1.0,0.26989158017059106,1.7172696686884592e-06,4,/volumes/Seagate/mtg-jamendo-dataset/03/1374303.mp3
373.68163265306123,129.19921875,0.21396245062351227,-8.119575500488281,1,1,0.5713958622708635,0.0,0.0007079953938955441,1.0,0.7783984375,1.0,4,/volumes/Seagate/mtg-jamendo-dataset/03/1197003.mp3
316.17445833333335,133.92857142857142,0.05638943985104561,-27.24119758605957,6,0,0.5511490191269952,0.0,0.001454394223401323,1.0,0.4833592269417424,0.0014798887423239648,4,/volumes/Seagate/mtg-jamendo-dataset/03/729303.mp3
330.0,129.19921875,0.17867793142795563,-10.628233909606934,5,0,0.5863679014031249,0.0,0.005194895784370601,1.0,0.6227323336911907,1.0,4,/volumes/Seagate/mtg-jamendo-dataset/03/1341603.mp3
217.74485260770976,97.50884433962264,0.24816057085990906,-11.173567771911621,9,1,0.545799642477902,0.0,0.0006369145412463695,1.0,0.6358402558352871,1.0,4,/volumes/Seagate/mtg-jamendo-dataset/03/1138103.mp3
275.9777324263039,120.18531976744185,0.18044842779636383,-14.544744491577148,9,1,0.506699992101788,0.0,0.000520379762747325,1.0,0.6981481132048244,0.3795924782752991,4,/volumes/Seagate/mtg-jamendo-dataset/03/860803.mp3
376.6595918367347,117.45383522727273,0.09937243908643723,-26.381336212158203,11,1,0.5884683055307962,0.0,0.0017959032556973398,1.0,0.5459272736662609,0.005301159108057618,4,/volumes/Seagate/mtg-jamendo-dataset/03/74703.mp3
155.50666666666666,147.65625,0.24267882108688354,-10.994251251220703,2,1,0.5549481571795496,0.0,0.009091167943552136,1.0,0.7243496198541577,0.3575926646590233,4,/volumes/Seagate/mtg-jamendo-dataset/03/1354103.mp3
69.1025850340136,129.19921875,0.13067837059497833,-20.818801879882812,7,0,0.5732595829385987,0.0,0.000572909542825073,1.0,0.6089499611499299,0.04337345249950886,4,/volumes/Seagate/mtg-jamendo-dataset/03/80803.mp3
191.564693877551,147.65625,0.18323788046836853,-20.809492111206055,2,1,0.5260669737008572,0.0,0.0002659088058862835,1.0,0.6299225973850027,0.024958543945103884,4,/volumes/Seagate/mtg-jamendo-dataset/03/1324903.mp3
114.0,161.4990234375,0.22856929898262024,-22.46169662475586,7,1,0.5441509037874809,0.0,0.0004023076471639797,1.0,0.6379632898966389,0.007367713842540979,4,/volumes/Seagate/mtg-jamendo-dataset/03/1304003.mp3
151.2192290249433,90.66611842105263,0.1979133039712906,-14.553519248962402,0,0,0.5889605995912002,0.0,0.0010990738228429109,1.0,0.4575806327417403,0.168849416077137,4,/volumes/Seagate/mtg-jamendo-dataset/03/938303.mp3
208.3265306122449,95.703125,0.20185501873493195,-11.955989837646484,0,1,0.5584369015192923,0.0,0.001964968687389046,1.0,0.6377069680733964,0.9979021549224854,4,/volumes/Seagate/mtg-jamendo-dataset/03/1393203.mp3
215.01333333333332,114.84375,0.11788006871938705,-23.932031631469727,0,1,0.5034316873071525,0.0,0.0028556325123645365,1.0,0.576151375300074,0.10243106633424759,4,/volumes/Seagate/mtg-jamendo-dataset/03/1166103.mp3
275.8791836734694,90.66611842105263,0.11589553952217102,-16.694154739379883,9,1,0.5721088308613593,0.0,0.0004695268435170874,1.0,0.6117080695556709,0.04334263503551483,4,/volumes/Seagate/mtg-jamendo-dataset/03/279603.mp3
267.61333333333334,135.99917763157896,0.17146942019462585,-14.9243745803833,11,1,0.5671145772598765,0.0,0.022348939441144466,1.0,0.791998355263158,1.0,4,/volumes/Seagate/mtg-jamendo-dataset/03/11703.mp3
167.61904761904762,126.04801829268293,0.09633735567331314,-15.033924102783203,9,0,0.5713228681590503,0.0,0.008293247781693935,1.0,0.6520960365853659,1.0,4,/volumes/Seagate/mtg-jamendo-dataset/03/136803.mp3
221.16,93.96306818181819,0.23694777488708496,-11.132354736328125,4,1,0.5990251861953592,0.0,0.0013567804999183863,1.0,0.623235658264511,1.0,4,/volumes/Seagate/mtg-jamendo-dataset/03/1115103.mp3
246.31655328798186,139.6748310810811,0.20030660927295685,-11.25307559967041,10,0,0.5919886429238616,0.0,0.0010328112111892551,1.0,0.6262054462716734,0.6177034974098206,4,/volumes/Seagate/mtg-jamendo-dataset/03/1208603.mp3
60.81306122448979,139.6748310810811,0.09918363392353058,-18.218507766723633,4,1,0.574867707117384,0.0,0.004287872579880059,1.0,0.7618846895865051,1.0,4,/volumes/Seagate/mtg-jamendo-dataset/03/759303.mp3
166.31231292517006,120.18531976744185,0.22512094676494598,-13.866028785705566,2,1,0.5721223577430279,0.0,0.002652026480063796,1.0,0.6458376918131191,0.2942623384296894,4,/volumes/Seagate/mtg-jamendo-dataset/03/74603.mp3
238.9594784580499,161.4990234375,0.15237873792648315,-11.758164405822754,10,0,0.5894688272415887,0.0,0.011835621669888496,1.0,0.7229980468749999,1.0,4,/volumes/Seagate/mtg-jamendo-dataset/03/1295503.mp3
449.9866666666667,161.4990234375,0.09973958134651184,-24.020998001098633,9,1,0.5770052058873283,0.0,0.0009339613316114992,1.0,0.6871463016945463,0.0023451678862329572,4,/volumes/Seagate/mtg-jamendo-dataset/03/373003.mp3
178.57142857142858,109.95678191489361,0.23863452672958374,-9.938700675964355,10,0,0.5761562068270791,0.0,0.004003325127996504,1.0,0.5859971163355296,1.0,4,/volumes/Seagate/mtg-jamendo-dataset/03/1288103.mp3
277.9733560090703,143.5546875,0.1408064216375351,-10.728484153747559,6,1,0.5767922209575298,0.0,0.005576038733124733,1.0,0.807109375,1.0,4,/volumes/Seagate/mtg-jamendo-dataset/03/950103.mp3
124.4,135.99917763157896,0.184756800532341,-12.919254302978516,2,1,0.5724851733867042,0.0,0.0010621828841976821,1.0,0.704697314679371,0.30056048184633255,4,/volumes/Seagate/mtg-jamendo-dataset/03/297803.mp3
43.14605442176871,89.10290948275862,0.2132265567779541,-17.347671508789062,0,1,0.5452843797289688,0.0,0.0011215988779440522,1.0,0.5545355918154701,1.0,4,/volumes/Seagate/mtg-jamendo-dataset/03/1002003.mp3
254.7983673469388,112.34714673913044,0.0853758454322815,-22.33556365966797,0,1,0.5274598406904586,0.0,0.01652050344273448,1.0,0.6844781898764171,0.04343848675489426,4,/volumes/Seagate/mtg-jamendo-dataset/03/19203.mp3
441.4285625,140.625,0.3182549774646759,-3.904050827026367,7,0,0.5895043957403132,0.0,0.0031682183034718037,1.0,0.6812499999999999,1.0,4,/volumes/Seagate/mtg-jamendo-dataset/03/796003.mp3
105.32571428571428,161.4990234375,0.17488470673561096,-18.21072006225586,9,1,0.6096775311768468,0.0,3.731404194695642e-05,1.0,0.6700568353289159,0.0025923855719156563,4,/volumes/Seagate/mtg-jamendo-dataset/03/1075203.mp3
220.0,86.1328125,0.15666203200817108,-23.446931838989258,11,1,0.5422588965960808,0.0,0.00017662924801697955,1.0,0.504992651655585,0.043652202002704144,4,/volumes/Seagate/mtg-jamendo-dataset/03/579303.mp3
276.0,132.51201923076923,0.18858246505260468,-21.830453872680664,11,0,0.5251028320715552,0.0,0.0012585230288095772,1.0,0.5219085405389852,1.0,4,/volumes/Seagate/mtg-jamendo-dataset/03/975403.mp3
238.6525850340136,120.18531976744185,0.24548102915287018,-12.467159271240234,7,1,0.5805062127220597,0.0,0.0007985798001755029,1.0,0.7605519254778195,1.0,4,/volumes/Seagate/mtg-jamendo-dataset/03/926203.mp3
160.0,120.18531976744185,0.18589673936367035,-11.173908233642578,6,1,0.5925257996017615,0.0,0.0011280715407337993,1.0,0.6842875645694724,0.1772633008658886,4,/volumes/Seagate/mtg-jamendo-dataset/03/1163003.mp3
186.18920634920636,120.18531976744185,0.32127419114112854,1.0895063877105713,4,1,0.574912309496336,0.0,0.014937177300453186,1.0,0.7603706395348837,1.0,4,/volumes/Seagate/mtg-jamendo-dataset/03/969703.mp3
308.33108843537417,97.50884433962264,0.26883843541145325,-10.349023818969727,7,1,0.5820155946430654,0.0,0.0013423237251117826,1.0,0.6042349413511426,0.7333400100469589,4,/volumes/Seagate/mtg-jamendo-dataset/03/1165403.mp3
395.07249433106574,92.28515625,0.3182361125946045,-12.643770217895508,5,0,0.5905646713813018,0.0,0.0004028914117952809,1.0,0.4311227218089564,0.26002831757068634,4,/volumes/Seagate/mtg-jamendo-dataset/03/320003.mp3
270.30827664399095,120.18531976744185,0.06250963360071182,-27.869829177856445,5,0,0.5720660705179765,0.0,0.0017722531920298934,1.0,0.46644505944803555,0.011591240763664246,4,/volumes/Seagate/mtg-jamendo-dataset/03/345903.mp3
244.78666666666666,151.99908088235293,0.11190412938594818,-18.117780685424805,11,1,0.538813988100357,0.0,0.0003544562787283212,1.0,0.7008784289240864,0.13075802475214005,4,/volumes/Seagate/mtg-jamendo-dataset/03/75203.mp3
196.07036281179137,117.45383522727273,0.2660778760910034,-7.002942085266113,6,1,0.6033255607849068,0.0,0.0015518047730438411,1.0,0.6416052193844988,0.24764159694314003,4,/volumes/Seagate/mtg-jamendo-dataset/03/1196903.mp3
162.9461224489796,143.5546875,0.250445157289505,-10.66301155090332,3,0,0.5554185458896097,0.0,0.0014874293119646609,1.0,0.6155474293030219,0.7562791556119919,4,/volumes/Seagate/mtg-jamendo-dataset/03/1179603.mp3
276.0,99.38401442307692,0.12373124808073044,-26.086444854736328,2,1,0.5432955098597212,0.0,1.930653252202319e-05,1.0,0.4939097802561261,0.002936123055405915,4,/volumes/Seagate/mtg-jamendo-dataset/03/1114503.mp3
252.94347916666666,100.44642857142857,0.09778802841901779,-17.941240310668945,0,1,0.5902158630216698,0.0,0.0046663598623126745,1.0,0.6568565891613669,0.00010491576176718809,4,/volumes/Seagate/mtg-jamendo-dataset/03/400703.mp3
248.57809523809524,123.046875,0.2311553657054901,-9.76600170135498,4,1,0.5947111035991406,0.0,0.001667188131250441,1.0,0.5916091708112768,0.37409834563732147,4,/volumes/Seagate/mtg-jamendo-dataset/03/1317903.mp3
340.8195918367347,151.99908088235293,0.39124003052711487,-10.78308391571045,2,0,0.6062848534126422,0.0,0.0005942627904005349,1.0,0.41332769565332317,1.0,4,/volumes/Seagate/mtg-jamendo-dataset/03/294403.mp3
406.0,120.18531976744185,0.1241655945777893,-15.994144439697266,7,0,0.5899562379900174,0.0,0.0017132802167907357,1.0,0.5390935647457562,0.05325429141521454,4,/volumes/Seagate/mtg-jamendo-dataset/03/455503.mp3
329.22122448979593,114.84375,0.14882086217403412,-18.747724533081055,7,1,0.5526896358804443,0.0,0.0023275279090739787,1.0,0.5807852895485272,0.023730802349746227,4,/volumes/Seagate/mtg-jamendo-dataset/03/81203.mp3
82.34945578231293,101.33272058823529,0.18519161641597748,-13.311944007873535,10,0,0.5983382893540572,0.0,0.001757755468133837,1.0,0.5201159521922097,0.27529526501893997,4,/volumes/Seagate/mtg-jamendo-dataset/03/1371803.mp3
188.74666666666667,120.18531976744185,0.1771555095911026,-16.732772827148438,10,0,0.5747252095650264,0.0,0.00533482781611383,1.0,0.5425775037045051,1.0,4,/volumes/Seagate/mtg-jamendo-dataset/03/195303.mp3
249.46938775510205,139.6748310810811,0.47446438670158386,-7.445817947387695,11,1,0.6043685069047897,0.0,0.0001817317861423362,1.0,0.6600267450541978,0.3058677911758423,4,/volumes/Seagate/mtg-jamendo-dataset/03/1294103.mp3
181.0,107.666015625,0.18219301104545593,-15.697515487670898,0,1,0.5883506390783992,0.0,0.0005933111388003454,1.0,0.642744023546646,0.8589353412389755,4,/volumes/Seagate/mtg-jamendo-dataset/03/492103.mp3
170.05714285714285,105.46875,0.058097511529922485,-27.2312068939209,6,1,0.5524917651951666,0.0,0.0003484397748252377,1.0,0.5611716840101744,0.015020074788480997,4,/volumes/Seagate/mtg-jamendo-dataset/03/1211603.mp3
274.2857142857143,139.6748310810811,0.24051061272621155,-15.403682708740234,8,0,0.5966778773499684,0.0,0.006424925057217479,1.0,0.5423875111005535,0.3098827973008156,4,/volumes/Seagate/mtg-jamendo-dataset/03/1385203.mp3
202.90909297052156,135.99917763157896,0.08550766110420227,-23.883394241333008,7,0,0.5451649402627893,0.0,0.0003155721497023478,1.0,0.5037644472517855,0.10784409008920193,4,/volumes/Seagate/mtg-jamendo-dataset/03/303803.mp3
312.6073469387755,120.18531976744185,0.16148008406162262,-14.724465370178223,4,1,0.5926333286879506,0.0,0.0018855408998206258,1.0,0.6566404687922409,0.08315692655742168,4,/volumes/Seagate/mtg-jamendo-dataset/03/422703.mp3
300.16,95.703125,0.2582867443561554,-13.860162734985352,4,1,0.6112540408872846,0.0,0.0001420960579707753,1.0,0.5552580706001446,0.12178146280348301,4,/volumes/Seagate/mtg-jamendo-dataset/03/1417803.mp3
146.99603174603175,109.95678191489361,0.15643639862537384,-12.026564598083496,4,1,0.5556981695944242,0.0,0.0019603876280598342,1.0,0.7081407125510564,1.0,4,/volumes/Seagate/mtg-jamendo-dataset/03/1394403.mp3
400.8933333333333,107.666015625,0.13290122151374817,-21.145177841186523,7,1,0.5550950307796102,0.0,0.003966038580983877,1.0,0.5934329534054459,1.0,4,/volumes/Seagate/mtg-jamendo-dataset/03/146403.mp3
271.63312925170067,151.99908088235293,0.22955107688903809,-11.458906173706055,11,1,0.5607573890496069,0.0,0.0018676392501220107,1.0,0.7267832599253351,0.0845961831510067,4,/volumes/Seagate/mtg-jamendo-dataset/03/1027903.mp3
440.0753287981859,117.45383522727273,0.062226030975580215,-24.511402130126953,6,0,0.5901786623298511,0.0,0.0011092189815826714,1.0,0.5119937953940009,0.37851449102163315,4,/volumes/Seagate/mtg-jamendo-dataset/03/1378903.mp3
223.33333333333334,178.20581896551724,0.1812589317560196,-26.463844299316406,9,1,0.5222835193465583,0.0,0.0005611860106000677,1.0,0.6329840916842472,0.000276665341516491,4,/volumes/Seagate/mtg-jamendo-dataset/03/1375003.mp3
284.8478911564626,156.60511363636363,0.1367485076189041,-15.066424369812012,5,0,0.5634711375595537,0.0,0.001145098591223359,1.0,0.6433080382190401,0.22239107638597488,4,/volumes/Seagate/mtg-jamendo-dataset/03/28103.mp3
185.7158276643991,99.38401442307692,0.1747332066297531,-14.573836326599121,4,1,0.5280179428334046,0.0,0.000693232417688705,1.0,0.6203966652928945,0.226750448346138,4,/volumes/Seagate/mtg-jamendo-dataset/03/1036803.mp3
71.62063492063493,87.5926906779661,0.10848168283700943,-15.471802711486816,3,0,0.5711129753799078,0.0,0.006108009489253163,1.0,0.547880071316847,0.8630499988794327,4,/volumes/Seagate/mtg-jamendo-dataset/03/1320003.mp3
858.6438095238095,120.18531976744185,0.09149083495140076,-29.66731834411621,3,0,0.5446402176083001,0.0,0.0040143647929653525,1.0,0.4075047139672589,0.0013542341184802353,4,/volumes/Seagate/mtg-jamendo-dataset/03/25003.mp3
144.94224489795917,90.66611842105263,0.20064593851566315,-21.94527816772461,9,1,0.5360224258288591,0.0,0.00047059767530299723,1.0,0.6704496462408017,0.032742063049227,4,/volumes/Seagate/mtg-jamendo-dataset/03/1361403.mp3
412.94367346938776,126.04801829268293,0.14602355659008026,-12.659982681274414,9,1,0.5612830811697467,0.0,0.002714246918912977,1.0,0.6229998161531811,0.39493847638368607,4,/volumes/Seagate/mtg-jamendo-dataset/03/1337403.mp3
82.0,120.18531976744185,0.13592027127742767,-18.150461196899414,0,1,0.560205967165752,0.0,0.0029328743694350123,1.0,0.6570032206766133,0.3320743516087532,4,/volumes/Seagate/mtg-jamendo-dataset/03/1405303.mp3
568.6334693877551,139.6748310810811,0.2133113443851471,-12.884157180786133,4,1,0.604448418947627,0.0,0.0012478186399675906,1.0,0.693737715015144,1.0,4,/volumes/Seagate/mtg-jamendo-dataset/03/1361703.mp3
230.68,132.51201923076923,0.22969461977481842,-13.49820327758789,9,1,0.5354412841840244,0.0,0.0005476477526826784,1.0,0.6617845571942427,0.28525058180093765,4,/volumes/Seagate/mtg-jamendo-dataset/03/1159703.mp3
283.26666666666665,139.6748310810811,0.1419399231672287,-14.133416175842285,9,1,0.5249266071730138,0.0,0.00829013530164957,1.0,0.7601050773265615,0.22103127092123032,4,/volumes/Seagate/mtg-jamendo-dataset/03/11903.mp3
426.1447845804989,123.046875,0.07936690002679825,-28.081619262695312,9,1,0.547789953306849,0.0,2.0358375422802055e-05,1.0,0.5617899429776494,0.005350832943804562,4,/volumes/Seagate/mtg-jamendo-dataset/03/1118703.mp3
105.01333333333334,135.99917763157896,0.16110436618328094,-22.004770278930664,2,0,0.5376474249014496,0.0,0.007143612485378981,1.0,0.4433083414536294,0.011478648521006107,4,/volumes/Seagate/mtg-jamendo-dataset/03/114903.mp3
387.24097505668936,129.19921875,0.1240844652056694,-11.978682518005371,7,1,0.5803526818227581,0.0,0.0032093528425320983,1.0,0.771004935086149,1.0,4,/volumes/Seagate/mtg-jamendo-dataset/03/1378203.mp3
195.13469387755103,97.50884433962264,0.19663168489933014,-11.403524398803711,9,1,0.5804288809239984,0.0,0.002889741794206202,1.0,0.6733237129451074,1.0,4,/volumes/Seagate/mtg-jamendo-dataset/03/82803.mp3
371.8309791666667,140.625,0.20979933440685272,-11.201950073242188,4,1,0.5820895610571565,0.0,0.0007566768326796591,1.0,0.7760460500062716,0.6860943138599396,4,/volumes/Seagate/mtg-jamendo-dataset/03/629103.mp3
240.0,120.18531976744185,0.09307478368282318,-26.25634002685547,9,1,0.5400800925345541,0.0,0.0029842103831470013,1.0,0.5656401258297852,0.056312792003154755,4,/volumes/Seagate/mtg-jamendo-dataset/03/1046703.mp3
344.32,161.4990234375,0.27318698167800903,-13.819974899291992,0,1,0.6283882781576976,0.0,0.0004775363631779328,1.0,0.6747135836686052,0.00018777351215248927,4,/volumes/Seagate/mtg-jamendo-dataset/03/191403.mp3
88.55616780045351,117.45383522727273,0.14773257076740265,-22.321392059326172,2,1,0.6171880825390028,0.0,0.00043619118514470756,1.0,0.454238297109553,0.05485724192112684,4,/volumes/Seagate/mtg-jamendo-dataset/03/818603.mp3
148.36773242630386,126.04801829268293,0.08262641727924347,-27.686508178710938,0,1,0.5431125187228429,0.0,2.2313536192086758e-05,1.0,0.5911619014289154,0.009942661272361875,4,/volumes/Seagate/mtg-jamendo-dataset/03/1349403.mp3
75.69231292517007,129.19921875,0.09866157174110413,-27.754037857055664,4,1,0.643063673900047,0.0,3.5858655564879882e-06,1.0,0.5313097154779383,0.0014541235577780753,4,/volumes/Seagate/mtg-jamendo-dataset/03/1370403.mp3
240.0266439909297,132.51201923076923,0.22462718188762665,-3.3041036128997803,11,1,0.5742484350509629,0.0,0.007982655661180615,1.0,0.7850240384615386,1.0,4,/volumes/Seagate/mtg-jamendo-dataset/03/1388003.mp3
300.37333333333333,90.66611842105263,0.20691853761672974,-14.820648193359375,0,0,0.5701941169588698,0.0,0.0011551152274478227,1.0,0.4817088385161543,0.2818090282380581,4,/volumes/Seagate/mtg-jamendo-dataset/03/92403.mp3
216.16326530612244,109.95678191489361,0.10505399107933044,-22.73955726623535,9,1,0.6025313964148333,0.0,0.0028550461283884943,1.0,0.5624456304926281,0.0014889311569277197,4,/volumes/Seagate/mtg-jamendo-dataset/03/250003.mp3
97.5,120.18531976744185,0.08418384194374084,-24.75226593017578,7,0,0.5163131232406563,0.0,6.410749119822867e-05,1.0,0.37695675911979376,0.10979225859045982,4,/volumes/Seagate/mtg-jamendo-dataset/03/1173503.mp3
87.88704166666666,156.25,0.11376413702964783,-21.803380966186523,0,0,0.5220187192129937,0.0,0.0001987648065551184,1.0,0.5768923920199835,0.02276916289702058,4,/volumes/Seagate/mtg-jamendo-dataset/03/47403.mp3
288.09369614512474,120.18531976744185,0.007835578173398972,-42.37197494506836,0,1,0.5560481478767518,0.0,0.001002241624519229,1.0,0.660641211524832,0.0015843343862798065,4,/volumes/Seagate/mtg-jamendo-dataset/03/318603.mp3
202.5,161.4990234375,0.1634729504585266,-24.217374801635742,2,1,0.4710394352401832,0.0,0.0019039981998503208,1.0,0.6588185308450298,0.03283611033111811,4,/volumes/Seagate/mtg-jamendo-dataset/03/1369703.mp3
318.0104081632653,120.18531976744185,0.17749865353107452,-17.5048885345459,0,0,0.5483002572813231,0.0,0.00310036086011678,1.0,0.37401923809816107,0.0900398101657629,4,/volumes/Seagate/mtg-jamendo-dataset/03/235303.mp3
141.17646258503402,135.99917763157896,0.16676411032676697,-17.406997680664062,6,1,0.5956147282481599,0.0,0.0002964921441162005,1.0,0.6384469147333067,0.18450235947966576,4,/volumes/Seagate/mtg-jamendo-dataset/03/891603.mp3
275.1216326530612,129.19921875,0.08359017968177795,-20.76103401184082,2,1,0.5247910019500437,0.0,0.0018565578502602875,1.0,0.5301240006039636,0.043891509994864464,4,/volumes/Seagate/mtg-jamendo-dataset/03/986803.mp3
1122.208798185941,123.046875,0.05669835954904556,-27.546398162841797,9,1,0.43871523994015615,0.0,4.673798866861034e-05,1.0,0.642130377301715,8.013963679331937e-06,4,/volumes/Seagate/mtg-jamendo-dataset/03/433603.mp3
176.79560090702947,109.95678191489361,0.07134602218866348,-29.997812271118164,2,1,0.5174007707789217,0.0,0.0027760835364460945,1.0,0.5256882296468552,0.00020853822206845507,4,/volumes/Seagate/mtg-jamendo-dataset/03/1217503.mp3
357.44759637188207,129.19921875,0.2774876654148102,-8.856167793273926,6,1,0.5709764782790752,0.0,0.0009056631533894688,1.0,0.7400030961011561,1.0,4,/volumes/Seagate/mtg-jamendo-dataset/03/1196503.mp3
164.0338775510204,132.51201923076923,0.2009551078081131,-9.57908821105957,7,1,0.5794226082471917,0.0,0.001709732401650399,1.0,0.7214992819749929,0.7255197316408157,4,/volumes/Seagate/mtg-jamendo-dataset/03/1066503.mp3
192.0,129.19921875,0.18554440140724182,-12.56227970123291,7,0,0.5933816139736448,0.0,0.0029272277606651187,1.0,0.6358083003910828,0.5431477352976799,4,/volumes/Seagate/mtg-jamendo-dataset/03/1297203.mp3
157.29507936507937,120.18531976744185,0.19324776530265808,-15.02347469329834,11,1,0.5756894377704944,0.0,0.0006970043614273891,1.0,0.758132798885082,0.14688869938254356,4,/volumes/Seagate/mtg-jamendo-dataset/03/1248603.mp3
203.8247619047619,129.19921875,0.19751694798469543,-9.888400077819824,9,1,0.581519816254449,0.0,0.008814495988190174,1.0,0.7752711768102042,1.0,4,/volumes/Seagate/mtg-jamendo-dataset/03/1068103.mp3
252.63160997732427,86.1328125,0.1656711846590042,-19.16680145263672,9,1,0.5569483147509803,0.0,0.00015967327999533154,1.0,0.5262097281943414,0.030968880746513605,4,/volumes/Seagate/mtg-jamendo-dataset/03/1264203.mp3
353.1034693877551,87.5926906779661,0.26687803864479065,-5.9981770515441895,7,0,0.6068793735172948,0.0,0.008833834435790777,1.0,0.5694274763816225,1.0,4,/volumes/Seagate/mtg-jamendo-dataset/03/1337903.mp3
188.9991836734694,139.6748310810811,0.1688363254070282,-19.43207550048828,7,0,0.5832820451798908,0.0,0.001023272518068552,1.0,0.49670332429829467,0.022546721156686544,4,/volumes/Seagate/mtg-jamendo-dataset/03/1271903.mp3
230.26938775510203,126.04801829268293,0.11835426092147827,-27.267480850219727,4,1,0.5685738901405009,0.0,0.00018834675574908033,1.0,0.47872490609247925,0.0012854525994043797,4,/volumes/Seagate/mtg-jamendo-dataset/03/169203.mp3
426.858231292517,139.6748310810811,0.1453101933002472,-20.698680877685547,4,1,0.5668999574184408,0.0,7.816363176971208e-05,1.0,0.6042950710485304,0.09185468778014183,4,/volumes/Seagate/mtg-jamendo-dataset/03/1307203.mp3
272.1259863945578,126.04801829268293,0.1876942366361618,-12.077908515930176,5,1,0.5821561254603895,0.0,0.0034640299854800105,1.0,0.7439809352167598,1.0,4,/volumes/Seagate/mtg-jamendo-dataset/03/1358803.mp3
248.18748299319728,120.18531976744185,0.26208484172821045,-7.953471660614014,6,1,0.5831069386622199,0.0,0.001393971440847963,1.0,0.8104543980860134,0.8766096830368042,4,/volumes/Seagate/mtg-jamendo-dataset/03/1417903.mp3
144.44414965986394,151.99908088235293,0.09413132071495056,-30.684343338012695,7,0,0.5136097413530158,0.0,3.3768128560041077e-06,1.0,0.30154081702510854,1.1561377277757856e-06,4,/volumes/Seagate/mtg-jamendo-dataset/03/151103.mp3
210.03863945578232,126.04801829268293,0.10067114233970642,-28.29302978515625,8,0,0.5529077310304685,0.0,1.5123357115953695e-05,1.0,0.2881424725414331,0.007073471206240356,4,/volumes/Seagate/mtg-jamendo-dataset/03/1392703.mp3
258.02666666666664,139.6748310810811,0.2146943062543869,-13.487884521484375,7,1,0.5552312920967734,0.0,0.005331612308509648,1.0,0.7092513523162808,1.0,4,/volumes/Seagate/mtg-jamendo-dataset/03/462203.mp3
331.8666666666667,95.703125,0.18184737861156464,-12.856884956359863,7,1,0.5640818403021601,0.0,0.005202326341532171,1.0,0.6365989348800009,0.2014799602329731,4,/volumes/Seagate/mtg-jamendo-dataset/03/12303.mp3
105.0,123.046875,0.09482730180025101,-18.93021011352539,3,0,0.5928164413041042,0.0,0.0026201471337117255,1.0,0.6157994017146823,0.34263189882040024,4,/volumes/Seagate/mtg-jamendo-dataset/03/1028803.mp3
159.77333333333334,99.38401442307692,0.22268305718898773,-7.136281490325928,9,1,0.5938319414252295,0.0,0.002495628723409027,1.0,0.679691950111716,0.9066265821456909,4,/volumes/Seagate/mtg-jamendo-dataset/03/415103.mp3
289.710875,106.13207547169812,0.11416371911764145,-20.306625366210938,2,1,0.5575709860176469,0.0,0.00023036851052893326,1.0,0.6154149065124115,1.0,4,/volumes/Seagate/mtg-jamendo-dataset/03/1076603.mp3
154.84614512471654,135.99917763157896,0.13836035132408142,-22.779924392700195,4,1,0.5247362199727753,0.0,0.0006852598307887092,1.0,0.538466452234112,0.019529128912836313,4,/volumes/Seagate/mtg-jamendo-dataset/03/1397803.mp3
320.39183673469387,90.66611842105263,0.06024407967925072,-23.787548065185547,8,0,0.5596980465422279,0.0,0.014110892079770565,1.0,0.6794768583853562,1.299968355183978e-08,4,/volumes/Seagate/mtg-jamendo-dataset/03/142203.mp3
189.50063492063492,120.18531976744185,0.15748918056488037,-20.465412139892578,4,1,0.5691275409585925,0.0,0.00032781057961983606,1.0,0.5933509400430602,0.12247301638126373,4,/volumes/Seagate/mtg-jamendo-dataset/03/1242003.mp3
167.83780045351475,161.4990234375,0.1537076234817505,-18.498489379882812,4,1,0.5443698837628353,0.0,0.0004805540665984154,1.0,0.5280416895098938,0.2779623121023178,4,/volumes/Seagate/mtg-jamendo-dataset/03/992503.mp3
90.0,93.96306818181819,0.07956792414188385,-29.367721557617188,8,0,0.5448681234446084,0.0,0.00012104374036425725,1.0,0.5259527038588327,8.903409252525307e-05,4,/volumes/Seagate/mtg-jamendo-dataset/03/1116403.mp3
160.0069387755102,126.04801829268293,0.06821572780609131,-27.968095779418945,7,1,0.5322592753906228,0.0,3.898164777638158e-06,1.0,0.5951048006960932,1.5386419818241848e-05,4,/volumes/Seagate/mtg-jamendo-dataset/03/1157603.mp3
191.43603174603174,84.72079918032787,0.1761251986026764,-16.06467628479004,9,1,0.5679324437789832,0.0,0.000939736288273707,1.0,0.5743971283472735,0.2625248022377491,4,/volumes/Seagate/mtg-jamendo-dataset/03/1070603.mp3
46.148866213151926,126.04801829268293,0.10878992080688477,-15.812437057495117,9,1,0.559632327293009,0.0,0.048256292939186096,1.0,0.7582396089653667,1.0,4,/volumes/Seagate/mtg-jamendo-dataset/03/1167303.mp3
62.04371882086168,105.46875,0.15153685212135315,-21.971601486206055,7,1,0.5507547525157381,0.0,0.00014269039820646867,1.0,0.5382321165697516,0.018286549020558596,4,/volumes/Seagate/mtg-jamendo-dataset/03/1001903.mp3
100.24326530612245,120.18531976744185,0.04348247870802879,-25.68972396850586,3,0,0.5925598782242651,0.0,0.0019197622896172106,1.0,0.6083266994154135,0.010450424160808325,4,/volumes/Seagate/mtg-jamendo-dataset/03/1404303.mp3
61.26369614512472,120.18531976744185,0.1139129102230072,-27.44086265563965,2,1,0.5391289911603858,0.0,8.932840046327328e-06,1.0,0.5501728774976289,0.0009282023529522121,4,/volumes/Seagate/mtg-jamendo-dataset/03/1352903.mp3
246.3057142857143,151.99908088235293,0.06905702501535416,-21.797712326049805,7,1,0.5736834068781521,0.0,0.0019280310370959342,1.0,0.7432620525908891,0.42299848049879074,4,/volumes/Seagate/mtg-jamendo-dataset/03/74103.mp3
136.88401360544216,114.84375,0.061164651066064835,-30.717397689819336,4,1,0.5215877722675796,0.0,0.0025895325816236436,1.0,0.467477787906203,5.869600954611087e-05,4,/volumes/Seagate/mtg-jamendo-dataset/03/390003.mp3
368.5760090702948,139.6748310810811,0.08449141681194305,-26.385717391967773,6,1,0.5491466884754502,0.0,0.0014937063097022474,1.0,0.6064825331460011,0.00801761168986559,4,/volumes/Seagate/mtg-jamendo-dataset/03/1366703.mp3
400.82603174603173,97.50884433962264,0.1718752235174179,-20.2965145111084,10,0,0.5751701477338939,0.0,0.0004373451374704018,1.0,0.43696400472565977,0.43382439762353897,4,/volumes/Seagate/mtg-jamendo-dataset/03/1247403.mp3
265.58666666666664,143.5546875,0.24585643410682678,-8.705425262451172,0,0,0.5935383245338157,0.0,0.0013097176852170378,1.0,0.602122643324957,0.8515792340040207,4,/volumes/Seagate/mtg-jamendo-dataset/03/604303.mp3
158.4065306122449,129.19921875,0.04324007406830788,-31.513446807861328,7,1,0.5214975950792157,0.0,0.000293732708087191,1.0,0.555253292281839,2.342414518352598e-05,4,/volumes/Seagate/mtg-jamendo-dataset/03/1235603.mp3
235.2,147.65625,0.21312956511974335,-7.035399436950684,7,1,0.5674573871823945,0.0,0.0034130470594391227,1.0,0.8217578499078292,1.0,4,/volumes/Seagate/mtg-jamendo-dataset/03/1138703.mp3
131.4753514739229,139.6748310810811,0.12547118961811066,-22.618192672729492,3,0,0.5624497852639154,0.0,0.0001291897388000507,1.0,0.5092334372512699,0.016401400789618492,4,/volumes/Seagate/mtg-jamendo-dataset/03/1162103.mp3
172.28655328798186,105.46875,0.09203016757965088,-26.115413665771484,9,1,0.5372243929365794,0.0,0.00047529878793284297,1.0,0.453431404646687,0.0005966174285276793,4,/volumes/Seagate/mtg-jamendo-dataset/03/1132803.mp3
114.49469387755101,139.6748310810811,0.07456889003515244,-22.993886947631836,3,0,0.5172031314034224,0.0,0.0012997688027098775,1.0,0.5707280298668469,0.12514587491750717,4,/volumes/Seagate/mtg-jamendo-dataset/03/1306703.mp3
150.96308390022676,120.18531976744185,0.13643711805343628,-15.773630142211914,6,1,0.5896941492167378,0.0,0.009175999090075493,1.0,0.6748239113599144,0.6629057228565216,4,/volumes/Seagate/mtg-jamendo-dataset/03/890103.mp3
30.52952380952381,109.95678191489361,0.14827220141887665,-12.686442375183105,0,1,0.5556592377415461,0.0,0.001448263123165816,1.0,0.6749103812497813,0.5247864872217178,4,/volumes/Seagate/mtg-jamendo-dataset/03/1088603.mp3
176.31655328798186,147.65625,0.17938610911369324,-13.621469497680664,1,0,0.6009857440961797,0.0,0.0032542599365115166,1.0,0.6753138434283755,1.0,4,/volumes/Seagate/mtg-jamendo-dataset/03/147203.mp3
560.5,120.18531976744185,0.06577566266059875,-28.83434295654297,2,1,0.5714235766843534,0.0,7.943219543449231e-06,1.0,0.5507155178083925,8.652280484966468e-05,4,/volumes/Seagate/mtg-jamendo-dataset/03/1081003.mp3
58.87700680272109,120.18531976744185,0.24205282330513,-23.121755599975586,8,0,0.5978173838769738,0.0,0.0002812734237522818,1.0,0.5136539941996706,0.25096382945775986,4,/volumes/Seagate/mtg-jamendo-dataset/03/1349103.mp3
379.200022675737,99.38401442307692,0.27282068133354187,-13.01501178741455,0,0,0.5515558113731902,0.0,0.0007604049460496753,1.0,0.47600328199601416,1.0,4,/volumes/Seagate/mtg-jamendo-dataset/03/326903.mp3
239.9998125,95.33898305084746,0.13826115429401398,-25.966447830200195,2,1,0.50052619363345,0.0,0.00011621494559221901,1.0,0.5231442231092641,0.0067013397347182035,4,/volumes/Seagate/mtg-jamendo-dataset/03/1110503.mp3
292.0761678004535,120.18531976744185,0.13882902264595032,-14.812819480895996,7,0,0.5482446315414802,0.0,0.000282858542050235,1.0,0.572086641156382,0.44820256531238556,4,/volumes/Seagate/mtg-jamendo-dataset/03/464403.mp3
229.9375,110.29411764705883,0.17338891327381134,-17.41567611694336,7,1,0.5858258219017021,0.0,3.240788373659598e-05,1.0,0.5891716363316781,0.022878737654536963,4,/volumes/Seagate/mtg-jamendo-dataset/03/108303.mp3
319.0,93.96306818181819,0.19945845007896423,-18.3648738861084,6,1,0.530973873716236,0.0,0.0009377446258440614,1.0,0.5702335998587547,0.5429099127650261,4,/volumes/Seagate/mtg-jamendo-dataset/03/1403903.mp3
166.66122448979593,156.60511363636363,0.14455829560756683,-18.37183952331543,9,1,0.530986767408311,0.0,0.013137212488800287,1.0,0.5632259897410604,0.14226654544472694,4,/volumes/Seagate/mtg-jamendo-dataset/03/1031803.mp3
346.1224489795918,120.18531976744185,0.1890513151884079,-10.57853889465332,7,1,0.5584544700501188,0.0,0.0018533954280428588,1.0,0.7310144049091667,1.0,4,/volumes/Seagate/mtg-jamendo-dataset/03/243803.mp3
162.06367346938777,95.703125,0.26871392130851746,-20.499984741210938,9,1,0.5713741844211953,0.0,0.005166680901311338,1.0,0.5113858177884169,0.38490936160087585,4,/volumes/Seagate/mtg-jamendo-dataset/03/1294203.mp3
348.76081632653063,166.70866935483872,0.16920535266399384,-15.259302139282227,9,1,0.586621505302503,0.0,1.8184147393185413e-05,1.0,0.7318387018127496,6.914772711752448e-05,4,/volumes/Seagate/mtg-jamendo-dataset/03/23103.mp3
196.05632653061224,139.6748310810811,0.03911405801773071,-36.94808578491211,11,1,0.5100480210416705,0.0,1.0211679864369216e-05,1.0,0.4321762418830897,8.987225896817108e-06,4,/volumes/Seagate/mtg-jamendo-dataset/03/1221303.mp3
209.28138321995465,139.6748310810811,0.38017264008522034,4.324677467346191,4,1,0.5991563758665563,0.0,0.024024504236876965,1.0,0.7993496621621623,1.0,4,/volumes/Seagate/mtg-jamendo-dataset/03/242903.mp3
239.1157596371882,114.84375,0.2673843801021576,-6.789822578430176,9,1,0.5717510257237743,0.0,0.004246044787578285,1.0,0.7496818936996563,1.0,4,/volumes/Seagate/mtg-jamendo-dataset/03/1155003.mp3
238.55369614512472,129.19921875,0.22003935277462006,-11.366972923278809,9,1,0.5829665822547401,0.0,0.006591340061277151,1.0,0.7184305868077232,1.0,4,/volumes/Seagate/mtg-jamendo-dataset/03/1211803.mp3
252.5257142857143,129.19921875,0.15624845027923584,-13.844158172607422,2,1,0.5723254905512014,0.0,0.0037123379297554493,1.0,0.7459911927663527,1.0,4,/volumes/Seagate/mtg-jamendo-dataset/03/1133503.mp3
161.73684807256237,95.703125,0.1564210206270218,-20.797286987304688,7,0,0.5444912150236065,0.0,0.00037780337152071297,1.0,0.4437299954757694,0.04828044679015875,4,/volumes/Seagate/mtg-jamendo-dataset/03/1281203.mp3
155.85333333333332,120.18531976744185,0.31839224696159363,-1.2154134511947632,9,1,0.6237346891286846,0.0,0.01786016346886754,1.0,0.74542918411559,1.0,4,/volumes/Seagate/mtg-jamendo-dataset/03/78103.mp3
218.26360544217687,126.04801829268293,0.18576622009277344,-13.27865219116211,4,1,0.5259715194984875,0.0,0.0012513971014413983,1.0,0.610632600983781,1.0,4,/volumes/Seagate/mtg-jamendo-dataset/03/1249603.mp3
346.5,161.4990234375,0.10052451491355896,-22.685497283935547,9,1,0.5965448224587898,0.0,0.0003399534907657653,1.0,0.6915040586281791,0.09233851917088032,4,/volumes/Seagate/mtg-jamendo-dataset/03/827703.mp3
151.42858333333334,165.44117647058823,0.2308385968208313,-12.36731243133545,9,1,0.5733401533019773,0.0,0.0005950574122834951,1.0,0.6029700144809266,0.47244928777217865,4,/volumes/Seagate/mtg-jamendo-dataset/03/100603.mp3
178.39904761904762,93.96306818181819,0.04340363293886185,-36.149749755859375,0,1,0.5021695472041396,0.0,0.003037185058929026,1.0,0.4981304366275912,4.1630974578765745e-06,4,/volumes/Seagate/mtg-jamendo-dataset/03/1109903.mp3
264.6,139.6748310810811,0.25800198316574097,-10.849854469299316,3,0,0.5943512831413569,0.0,0.00027353688346920535,1.0,0.5690251420573319,0.0971555057913065,4,/volumes/Seagate/mtg-jamendo-dataset/03/311503.mp3
666.8196825396825,117.45383522727273,0.059159453958272934,-28.792858123779297,0,0,0.5342865014242554,0.0,4.805180287803523e-05,1.0,0.46242822519788646,0.0036370655288919806,4,/volumes/Seagate/mtg-jamendo-dataset/03/1161503.mp3
195.73956916099775,129.19921875,0.075237937271595,-28.100812911987305,9,1,0.538116988894854,0.0,5.8745283240568824e-05,1.0,0.5834764458641181,0.000556779996259138,4,/volumes/Seagate/mtg-jamendo-dataset/03/25803.mp3
529.4714375,125.0,0.08246847242116928,-25.368574142456055,2,0,0.5584972601613625,0.0,0.0002041767438640818,1.0,0.49536900191340266,0.01826881431043148,4,/volumes/Seagate/mtg-jamendo-dataset/03/1030903.mp3
193.8557596371882,99.38401442307692,0.25229203701019287,-9.502798080444336,7,1,0.5571892512125995,0.0,0.0014912329497747123,1.0,0.8365265854427693,0.975605770945549,4,/volumes/Seagate/mtg-jamendo-dataset/03/1243203.mp3
234.38201814058957,147.65625,0.26615390181541443,-5.4096808433532715,10,0,0.5779858025931798,0.0,0.005306979292072356,1.0,0.5419664883555679,1.0,4,/volumes/Seagate/mtg-jamendo-dataset/03/1336603.mp3
192.93242630385487,95.703125,0.123201385140419,-22.63132095336914,8,0,0.5382235621468143,0.0,1.6828325442475034e-05,1.0,0.4240370088550307,0.010940104257315397,4,/volumes/Seagate/mtg-jamendo-dataset/03/1323603.mp3
204.094693877551,120.18531976744185,0.22601714730262756,-7.27979850769043,9,1,0.5497945330025726,0.0,0.004994122311472893,1.0,0.7565654560666489,1.0,4,/volumes/Seagate/mtg-jamendo-dataset/03/316203.mp3
247.24,126.04801829268293,0.13451361656188965,-28.565753936767578,7,0,0.6016384963937171,0.0,0.00039693567669019103,1.0,0.3702480086253673,0.00031471648981096223,4,/volumes/Seagate/mtg-jamendo-dataset/03/1049703.mp3
129.0487074829932,120.18531976744185,0.030798690393567085,-39.889705657958984,0,1,0.5305577230167935,0.0,0.0002686333828023635,1.0,0.4815974082489275,4.219382674364169e-06,4,/volumes/Seagate/mtg-jamendo-dataset/03/1377103.mp3
206.0,133.92857142857142,0.037771862000226974,-39.678810119628906,2,1,0.5171812467993371,0.0,0.00020212256640661508,1.0,0.3592597417344389,2.8207342239738864e-07,4,/volumes/Seagate/mtg-jamendo-dataset/03/1012003.mp3
332.3077097505669,129.19921875,0.310514360666275,-5.983767032623291,6,0,0.5871285704627953,0.0,0.0021404698491096497,1.0,0.6418621588310389,1.0,4,/volumes/Seagate/mtg-jamendo-dataset/03/1285503.mp3
154.30530612244897,126.04801829268293,0.06325913220643997,-29.781721115112305,2,1,0.5175660830406263,0.0,0.0010814004926942289,1.0,0.611346303816696,9.956169378710911e-05,4,/volumes/Seagate/mtg-jamendo-dataset/03/783503.mp3
128.3478231292517,114.84375,0.11638578027486801,-20.791240692138672,2,1,0.5561574114786986,0.0,0.00029163480940042064,1.0,0.6090132394745456,0.05645424593240023,4,/volumes/Seagate/mtg-jamendo-dataset/03/1197103.mp3
164.5595238095238,105.46875,0.14140218496322632,-14.226325988769531,0,1,0.5820414400276119,0.0,0.0038616398815065622,1.0,0.7049786165014745,1.0,4,/volumes/Seagate/mtg-jamendo-dataset/03/1420603.mp3
244.92408163265307,99.38401442307692,0.15857219696044922,-20.95855140686035,7,0,0.5597694069640288,0.0,1.8512134374759626e-05,1.0,0.44186553067351875,0.077040852047503,4,/volumes/Seagate/mtg-jamendo-dataset/03/81803.mp3
189.48056689342403,123.046875,0.03822493925690651,-34.76070022583008,7,0,0.5476713561722693,0.0,3.518271932989592e-05,1.0,0.29347997528157443,1.415800738868711e-05,4,/volumes/Seagate/mtg-jamendo-dataset/03/1227103.mp3
182.86861678004536,103.359375,0.25980260968208313,-8.8703031539917,9,1,0.5505797357703446,0.0,0.0011454102932475507,1.0,0.652965870862734,1.0,4,/volumes/Seagate/mtg-jamendo-dataset/03/414103.mp3
42.545419501133786,109.95678191489361,0.18514735996723175,-25.838966369628906,0,1,0.5134133358756536,0.0,8.728428292670287e-05,1.0,0.5106733782468713,0.11155465617775917,4,/volumes/Seagate/mtg-jamendo-dataset/03/1366003.mp3
154.96875283446713,161.4990234375,0.1594647467136383,-18.922887802124023,2,1,0.5395371718921207,0.0,0.00015953046022332273,1.0,0.6788663710225489,0.13739362359046936,4,/volumes/Seagate/mtg-jamendo-dataset/03/1083303.mp3
118.0,129.19921875,0.017361842095851898,-41.0729866027832,7,0,0.5526301790916772,0.0,0.001223211904289201,1.0,0.4281223055589657,3.4136633075831924e-07,4,/volumes/Seagate/mtg-jamendo-dataset/03/1042003.mp3
192.17333333333335,112.34714673913044,0.1058756485581398,-18.405675888061523,2,0,0.6004601781427179,0.0,0.0003664571122499183,1.0,0.4853238250556107,1.0,4,/volumes/Seagate/mtg-jamendo-dataset/03/3903.mp3
146.526125,95.33898305084746,0.11316530406475067,-25.269994735717773,9,1,0.554609728230841,0.0,0.0005796070763608441,1.0,0.5396365216786448,0.04701112862676382,4,/volumes/Seagate/mtg-jamendo-dataset/03/1112003.mp3
115.19548752834467,99.38401442307692,0.13869203627109528,-16.996803283691406,2,1,0.5832657381639945,0.0,0.0003534815550665371,1.0,0.6039650075489931,0.3306262940168381,4,/volumes/Seagate/mtg-jamendo-dataset/03/1164203.mp3
139.92977324263038,143.5546875,0.06825753301382065,-34.79570770263672,5,1,0.5491483948007156,0.0,1.6891039649635786e-05,1.0,0.586331900120978,1.569440314597159e-05,4,/volumes/Seagate/mtg-jamendo-dataset/03/1151403.mp3
219.6140589569161,120.18531976744185,0.2974572777748108,-9.61116886138916,4,1,0.5876109438795631,0.0,0.0008752420835662633,1.0,0.649545327148612,1.0,4,/volumes/Seagate/mtg-jamendo-dataset/03/1257403.mp3
183.0661224489796,126.04801829268293,0.04542742669582367,-34.15493392944336,9,1,0.521706820486331,0.0,0.00441112881526351,1.0,0.6710691934176454,3.319056077089044e-05,4,/volumes/Seagate/mtg-jamendo-dataset/03/389703.mp3
233.61412698412698,172.265625,0.259089857339859,-21.23819923400879,9,1,0.5681601811564632,0.0,2.003522058657836e-05,1.0,0.6388325641134327,0.01138873165473342,4,/volumes/Seagate/mtg-jamendo-dataset/03/299403.mp3
250.029410430839,120.18531976744185,0.2618267834186554,-17.074546813964844,0,0,0.5498214614826316,0.0,0.00037723117566201836,1.0,0.49272008107859644,1.0,4,/volumes/Seagate/mtg-jamendo-dataset/03/1147703.mp3
181.89473922902494,95.703125,0.2916119694709778,-10.34179973602295,6,0,0.5762450403330703,0.0,0.0007512026641052216,1.0,0.7477359736933278,1.0,4,/volumes/Seagate/mtg-jamendo-dataset/03/1210703.mp3
382.92,126.04801829268293,0.1911187767982483,-18.996326446533203,9,0,0.5867275831232168,0.0,0.0008072589116636664,1.0,0.5003388843341752,0.7240215688943863,4,/volumes/Seagate/mtg-jamendo-dataset/03/1349703.mp3
146.52321995464854,97.50884433962264,0.1470656394958496,-25.61004066467285,9,1,0.5750194586077104,0.0,0.0002941639395430684,1.0,0.5058955749053071,0.04530543461441994,4,/volumes/Seagate/mtg-jamendo-dataset/03/1158503.mp3
741.1809523809524,120.18531976744185,0.09030468761920929,-28.96029281616211,2,1,0.5217593165408612,0.0,9.193586811306886e-05,1.0,0.49113153563145295,2.692464704523445e-05,4,/volumes/Seagate/mtg-jamendo-dataset/03/1028503.mp3
486.71267573696144,120.18531976744185,0.03598371520638466,-27.876968383789062,3,1,0.502201241839111,0.0,0.0006835886451881379,1.0,0.6455898972600704,0.02690187655389309,4,/volumes/Seagate/mtg-jamendo-dataset/03/1118603.mp3
163.04,120.18531976744185,0.1757376492023468,-17.378515243530273,7,0,0.5411998172196807,0.0,0.01487059984356165,1.0,0.6113793769604059,0.0180429732427001,4,/volumes/Seagate/mtg-jamendo-dataset/03/1333703.mp3
259.0933333333333,120.18531976744185,0.03365400433540344,-34.56260299682617,7,1,0.5524654410025787,0.0,0.003553996793925762,1.0,0.598284462288162,0.00036690391425509006,4,/volumes/Seagate/mtg-jamendo-dataset/03/1171003.mp3
204.0,112.34714673913044,0.05783278867602348,-28.827285766601562,7,0,0.5481168823436706,0.0,0.002401317993644625,1.0,0.3062743237958383,5.681150128111767e-06,4,/volumes/Seagate/mtg-jamendo-dataset/03/1137403.mp3
756.1919954648527,126.04801829268293,0.15605035424232483,-21.029869079589844,0,1,0.5260982355525595,0.0,0.00023317898012464866,1.0,0.5866526238069989,0.005130068748258054,4,/volumes/Seagate/mtg-jamendo-dataset/03/1089303.mp3
305.93634920634923,93.96306818181819,0.11041243374347687,-31.197078704833984,9,1,0.5178759228044016,0.0,8.419945879722945e-05,1.0,0.499856012256801,9.147411219601054e-05,4,/volumes/Seagate/mtg-jamendo-dataset/03/1330503.mp3
37.000997732426306,120.18531976744185,0.1424565613269806,-17.874286651611328,7,1,0.5910313446891055,0.0,0.011868767905980349,1.0,0.6155047720646952,0.024029305204749107,4,/volumes/Seagate/mtg-jamendo-dataset/03/1397103.mp3
93.81818594104308,109.95678191489361,0.14084340631961823,-13.2282075881958,11,1,0.5885462446166849,0.0,0.0029422949301078916,1.0,0.6798973162497035,1.0,4,/volumes/Seagate/mtg-jamendo-dataset/03/1087103.mp3
333.6881632653061,99.38401442307692,0.16865131258964539,-19.674640655517578,10,0,0.5317967114223099,0.0,0.00023690425587119535,1.0,0.4357151442387147,0.11878405697643757,4,/volumes/Seagate/mtg-jamendo-dataset/03/335303.mp3
226.66666666666666,107.666015625,0.12159877270460129,-13.755043029785156,2,1,0.5660245218654906,0.0,0.013159945607185364,1.0,0.73533203125,1.0,4,/volumes/Seagate/mtg-jamendo-dataset/03/1181203.mp3
248.88888888888889,135.99917763157896,0.19429156184196472,-9.994669914245605,9,1,0.5749738258457475,0.0,0.003660347778350115,1.0,0.791998355263158,1.0,4,/volumes/Seagate/mtg-jamendo-dataset/03/1104503.mp3
235.2058276643991,129.19921875,0.15882040560245514,-13.941337585449219,7,1,0.5703378971009105,0.0,0.0010792766406666487,1.0,0.6784839067808476,0.21128637716174126,4,/volumes/Seagate/mtg-jamendo-dataset/03/873803.mp3
157.97469387755103,105.46875,0.17256903648376465,-18.220422744750977,2,0,0.609359422377759,0.0,0.007401930168271065,1.0,0.5118336434995967,0.28937675058841705,4,/volumes/Seagate/mtg-jamendo-dataset/03/362503.mp3
220.2,98.6842105263158,0.046066004782915115,-31.573156356811523,0,1,0.5526800749187422,0.0,4.821039874514099e-05,1.0,0.5190456844259216,0.003564796061255038,4,/volumes/Seagate/mtg-jamendo-dataset/03/1168003.mp3
267.1804081632653,112.34714673913044,0.11870349943637848,-18.394702911376953,7,0,0.5749174503149772,0.0,0.0006715115014230832,1.0,0.45073347436051825,0.07674704771488905,4,/volumes/Seagate/mtg-jamendo-dataset/03/373103.mp3
276.0,161.4990234375,0.09842707216739655,-28.908761978149414,0,1,0.532884021102656,0.0,7.340139291045489e-06,1.0,0.6063367329903174,0.0007713453669566661,4,/volumes/Seagate/mtg-jamendo-dataset/03/1394303.mp3
352.48072562358277,129.19921875,0.1830776035785675,-7.315062046051025,8,0,0.597358184908833,0.0,0.005482515902258456,1.0,0.6583984375,1.0,4,/volumes/Seagate/mtg-jamendo-dataset/03/1209803.mp3
347.0526530612245,95.703125,0.15648841857910156,-14.625249862670898,5,0,0.5839133953386024,0.0,0.0010300665744580328,1.0,0.48660319973961463,0.1897425577044487,4,/volumes/Seagate/mtg-jamendo-dataset/03/1300203.mp3
254.93004535147392,126.04801829268293,0.26965418457984924,-11.736379623413086,7,1,0.5843064175546694,0.0,0.000314620956487488,1.0,0.6663382923329193,0.1067732647061348,4,/volumes/Seagate/mtg-jamendo-dataset/03/934003.mp3
300.7131292517007,109.95678191489361,0.18267406523227692,-15.976698875427246,6,0,0.5924942981507013,0.0,0.0009896706906147301,1.0,0.4776035369036501,0.23824017494916916,4,/volumes/Seagate/mtg-jamendo-dataset/03/1257803.mp3
123.22666666666667,112.34714673913044,0.08223240077495575,-25.957365036010742,8,0,0.5016438611527003,0.0,0.002654179057572037,1.0,0.41307263685935314,7.318097232200671e-05,4,/volumes/Seagate/mtg-jamendo-dataset/03/1389403.mp3
194.40224489795918,92.28515625,0.27068352699279785,-9.465507507324219,7,1,0.578235378614504,0.0,0.04436101019382477,1.0,0.6985111203378916,1.0,4,/volumes/Seagate/mtg-jamendo-dataset/03/1151903.mp3
152.4830158730159,161.4990234375,0.24047480523586273,-12.67945671081543,0,0,0.5666087769980326,0.0,0.0012687703419942409,1.0,0.6295948589250882,1.0,4,/volumes/Seagate/mtg-jamendo-dataset/03/1236403.mp3
229.12,86.1328125,0.16138790547847748,-16.91692352294922,9,1,0.5519349861828878,0.0,0.011033130576834083,1.0,0.5809459829844656,0.09883549064397812,4,/volumes/Seagate/mtg-jamendo-dataset/03/1225503.mp3
245.35267573696146,139.6748310810811,0.4884917736053467,-6.045919895172119,2,1,0.5707251886057172,0.0,0.0005431157187558711,1.0,0.6957239338175459,1.0,4,/volumes/Seagate/mtg-jamendo-dataset/03/1294803.mp3
103.49092970521542,95.703125,0.0854145959019661,-24.40519142150879,2,1,0.5814309187799511,0.0,0.02562609314918518,1.0,0.5541166233641719,0.007016476010903716,4,/volumes/Seagate/mtg-jamendo-dataset/03/89803.mp3
355.344,102.27272727272727,0.15295471251010895,-18.784082412719727,4,1,0.5251010015004576,0.0,6.170687265694141e-05,1.0,0.5997692300450868,0.07679271511733532,4,/volumes/Seagate/mtg-jamendo-dataset/03/156203.mp3
71.31727891156463,126.04801829268293,0.12974514067173004,-25.289152145385742,7,0,0.5043815804785018,0.0,0.0008951960771810263,1.0,0.41574719544736094,0.004290096112526953,4,/volumes/Seagate/mtg-jamendo-dataset/03/1380603.mp3
228.1534693877551,161.4990234375,0.2099081128835678,-11.984282493591309,7,0,0.5310635624364279,0.0,0.0014042102848179638,1.0,0.6941656672075869,1.0,4,/volumes/Seagate/mtg-jamendo-dataset/03/1367203.mp3
289.6666666666667,99.38401442307692,0.1142730712890625,-24.875242233276367,2,1,0.518985249317744,0.0,0.002255646453704685,1.0,0.5551162865666678,0.03386660246178508,4,/volumes/Seagate/mtg-jamendo-dataset/03/496503.mp3
183.25403628117914,93.96306818181819,0.04525269567966461,-24.87217903137207,4,1,0.5410330852177607,0.0,0.0014038414810784161,1.0,0.6084993719735001,0.00993110821582377,4,/volumes/Seagate/mtg-jamendo-dataset/03/1053403.mp3
485.2266666666667,95.703125,0.0721781924366951,-29.562543869018555,7,1,0.5563103062292547,0.0,0.004425546037964523,1.0,0.5073764415157777,8.852211976773106e-05,4,/volumes/Seagate/mtg-jamendo-dataset/03/1095603.mp3
248.41845833333332,122.28260869565217,0.2110401690006256,-27.661657333374023,11,1,0.5246485030544907,0.0,0.0009028003842104226,1.0,0.43581671228332475,0.0006682997627649456,4,/volumes/Seagate/mtg-jamendo-dataset/03/1110703.mp3
332.0817233560091,129.19921875,0.22612802684307098,-12.478460311889648,3,0,0.5672012287348892,0.0,0.0009451995429117233,1.0,0.5474138377798141,1.0,4,/volumes/Seagate/mtg-jamendo-dataset/03/1314303.mp3
114.8353514739229,105.46875,0.16622915863990784,-15.729827880859375,11,1,0.5551248489925885,0.0,0.001192873256513849,1.0,0.6017105694345496,0.09471205994486809,4,/volumes/Seagate/mtg-jamendo-dataset/03/1363603.mp3
210.0,120.18531976744185,0.16050119698047638,-21.665040969848633,9,1,0.5485002670157915,0.0,0.0009044868929777294,1.0,0.5866769856605267,0.06362265441566706,4,/volumes/Seagate/mtg-jamendo-dataset/03/186603.mp3
209.47698412698412,99.38401442307692,0.18737660348415375,-12.099454879760742,4,1,0.5697704295826915,0.0,0.0010881420748773962,1.0,0.6443607407414739,0.47596029937267303,4,/volumes/Seagate/mtg-jamendo-dataset/03/350503.mp3
234.81333333333333,139.6748310810811,0.31923115253448486,-1.9124770164489746,1,1,0.6087938225448495,0.0,0.011218601139262319,1.0,0.7993496621621623,1.0,4,/volumes/Seagate/mtg-jamendo-dataset/03/1103.mp3
185.22607709750568,139.6748310810811,0.12120578438043594,-20.954299926757812,10,0,0.5130822971089675,0.0,0.00022123928647488356,1.0,0.5363234387730084,0.2845815196633339,4,/volumes/Seagate/mtg-jamendo-dataset/03/379203.mp3
190.96090702947845,97.50884433962264,0.06321167945861816,-26.692005157470703,5,0,0.5614365869232201,0.0,0.0006052962999092415,1.0,0.4490736248240519,0.03221720224246383,4,/volumes/Seagate/mtg-jamendo-dataset/03/1209203.mp3
216.02666666666667,120.18531976744185,0.1994827389717102,-21.208358764648438,2,1,0.6046453727930752,0.0,0.0014384082751348615,1.0,0.5584699392555178,0.218029897660017,4,/volumes/Seagate/mtg-jamendo-dataset/03/17503.mp3
375.0922448979592,161.4990234375,0.32680046558380127,-12.127779006958008,0,1,0.605884941300985,0.0,6.132791349955369e-05,1.0,0.7022515733144025,0.00369906920241192,4,/volumes/Seagate/mtg-jamendo-dataset/03/108603.mp3
499.13614512471656,147.65625,0.14064966142177582,-16.61124610900879,3,0,0.5694849790762383,0.0,0.0005795740289613605,1.0,0.6378969273263757,1.0,4,/volumes/Seagate/mtg-jamendo-dataset/03/381503.mp3
81.0,120.18531976744185,0.14778569340705872,-23.431575775146484,11,1,0.48303292147751475,0.0,0.017298728227615356,1.0,0.5875205809607803,0.1825903356075287,4,/volumes/Seagate/mtg-jamendo-dataset/03/1275303.mp3
179.77469387755102,132.51201923076923,0.3298885226249695,-13.343050956726074,7,0,0.5795124852492863,0.0,0.0021244169329293072,1.0,0.4190100261352667,0.03216337179765105,4,/volumes/Seagate/mtg-jamendo-dataset/03/311403.mp3
308.2105442176871,126.04801829268293,0.12769940495491028,-19.631816864013672,4,1,0.5602930288880559,0.0,0.00046158808981999755,1.0,0.64589681019253,0.14467217028141022,3,/volumes/Seagate/mtg-jamendo-dataset/03/1238103.mp3
316.62503401360544,109.95678191489361,0.1058904305100441,-23.59473991394043,2,1,0.5425520586381056,0.0,4.2296777792216744e-05,1.0,0.6535275269895181,0.012577351881191134,4,/volumes/Seagate/mtg-jamendo-dataset/03/49403.mp3
256.36337868480723,109.95678191489361,0.2671778202056885,-13.071319580078125,2,1,0.5702095409856225,0.0,0.000534394261194393,1.0,0.5404387756571776,0.23271536454558372,4,/volumes/Seagate/mtg-jamendo-dataset/03/683803.mp3
270.9677551020408,92.28515625,0.25818905234336853,-8.340814590454102,11,1,0.572183590209332,0.0,0.004724121652543545,1.0,0.6785235390374453,1.0,4,/volumes/Seagate/mtg-jamendo-dataset/03/1337803.mp3
240.9012244897959,161.4990234375,0.14044339954853058,-19.899065017700195,11,1,0.5243917660949047,0.0,4.329755847720662e-05,1.0,0.6986359381999222,0.1832340471446514,4,/volumes/Seagate/mtg-jamendo-dataset/03/167303.mp3
124.42666666666666,123.046875,0.037940479815006256,-35.42723083496094,2,1,0.5663900935330425,0.0,0.004030301584862173,1.0,0.5109346886147809,6.222852562132175e-06,4,/volumes/Seagate/mtg-jamendo-dataset/03/1028903.mp3
367.5,107.666015625,0.1659994274377823,-13.072671890258789,0,0,0.5863649206319681,0.0,0.0046700251987203956,1.0,0.7013898616870808,1.0,4,/volumes/Seagate/mtg-jamendo-dataset/03/1208803.mp3
90.0,120.18531976744185,0.07468942552804947,-29.695547103881836,0,0,0.5465556780844929,0.0,0.004034277400933206,1.0,0.42900956639890375,0.00048290072300005704,4,/volumes/Seagate/mtg-jamendo-dataset/03/1119403.mp3
190.71231292517007,114.84375,0.048788946121931076,-35.06201934814453,9,1,0.5478424024439781,0.0,0.001962431415449828,1.0,0.6827527452577815,2.6135481334677024e-06,4,/volumes/Seagate/mtg-jamendo-dataset/03/259903.mp3
75.15392290249433,120.18531976744185,0.08658990263938904,-24.874595642089844,5,1,0.5537622125118694,0.0,0.0010170279128942639,1.0,0.572277047259028,0.00351331545971334,4,/volumes/Seagate/mtg-jamendo-dataset/03/988503.mp3
263.9977777777778,139.6748310810811,0.23542076349258423,-11.085166931152344,8,0,0.5750796587233666,0.0,0.04632535669952631,1.0,0.6417998425184094,1.0,4,/volumes/Seagate/mtg-jamendo-dataset/03/82603.mp3
103.939410430839,132.51201923076923,0.1556626558303833,-29.244882583618164,4,1,0.5374085024705972,0.0,2.032770180449006e-05,1.0,0.4805183342358019,0.0006247623241506517,4,/volumes/Seagate/mtg-jamendo-dataset/03/1415803.mp3
153.00024943310657,109.95678191489361,0.14813904464244843,-21.221834182739258,11,1,0.5101677726710934,0.0,0.00021656892931787297,1.0,0.7092304642649112,0.03414348466321826,4,/volumes/Seagate/mtg-jamendo-dataset/03/80503.mp3
129.58984126984126,99.38401442307692,0.08501649647951126,-30.420852661132812,6,1,0.5506521064565565,0.0,0.003337140893563628,1.0,0.47694133995952664,0.00503868970554322,4,/volumes/Seagate/mtg-jamendo-dataset/03/373203.mp3
277.62895691609975,132.51201923076923,0.26133042573928833,-17.53033447265625,2,1,0.5851173360234153,0.0,0.0003187738184351474,1.0,0.6072365380929666,0.07358663715422153,4,/volumes/Seagate/mtg-jamendo-dataset/03/1203203.mp3
219.69333333333333,120.18531976744185,0.08098739385604858,-21.49946403503418,9,1,0.5374824604996434,0.0,0.0013208729506004602,1.0,0.658960718450284,0.10661892592906952,4,/volumes/Seagate/mtg-jamendo-dataset/03/170003.mp3
207.1219954648526,120.18531976744185,0.11773194372653961,-26.71273422241211,4,1,0.5565918900505076,0.0,0.0004645502631319687,1.0,0.565639330427094,0.0014252039545681328,4,/volumes/Seagate/mtg-jamendo-dataset/03/1412203.mp3
305.9060090702948,107.666015625,0.11725190281867981,-26.164169311523438,0,0,0.571948351439874,0.0,0.0007519182690884918,1.0,0.3851675333634821,0.0024214644508901983,4,/volumes/Seagate/mtg-jamendo-dataset/03/182903.mp3
585.0,107.666015625,0.07776433974504471,-17.8870849609375,11,1,0.5754009744063898,0.0,0.0034532389836385846,1.0,0.6333147236565253,0.10088962502777576,4,/volumes/Seagate/mtg-jamendo-dataset/03/1375903.mp3
256.10448979591837,126.04801829268293,0.24212434887886047,-10.816422462463379,1,1,0.5440630711929217,0.0,0.0022423655027523637,1.0,0.687058569046178,1.0,4,/volumes/Seagate/mtg-jamendo-dataset/03/1080503.mp3
199.22666666666666,143.5546875,0.03377528488636017,-35.38661575317383,5,0,0.5054473107365489,0.0,0.00232660083565861,1.0,0.3018040996086993,2.5233222800125077e-06,4,/volumes/Seagate/mtg-jamendo-dataset/03/965303.mp3
151.7191836734694,172.265625,0.24838455021381378,-12.828446388244629,9,1,0.5998602726970428,0.0,0.0010659812833182514,1.0,0.7826082817287833,0.42051825672388077,4,/volumes/Seagate/mtg-jamendo-dataset/03/290003.mp3
246.0,123.046875,0.14439518749713898,-22.483470916748047,5,1,0.5633338881831792,0.0,7.613267916894984e-05,1.0,0.62629952127166,0.0007489617564715445,4,/volumes/Seagate/mtg-jamendo-dataset/03/1054103.mp3
52.29714285714286,120.18531976744185,0.1321541965007782,-31.227184295654297,2,1,0.5824929114368171,0.0,5.418533692136407e-05,0.5,0.3438895941648955,1.1382498996681534e-05,4,/volumes/Seagate/mtg-jamendo-dataset/03/1044303.mp3
119.97972789115646,114.84375,0.13633714616298676,-18.311180114746094,4,1,0.5489703172851021,0.0,0.00029372698918450624,1.0,0.6346094320142968,0.06574294529855251,4,/volumes/Seagate/mtg-jamendo-dataset/03/1317803.mp3
203.86297052154194,143.5546875,0.20163558423519135,-16.940107345581055,0,0,0.5935979212277809,0.0,0.0016537795308977365,1.0,0.5554785793807278,0.07878926582634449,4,/volumes/Seagate/mtg-jamendo-dataset/03/40303.mp3
249.00024943310657,107.666015625,0.17598679661750793,-23.29044532775879,9,1,0.5824683123767095,0.0,0.0020321026677265763,1.0,0.512003371915396,0.0037455526762641966,4,/volumes/Seagate/mtg-jamendo-dataset/03/365603.mp3
378.44551020408164,123.046875,0.05641335994005203,-28.032264709472656,2,1,0.5409728226376838,0.0,3.5997294617118314e-05,1.0,0.6315913974217076,5.179558229428949e-05,4,/volumes/Seagate/mtg-jamendo-dataset/03/768503.mp3
222.59997732426305,112.34714673913044,0.1542443186044693,-16.40836524963379,0,1,0.5914530864906684,0.0,0.00120915484149009,1.0,0.6415323334028601,0.021129930391907692,4,/volumes/Seagate/mtg-jamendo-dataset/03/494203.mp3
332.76367346938775,105.46875,0.1708766371011734,-17.49367332458496,5,0,0.5641047166880845,0.0,0.0018089325749315321,1.0,0.46415405103998875,0.3994917869567871,4,/volumes/Seagate/mtg-jamendo-dataset/03/361003.mp3
89.35498866213152,99.38401442307692,0.18024244904518127,-17.097660064697266,4,1,0.5457651743942888,0.0,0.0007812198309693485,1.0,0.5872195577520026,0.0030115951085463166,4,/volumes/Seagate/mtg-jamendo-dataset/03/36703.mp3
246.4666439909297,126.04801829268293,0.22344374656677246,-9.057960510253906,7,1,0.5754469960261954,0.0,0.0006795093649998307,1.0,0.746255579929614,0.5060676485300064,4,/volumes/Seagate/mtg-jamendo-dataset/03/1373103.mp3
347.5562811791383,79.50721153846153,0.20097941160202026,-16.597280502319336,2,1,0.5547128708685648,0.0,0.0007841791666578501,1.0,0.5620965653850423,0.2583407424390316,4,/volumes/Seagate/mtg-jamendo-dataset/03/1312103.mp3
179.6961224489796,123.046875,0.25257161259651184,-20.883127212524414,2,0,0.5576799987329945,0.0,0.0007125833508325741,1.0,0.4346516330910346,0.2815874479711056,4,/volumes/Seagate/mtg-jamendo-dataset/03/1193603.mp3
179.29598639455781,139.6748310810811,0.13726234436035156,-19.965364456176758,11,1,0.47711285667058145,0.0,0.00010206341175944544,1.0,0.6375590505883972,0.020191615913063288,4,/volumes/Seagate/mtg-jamendo-dataset/03/1375203.mp3
90.44197278911565,101.33272058823529,0.14360986649990082,-17.571496963500977,8,0,0.5089104430426536,0.0,0.001175447803689167,1.0,0.4750789437044194,0.12133680284023285,4,/volumes/Seagate/mtg-jamendo-dataset/03/1105603.mp3
317.9246485260771,151.99908088235293,0.4022360146045685,-11.000405311584473,8,0,0.5878231225238593,0.0,0.00026316849107388407,1.0,0.5945613318142424,0.3398633748292923,4,/volumes/Seagate/mtg-jamendo-dataset/03/321103.mp3
406.3333333333333,139.6748310810811,0.1477702111005783,-14.983118057250977,6,1,0.5736147931714901,0.0,0.0014452169998548925,1.0,0.731012895617156,1.0,4,/volumes/Seagate/mtg-jamendo-dataset/03/101903.mp3
375.92603174603175,99.38401442307692,0.14943619072437286,-16.78837776184082,9,1,0.5623536964828486,0.0,0.00036035949597135186,1.0,0.6174524900736512,0.020519616082310677,4,/volumes/Seagate/mtg-jamendo-dataset/03/168803.mp3
223.84984126984128,112.34714673913044,0.11112835258245468,-27.436540603637695,2,1,0.4649484062214738,0.0,0.0011375723406672478,1.0,0.3982431077879974,0.00025532506697345525,4,/volumes/Seagate/mtg-jamendo-dataset/03/409703.mp3
244.27798185941043,90.66611842105263,0.22992633283138275,-12.755166053771973,4,1,0.5800694892062628,0.0,0.001476930978242308,1.0,0.7887942137402977,1.0,4,/volumes/Seagate/mtg-jamendo-dataset/03/1072903.mp3
149.6758276643991,97.50884433962264,0.08681055903434753,-20.967206954956055,7,1,0.5901313214100349,0.0,0.015117131173610687,1.0,0.6311027876919253,0.10169245302677155,4,/volumes/Seagate/mtg-jamendo-dataset/03/320803.mp3
146.4250566893424,109.95678191489361,0.12994244694709778,-27.691226959228516,0,1,0.47869994252494796,0.0,0.0014321104099508375,1.0,0.5009042482724039,0.0015966464707162231,4,/volumes/Seagate/mtg-jamendo-dataset/03/535703.mp3
182.49333333333334,156.60511363636363,0.30772697925567627,-7.14317512512207,9,1,0.585505046698023,0.0,0.0005586651968769729,1.0,0.7639427523665487,1.0,4,/volumes/Seagate/mtg-jamendo-dataset/03/661603.mp3
265.14285714285717,93.96306818181819,0.19814826548099518,-12.660862922668457,5,1,0.5679449462411141,0.0,0.0004170208558207378,1.0,0.6187184092254409,0.7081928104162216,4,/volumes/Seagate/mtg-jamendo-dataset/03/275103.mp3
100.38857142857142,132.51201923076923,0.32861220836639404,-6.276410102844238,9,1,0.5621342702258336,0.0,0.0051008634036406875,1.0,0.730251775450773,1.0,4,/volumes/Seagate/mtg-jamendo-dataset/03/192603.mp3
246.10356009070296,129.19921875,0.2250089943408966,-17.843860626220703,7,1,0.5785592396683196,0.0,0.0006663332314928994,1.0,0.595052893829743,0.14842980541288853,4,/volumes/Seagate/mtg-jamendo-dataset/03/1366603.mp3
111.59825,140.625,0.05966969579458237,-22.332693099975586,5,1,0.5229926056890275,0.0,0.0011963353317696601,1.0,0.7533423541304716,0.032334751449525356,4,/volumes/Seagate/mtg-jamendo-dataset/03/95403.mp3
183.9560544217687,120.18531976744185,0.28116703033447266,-8.934600830078125,2,1,0.6015294836436096,0.0,0.0017403216334059834,1.0,0.7002856541281235,1.0,4,/volumes/Seagate/mtg-jamendo-dataset/03/1288403.mp3
264.04,120.18531976744185,0.15186254680156708,-14.022028923034668,9,1,0.577144567547934,0.0,0.0022552029113285244,1.0,0.6652889042307737,0.5001537501811981,4,/volumes/Seagate/mtg-jamendo-dataset/03/287503.mp3
377.1239909297052,120.18531976744185,0.2830687165260315,-10.428345680236816,3,0,0.6001595177297359,0.0,0.00047278054989874363,1.0,0.5158928222698344,0.28675107285380363,4,/volumes/Seagate/mtg-jamendo-dataset/03/1226703.mp3
400.3333333333333,123.046875,0.05713048577308655,-29.825510025024414,3,0,0.5205471495682813,0.0,0.002021982043515891,1.0,0.5378160018148894,0.0006258022040128708,4,/volumes/Seagate/mtg-jamendo-dataset/03/480403.mp3
209.35111111111112,123.046875,0.20808537304401398,-24.170635223388672,11,1,0.5348883269663589,0.0,0.0025605044793337584,1.0,0.47544100281845425,0.01646131742745638,4,/volumes/Seagate/mtg-jamendo-dataset/03/1333003.mp3
