duration,tempo,energy,loudness,key,mode,acousticness,instrumentalness,speechiness,danceability,valence,liveness,time_signature,filename
331.8,109.95678191489361,0.28700363636016846,-12.17824935913086,7,1,0.5853930543851307,0.0,0.011668601771816611,1.0,0.6027637146058633,0.5750776827335358,4,/volumes/Seagate/mtg-jamendo-dataset/00/485800.mp3
91.3,92.28515625,0.19009432196617126,-16.823261260986328,3,0,0.5633946234338749,0.0,0.006878686370328069,1.0,0.47671051620604354,0.795908197760582,4,/volumes/Seagate/mtg-jamendo-dataset/00/1277700.mp3
108.0,123.046875,0.07758757472038269,-27.925128936767578,0,0,0.500672145310733,0.0,0.0016057166503742337,1.0,0.49886385887832246,0.0002557966399763245,4,/volumes/Seagate/mtg-jamendo-dataset/00/1048300.mp3
214.49249433106576,139.6748310810811,0.2727237641811371,-10.154553413391113,0,1,0.6049329775482568,0.0,0.004173425724729896,1.0,0.7564923513722238,1.0,4,/volumes/Seagate/mtg-jamendo-dataset/00/634500.mp3
180.0051700680272,109.95678191489361,0.20250196754932404,-19.61857795715332,6,1,0.56488390570484,0.0,0.0008324315131176263,1.0,0.550521560969976,0.016261995770037174,4,/volumes/Seagate/mtg-jamendo-dataset/00/1202100.mp3
291.5938541666667,112.5,0.23444558680057526,-8.547698020935059,9,1,0.56696033811494,0.0,0.0010431070695631206,1.0,0.7092567720812661,0.9145788848400116,4,/volumes/Seagate/mtg-jamendo-dataset/00/1102300.mp3
189.0,105.46875,0.1812155395746231,-7.440513610839844,7,0,0.582745857237714,0.0,0.010922626359388232,1.0,0.6109375,1.0,4,/volumes/Seagate/mtg-jamendo-dataset/00/1420600.mp3
677.8571655328798,139.6748310810811,0.16448506712913513,-17.171205520629883,0,0,0.5671102663669778,0.0,0.0001179819337266963,1.0,0.5234255730698862,0.33710867166519165,4,/volumes/Seagate/mtg-jamendo-dataset/00/881100.mp3
203.66399092970522,120.18531976744185,0.16775836050510406,-16.078527450561523,11,1,0.5174531266653973,0.0,0.0005389922152971849,1.0,0.5913815216533759,0.08085276000201702,4,/volumes/Seagate/mtg-jamendo-dataset/00/1089300.mp3
205.3757596371882,139.6748310810811,0.24586939811706543,-12.53750228881836,1,0,0.5666776538535692,0.0,6.571515768882819e-05,1.0,0.5862109834383105,0.7428546994924545,4,/volumes/Seagate/mtg-jamendo-dataset/00/1197000.mp3
245.81224489795918,129.19921875,0.21765337884426117,-8.474408149719238,6,0,0.5650337614234775,0.0,0.004147294093854725,1.0,0.6211674494525838,1.0,4,/volumes/Seagate/mtg-jamendo-dataset/00/1051500.mp3
202.6354648526077,97.50884433962264,0.09601659327745438,-18.925493240356445,4,1,0.5622690520243385,0.0,0.005875545088201761,1.0,0.6416786649759949,0.05574922077357769,4,/volumes/Seagate/mtg-jamendo-dataset/00/1357700.mp3
221.9998185941043,161.4990234375,0.1365010142326355,-25.48419761657715,5,1,0.5508348036386694,0.0,0.0003009599386132322,1.0,0.6196527981307388,0.00523243797942996,4,/volumes/Seagate/mtg-jamendo-dataset/00/682600.mp3
419.98201814058956,123.046875,0.31593722105026245,-9.434436798095703,6,1,0.5775378211458742,0.0,0.0014151418581604958,1.0,0.700620486302014,1.0,4,/volumes/Seagate/mtg-jamendo-dataset/00/1234500.mp3
265.844716553288,129.19921875,0.23399022221565247,-6.616083145141602,9,1,0.5853744359103688,0.0,0.002931773546151817,1.0,0.7783984375,1.0,4,/volumes/Seagate/mtg-jamendo-dataset/00/1333800.mp3
461.4,123.046875,0.07081196457147598,-27.887895584106445,0,1,0.5938797862130551,0.0,4.394432107801549e-05,1.0,0.5755928327231894,0.003332102205604315,4,/volumes/Seagate/mtg-jamendo-dataset/00/141800.mp3
225.14068027210885,92.28515625,0.07698378711938858,-29.783531188964844,7,1,0.5132987180819355,0.0,0.00015474343308596872,1.0,0.4686635337776692,7.339793228311464e-05,4,/volumes/Seagate/mtg-jamendo-dataset/00/1110300.mp3
817.7,120.18531976744185,0.0871158018708229,-23.535165786743164,11,1,0.6269125838130126,0.0,0.00024358072550967336,1.0,0.5729816778001807,0.007400651229545474,4,/volumes/Seagate/mtg-jamendo-dataset/00/251100.mp3
262.75,126.04801829268293,0.10493718087673187,-21.610992431640625,0,1,0.573081251657808,0.0,0.00023277271975530311,1.0,0.6374530305725163,0.023957656230777502,4,/volumes/Seagate/mtg-jamendo-dataset/00/206000.mp3
60.08163265306123,120.18531976744185,0.2562175691127777,-7.753596782684326,3,0,0.6009609814681569,0.0,0.004102936713024974,1.0,0.6256736036232502,1.0,4,/volumes/Seagate/mtg-jamendo-dataset/00/953500.mp3
459.49786848072563,117.45383522727273,0.11611630022525787,-29.147258758544922,4,1,0.613960873482025,0.0,6.946228722881642e-06,1.0,0.4996286411906091,0.00234643230214715,4,/volumes/Seagate/mtg-jamendo-dataset/00/1400800.mp3
84.12517006802722,151.99908088235293,0.18907660245895386,-13.013432502746582,7,1,0.5652254858579939,0.0,0.005469021387398243,1.0,0.7289299305560262,1.0,4,/volumes/Seagate/mtg-jamendo-dataset/00/965600.mp3
182.32589569161,156.60511363636363,0.04637422785162926,-35.831485748291016,7,1,0.532745351597098,0.0,0.00033985148911597207,1.0,0.6145420702486336,1.1239423969300333e-06,4,/volumes/Seagate/mtg-jamendo-dataset/00/816200.mp3
590.4503854875284,161.4990234375,0.11422810703516006,-25.224742889404297,7,1,0.5619633454107178,0.0,0.0002690155670279637,1.0,0.4615286030607919,0.004356952267698944,4,/volumes/Seagate/mtg-jamendo-dataset/00/1085700.mp3
75.16072562358276,139.6748310810811,0.10443025082349777,-26.308855056762695,9,1,0.5371499278476893,0.0,4.264105245965766e-05,1.0,0.5944375563056268,0.019006079528480768,4,/volumes/Seagate/mtg-jamendo-dataset/00/1162100.mp3
315.6114285714286,123.046875,0.21800068020820618,-14.547919273376465,7,0,0.5549603754038147,0.0,0.0008865035197231919,1.0,0.5311534222843453,0.3200402110815048,4,/volumes/Seagate/mtg-jamendo-dataset/00/1414200.mp3
291.9183673469388,120.18531976744185,0.19437070190906525,-17.673898696899414,9,1,0.5813149819844536,0.0,0.00030686164973303676,1.0,0.651387725413119,1.0,4,/volumes/Seagate/mtg-jamendo-dataset/00/415600.mp3
299.88,132.51201923076923,0.16144970059394836,-13.097454071044922,3,0,0.5864378851156402,0.0,0.00020804702216992155,1.0,0.595689163937131,0.052455002442002296,4,/volumes/Seagate/mtg-jamendo-dataset/00/1169400.mp3
152.52027210884353,129.19921875,0.20891283452510834,-11.254033088684082,6,0,0.5713421533777263,0.0,0.0011874429183080792,1.0,0.5815733136338015,0.548616461455822,4,/volumes/Seagate/mtg-jamendo-dataset/00/1169700.mp3
153.15591836734694,143.5546875,0.05776926502585411,-29.802553176879883,2,1,0.5491555195525144,0.0,0.0019272248027846217,1.0,0.6069901705297801,8.188762556926577e-08,4,/volumes/Seagate/mtg-jamendo-dataset/00/142200.mp3
225.00575963718822,151.99908088235293,0.2555772066116333,-7.577061653137207,4,1,0.5766301465727715,0.0,0.006803193362429738,1.0,0.8058849160542232,1.0,4,/volumes/Seagate/mtg-jamendo-dataset/00/810900.mp3
202.15625,114.79591836734694,0.017600275576114655,-36.76192092895508,7,1,0.4974566427830591,0.0,0.00016165772831300274,1.0,0.5176827128965584,8.068610668487963e-08,4,/volumes/Seagate/mtg-jamendo-dataset/00/920000.mp3
209.14473922902494,114.84375,0.17070142924785614,-10.527412414550781,0,1,0.5510606798972373,0.0,0.0033854597713798285,1.0,0.7446921353245934,1.0,4,/volumes/Seagate/mtg-jamendo-dataset/00/1150900.mp3
171.0,161.4990234375,0.14987413585186005,-16.032670974731445,2,1,0.5356501065361181,0.0,0.0028897520969621837,1.0,0.7399446999465286,0.1886439509689808,4,/volumes/Seagate/mtg-jamendo-dataset/00/1066800.mp3
184.01628117913833,123.046875,0.027697641402482986,-35.39509963989258,3,0,0.52093433821476,0.0,6.262666647671722e-05,1.0,0.44808001578814216,0.0019105638784822077,4,/volumes/Seagate/mtg-jamendo-dataset/00/1266900.mp3
257.62666666666667,129.19921875,0.14128750562667847,-17.19560432434082,7,1,0.5192989465327447,0.0,0.000628576337476261,1.0,0.6656157805529244,0.04589980002492666,4,/volumes/Seagate/mtg-jamendo-dataset/00/366100.mp3
192.24,143.5546875,0.25506463646888733,-9.141253471374512,3,0,0.5762488820297189,0.0,0.0012465555046219379,1.0,0.5945996857876723,0.6436135619878769,4,/volumes/Seagate/mtg-jamendo-dataset/00/947800.mp3
107.66390022675736,129.19921875,0.04664624109864235,-35.617984771728516,9,1,0.5447683013515563,0.0,0.00024421995476586744,1.0,0.442003480841543,2.683237028122676e-06,4,/volumes/Seagate/mtg-jamendo-dataset/00/259900.mp3
225.49333333333334,123.046875,0.1515136957168579,-22.04068374633789,7,1,0.5698994218544039,0.0,0.002056141966022551,1.0,0.5947729439393179,0.008745925151742995,4,/volumes/Seagate/mtg-jamendo-dataset/00/1062500.mp3
235.93684807256236,95.703125,0.22415103018283844,-14.959467887878418,7,1,0.5692226172948853,0.0,0.0004940199869452044,1.0,0.755007036712046,0.14032630249857903,4,/volumes/Seagate/mtg-jamendo-dataset/00/1223700.mp3
72.1675283446712,143.5546875,0.10943218320608139,-17.269920349121094,3,0,0.6335983187816634,0.0,0.0003209115966456011,1.0,0.568274691229416,0.004544338735286146,4,/volumes/Seagate/mtg-jamendo-dataset/00/1346600.mp3
242.38666666666666,129.19921875,0.22766311466693878,-11.079123497009277,4,1,0.5778168137431263,0.0,0.004831618862226605,1.0,0.6905317930037569,0.6148519366979599,4,/volumes/Seagate/mtg-jamendo-dataset/00/1160600.mp3
225.90907029478458,132.51201923076923,0.23180262744426727,-9.977394104003906,8,0,0.6036047326115888,0.0,0.004352034302428365,1.0,0.6498469388884126,1.0,4,/volumes/Seagate/mtg-jamendo-dataset/00/322100.mp3
123.82040816326531,120.18531976744185,0.10018781572580338,-28.53700828552246,7,0,0.5528908966686243,0.0,0.003663065959699452,1.0,0.4130370552775658,1.2581955033397207e-07,4,/volumes/Seagate/mtg-jamendo-dataset/00/477400.mp3
206.0,166.70866935483872,0.09076376259326935,-20.88587760925293,10,0,0.5912842098434408,0.0,0.006850067060440779,1.0,0.6874729957294146,0.015165474032983184,4,/volumes/Seagate/mtg-jamendo-dataset/00/1028800.mp3
183.82367346938776,126.04801829268293,0.24171143770217896,-15.471571922302246,2,1,0.5695300164831482,0.0,8.919304855226073e-05,1.0,0.6172482663373138,0.26960019022226334,4,/volumes/Seagate/mtg-jamendo-dataset/00/1062600.mp3
142.718231292517,161.4990234375,0.10109955072402954,-19.788070678710938,1,1,0.5736430297824133,0.0,0.002386057691182941,1.0,0.724074389234422,0.7651884108781815,4,/volumes/Seagate/mtg-jamendo-dataset/00/1238100.mp3
134.33950113378685,132.51201923076923,0.05296081304550171,-30.925188064575195,4,1,0.47557997090907156,0.0,5.358391899790149e-05,1.0,0.6276612959291138,0.00931785732973367,4,/volumes/Seagate/mtg-jamendo-dataset/00/117300.mp3
156.0,135.99917763157896,0.17215299606323242,-22.32442283630371,11,1,0.5533116580797226,0.0,0.0009082095930352807,1.0,0.5023581313044428,0.041771852411329746,4,/volumes/Seagate/mtg-jamendo-dataset/00/11700.mp3
203.52258503401362,117.45383522727273,0.1567326784133911,-18.644311904907227,9,1,0.5572620029991366,0.0,0.0007940813375171274,1.0,0.5769308910443453,0.021816317457705736,4,/volumes/Seagate/mtg-jamendo-dataset/00/1412200.mp3
221.7273469387755,166.70866935483872,0.2178281992673874,-12.446342468261719,2,1,0.5555643442667615,0.0,0.0011327763204462826,1.0,0.7651460885752597,1.0,4,/volumes/Seagate/mtg-jamendo-dataset/00/604700.mp3
166.47836734693877,166.70866935483872,0.2600184679031372,-9.648279190063477,7,0,0.5754303465028953,0.0,0.0011627042549662292,1.0,0.5031645361785522,1.0,4,/volumes/Seagate/mtg-jamendo-dataset/00/1012600.mp3
247.25149659863945,105.46875,0.10607128590345383,-24.656023025512695,9,1,0.5308746391847987,0.0,0.0007005482912063599,1.0,0.5608006600527938,0.032089087180793285,4,/volumes/Seagate/mtg-jamendo-dataset/00/1098500.mp3
152.0,161.4990234375,0.1378019005060196,-20.911043167114258,1,1,0.5692953034051348,0.0,0.00010325806215405464,1.0,0.660646208900647,0.03853370435535908,4,/volumes/Seagate/mtg-jamendo-dataset/00/925400.mp3
651.1333333333333,97.50884433962264,0.08269216120243073,-27.78670310974121,0,0,0.5301108164479924,0.0,0.007857731077820063,1.0,0.3944905998802817,4.228350007906556e-05,4,/volumes/Seagate/mtg-jamendo-dataset/00/1095600.mp3
220.0,143.5546875,0.21273940801620483,-9.583468437194824,0,0,0.6043061556339973,0.0,0.002009025018196553,1.0,0.6362701214184391,0.864252969622612,4,/volumes/Seagate/mtg-jamendo-dataset/00/902200.mp3
199.90777777777777,132.51201923076923,0.1980472207069397,-11.84031867980957,5,1,0.5320682867450539,0.0,0.002518743567634374,1.0,0.7602666905087643,1.0,4,/volumes/Seagate/mtg-jamendo-dataset/00/402800.mp3
238.0,120.18531976744185,0.23416830599308014,-15.86749267578125,4,1,0.5866990942420891,0.0,0.00419746816623956,1.0,0.6040691405520892,0.050685349851846695,4,/volumes/Seagate/mtg-jamendo-dataset/00/501500.mp3
127.71428571428571,139.6748310810811,0.3108963668346405,-5.288794040679932,7,0,0.6118711757462865,0.0,0.003308430779725313,1.0,0.6666769438782083,1.0,4,/volumes/Seagate/mtg-jamendo-dataset/00/1288400.mp3
232.4210657596372,95.703125,0.15540584921836853,-14.962850570678711,8,0,0.5919964795395198,0.0,0.004984635394066572,1.0,0.5421967326251549,1.0,4,/volumes/Seagate/mtg-jamendo-dataset/00/127600.mp3
749.6442403628118,123.046875,0.008831935003399849,-45.91168975830078,5,1,0.566690927326198,0.0,0.0001316367524850648,1.0,0.49239183935610664,2.1674011350114597e-05,4,/volumes/Seagate/mtg-jamendo-dataset/00/1118600.mp3
251.09843537414966,99.38401442307692,0.13979169726371765,-12.520448684692383,1,0,0.5879853818523397,0.0,0.002793422027025372,1.0,0.5755745303985913,0.6938078999519348,4,/volumes/Seagate/mtg-jamendo-dataset/00/381100.mp3
318.61551020408166,151.99908088235293,0.12282337248325348,-21.96571159362793,3,0,0.6041847999814604,0.0,0.0019347583875060081,1.0,0.5171035911023639,0.03809681627899408,4,/volumes/Seagate/mtg-jamendo-dataset/00/362500.mp3
96.99854875283447,129.19921875,0.04542889446020126,-34.61827087402344,9,1,0.5559110944686356,0.0,0.0015418060356751084,1.0,0.5752376719429926,0.00010549340913712513,4,/volumes/Seagate/mtg-jamendo-dataset/00/95400.mp3
188.57111111111112,139.6748310810811,0.18648609519004822,-14.598767280578613,4,1,0.5785939698015393,0.0,0.0006461999437306076,1.0,0.6722063224779593,0.5510670691728592,4,/volumes/Seagate/mtg-jamendo-dataset/00/25400.mp3
159.5034240362812,109.95678191489361,0.0744413211941719,-32.90972900390625,5,1,0.5199147743131733,0.0,0.0010393081465736032,1.0,0.38814884105749037,3.642485808086349e-05,4,/volumes/Seagate/mtg-jamendo-dataset/00/390000.mp3
151.694126984127,135.99917763157896,0.18658961355686188,-11.294925689697266,7,1,0.5430156361437455,0.0,0.00265201844740659,1.0,0.7579164010522544,1.0,4,/volumes/Seagate/mtg-jamendo-dataset/00/1347100.mp3
106.99755102040817,147.65625,0.10809566080570221,-25.014522552490234,9,1,0.507385373063303,0.0,5.636482273985166e-05,1.0,0.6504791762951901,0.05569037050008774,4,/volumes/Seagate/mtg-jamendo-dataset/00/131600.mp3
135.47102040816327,139.6748310810811,0.34473732113838196,-10.794590950012207,6,0,0.5658293723345406,0.0,0.0003910290979547426,1.0,0.6102531783614445,1.0,4,/volumes/Seagate/mtg-jamendo-dataset/00/1154900.mp3
324.27222222222224,143.5546875,0.12919099628925323,-22.315099716186523,1,0,0.5398911431068439,0.0,3.513926549203461e-05,1.0,0.49046461019665727,0.01711843186058104,4,/volumes/Seagate/mtg-jamendo-dataset/00/1066200.mp3
338.0244897959184,120.18531976744185,0.09442304074764252,-17.59800148010254,11,1,0.5538610270294579,0.0,0.0027623012429103255,1.0,0.7130405479699157,0.01602694275788963,4,/volumes/Seagate/mtg-jamendo-dataset/00/338200.mp3
192.0,112.34714673913044,0.2690749168395996,-21.75335693359375,0,0,0.584186819810617,0.0,5.835682895849459e-05,1.0,0.5124895194491048,0.0005079578841105103,4,/volumes/Seagate/mtg-jamendo-dataset/00/1231100.mp3
316.0,120.18531976744185,0.14841662347316742,-6.963405609130859,4,1,0.5867487924179633,0.0,0.011581898666918278,1.0,0.7603706395348837,1.0,4,/volumes/Seagate/mtg-jamendo-dataset/00/287500.mp3
281.85333333333335,143.5546875,0.1524237096309662,-16.690473556518555,10,0,0.5481676631030572,0.0,0.0012547528313007206,1.0,0.589479814788061,0.17826570197939873,4,/volumes/Seagate/mtg-jamendo-dataset/00/488400.mp3
592.3526530612245,120.18531976744185,0.23384805023670197,-13.577901840209961,0,1,0.5878752142459679,0.0,0.0009071837703231722,1.0,0.6656805467983447,1.0,4,/volumes/Seagate/mtg-jamendo-dataset/00/1414100.mp3
90.08,89.10290948275862,0.1653406172990799,-15.477409362792969,8,0,0.5840875031362426,0.0,0.013656475581228733,1.0,0.5562364265399972,1.0,4,/volumes/Seagate/mtg-jamendo-dataset/00/195300.mp3
238.55303854875282,82.03125,0.06705495715141296,-27.239696502685547,0,1,0.5363954246025571,0.0,0.0002948614928754978,1.0,0.5262958767086989,0.0055263558169826865,4,/volumes/Seagate/mtg-jamendo-dataset/00/1071300.mp3
199.94383219954648,105.46875,0.09487634897232056,-18.987960815429688,7,0,0.5918467023043956,0.0,0.0009715641208458692,1.0,0.5516006471928037,0.2621995843946934,4,/volumes/Seagate/mtg-jamendo-dataset/00/1418000.mp3
261.8181859410431,109.95678191489361,0.0761619284749031,-16.35939598083496,5,1,0.5948353114494317,0.0,0.008666563080623746,1.0,0.7399135638297873,0.5117734521627426,4,/volumes/Seagate/mtg-jamendo-dataset/00/1288900.mp3
75.02582766439909,80.74951171875,0.0869772881269455,-25.02009391784668,3,0,0.588120088285741,0.0,8.203101788240019e-05,1.0,0.3936176067367428,0.03288334934040904,4,/volumes/Seagate/mtg-jamendo-dataset/00/802300.mp3
60.465056689342404,129.19921875,0.16499920189380646,-20.347270965576172,9,1,0.5472556182282137,0.0,0.00027139827579958364,1.0,0.6180897107275144,0.18911289051175117,4,/volumes/Seagate/mtg-jamendo-dataset/00/1366000.mp3
162.2280045351474,107.666015625,0.17497491836547852,-23.798086166381836,2,1,0.5877407789166083,0.0,0.0009922184399329126,1.0,0.4905727686974685,0.00016334064639522694,4,/volumes/Seagate/mtg-jamendo-dataset/00/824300.mp3
352.11319727891157,120.18531976744185,0.20338143408298492,-18.3786563873291,8,0,0.5282453033228489,0.0,8.454244016320445e-05,1.0,0.46721520091654545,0.10637014172971249,4,/volumes/Seagate/mtg-jamendo-dataset/00/74000.mp3
229.92589569160998,117.45383522727273,0.15760499238967896,-13.360311508178711,4,1,0.5695140800139096,0.0,0.0014143965672701597,1.0,0.6691759363948921,0.49560658633708954,4,/volumes/Seagate/mtg-jamendo-dataset/00/941400.mp3
308.96,143.5546875,0.29966914653778076,-3.372758626937866,1,0,0.595716966424009,0.0,0.013725222554057837,1.0,0.6953125,1.0,4,/volumes/Seagate/mtg-jamendo-dataset/00/1100.mp3
160.2,105.46875,0.15343712270259857,-15.436957359313965,7,0,0.5790136565259244,0.0,0.002726922102738172,1.0,0.5390563437355725,0.08825107477605343,4,/volumes/Seagate/mtg-jamendo-dataset/00/5700.mp3
210.21895691609978,135.99917763157896,0.11064372211694717,-32.3402214050293,4,1,0.5272231553538482,0.0,3.6855057032880723e-06,1.0,0.5573820496677764,4.6489503802149557e-05,4,/volumes/Seagate/mtg-jamendo-dataset/00/1396500.mp3
217.86122448979592,126.04801829268293,0.19298481941223145,-8.506799697875977,7,0,0.610091301207959,0.0,0.00792210828512907,1.0,0.6520960365853659,1.0,4,/volumes/Seagate/mtg-jamendo-dataset/00/1381000.mp3
234.0,156.60511363636363,0.06269809603691101,-34.23881912231445,4,1,0.5110467233002107,0.0,0.0009688487334642559,1.0,0.3762928778173943,7.59666590965935e-06,4,/volumes/Seagate/mtg-jamendo-dataset/00/1221300.mp3
245.3412244897959,120.18531976744185,0.18133381009101868,-15.57205581665039,9,1,0.5473843919323242,0.0,0.0023419318604283035,1.0,0.6587794048673434,0.2664816193282604,4,/volumes/Seagate/mtg-jamendo-dataset/00/1380500.mp3
235.1281632653061,90.66611842105263,0.30613234639167786,-13.03027057647705,10,0,0.5459469987842844,0.0,0.0001063172057911288,1.0,0.45015240820941665,0.05662387702614069,4,/volumes/Seagate/mtg-jamendo-dataset/00/311400.mp3
336.0130612244898,161.4990234375,0.10658352077007294,-23.41059684753418,4,1,0.5774865434213952,0.0,1.0302382861482329e-05,1.0,0.6415946800904763,0.2433970384299755,4,/volumes/Seagate/mtg-jamendo-dataset/00/478300.mp3
245.45455782312925,109.95678191489361,0.13353480398654938,-14.066713333129883,9,1,0.58553112853812,0.0,0.004316818434745073,1.0,0.66851722550161,0.27328357100486755,4,/volumes/Seagate/mtg-jamendo-dataset/00/1032700.mp3
240.9534693877551,87.5926906779661,0.26749682426452637,-10.571335792541504,6,1,0.5965384202352884,0.0,0.0007382950570899993,1.0,0.5918817222901995,0.9579142183065414,4,/volumes/Seagate/mtg-jamendo-dataset/00/310400.mp3
108.59102040816326,99.38401442307692,0.028235331177711487,-34.100341796875,11,1,0.5458189593365282,0.0,1.479082447986002e-05,1.0,0.7500779435370001,8.41542036056353e-08,4,/volumes/Seagate/mtg-jamendo-dataset/00/296700.mp3
266.6230625,130.8139534883721,0.21215683221817017,-19.846553802490234,9,1,0.5582341880602218,0.0,0.0001737700804369524,1.0,0.5771414600708782,0.00431875727372244,4,/volumes/Seagate/mtg-jamendo-dataset/00/1115700.mp3
312.0,120.18531976744185,0.22898072004318237,-14.504411697387695,6,0,0.6036721099479807,0.0,0.0022446427610702813,1.0,0.5303810741383973,1.0,4,/volumes/Seagate/mtg-jamendo-dataset/00/1045800.mp3
102.60512471655329,120.18531976744185,0.1513565331697464,-23.275405883789062,9,1,0.517759614306579,0.0,0.002185473684221506,1.0,0.5653607201175133,0.000704001504345797,4,/volumes/Seagate/mtg-jamendo-dataset/00/1060000.mp3
208.28,132.51201923076923,0.09812662750482559,-24.04346466064453,4,1,0.49732131170135485,0.0,0.00011758748223655857,1.0,0.5808745786773767,0.024959139991551638,4,/volumes/Seagate/mtg-jamendo-dataset/00/1045700.mp3
888.4128798185941,123.046875,0.02297094650566578,-36.04447555541992,2,1,0.44787439090264025,0.0,0.003512628609314561,-2.82576111222159,0.5034468409302416,1.1016691559007086e-07,4,/volumes/Seagate/mtg-jamendo-dataset/00/433600.mp3
105.0008843537415,123.046875,0.022679660469293594,-38.7496223449707,6,1,0.6298399967155113,0.0,2.3620618208042288e-06,1.0,0.41747643191114964,2.2032525066606468e-05,4,/volumes/Seagate/mtg-jamendo-dataset/00/1125400.mp3
196.0,161.4990234375,0.13803228735923767,-22.20447540283203,7,1,0.5917290841431784,0.0,6.511674109788146e-05,1.0,0.465902725889228,0.018723126268014312,4,/volumes/Seagate/mtg-jamendo-dataset/00/303800.mp3
269.3104535147392,90.66611842105263,0.1729518473148346,-13.208282470703125,8,0,0.5710892784303362,0.0,0.007191117620095611,1.0,0.5065142941763834,1.0,4,/volumes/Seagate/mtg-jamendo-dataset/00/913700.mp3
53.813310657596375,132.51201923076923,0.11126551032066345,-26.488353729248047,11,1,0.5413170363483629,0.0,0.0027710769209079444,1.0,0.5884257563769808,0.002509562182240188,4,/volumes/Seagate/mtg-jamendo-dataset/00/1281100.mp3
115.48904761904762,120.18531976744185,0.07192092388868332,-30.285600662231445,7,1,0.5692877074923782,0.0,6.724802688040654e-06,1.0,0.6160293060343577,0.00011596169315453153,4,/volumes/Seagate/mtg-jamendo-dataset/00/702500.mp3
150.0,120.18531976744185,0.18679630756378174,-9.174691200256348,4,1,0.6239797989816034,0.0,0.011521213687956333,1.0,0.6787189259297096,0.3344963863492012,4,/volumes/Seagate/mtg-jamendo-dataset/00/1079300.mp3
137.22666666666666,139.6748310810811,0.05144612863659859,-27.6518611907959,10,0,0.6092973478153002,0.0,0.026861091144382954,1.0,0.4926713713652268,0.49686796963214874,4,/volumes/Seagate/mtg-jamendo-dataset/00/167300.mp3
271.7885714285714,97.50884433962264,0.24159079790115356,-11.344222068786621,11,1,0.557930900574751,0.0,0.0004829832469113171,1.0,0.6083946953302758,0.10536051355302334,4,/volumes/Seagate/mtg-jamendo-dataset/00/1027900.mp3
192.0,99.38401442307692,0.20589016377925873,-18.25265121459961,0,1,0.5333762220595177,0.0,0.0002417355717625469,1.0,0.5515078374477247,0.41982103139162064,4,/volumes/Seagate/mtg-jamendo-dataset/00/1171700.mp3
252.0,151.99908088235293,0.08510202914476395,-19.770444869995117,9,1,0.5426508781126483,0.0,0.0012575664441101253,1.0,0.7565416629091615,0.24860929697752,4,/volumes/Seagate/mtg-jamendo-dataset/00/1379100.mp3
315.8933333333333,126.04801829268293,0.019907386973500252,-38.482120513916016,0,0,0.5238520451089426,0.0,0.009011704009026289,1.0,0.28033697623407533,8.544504339624837e-06,4,/volumes/Seagate/mtg-jamendo-dataset/00/202200.mp3
275.7315192743764,126.04801829268293,0.21614909172058105,-15.442094802856445,2,1,0.5621422791780297,0.0,0.0003062311952817254,1.0,0.6475949041741208,0.5467503890395164,4,/volumes/Seagate/mtg-jamendo-dataset/00/1208600.mp3
167.9273015873016,139.6748310810811,0.3390312194824219,-5.412050247192383,9,1,0.6030409690861502,0.0,0.001633163366932422,1.0,0.7288036806211853,1.0,4,/volumes/Seagate/mtg-jamendo-dataset/00/6500.mp3
198.76278911564626,99.38401442307692,0.12568093836307526,-19.857921600341797,2,1,0.5430112509602145,0.0,0.0008092185307759792,1.0,0.6131040586754322,1.0,4,/volumes/Seagate/mtg-jamendo-dataset/00/1101300.mp3
183.61,129.19921875,0.13945846259593964,-14.120824813842773,8,0,0.582532917629823,0.0,0.007763514295220375,1.0,0.6194489964329097,1.0,4,/volumes/Seagate/mtg-jamendo-dataset/00/945200.mp3
267.1460090702948,166.70866935483872,0.14931823313236237,-11.135368347167969,1,1,0.5990315388635604,0.0,0.002067851659376174,1.0,0.808473611226345,0.35505998879671097,4,/volumes/Seagate/mtg-jamendo-dataset/00/209800.mp3
436.92,191.40625,0.1197318434715271,-20.604318618774414,6,1,0.5401896999777048,0.0,0.002213627623859793,1.0,0.7523614389805604,0.04913997370749712,4,/volumes/Seagate/mtg-jamendo-dataset/00/1315900.mp3
193.22802083333335,100.44642857142857,0.18993663787841797,-16.41149139404297,9,1,0.5992602400386913,0.0,6.019361717335414e-05,1.0,0.5720709924461835,0.05337777081876993,4,/volumes/Seagate/mtg-jamendo-dataset/00/175300.mp3
218.98374149659864,114.84375,0.22653427720069885,-10.672551155090332,2,1,0.5763877279987832,0.0,0.014409811701625586,1.0,0.7004892455284314,1.0,4,/volumes/Seagate/mtg-jamendo-dataset/00/124700.mp3
280.5466666666667,129.19921875,0.24069543182849884,-11.418463706970215,9,0,0.5867463408409002,0.0,0.005004339152947068,1.0,0.6494803093190726,1.0,4,/volumes/Seagate/mtg-jamendo-dataset/00/400000.mp3
73.6130612244898,126.04801829268293,0.034992653876543045,-30.04929542541504,1,0,0.6146105671656645,0.0,0.001014151086565107,0.5,0.33079075607468944,1.104035845855833e-05,4,/volumes/Seagate/mtg-jamendo-dataset/00/1044300.mp3
184.08489795918368,161.4990234375,0.1595195084810257,-15.311239242553711,10,0,0.5648212838989876,0.0,0.0020025328849442303,1.0,0.6408253320424362,0.6549205631017685,4,/volumes/Seagate/mtg-jamendo-dataset/00/840600.mp3
277.4533333333333,95.703125,0.1798108071088791,-18.96951675415039,4,1,0.5945808902016132,0.0,0.00014872062092763372,1.0,0.5278736575528702,0.12910177931189537,4,/volumes/Seagate/mtg-jamendo-dataset/00/1417800.mp3
430.0,123.046875,0.14616768062114716,-15.815242767333984,2,1,0.5706684184118082,0.0,0.0008284178911708295,1.0,0.6763722943163993,0.3010200709104538,4,/volumes/Seagate/mtg-jamendo-dataset/00/1054100.mp3
254.65605442176872,135.99917763157896,0.25298866629600525,-14.922560691833496,10,0,0.5885046263156366,0.0,0.01360110891982913,1.0,0.6003336066365981,0.17755528911948204,4,/volumes/Seagate/mtg-jamendo-dataset/00/1218700.mp3
220.17163265306124,132.51201923076923,0.35598570108413696,-1.5154393911361694,9,1,0.5967486596113178,0.0,0.0052247102139517665,1.0,0.7850240384615386,1.0,4,/volumes/Seagate/mtg-jamendo-dataset/00/383000.mp3
181.12,117.45383522727273,0.11804693937301636,-18.604999542236328,0,1,0.5926645610172037,0.0,0.007905842503532767,1.0,0.6146824261710834,0.05427881609648466,4,/volumes/Seagate/mtg-jamendo-dataset/00/88000.mp3
84.92789115646258,129.19921875,0.18172763288021088,-15.857389450073242,2,1,0.5347149463395718,0.0,0.0007728739874437451,1.0,0.7037597496688112,1.0,4,/volumes/Seagate/mtg-jamendo-dataset/00/1165500.mp3
272.0533106575964,135.99917763157896,0.2678268253803253,-11.958062171936035,0,1,0.5554850659659518,0.0,0.0002391554953646846,1.0,0.7076603108352278,1.0,4,/volumes/Seagate/mtg-jamendo-dataset/00/82600.mp3
272.01421768707485,120.18531976744185,0.24406343698501587,-11.452152252197266,5,1,0.551728651422069,0.0,0.002100297308061272,1.0,0.7271801211598841,1.0,4,/volumes/Seagate/mtg-jamendo-dataset/00/1385200.mp3
76.87056689342404,139.6748310810811,0.18510755896568298,-20.004812240600586,7,0,0.634990675743412,0.0,0.0007700732967350632,1.0,0.48759131400207667,0.07525744382292032,4,/volumes/Seagate/mtg-jamendo-dataset/00/818600.mp3
415.0,97.50884433962264,0.1791546642780304,-9.883054733276367,1,0,0.5696020802816414,0.0,0.004174167173914611,1.0,0.5760325699310331,1.0,4,/volumes/Seagate/mtg-jamendo-dataset/00/1410600.mp3
106.8241723356009,132.51201923076923,0.11297895014286041,-25.025386810302734,2,1,0.5317047059992068,0.0,0.004784025368280709,1.0,0.6006465997238987,0.006350895273499191,4,/volumes/Seagate/mtg-jamendo-dataset/00/1226800.mp3
182.8924036281179,123.046875,0.23175553977489471,-11.622084617614746,7,0,0.5751243488808275,0.0,0.0017376572359353304,1.0,0.5492604232071037,0.7368146628141403,4,/volumes/Seagate/mtg-jamendo-dataset/00/1420700.mp3
192.0054375,119.68085106382979,0.09652063250541687,-22.46143341064453,7,0,0.5609730539109272,0.0,0.00026958440139424056,1.0,0.5490743841014138,0.13168878853321075,4,/volumes/Seagate/mtg-jamendo-dataset/00/1079400.mp3
270.0,161.4990234375,0.1744169145822525,-13.810166358947754,9,1,0.5761438939451816,0.0,0.0014312468993011862,1.0,0.7510919189653884,0.8271797001361847,4,/volumes/Seagate/mtg-jamendo-dataset/00/1080900.mp3
250.29018140589568,139.6748310810811,0.238820880651474,-4.112033843994141,0,1,0.6069194140805247,0.0,0.03090475592762232,1.0,0.7993496621621623,1.0,4,/volumes/Seagate/mtg-jamendo-dataset/00/1368400.mp3
90.0,126.04801829268293,0.06855437159538269,-33.239261627197266,7,1,0.562859813393352,0.0,0.0007090113940648735,1.0,0.6039343329989838,9.886498446576297e-05,4,/volumes/Seagate/mtg-jamendo-dataset/00/1116400.mp3
281.08653061224487,103.359375,0.16283749043941498,-14.837050437927246,7,1,0.5476538113198108,0.0,0.0030345419654622674,1.0,0.6459535936602342,0.4382205009460449,4,/volumes/Seagate/mtg-jamendo-dataset/00/1336900.mp3
114.75591836734694,101.33272058823529,0.21015305817127228,-10.164910316467285,0,0,0.6106098225906422,0.0,0.00039450549229513854,1.0,0.52601106698587,0.6481710076332092,4,/volumes/Seagate/mtg-jamendo-dataset/00/39100.mp3
347.0628571428571,129.19921875,0.2407173216342926,-10.852387428283691,2,1,0.5566775510064484,0.0,0.0016093893209472299,1.0,0.6908278946293057,1.0,4,/volumes/Seagate/mtg-jamendo-dataset/00/1399700.mp3
140.21739229024942,92.28515625,0.09255865961313248,-24.33396339416504,11,1,0.5984701148464013,0.0,0.0002520035341149196,1.0,0.5357474883204159,0.03262127982452512,4,/volumes/Seagate/mtg-jamendo-dataset/00/1075200.mp3
166.92619047619047,126.04801829268293,0.1971484273672104,-11.201833724975586,11,1,0.5608098105523306,0.0,0.0009131008700933307,1.0,0.6889954889978122,0.4030219092965126,4,/volumes/Seagate/mtg-jamendo-dataset/00/992500.mp3
152.3402267573696,114.84375,0.2725283205509186,-8.615921020507812,8,0,0.5725628051251705,0.0,0.001967404328752309,1.0,0.5823365717458011,1.0,4,/volumes/Seagate/mtg-jamendo-dataset/00/1353300.mp3
248.0,129.19921875,0.10077879577875137,-23.763765335083008,5,1,0.5478949327419788,0.0,0.0019407823565416038,1.0,0.508164592413237,0.005214707343839109,4,/volumes/Seagate/mtg-jamendo-dataset/00/1182600.mp3
192.01562358276644,161.4990234375,0.2670610249042511,-10.21083927154541,8,0,0.6038772939289967,0.0,0.004644468077458441,1.0,0.7229980468749999,1.0,4,/volumes/Seagate/mtg-jamendo-dataset/00/1273900.mp3
215.2280498866213,139.6748310810811,0.11392267048358917,-22.785242080688477,9,1,0.5339227670978834,0.0,0.0009475474362261593,1.0,0.6014517566716091,0.21771784871816635,4,/volumes/Seagate/mtg-jamendo-dataset/00/1073700.mp3
176.7338775510204,139.6748310810811,0.13393333554267883,-18.32549476623535,8,0,0.5983305125118943,0.0,0.0007047805847832933,1.0,0.5798125590410015,0.017934817587956786,4,/volumes/Seagate/mtg-jamendo-dataset/00/133100.mp3
313.84616780045354,117.45383522727273,0.11812329292297363,-19.54270362854004,6,0,0.5621014035159198,0.0,0.0012599856709130108,1.0,0.5477680308905069,0.10836540721356869,4,/volumes/Seagate/mtg-jamendo-dataset/00/810100.mp3
243.75,135.99917763157896,0.2654664218425751,-18.916500091552734,9,1,0.5300249145976399,0.0,9.254774704459123e-05,1.0,0.5163559721894375,0.011950229527428746,4,/volumes/Seagate/mtg-jamendo-dataset/00/1418300.mp3
237.72,84.72079918032787,0.19922509789466858,-5.128584384918213,4,1,0.5591157508407135,0.0,0.012674981262534857,1.0,0.6894415983606558,1.0,4,/volumes/Seagate/mtg-jamendo-dataset/00/451400.mp3
146.14655328798185,99.38401442307692,0.08868531882762909,-25.350866317749023,2,0,0.5754709445029947,0.0,9.735957064549439e-05,1.0,0.4153799289332667,0.008454054477624595,4,/volumes/Seagate/mtg-jamendo-dataset/00/1170600.mp3
174.29333333333332,172.265625,0.24351619184017181,-16.809667587280273,6,1,0.5654482107318408,0.0,0.0037879165029153228,1.0,0.7089455816919388,1.0,4,/volumes/Seagate/mtg-jamendo-dataset/00/11100.mp3
167.38666666666666,129.19921875,0.2453259378671646,-9.463235855102539,2,1,0.5498789981886064,0.0,0.00400524353608489,1.0,0.7202886940022329,0.5760694667696953,4,/volumes/Seagate/mtg-jamendo-dataset/00/1159700.mp3
232.97537414965987,107.666015625,0.19135233759880066,-18.877479553222656,4,1,0.5952583792703771,0.0,0.003235546639189124,1.0,0.5614275734679387,0.003875904076267034,4,/volumes/Seagate/mtg-jamendo-dataset/00/1394400.mp3
209.26691609977325,112.34714673913044,0.16636349260807037,-16.178842544555664,0,1,0.5686691431348658,0.0,0.000906619563465938,1.0,0.5711079523973357,0.09819538332521915,4,/volumes/Seagate/mtg-jamendo-dataset/00/718300.mp3
257.08839002267575,161.4990234375,0.05539828911423683,-26.460227966308594,2,1,0.5594092966169084,0.0,0.000477011883049272,1.0,0.5408984744012506,0.0048183565377257764,4,/volumes/Seagate/mtg-jamendo-dataset/00/201900.mp3
80.16,117.45383522727273,0.0872853472828865,-23.182649612426758,10,0,0.5440430164885444,0.0,0.00010868282333831303,1.0,0.6306864191701769,0.013050608104094863,4,/volumes/Seagate/mtg-jamendo-dataset/00/1194700.mp3
200.88,123.046875,0.11277952045202255,-20.367448806762695,3,0,0.5848508591788664,0.0,0.0006241198716452345,1.0,0.4065485758901207,0.0012600845366250724,4,/volumes/Seagate/mtg-jamendo-dataset/00/394600.mp3
385.49333333333334,114.84375,0.16490425169467926,-10.123992919921875,0,0,0.5665775096971992,0.0,0.0052242998499423265,1.0,0.6121202051922678,0.31329236924648285,4,/volumes/Seagate/mtg-jamendo-dataset/00/1158200.mp3
221.70122448979592,105.46875,0.08963646739721298,-22.617374420166016,2,1,0.5996888163472289,0.0,0.013996645342558622,1.0,0.5447144764334215,0.00579671876039356,4,/volumes/Seagate/mtg-jamendo-dataset/00/514000.mp3
103.88897959183673,139.6748310810811,0.029621440917253494,-41.00135040283203,2,0,0.540682612050996,0.0,1.474449072702555e-05,1.0,0.3482165361336476,1.5968856459380731e-07,4,/volumes/Seagate/mtg-jamendo-dataset/00/501300.mp3
164.9273015873016,161.4990234375,0.20761007070541382,-10.857440948486328,10,1,0.6095506529047403,0.0,0.0019314864766784012,1.0,0.7461703754171396,0.11692380532622337,4,/volumes/Seagate/mtg-jamendo-dataset/00/133600.mp3
96.01340136054422,90.66611842105263,0.4096851944923401,-24.9295654296875,4,1,0.6121233702766621,0.0,0.00021735805057687685,1.0,0.42335429815246084,0.0002693672649911605,4,/volumes/Seagate/mtg-jamendo-dataset/00/1406400.mp3
107.00625850340136,151.99908088235293,0.06407956033945084,-34.63581466674805,11,1,0.5395141717941655,0.0,0.0006554942083312199,1.0,0.6009998026501309,2.453119805068127e-06,4,/volumes/Seagate/mtg-jamendo-dataset/00/757500.mp3
262.28680272108846,139.6748310810811,0.1026080921292305,-24.434616088867188,2,1,0.5312083260469819,0.0,6.46728221909143e-05,1.0,0.6003399598358845,0.0031298049725592136,4,/volumes/Seagate/mtg-jamendo-dataset/00/1307200.mp3
66.5,109.95678191489361,0.11704172939062119,-26.28549575805664,4,1,0.5359088549036943,0.0,9.490816955803894e-05,1.0,0.5522314272381305,0.008624749607406557,4,/volumes/Seagate/mtg-jamendo-dataset/00/319100.mp3
183.6922902494331,129.19921875,0.24910661578178406,-13.842671394348145,0,1,0.5578122371626475,0.0,0.002425270329695195,1.0,0.6631690155482718,1.0,4,/volumes/Seagate/mtg-jamendo-dataset/00/260300.mp3
370.0,117.45383522727273,0.06603516638278961,-29.87762451171875,2,1,0.5270410733043753,0.0,0.0026084082783199847,1.0,0.5140304784719878,9.063950301424484e-06,4,/volumes/Seagate/mtg-jamendo-dataset/00/1119900.mp3
143.96081632653062,123.046875,0.05030336603522301,-24.492164611816406,7,1,0.5677565861312619,0.0,0.006368593079969287,1.0,0.7479394156791406,0.022904619108885527,4,/volumes/Seagate/mtg-jamendo-dataset/00/1372100.mp3
239.5,147.65625,0.08457402139902115,-21.33089828491211,9,1,0.5664260102572729,0.0,0.0005783118103863671,1.0,0.6923180643145415,0.12585091404616833,4,/volumes/Seagate/mtg-jamendo-dataset/00/1355200.mp3
454.6711337868481,120.18531976744185,0.21078254282474518,-18.25149917602539,0,1,0.5937341064580753,0.0,0.00010738590935943648,1.0,0.5643008394340393,0.020571735221892595,4,/volumes/Seagate/mtg-jamendo-dataset/00/1194000.mp3
197.5,178.20581896551724,0.2801462411880493,-13.43132209777832,7,0,0.603229721394074,0.0,0.0062973168678581715,1.0,0.6269676510641055,0.21835563704371452,4,/volumes/Seagate/mtg-jamendo-dataset/00/565800.mp3
239.676485260771,120.18531976744185,0.03980015963315964,-30.581405639648438,2,0,0.5477953162764264,0.0,0.0002987216430483386,1.0,0.42813896836581167,0.000305789326375816,4,/volumes/Seagate/mtg-jamendo-dataset/00/794600.mp3
206.117641723356,172.265625,0.18395142257213593,-15.92753791809082,2,1,0.5127997025407596,0.0,0.005056826630607247,1.0,0.805714542517153,1.0,4,/volumes/Seagate/mtg-jamendo-dataset/00/1222000.mp3
192.9230612244898,129.19921875,0.13346686959266663,-22.281824111938477,5,1,0.6162458316122947,0.0,0.0005037490627728403,1.0,0.47073630834538416,0.028437543660402298,4,/volumes/Seagate/mtg-jamendo-dataset/00/704400.mp3
195.00514739229024,129.19921875,0.1548919975757599,-18.65872573852539,8,0,0.5657001872463113,0.0,0.0007759521540720016,1.0,0.6113785413797136,0.007854102295823395,4,/volumes/Seagate/mtg-jamendo-dataset/00/1225500.mp3
114.27136054421769,112.34714673913044,0.057791560888290405,-36.276607513427734,5,0,0.5297010823677002,0.0,0.000857233302667737,1.0,0.3067719007791199,3.6358443367134896e-07,4,/volumes/Seagate/mtg-jamendo-dataset/00/1377100.mp3
186.32818594104307,129.19921875,0.19773250818252563,-13.177906036376953,8,0,0.5499377810753094,0.0,0.0010067836556117982,1.0,0.558383991728406,0.22440386936068535,4,/volumes/Seagate/mtg-jamendo-dataset/00/1359900.mp3
177.23077097505669,129.19921875,0.17141903936862946,-11.752748489379883,0,0,0.5579465062582025,0.0,0.001579836301971227,1.0,0.6123542200341294,0.12353097088634968,4,/volumes/Seagate/mtg-jamendo-dataset/00/1297200.mp3
310.1558276643991,143.5546875,0.10039018839597702,-23.29568862915039,0,1,0.5535317117188787,0.0,0.0002361239749006927,1.0,0.6502604639725589,0.06146470084786415,4,/volumes/Seagate/mtg-jamendo-dataset/00/94700.mp3
486.9543537414966,109.95678191489361,0.12377199530601501,-15.016818046569824,2,1,0.5501249391466383,0.0,0.0021625678637064993,1.0,0.6329087266636119,1.0,4,/volumes/Seagate/mtg-jamendo-dataset/00/89400.mp3
137.2473469387755,105.46875,0.1239171028137207,-23.607336044311523,7,0,0.5824005191563367,0.0,4.120464473089669e-05,1.0,0.41400984183260225,0.012114871060475707,4,/volumes/Seagate/mtg-jamendo-dataset/00/32200.mp3
382.5,71.77734375,0.0671696662902832,-31.425678253173828,0,1,0.5246783459193508,0.0,1.0142591236217413e-05,1.0,0.41605784249127536,0.0049639883218333125,4,/volumes/Seagate/mtg-jamendo-dataset/00/1081000.mp3
386.16816326530613,120.18531976744185,0.11313698440790176,-17.74509620666504,7,1,0.5556849769968671,0.0,0.0005309683328960091,1.0,0.673618877641628,0.21161263808608055,4,/volumes/Seagate/mtg-jamendo-dataset/00/1031800.mp3
142.4242403628118,99.38401442307692,0.27465787529945374,-13.517151832580566,4,1,0.5786659403756775,0.0,0.00018367000302532688,1.0,0.5651138180621069,0.30890055000782013,4,/volumes/Seagate/mtg-jamendo-dataset/00/317200.mp3
185.04539682539684,109.95678191489361,0.19251517951488495,-8.333666801452637,5,0,0.5934615684185318,0.0,0.006015276303514838,1.0,0.6120280903752715,0.8743763715028763,4,/volumes/Seagate/mtg-jamendo-dataset/00/1283000.mp3
129.79591836734693,97.50884433962264,0.13599468767642975,-26.586631774902344,9,1,0.5535056866630823,0.0,2.7510099243954755e-05,1.0,0.4881989556792218,0.021461364813148975,4,/volumes/Seagate/mtg-jamendo-dataset/00/1109900.mp3
525.4944444444444,123.046875,0.08305341005325317,-28.286161422729492,6,1,0.571375156339339,0.0,0.0005051693151472136,1.0,0.6395544474791126,6.422054866561666e-05,4,/volumes/Seagate/mtg-jamendo-dataset/00/1129800.mp3
209.97333333333333,99.38401442307692,0.10608049482107162,-15.706878662109375,8,0,0.5759364109606432,0.0,0.00024398211826337501,1.0,0.5170706731684538,0.0424774968996644,4,/volumes/Seagate/mtg-jamendo-dataset/00/1393400.mp3
224.4231746031746,120.18531976744185,0.16964904963970184,-14.577235221862793,7,1,0.5914746157344359,0.0,0.0007437521999236196,1.0,0.6800726384489505,0.3239971399307251,4,/volumes/Seagate/mtg-jamendo-dataset/00/1375800.mp3
167.66666666666666,143.5546875,0.22802332043647766,-7.936168193817139,2,1,0.595495975821618,0.0,0.0044985380955040455,1.0,0.764540790153037,1.0,4,/volumes/Seagate/mtg-jamendo-dataset/00/245200.mp3
116.09977324263039,156.60511363636363,0.1495235562324524,-25.095705032348633,4,1,0.49625176195502263,0.0,0.00012671518925344571,1.0,0.6352121932658836,0.03208096604794264,4,/volumes/Seagate/mtg-jamendo-dataset/00/1375200.mp3
206.76024943310657,114.84375,0.07692281901836395,-20.737215042114258,5,1,0.5556475746786005,0.0,0.0024036956601776183,1.0,0.6244042454610257,0.03608529455959797,4,/volumes/Seagate/mtg-jamendo-dataset/00/1269900.mp3
156.6,99.38401442307692,0.19601832330226898,-16.67082405090332,7,1,0.5677226385453258,0.0,0.00041113042971119285,1.0,0.5855217501855634,1.0,4,/volumes/Seagate/mtg-jamendo-dataset/00/1282300.mp3
431.2956689342404,99.38401442307692,0.1955079734325409,-23.836389541625977,7,1,0.582620155616234,0.0,0.0008332810539286584,1.0,0.5094400916250296,0.0002522452996345237,4,/volumes/Seagate/mtg-jamendo-dataset/00/1083100.mp3
172.756462585034,123.046875,0.07435297220945358,-29.340343475341797,4,1,0.5358840691823215,0.0,0.0006308256124611944,1.0,0.6420226884521669,0.05214362405240536,4,/volumes/Seagate/mtg-jamendo-dataset/00/291000.mp3
512.0522448979592,120.18531976744185,0.04143218323588371,-31.708471298217773,4,1,0.5395391034370447,0.0,0.004254833911545575,1.0,0.5396072476942031,0.0009567525557940826,4,/volumes/Seagate/mtg-jamendo-dataset/00/25000.mp3
178.7234240362812,93.96306818181819,0.20578987896442413,-20.642723083496094,9,0,0.5300808415295535,0.0,0.00023615575628355145,1.0,0.40963360610769295,0.09550770744681358,4,/volumes/Seagate/mtg-jamendo-dataset/00/1337800.mp3
233.44619047619048,99.38401442307692,0.22524359822273254,-15.734256744384766,2,1,0.5729789253644428,0.0,0.00025830882077571005,1.0,0.5827943621844346,0.2024800144135952,4,/volumes/Seagate/mtg-jamendo-dataset/00/298400.mp3
330.9043990929705,120.18531976744185,0.16080902516841888,-26.86672019958496,9,1,0.4946141142825409,0.0,4.680252823163755e-05,1.0,0.5353889176409719,0.00029117871235939674,4,/volumes/Seagate/mtg-jamendo-dataset/00/1330500.mp3
171.29979591836735,132.51201923076923,0.23642727732658386,-12.335902214050293,7,1,0.5699692212153358,0.0,0.0016901428462006152,1.0,0.5899155718132866,0.15268761664628983,4,/volumes/Seagate/mtg-jamendo-dataset/00/1288500.mp3
360.0044671201814,139.6748310810811,0.3679015040397644,-0.5184242129325867,0,0,0.6011879484426115,0.0,0.0054859681986272335,1.0,0.6793496621621622,1.0,4,/volumes/Seagate/mtg-jamendo-dataset/00/1226100.mp3
221.59673469387755,129.19921875,0.1654556542634964,-12.948624610900879,7,1,0.5745347500135224,0.0,0.00023028246505418792,1.0,0.7032208180366775,0.15719285234808922,4,/volumes/Seagate/mtg-jamendo-dataset/00/1371500.mp3
137.35637188208617,99.38401442307692,0.09057992696762085,-27.332965850830078,11,1,0.5381415037038944,0.0,4.7871903007035144e-05,1.0,0.5038507104758928,0.0076232763240113854,4,/volumes/Seagate/mtg-jamendo-dataset/00/1052800.mp3
345.50666666666666,129.19921875,0.17892368137836456,-13.452183723449707,2,0,0.5626339182924718,0.0,0.0024319536751136184,1.0,0.5618722518548336,0.2986273169517517,4,/volumes/Seagate/mtg-jamendo-dataset/00/1126700.mp3
333.93333333333334,89.10290948275862,0.08682474493980408,-26.91808319091797,10,0,0.5464297155226137,0.0,0.0017221205052919686,1.0,0.3811957395075247,0.022855240385979414,4,/volumes/Seagate/mtg-jamendo-dataset/00/1219600.mp3
65.13777777777777,139.6748310810811,0.0928940698504448,-15.107365608215332,0,1,0.6012210674349203,0.0,0.004593802965246141,1.0,0.7593307574040109,0.8497584611177444,4,/volumes/Seagate/mtg-jamendo-dataset/00/1167300.mp3
150.3956462585034,97.50884433962264,0.08170068264007568,-20.77059555053711,11,1,0.5862490786700223,0.0,0.0014710669638589025,1.0,0.6185908457749825,0.209900364279747,4,/volumes/Seagate/mtg-jamendo-dataset/00/1404900.mp3
247.0,139.6748310810811,0.2767496109008789,-4.665209770202637,0,1,0.6041666673973636,0.0,0.00752053689211607,1.0,0.7993496621621623,1.0,4,/volumes/Seagate/mtg-jamendo-dataset/00/365700.mp3
70.0,120.18531976744185,0.15628185868263245,-21.109025955200195,9,1,0.5588315659050751,0.0,0.0001118235923058819,1.0,0.5833627131502767,0.08486105129122734,4,/volumes/Seagate/mtg-jamendo-dataset/00/1279600.mp3
295.43467120181407,143.5546875,0.23201468586921692,-10.488731384277344,5,0,0.5597009011557639,0.0,0.0013969683204777539,1.0,0.6627563572905528,1.0,4,/volumes/Seagate/mtg-jamendo-dataset/00/950100.mp3
104.04571428571428,120.18531976744185,0.07408328354358673,-22.371728897094727,7,1,0.5502311094097934,0.0,0.016101278364658356,1.0,0.640952992491241,0.08580820634961128,4,/volumes/Seagate/mtg-jamendo-dataset/00/374600.mp3
489.9275963718821,143.5546875,0.2221553921699524,-11.655959129333496,2,1,0.6017159714945721,0.0,0.0012216655304655433,1.0,0.7246109781757267,1.0,4,/volumes/Seagate/mtg-jamendo-dataset/00/1088100.mp3
222.77333333333334,117.45383522727273,0.2398332953453064,-11.307659149169922,4,1,0.5903943640186238,0.0,0.0006117924058344215,1.0,0.5723219189556418,0.11525987647473812,4,/volumes/Seagate/mtg-jamendo-dataset/00/1352700.mp3
280.6521768707483,151.99908088235293,0.29515472054481506,-9.512262344360352,7,0,0.6100636371268462,0.0,0.0007559120713267475,1.0,0.6389296523749552,0.6816435605287552,4,/volumes/Seagate/mtg-jamendo-dataset/00/130500.mp3
282.26666666666665,126.04801829268293,0.1940123736858368,-11.188027381896973,5,0,0.5618513807383978,0.0,0.0005645842174999416,1.0,0.6034434882634018,1.0,4,/volumes/Seagate/mtg-jamendo-dataset/00/101900.mp3
711.0269387755102,178.20581896551724,0.15121392905712128,-12.952400207519531,5,1,0.5741374997706785,0.0,0.0031398797873407602,1.0,0.8764116379310345,0.4119410365819931,4,/volumes/Seagate/mtg-jamendo-dataset/00/1397900.mp3
226.0,126.04801829268293,0.16658954322338104,-13.239187240600586,3,0,0.5344442571850214,0.0,0.0010516441252548248,1.0,0.5511435724312945,0.3442448377609253,4,/volumes/Seagate/mtg-jamendo-dataset/00/1036200.mp3
240.37297052154196,139.6748310810811,0.30866172909736633,-13.13839340209961,8,0,0.5536764968012745,0.0,0.00012074795085936785,1.0,0.620199538880818,1.0,4,/volumes/Seagate/mtg-jamendo-dataset/00/146600.mp3
207.934693877551,90.66611842105263,0.2874217927455902,-13.286178588867188,2,0,0.5973180931700185,0.0,0.0019257934181950986,1.0,0.4782536900953568,0.0021264140377752483,4,/volumes/Seagate/mtg-jamendo-dataset/00/501200.mp3
232.09333333333333,135.99917763157896,0.11614520102739334,-29.145849227905273,11,1,0.5256670795616241,0.0,8.728015200176742e-05,1.0,0.5631997621004515,0.00019416611394262873,4,/volumes/Seagate/mtg-jamendo-dataset/00/1041500.mp3
212.92408163265307,120.18531976744185,0.35380613803863525,-10.972055435180664,9,1,0.5771530031845369,0.0,0.00012654768215725198,1.0,0.6188625524863074,0.45664943754673004,4,/volumes/Seagate/mtg-jamendo-dataset/00/1415500.mp3
51.0,99.38401442307692,0.14697948098182678,-25.87771987915039,3,0,0.5361235425941584,0.0,0.00010058193220174871,1.0,0.3943752992288231,0.03496920922771096,4,/volumes/Seagate/mtg-jamendo-dataset/00/490800.mp3
88.7998125,100.44642857142857,0.09625184535980225,-28.893295288085938,9,1,0.5391389638757731,0.0,0.0005411092570284382,1.0,0.5255121510694046,0.0010058200859930366,4,/volumes/Seagate/mtg-jamendo-dataset/00/1112000.mp3
124.78312925170069,117.45383522727273,0.07427523285150528,-23.13656997680664,4,1,0.5318369835694119,0.0,0.000749963364796713,1.0,0.6503170361857236,0.039445096626877785,4,/volumes/Seagate/mtg-jamendo-dataset/00/1235600.mp3
334.4952380952381,126.04801829268293,0.20150326192378998,-6.746082305908203,11,1,0.509095225857513,0.0,0.006224487908184528,1.0,0.71140625,1.0,4,/volumes/Seagate/mtg-jamendo-dataset/00/38000.mp3
336.48326530612246,135.99917763157896,0.13940399885177612,-22.446224212646484,11,1,0.5486610295410882,0.0,0.00012318241351749748,1.0,0.6161158198293162,0.023192008957266808,4,/volumes/Seagate/mtg-jamendo-dataset/00/81800.mp3
287.4739682539683,139.6748310810811,0.2155967652797699,-14.4457426071167,4,1,0.5770817361894566,0.0,0.0005682395567419007,1.0,0.6723863785744726,1.0,4,/volumes/Seagate/mtg-jamendo-dataset/00/926200.mp3
141.18666666666667,129.19921875,0.2135850042104721,-9.618304252624512,4,1,0.5795736936862732,0.0,0.0057198728900402784,1.0,0.7048152107822636,0.30808113515377045,4,/volumes/Seagate/mtg-jamendo-dataset/00/1319500.mp3
225.65462585034012,161.4990234375,0.19454918801784515,-20.563093185424805,4,1,0.5530965599776532,0.0,0.00019548409909475595,1.0,0.6961815503480969,0.03661606926470995,4,/volumes/Seagate/mtg-jamendo-dataset/00/1248600.mp3
151.90666666666667,117.45383522727273,0.04012385383248329,-35.70783996582031,9,1,0.5645696565736613,0.0,0.0032571960473433137,1.0,0.4419886109536726,2.580963212039933e-06,4,/volumes/Seagate/mtg-jamendo-dataset/00/1028900.mp3
136.5,120.18531976744185,0.07347336411476135,-29.761953353881836,9,1,0.5619737760100894,0.0,0.00010767663479782641,1.0,0.46465451493634935,0.08366137742996216,4,/volumes/Seagate/mtg-jamendo-dataset/00/895500.mp3
169.0122448979592,123.046875,0.17148593068122864,-16.2501163482666,0,0,0.5811406251573503,0.0,2.6200282263744157e-05,1.0,0.5112429174245918,0.33938851207494736,4,/volumes/Seagate/mtg-jamendo-dataset/00/348700.mp3
221.9690022675737,135.99917763157896,0.26240789890289307,-14.27001667022705,0,1,0.5696377907709986,0.0,0.0007189967727754265,1.0,0.6748101872499355,0.4601593688130379,4,/volumes/Seagate/mtg-jamendo-dataset/00/1155000.mp3
284.29061224489794,109.95678191489361,0.07199958711862564,-26.585935592651367,4,1,0.5323416942752301,0.0,3.7430197608046e-06,1.0,0.5568944891600369,0.0024945425684563816,4,/volumes/Seagate/mtg-jamendo-dataset/00/349400.mp3
190.84208616780046,99.38401442307692,0.19416633248329163,-10.197749137878418,3,1,0.5852840613663807,0.0,0.002897208498325199,1.0,0.6757278315868527,1.0,4,/volumes/Seagate/mtg-jamendo-dataset/00/220600.mp3
405.60532879818595,99.38401442307692,0.08427462726831436,-19.708667755126953,7,0,0.5316282683022259,0.0,0.003944152733311057,1.0,0.5336318990778472,0.3290208429098129,4,/volumes/Seagate/mtg-jamendo-dataset/00/1388600.mp3
95.43959183673469,109.95678191489361,0.09488832950592041,-27.255451202392578,0,1,0.5290690729447616,0.0,8.84871569724055e-05,1.0,0.5637342985871792,0.15615510754287243,4,/volumes/Seagate/mtg-jamendo-dataset/00/166300.mp3
359.04,126.04801829268293,0.2743740677833557,-12.643858909606934,5,1,0.6035820417513416,0.0,0.0021179153700359166,1.0,0.6935461643734295,1.0,4,/volumes/Seagate/mtg-jamendo-dataset/00/1335500.mp3
253.038375,95.33898305084746,0.3479405343532562,-6.453223705291748,7,1,0.600768530324624,0.0,0.0004232081410009414,1.0,0.6297633961523594,0.7069045305252075,4,/volumes/Seagate/mtg-jamendo-dataset/00/768200.mp3
1267.0,120.18531976744185,0.07127995043992996,-21.009868621826172,7,1,0.5748476166701857,0.0,0.0006772204942535609,1.0,0.7527310635533252,0.11848832480609417,4,/volumes/Seagate/mtg-jamendo-dataset/00/250100.mp3
337.02666666666664,120.18531976744185,0.10135713219642639,-16.529638290405273,9,1,0.5922959989702046,0.0,0.0022087442921474576,1.0,0.6977325511698681,0.4611271992325783,4,/volumes/Seagate/mtg-jamendo-dataset/00/398700.mp3
105.44,73.828125,0.15337853133678436,-19.422697067260742,5,1,0.5520249801281573,0.0,0.00015245218310155906,1.0,0.5141921741399542,0.03900205250829458,4,/volumes/Seagate/mtg-jamendo-dataset/00/80800.mp3
110.21061224489796,132.51201923076923,0.04755334183573723,-31.242923736572266,11,0,0.5697287618153069,0.0,0.0005222203762969002,1.0,0.32721020452678967,0.0003285553611931391,4,/volumes/Seagate/mtg-jamendo-dataset/00/543400.mp3
183.41333333333333,109.95678191489361,0.14641395211219788,-23.54930305480957,1,0,0.5788037785750615,0.0,0.0026145806768909097,1.0,0.40413880095854926,0.006181291537359357,4,/volumes/Seagate/mtg-jamendo-dataset/00/4400.mp3
126.86222222222223,139.6748310810811,0.15056125819683075,-12.689923286437988,6,1,0.6047496133199142,0.0,0.0038091223686933517,1.0,0.7097121179696713,0.19713476300239563,4,/volumes/Seagate/mtg-jamendo-dataset/00/38400.mp3
52.17392290249433,114.84375,0.04215115308761597,-30.758506774902344,5,1,0.4993678297351435,0.0,6.643398774031084e-05,1.0,0.6200755759933212,0.0002536350439186208,4,/volumes/Seagate/mtg-jamendo-dataset/00/1223300.mp3
221.30938775510205,120.18531976744185,0.10084928572177887,-23.430496215820312,7,1,0.4864624848532264,0.0,4.632353738998063e-05,1.0,0.5752836298830499,0.006122554186731577,4,/volumes/Seagate/mtg-jamendo-dataset/00/511100.mp3
203.2895918367347,126.04801829268293,0.2670627236366272,-7.498320579528809,5,0,0.5639902070344125,0.0,0.0024239756749011576,1.0,0.5242382947890116,0.9864582121372223,4,/volumes/Seagate/mtg-jamendo-dataset/00/1086700.mp3
215.99972789115645,90.66611842105263,0.11449230462312698,-17.724987030029297,4,1,0.5793260062327557,0.0,0.0004669747286243364,1.0,0.5746538049798151,0.21850960329174995,4,/volumes/Seagate/mtg-jamendo-dataset/00/827700.mp3
315.042358276644,109.95678191489361,0.09817288815975189,-18.131147384643555,6,0,0.5656079049639778,0.0,0.005498898681253195,1.0,0.5718408626014869,0.4293898120522499,4,/volumes/Seagate/mtg-jamendo-dataset/00/1326800.mp3
168.17632653061224,99.38401442307692,0.10708679258823395,-21.33431053161621,9,1,0.569400787683438,0.0,0.0001422725363227073,1.0,0.5897490612699738,0.034602596424520016,4,/volumes/Seagate/mtg-jamendo-dataset/00/387400.mp3
263.9992970521542,107.666015625,0.19858355820178986,-14.708333015441895,7,1,0.5833499076159298,0.0,0.002068134199362248,1.0,0.6029441609908498,0.23178532719612122,4,/volumes/Seagate/mtg-jamendo-dataset/00/1211800.mp3
339.2608843537415,114.84375,0.10712823271751404,-23.10740089416504,8,0,0.5939390103466344,0.0,0.0047593514900654554,1.0,0.5079085210725321,0.7589077204465866,4,/volumes/Seagate/mtg-jamendo-dataset/00/1398800.mp3
75.67566893424036,112.34714673913044,0.11202159523963928,-16.29816246032715,3,0,0.6040722617262673,0.0,0.0021257756743580103,1.0,0.5426626719573473,0.672961100935936,4,/volumes/Seagate/mtg-jamendo-dataset/00/891600.mp3
126.73596371882086,129.19921875,0.1663479059934616,-24.982772827148438,4,1,0.5524149412394177,0.0,0.0011207640927750617,1.0,0.5467698935828176,5.6449698604410514e-05,4,/volumes/Seagate/mtg-jamendo-dataset/00/36700.mp3
389.94666666666666,161.4990234375,0.16487790644168854,-22.002090454101562,7,0,0.5996510432304996,0.0,1.3037425560469273e-05,1.0,0.475263511337439,0.015166158555075526,4,/volumes/Seagate/mtg-jamendo-dataset/00/373000.mp3
226.64854875283447,123.046875,0.13899362087249756,-18.060216903686523,3,0,0.48930040584590917,0.0,0.001719328633043915,1.0,0.5641483684104236,0.05897013936191797,4,/volumes/Seagate/mtg-jamendo-dataset/00/1266300.mp3
263.7628571428571,139.6748310810811,0.09289512783288956,-25.70213508605957,0,0,0.5768178586087181,0.0,0.0011757427419070154,1.0,0.47998878008663576,0.004522949457168579,4,/volumes/Seagate/mtg-jamendo-dataset/00/1103300.mp3
95.84,114.84375,0.1560920774936676,-23.314960479736328,0,1,0.6137992762175783,0.0,0.008481204975396395,1.0,0.5854504679225028,0.00023544511350337416,4,/volumes/Seagate/mtg-jamendo-dataset/00/9600.mp3
249.04111111111112,147.65625,0.2719593942165375,-6.397468566894531,2,1,0.5835275486547417,0.0,0.0025200918316841125,1.0,0.7807113898617097,0.9826264530420303,4,/volumes/Seagate/mtg-jamendo-dataset/00/1149700.mp3
186.5404081632653,129.19921875,0.1834557205438614,-11.355032920837402,3,0,0.5652702479180892,0.0,0.014868061523884535,1.0,0.6168251468394234,1.0,4,/volumes/Seagate/mtg-jamendo-dataset/00/19200.mp3
134.63444444444445,129.19921875,0.10692942887544632,-19.594478607177734,9,1,0.5652024522276415,0.0,0.0004624176799552515,1.0,0.5195738766514585,0.06331347860395908,4,/volumes/Seagate/mtg-jamendo-dataset/00/1084200.mp3
168.4160090702948,143.5546875,0.17195768654346466,-17.089862823486328,8,0,0.5982396081163444,0.0,9.031777881318703e-05,1.0,0.5134054329340414,0.06343589164316654,4,/volumes/Seagate/mtg-jamendo-dataset/00/1283300.mp3
177.58621315192744,103.359375,0.0727570578455925,-24.648685455322266,7,0,0.5206253665023721,0.0,0.00022251318296184763,1.0,0.45239339280949287,0.00015932397218421102,4,/volumes/Seagate/mtg-jamendo-dataset/00/431500.mp3
226.71673469387756,90.66611842105263,0.1943196952342987,-14.445981979370117,9,1,0.5718779763562574,0.0,0.0007668216421734542,1.0,0.6282467513936212,0.5515336617827415,4,/volumes/Seagate/mtg-jamendo-dataset/00/412700.mp3
184.08780045351475,151.99908088235293,0.17121408879756927,-14.972878456115723,4,1,0.5886881929509484,0.0,0.0004268838674761355,1.0,0.5774969647807513,0.22196993231773376,4,/volumes/Seagate/mtg-jamendo-dataset/00/1009700.mp3
258.0451247165533,132.51201923076923,0.2893978953361511,-6.6476616859436035,5,0,0.5961405089369853,0.0,0.009362420300021768,1.0,0.6591540029761673,1.0,4,/volumes/Seagate/mtg-jamendo-dataset/00/263200.mp3
198.89333333333335,143.5546875,0.10093814134597778,-20.146623611450195,10,0,0.5881885700380711,0.0,0.001629788603167981,1.0,0.5615222758433116,0.06248455960303545,4,/volumes/Seagate/mtg-jamendo-dataset/00/3100.mp3
296.9948299319728,135.99917763157896,0.3127884268760681,-9.077631950378418,7,0,0.5855275362309755,0.0,0.0005348034028429538,1.0,0.5615392419096417,0.1624104008078575,4,/volumes/Seagate/mtg-jamendo-dataset/00/997000.mp3
257.97333333333336,105.46875,0.13884074985980988,-19.327943801879883,8,1,0.5795477614090832,0.0,0.0002952830764115788,1.0,0.585668219775947,0.4364672303199768,4,/volumes/Seagate/mtg-jamendo-dataset/00/111600.mp3
105.64732426303856,139.6748310810811,0.38369235396385193,-5.430995464324951,6,1,0.5807050538180063,0.0,0.0029341588960960507,1.0,0.7808743108744541,1.0,4,/volumes/Seagate/mtg-jamendo-dataset/00/1383900.mp3
293.84,178.20581896551724,0.1208585873246193,-25.81878662109375,7,1,0.564853762522024,0.0,0.004952168092131615,1.0,0.6623547583233725,0.00027428486646385863,4,/volumes/Seagate/mtg-jamendo-dataset/00/14300.mp3
272.48,139.6748310810811,0.3029952943325043,-6.436619281768799,11,1,0.5854224933748284,0.0,0.007080157287418842,1.0,0.7338063022833503,0.5725831538438797,4,/volumes/Seagate/mtg-jamendo-dataset/00/474700.mp3
54.0,143.5546875,0.04657469689846039,-30.8460750579834,9,1,0.560234108761611,0.0,0.0006271303718676791,1.0,0.5978745136472603,0.00035696950362762436,4,/volumes/Seagate/mtg-jamendo-dataset/00/893400.mp3
236.1730612244898,126.04801829268293,0.18744349479675293,-15.939990997314453,2,1,0.5584108194353297,0.0,0.0005926744634052739,1.0,0.645935987747299,0.30475832521915436,4,/volumes/Seagate/mtg-jamendo-dataset/00/192600.mp3
156.0,123.046875,0.08302249014377594,-31.514284133911133,10,0,0.5517544625954209,0.0,0.0009139016910921782,1.0,0.5365871433345206,1.7449316658257885e-06,4,/volumes/Seagate/mtg-jamendo-dataset/00/1221000.mp3
391.71392290249435,139.6748310810811,0.14791403710842133,-17.384666442871094,9,1,0.5700945158009263,0.0,0.0006274147017393261,1.0,0.6623317531410085,0.08361824788153172,4,/volumes/Seagate/mtg-jamendo-dataset/00/1406200.mp3
211.98666666666668,143.5546875,0.17834240198135376,-6.2914910316467285,11,1,0.5783426690019151,0.0,0.01897063571959734,1.0,0.807109375,1.0,4,/volumes/Seagate/mtg-jamendo-dataset/00/208300.mp3
224.6259410430839,178.20581896551724,0.14939922094345093,-22.351951599121094,3,0,0.5624561813843714,0.0,0.0014483938284683973,1.0,0.4111270757715162,0.0825390312820673,4,/volumes/Seagate/mtg-jamendo-dataset/00/1115400.mp3
199.70612244897958,126.04801829268293,0.23761622607707977,-11.363658905029297,2,0,0.5991367331769896,0.0,0.00681820185855031,1.0,0.6520960365853659,1.0,4,/volumes/Seagate/mtg-jamendo-dataset/00/332400.mp3
143.76,120.18531976744185,0.10440852493047714,-27.5911865234375,6,1,0.5465762180287653,0.0,0.004734265501610935,1.0,0.6438005224797726,5.203229648031993e-05,4,/volumes/Seagate/mtg-jamendo-dataset/00/433300.mp3
118.25861678004536,120.18531976744185,0.0721798911690712,-25.591520309448242,1,0,0.47903472418002024,0.0,0.0027059685671702027,1.0,0.5405778084553925,0.011651202803477645,4,/volumes/Seagate/mtg-jamendo-dataset/00/1082100.mp3
274.9932199546485,99.38401442307692,0.2580391466617584,-16.98682975769043,4,1,0.5725469381513146,0.0,8.3743278082693e-05,1.0,0.5382382681571634,0.17905769869685173,4,/volumes/Seagate/mtg-jamendo-dataset/00/1096800.mp3
248.88920634920635,129.19921875,0.2515581250190735,-7.487985134124756,9,1,0.5974594671832116,0.0,0.005696808337233961,1.0,0.7665954260256481,1.0,4,/volumes/Seagate/mtg-jamendo-dataset/00/1339600.mp3
29.997687074829933,161.4990234375,0.19809846580028534,-15.339909553527832,9,1,0.548100000839,0.0,0.00010200359247392043,1.0,0.7093215322491285,0.021919230930507183,4,/volumes/Seagate/mtg-jamendo-dataset/00/1056400.mp3
222.8128798185941,143.5546875,0.18449383974075317,-9.909918785095215,4,1,0.5939429843889327,0.0,0.0018699425272643566,1.0,0.7371091233958058,0.31798966228961945,4,/volumes/Seagate/mtg-jamendo-dataset/00/1317900.mp3
221.0465306122449,120.18531976744185,0.1579432189464569,-18.417043685913086,9,1,0.5591016653573642,0.0,0.0006271289312280715,1.0,0.6050796879806397,0.5864955857396126,4,/volumes/Seagate/mtg-jamendo-dataset/00/1205700.mp3
237.99142857142857,123.046875,0.13240580260753632,-24.755088806152344,1,1,0.5736922603816069,0.0,0.00013925764869782142,1.0,0.4817179380881502,0.0002670942740223836,4,/volumes/Seagate/mtg-jamendo-dataset/00/1209800.mp3
340.03591836734694,132.51201923076923,0.4631931483745575,-6.933958053588867,9,1,0.6171623663344181,0.0,0.00018972180259879678,1.0,0.6745081115977152,0.02612936543300748,4,/volumes/Seagate/mtg-jamendo-dataset/00/422700.mp3
276.53333333333336,161.4990234375,0.11996829509735107,-19.6832275390625,9,1,0.5594460629339203,0.0,0.0035275414120405912,1.0,0.6951953520828315,0.16557810828089714,4,/volumes/Seagate/mtg-jamendo-dataset/00/449900.mp3
121.57512471655329,126.04801829268293,0.1025211438536644,-28.860071182250977,4,1,0.5394708406211393,0.0,0.0008963066793512553,1.0,0.5806097798992981,7.921888027340174e-05,4,/volumes/Seagate/mtg-jamendo-dataset/00/1380600.mp3
35.02730158730159,129.19921875,0.07220761477947235,-23.13412857055664,11,1,0.5621285860529842,0.0,0.0262787863612175,1.0,0.6031052042977059,0.0011277011799393222,4,/volumes/Seagate/mtg-jamendo-dataset/00/1270100.mp3
310.84,126.04801829268293,0.15174584090709686,-20.8148136138916,6,1,0.5575976114579062,0.0,0.0030821874970570207,1.0,0.6055586529990573,0.38816090673208237,4,/volumes/Seagate/mtg-jamendo-dataset/00/1227500.mp3
271.80389583333334,90.7258064516129,0.1370629519224167,-18.326963424682617,0,1,0.598746756939506,0.0,0.0022288617328740656,1.0,0.5574288265333089,3.143104549963027e-05,4,/volumes/Seagate/mtg-jamendo-dataset/00/400700.mp3
240.0,120.18531976744185,0.03209491819143295,-33.36390686035156,7,1,0.5116981639901785,0.0,0.0013718190311919898,1.0,0.7529537717768146,0.002259171742480248,4,/volumes/Seagate/mtg-jamendo-dataset/00/153600.mp3
211.09657596371883,117.45383522727273,0.219689279794693,-13.532645225524902,4,1,0.5243531384506368,0.0,0.000430880332714878,1.0,0.6608135867107717,0.18651023507118225,4,/volumes/Seagate/mtg-jamendo-dataset/00/1036800.mp3
200.38530612244898,99.38401442307692,0.11369088292121887,-20.894559860229492,2,0,0.6275821782157716,0.0,0.0013025341322645545,1.0,0.42947976787772224,0.06878823041915894,4,/volumes/Seagate/mtg-jamendo-dataset/00/1030300.mp3
345.5565208333333,133.92857142857142,0.09466611593961716,-20.633686065673828,4,1,0.568891934140922,0.0,0.00261963636148721,1.0,0.6446235480271221,0.12392139062285423,4,/volumes/Seagate/mtg-jamendo-dataset/00/1156400.mp3
346.749387755102,120.18531976744185,0.03401320055127144,-36.32258605957031,0,1,0.52813231233269,0.0,3.289207779744174e-05,1.0,0.5029597975495242,2.4268792913062498e-05,4,/volumes/Seagate/mtg-jamendo-dataset/00/1348600.mp3
65.35251700680273,95.703125,0.19054298102855682,-24.668495178222656,5,0,0.4912172860085341,0.0,5.935029730608221e-05,1.0,0.3652056340776803,0.0003678641587612219,4,/volumes/Seagate/mtg-jamendo-dataset/00/847200.mp3
44.30770975056689,129.19921875,0.3070220351219177,-11.875931739807129,10,0,0.5610566457407913,0.0,0.0011147800250910223,1.0,0.5665428155457041,1.0,4,/volumes/Seagate/mtg-jamendo-dataset/00/1250200.mp3
210.48888888888888,132.51201923076923,0.08946548402309418,-25.339908599853516,7,1,0.5820364025639437,0.0,0.002105117600876838,1.0,0.5794249189464243,0.0009752728510648012,4,/volumes/Seagate/mtg-jamendo-dataset/00/1143800.mp3
74.67410430839003,114.84375,0.15442731976509094,-15.410988807678223,5,0,0.5814745026329589,0.0,0.0005094759108033031,1.0,0.6116799871077407,0.7845143973827362,4,/volumes/Seagate/mtg-jamendo-dataset/00/1357300.mp3
287.6020634920635,139.6748310810811,0.19992630183696747,-9.661040306091309,9,1,0.5586042848140205,0.0,0.006587387295439839,1.0,0.7993496621621623,1.0,4,/volumes/Seagate/mtg-jamendo-dataset/00/1403900.mp3
203.29138321995464,114.84375,0.19002756476402283,-26.96614646911621,4,1,0.5252790676620028,0.0,1.834296290326165e-05,1.0,0.4798542916171939,0.00024973931431304663,4,/volumes/Seagate/mtg-jamendo-dataset/00/587000.mp3
134.20426303854876,143.5546875,0.22649173438549042,-7.646420001983643,1,0,0.6138021573213939,0.0,0.0020593300578184426,1.0,0.6244315736683566,0.7609077543020248,4,/volumes/Seagate/mtg-jamendo-dataset/00/101000.mp3
185.5477551020408,120.18531976744185,0.1238895058631897,-24.5544490814209,4,1,0.5264533809194043,0.0,0.0019327254267409444,1.0,0.575488272770685,0.002475629444234073,4,/volumes/Seagate/mtg-jamendo-dataset/00/1060600.mp3
152.08489795918368,123.046875,0.13238821923732758,-27.78994369506836,5,1,0.5661015436401651,0.0,0.006918442435562611,1.0,0.57471550887854,0.007094801403582096,4,/volumes/Seagate/mtg-jamendo-dataset/00/389700.mp3
147.0,108.17307692307692,0.17763209342956543,-26.27753448486328,9,1,0.5799490308449173,0.0,8.011055285805924e-07,1.0,0.49164587295449036,2.8105537239753176e-05,3,/volumes/Seagate/mtg-jamendo-dataset/00/1012000.mp3
193.5461678004535,161.4990234375,0.07558857649564743,-29.05860137939453,9,1,0.5234124508907559,0.0,2.9095367608533707e-05,1.0,0.6471114373716614,0.002098410768667236,4,/volumes/Seagate/mtg-jamendo-dataset/00/1289300.mp3
102.9360544217687,105.46875,0.14765551686286926,-14.613797187805176,2,1,0.5862099547836598,0.0,0.000742123753298074,1.0,0.6510997386850664,0.5804150924086571,4,/volumes/Seagate/mtg-jamendo-dataset/00/1195900.mp3
64.00580498866213,95.703125,0.12755845487117767,-19.248764038085938,9,1,0.5844425122326744,0.0,0.0069035254418849945,1.0,0.5477078950224643,0.02354623517021537,4,/volumes/Seagate/mtg-jamendo-dataset/00/1346500.mp3
361.84616780045354,129.19921875,0.28567084670066833,-8.198315620422363,3,0,0.5633824621112831,0.0,0.0017180975410155952,1.0,0.6376925194535079,1.0,4,/volumes/Seagate/mtg-jamendo-dataset/00/1371700.mp3
211.0,99.38401442307692,0.25793594121932983,-11.570405960083008,4,1,0.5726473555626579,0.0,0.0004088123532710597,1.0,0.5899000618336562,0.2869045361876488,4,/volumes/Seagate/mtg-jamendo-dataset/00/1236400.mp3
183.81691609977324,89.10290948275862,0.23576189577579498,-6.7964301109313965,0,1,0.5560578051215745,0.0,0.007170127937570214,1.0,0.6768846414050149,1.0,4,/volumes/Seagate/mtg-jamendo-dataset/00/698500.mp3
117.0,120.18531976744185,0.20950789749622345,-11.113852500915527,1,1,0.5889866133887814,0.0,0.002653150528203696,1.0,0.8172394030491879,0.756923034787178,4,/volumes/Seagate/mtg-jamendo-dataset/00/184600.mp3
201.8753514739229,107.666015625,0.20736631751060486,-11.366495132446289,9,1,0.5830350018658816,0.0,0.00325031450483948,1.0,0.6890400528472018,1.0,4,/volumes/Seagate/mtg-jamendo-dataset/00/1046600.mp3
359.41877551020406,143.5546875,0.2584197223186493,-13.94764232635498,0,1,0.5748378103586879,0.0,0.0001193430543935392,1.0,0.7013482229105404,1.0902770242182669e-07,4,/volumes/Seagate/mtg-jamendo-dataset/00/248500.mp3
238.94204081632654,129.19921875,0.2876555323600769,-13.744935989379883,4,0,0.5547218657986365,0.0,0.00023229874932439998,1.0,0.4496490334196368,0.35254497081041336,4,/volumes/Seagate/mtg-jamendo-dataset/00/954500.mp3
204.80863945578233,129.19921875,0.03347107768058777,-33.48213195800781,11,1,0.52233268756007,0.0,0.0002159697760362178,1.0,0.49312286080201606,0.001820043398765847,4,/volumes/Seagate/mtg-jamendo-dataset/00/13400.mp3
156.44444444444446,114.84375,0.14839838445186615,-23.298091888427734,0,0,0.6139701750759282,0.0,0.002660389873199165,1.0,0.44153635137734404,0.0069636356784030795,4,/volumes/Seagate/mtg-jamendo-dataset/00/635300.mp3
271.296,100.44642857142857,0.17079667747020721,-18.525741577148438,9,1,0.5589522861485938,0.0,0.00024253228912129998,1.0,0.5910789068259034,0.006920426967553794,4,/volumes/Seagate/mtg-jamendo-dataset/00/74800.mp3
89.07197916666667,96.98275862068965,0.15531305968761444,-14.06707763671875,7,0,0.5833144974335246,0.0,0.0008741891069803387,1.0,0.5482688323692693,0.598984993994236,4,/volumes/Seagate/mtg-jamendo-dataset/00/1110000.mp3
357.4073469387755,90.66611842105263,0.1614494025707245,-12.750779151916504,7,1,0.5886180565054564,0.0,0.0014320580230560154,1.0,0.6244302585703131,1.0,4,/volumes/Seagate/mtg-jamendo-dataset/00/1069400.mp3
256.0,120.18531976744185,0.06106015667319298,-33.0281982421875,0,0,0.5536392824505242,0.0,0.0060982361901551485,1.0,0.49113892031273876,4.933248760607967e-06,4,/volumes/Seagate/mtg-jamendo-dataset/00/1105300.mp3
90.04408163265306,99.38401442307692,0.06059833988547325,-36.76318359375,4,1,0.5196344955882854,0.0,0.00024381557159358636,1.0,0.4751202017908205,1.7707714405901243e-07,4,/volumes/Seagate/mtg-jamendo-dataset/00/128300.mp3
135.81820861678005,109.95678191489361,0.17179150879383087,-15.021834373474121,4,1,0.5726520204004524,0.0,0.0026070392341353,1.0,0.6236198793865662,0.6683778762817383,4,/volumes/Seagate/mtg-jamendo-dataset/00/1155900.mp3
106.8241723356009,132.51201923076923,0.11102867871522903,-25.37356948852539,2,1,0.5306780178105189,0.0,0.004767549340613186,1.0,0.6000758396726658,0.006087800720706582,4,/volumes/Seagate/mtg-jamendo-dataset/00/1163000.mp3
282.28222222222223,166.70866935483872,0.18514952063560486,-15.992410659790039,4,1,0.5815862627187715,0.0,0.000287576942355372,1.0,0.5453539982141219,0.37870001047849655,4,/volumes/Seagate/mtg-jamendo-dataset/00/39700.mp3
212.26303854875283,123.046875,0.14433695375919342,-24.939842224121094,3,0,0.5595574014925719,0.0,0.0002728447434492409,1.0,0.44843064862675,0.0008987071487354115,4,/volumes/Seagate/mtg-jamendo-dataset/00/1274300.mp3
383.9352380952381,129.19921875,0.16602583229541779,-16.437273025512695,9,1,0.5743382139543916,0.0,0.0009454767568968236,1.0,0.6428784820868149,0.7931455969810486,4,/volumes/Seagate/mtg-jamendo-dataset/00/822300.mp3
205.70666666666668,135.99917763157896,0.07060179859399796,-30.860193252563477,5,0,0.5394045419852287,0.0,0.0016009342507459223,1.0,0.46655528801278745,0.001885932288132608,4,/volumes/Seagate/mtg-jamendo-dataset/00/1135200.mp3
129.24,132.51201923076923,0.15094058215618134,-21.030794143676758,9,1,0.5039183985871394,0.0,0.0001721375410852488,1.0,0.6505333932247056,0.03596414579078555,4,/volumes/Seagate/mtg-jamendo-dataset/00/80500.mp3
162.4597052154195,129.19921875,0.17287662625312805,-14.321922302246094,3,0,0.5854288413516882,0.0,0.004152061650529504,1.0,0.5501770679317375,1.0,4,/volumes/Seagate/mtg-jamendo-dataset/00/518600.mp3
222.4326530612245,151.99908088235293,0.19196206331253052,-8.48937702178955,7,0,0.583207392679423,0.0,0.00643237866461277,1.0,0.7039981617647059,1.0,4,/volumes/Seagate/mtg-jamendo-dataset/00/268400.mp3
225.97659863945577,126.04801829268293,0.10517623275518417,-14.838181495666504,5,1,0.5886030796916274,0.0,0.0062684977892786264,1.0,0.7623445299383653,0.5283653363585472,4,/volumes/Seagate/mtg-jamendo-dataset/00/1372200.mp3
269.33036281179136,120.18531976744185,0.27463164925575256,-8.36750316619873,9,1,0.5779446025662667,0.0,0.0042846029391512275,1.0,0.8256349341964067,1.0,4,/volumes/Seagate/mtg-jamendo-dataset/00/1343400.mp3
262.82666666666665,123.046875,0.0538552924990654,-38.51935577392578,0,1,0.5508453966233399,0.0,0.00034416609560139477,1.0,0.6646649604292347,9.820777080449261e-07,4,/volumes/Seagate/mtg-jamendo-dataset/00/1339700.mp3
438.28054421768707,139.6748310810811,0.15161873400211334,-14.12016773223877,7,1,0.5518586878656184,0.0,0.004289555596187711,1.0,0.7656687865162013,1.0,4,/volumes/Seagate/mtg-jamendo-dataset/00/1235700.mp3
472.4007936507937,126.04801829268293,0.015810322016477585,-29.5129451751709,6,0,0.5729059765452647,0.0,0.010875887470319867,1.0,0.6520960365853659,0.023672685492783785,4,/volumes/Seagate/mtg-jamendo-dataset/00/1300500.mp3
332.88126984126984,139.6748310810811,0.11534693837165833,-21.6290283203125,0,0,0.5741127433018498,0.0,0.00841779657639563,1.0,0.5305763389422137,0.30782701447606087,4,/volumes/Seagate/mtg-jamendo-dataset/00/922900.mp3
345.2307709750567,129.19921875,0.21125350892543793,-16.66957664489746,9,1,0.6028728933964054,0.0,0.002455809444654733,1.0,0.6073100544973236,0.03806999884545803,4,/volumes/Seagate/mtg-jamendo-dataset/00/760900.mp3
165.4421768707483,120.18531976744185,0.1239277571439743,-21.392017364501953,9,1,0.6008414375087794,0.0,0.00010938608465949073,1.0,0.580442177807267,0.12644690461456776,4,/volumes/Seagate/mtg-jamendo-dataset/00/1088000.mp3
97.46666666666667,156.60511363636363,0.12539713084697723,-24.388961791992188,11,1,0.5638174263506546,0.0,0.0004603593988576904,1.0,0.6431425057717345,0.006559115136042237,4,/volumes/Seagate/mtg-jamendo-dataset/00/1075700.mp3
163.76471655328797,112.34714673913044,0.07184334099292755,-23.357669830322266,11,1,0.5859518001831484,0.0,0.000569478768738918,1.0,0.5538707901804852,0.04036318976432085,4,/volumes/Seagate/mtg-jamendo-dataset/00/1014400.mp3
182.6155328798186,120.18531976744185,0.11642167717218399,-16.72310447692871,8,0,0.5891799468803549,0.0,0.002909868839196861,1.0,0.5643327245988611,1.0,4,/volumes/Seagate/mtg-jamendo-dataset/00/1132200.mp3
132.0,99.38401442307692,0.2611182928085327,-10.781303405761719,2,1,0.5748398975698222,0.0,0.0006909985531819984,1.0,0.607451017621123,0.06696156226098537,4,/volumes/Seagate/mtg-jamendo-dataset/00/1294600.mp3
160.15628117913832,95.703125,0.1759357452392578,-11.638383865356445,7,1,0.5435253477419218,0.0,0.002818570181261748,1.0,0.6739189784670581,1.0,4,/volumes/Seagate/mtg-jamendo-dataset/00/1066500.mp3
174.0,120.18531976744185,0.0742466077208519,-23.72462272644043,7,0,0.5913948941291911,0.0,0.0014826074475422502,1.0,0.48271781715618334,0.010176189243793488,4,/volumes/Seagate/mtg-jamendo-dataset/00/1037900.mp3
71.64263038548752,132.51201923076923,0.1104595959186554,-23.065143585205078,9,1,0.5544740533174073,0.0,0.0006071523675927892,1.0,0.5996652342623463,0.029019750654697418,4,/volumes/Seagate/mtg-jamendo-dataset/00/1162600.mp3
341.84868480725623,129.19921875,0.2675641179084778,-4.792505264282227,4,1,0.5993821095591794,0.0,0.004817533073946834,1.0,0.7783984375,1.0,4,/volumes/Seagate/mtg-jamendo-dataset/00/1291200.mp3
70.0,129.19921875,0.02386109158396721,-35.77632141113281,6,1,0.5882785792300824,0.0,0.0009013574745040387,1.0,0.5512430561720876,0.0005337266338756308,4,/volumes/Seagate/mtg-jamendo-dataset/00/1042000.mp3
703.7999092970522,123.046875,0.05256117880344391,-27.95065689086914,3,0,0.5714447710726691,0.0,0.0010051362623926252,1.0,0.43262326922350874,0.000984960570349358,4,/volumes/Seagate/mtg-jamendo-dataset/00/116600.mp3
160.76,123.046875,0.18110984563827515,-14.459846496582031,10,0,0.5448840501091539,0.0,0.014913589227944613,1.0,0.5428291591041119,0.08630817756056786,4,/volumes/Seagate/mtg-jamendo-dataset/00/1333700.mp3
284.0,120.18531976744185,0.17563876509666443,-16.118375778198242,10,0,0.5973313804501716,0.0,0.00011683220509439707,1.0,0.47681265821456953,0.09841714054346085,4,/volumes/Seagate/mtg-jamendo-dataset/00/373300.mp3
83.87632653061225,84.72079918032787,0.10252433270215988,-20.13262176513672,7,0,0.6020850435065818,0.0,0.0004588105803122744,1.0,0.4571057104002705,0.029505304992198944,4,/volumes/Seagate/mtg-jamendo-dataset/00/1093500.mp3
183.20485260770974,126.04801829268293,0.17844483256340027,-10.39634895324707,9,1,0.6069122662813954,0.0,0.0038401357596740127,1.0,0.7125331217654145,0.24163689464330673,4,/volumes/Seagate/mtg-jamendo-dataset/00/699100.mp3
218.68861678004535,143.5546875,0.26139894127845764,-4.6659417152404785,11,1,0.6198959984849246,0.0,0.011818243190646172,1.0,0.7715965421941061,1.0,4,/volumes/Seagate/mtg-jamendo-dataset/00/31800.mp3
69.38122448979591,135.99917763157896,0.17362697422504425,-15.268243789672852,7,1,0.5617986560279956,0.0,0.0015668453997932374,1.0,0.7130826697498043,1.0,4,/volumes/Seagate/mtg-jamendo-dataset/00/1002000.mp3
230.4522448979592,151.99908088235293,0.3005249500274658,-12.194014549255371,1,1,0.5641006890694931,0.0,0.025361549109220505,1.0,0.7094125274877748,1.0,4,/volumes/Seagate/mtg-jamendo-dataset/00/1400600.mp3
273.3913151927438,114.84375,0.31053927540779114,-20.75722312927246,7,0,0.5842089671258384,0.0,3.1066495466802735e-05,1.0,0.4044275945370073,0.0584903359413147,4,/volumes/Seagate/mtg-jamendo-dataset/00/1114500.mp3
42.012471655328795,99.38401442307692,0.07183767110109329,-29.709463119506836,0,1,0.4683290761867892,0.0,4.342504144005943e-05,1.0,0.484965750248628,1.467065118276878e-06,4,/volumes/Seagate/mtg-jamendo-dataset/00/151100.mp3
199.74666666666667,123.046875,0.0398816354572773,-34.13615036010742,9,1,0.5371475229860505,0.0,0.004017858300358057,1.0,0.4909857040165396,0.00010785315680550411,4,/volumes/Seagate/mtg-jamendo-dataset/00/970600.mp3
352.0,161.4990234375,0.07680141180753708,-33.11359405517578,0,1,0.49391163116711834,0.0,1.1436157365096733e-05,1.0,0.6147055656592786,6.167025730974274e-05,4,/volumes/Seagate/mtg-jamendo-dataset/00/460300.mp3
476.65632653061226,139.6748310810811,0.24769948422908783,-10.6991548538208,6,0,0.5872530803121878,0.0,0.001024142577080056,1.0,0.6144167385893128,1.0,4,/volumes/Seagate/mtg-jamendo-dataset/00/18500.mp3
579.7104535147392,120.18531976744185,0.15822578966617584,-12.433222770690918,0,1,0.5954645682691877,0.0,0.0014945806469768286,1.0,0.7042463950709777,0.8263172954320908,4,/volumes/Seagate/mtg-jamendo-dataset/00/1178800.mp3
228.52886621315193,120.18531976744185,0.17568467557430267,-17.70038414001465,8,0,0.5196051480074784,0.0,0.00035772236151387915,1.0,0.49492517323104807,0.3326467424631119,4,/volumes/Seagate/mtg-jamendo-dataset/00/103300.mp3
146.0,120.18531976744185,0.030193494632840157,-33.872982025146484,9,1,0.588747641325542,0.0,0.0003424344686209224,1.0,0.5591533528704888,0.0006613085861317813,4,/volumes/Seagate/mtg-jamendo-dataset/00/7400.mp3
198.53061224489795,99.38401442307692,0.08831163495779037,-23.901460647583008,9,1,0.5803683604414009,0.0,0.0017519050743430853,1.0,0.5673572134132846,0.005110243218950927,4,/volumes/Seagate/mtg-jamendo-dataset/00/759300.mp3
388.94666666666666,139.6748310810811,0.23948700726032257,-8.74384593963623,8,0,0.584977675069303,0.0,0.002214830426964909,1.0,0.6670839332919526,1.0,4,/volumes/Seagate/mtg-jamendo-dataset/00/85800.mp3
102.24761904761905,123.046875,0.07875719666481018,-23.91718864440918,8,0,0.5146916731462488,0.0,0.00016007982412702404,1.0,0.5004507182508633,0.0033527062623761594,4,/volumes/Seagate/mtg-jamendo-dataset/00/275800.mp3
672.7333333333333,135.99917763157896,0.2169615477323532,-16.858827590942383,1,1,0.6757501916213806,0.0,0.13135013356804848,1.0,0.6239814747365219,0.5267729610204697,4,/volumes/Seagate/mtg-jamendo-dataset/00/604300.mp3
151.50666666666666,132.51201923076923,0.12313182651996613,-22.994644165039062,9,1,0.507787927981133,0.0,0.005128428689204156,1.0,0.5232564161209063,0.04226536490023136,4,/volumes/Seagate/mtg-jamendo-dataset/00/117100.mp3
423.98439909297053,120.18531976744185,0.26401567459106445,-11.018385887145996,2,1,0.6056021519670617,0.0,0.0019296541577205062,1.0,0.6881291677882195,1.0,4,/volumes/Seagate/mtg-jamendo-dataset/00/1413400.mp3
122.75045351473923,109.95678191489361,0.10143928974866867,-29.855533599853516,4,1,0.5479824554684561,0.0,2.5229520360880997e-05,1.0,0.40611941406709845,1.4152501535136253e-05,4,/volumes/Seagate/mtg-jamendo-dataset/00/86200.mp3
275.90637188208615,126.04801829268293,0.14058783650398254,-16.374929428100586,2,0,0.5794009220569984,0.0,0.0032321963226422668,1.0,0.6258683776819389,1.0,4,/volumes/Seagate/mtg-jamendo-dataset/00/45100.mp3
218.30331065759637,120.18531976744185,0.2764650583267212,-9.057633399963379,4,1,0.5642136042911755,0.0,0.0017716720467433333,1.0,0.6810096838293614,0.022126769181340933,4,/volumes/Seagate/mtg-jamendo-dataset/00/973500.mp3
199.06666666666666,112.34714673913044,0.031368155032396317,-37.561309814453125,4,1,0.5007530167026244,0.0,7.101440860424191e-05,1.0,0.5113992602631079,1.4055304120574874e-06,4,/volumes/Seagate/mtg-jamendo-dataset/00/1374300.mp3
180.73033333333333,165.44117647058823,0.1242230013012886,-18.443811416625977,3,0,0.577695324757842,0.0,8.169049215211999e-05,1.0,0.42497033991518124,0.2765947952866554,4,/volumes/Seagate/mtg-jamendo-dataset/00/1076600.mp3
253.52,178.20581896551724,0.1656433790922165,-20.391878128051758,0,0,0.5702595523938321,0.0,0.0032940662931650877,1.0,0.5694148273693385,0.020836228504776955,4,/volumes/Seagate/mtg-jamendo-dataset/00/37700.mp3
216.0,166.70866935483872,0.17297957837581635,-15.164541244506836,7,0,0.5641546314327275,0.0,0.00147363287396729,1.0,0.6760632768668323,0.6778654456138611,4,/volumes/Seagate/mtg-jamendo-dataset/00/1007900.mp3
241.39510204081634,139.6748310810811,0.25185659527778625,-7.951622486114502,7,1,0.553966147852761,0.0,0.0013713809021282941,1.0,0.7504782224706437,0.6364793330430984,4,/volumes/Seagate/mtg-jamendo-dataset/00/307100.mp3
350.1714285714286,126.04801829268293,0.231624573469162,-22.637537002563477,9,1,0.5778527473555839,0.0,1.602088241270394e-05,1.0,0.544106883727054,0.0024626872618682683,4,/volumes/Seagate/mtg-jamendo-dataset/00/221400.mp3
93.70122448979592,120.18531976744185,0.11412947624921799,-26.99205780029297,9,1,0.5070404840484537,0.0,0.0026933614863082767,1.0,0.525098973902531,0.0002207087709393818,4,/volumes/Seagate/mtg-jamendo-dataset/00/1009600.mp3
354.0897959183674,129.19921875,0.3880367577075958,-7.035128593444824,2,1,0.6114929613945612,0.0,0.00047030426503624767,1.0,0.6559951122178187,1.0,4,/volumes/Seagate/mtg-jamendo-dataset/00/1295900.mp3
528.0156235827665,123.046875,0.14425405859947205,-26.81366539001465,9,1,0.5756380284053211,0.0,0.00023408322158502415,1.0,0.5506670909756484,8.24402832222404e-05,4,/volumes/Seagate/mtg-jamendo-dataset/00/1327700.mp3
160.03317460317461,132.51201923076923,0.14943864941596985,-13.342850685119629,9,1,0.5681892768553811,0.0,0.0016749296919442713,1.0,0.7220477513100961,0.4999438673257828,4,/volumes/Seagate/mtg-jamendo-dataset/00/1210700.mp3
95.82875283446712,129.19921875,0.09502023458480835,-25.99463653564453,3,0,0.5301221905926512,0.0,2.6248450922139455e-05,1.0,0.48355304581671443,0.0006884321919642389,4,/volumes/Seagate/mtg-jamendo-dataset/00/1416200.mp3
256.0133333333333,95.703125,0.20616500079631805,-12.148398399353027,6,1,0.5653946678592455,0.0,0.0038662481820210814,1.0,0.6242854877696924,0.3411855921149254,4,/volumes/Seagate/mtg-jamendo-dataset/00/985000.mp3
364.3297959183673,143.5546875,0.4257623851299286,-5.95830774307251,9,1,0.5880205116428634,0.0,0.0002690066830837168,1.0,0.7472964898050012,0.0331204803660512,4,/volumes/Seagate/mtg-jamendo-dataset/00/454900.mp3
165.91097505668935,166.70866935483872,0.16433990001678467,-18.759723663330078,9,1,0.5453914974623384,0.0,0.00023850895377108827,1.0,0.6898129569002286,0.03283582394942641,4,/volumes/Seagate/mtg-jamendo-dataset/00/1324900.mp3
246.15383219954649,156.60511363636363,0.18316158652305603,-7.414475917816162,2,1,0.5682698864274884,0.0,0.006397343706339598,1.0,0.8332102272727273,1.0,4,/volumes/Seagate/mtg-jamendo-dataset/00/1138700.mp3
233.2473469387755,105.46875,0.30323413014411926,-12.064663887023926,7,1,0.5566156961666535,0.0,0.0002509614059817977,1.0,0.6272384864617708,1.0,4,/volumes/Seagate/mtg-jamendo-dataset/00/506100.mp3
166.6884126984127,156.60511363636363,0.161139577627182,-24.704620361328125,8,1,0.5195718271662614,0.0,4.2097194636880886e-05,1.0,0.45243918237023384,0.02588387345895171,4,/volumes/Seagate/mtg-jamendo-dataset/00/1398500.mp3
63.03578231292517,132.51201923076923,0.10473687946796417,-23.85329246520996,9,1,0.5739480766352505,0.0,0.014980771578848362,1.0,0.5883092694153785,0.0006799244147259742,4,/volumes/Seagate/mtg-jamendo-dataset/00/1314100.mp3
226.5,161.4990234375,0.11981594562530518,-22.040685653686523,0,1,0.5196111143136217,0.0,1.5824157344468404e-05,1.0,0.6407491010298882,0.02772707026451826,4,/volumes/Seagate/mtg-jamendo-dataset/00/1398100.mp3
295.4950113378685,95.703125,0.19384440779685974,-11.967909812927246,2,1,0.564808650227211,0.0,0.0020095797954127192,1.0,0.6398720443715913,0.7565752416849136,4,/volumes/Seagate/mtg-jamendo-dataset/00/159200.mp3
198.29333333333332,117.45383522727273,0.28423815965652466,-7.498471260070801,2,1,0.6028158040356979,0.0,0.008346931776031852,1.0,0.7005198561032271,0.29059354215860367,4,/volumes/Seagate/mtg-jamendo-dataset/00/12100.mp3
189.25714285714287,101.33272058823529,0.2274855375289917,-15.754020690917969,9,1,0.5550460051342757,0.0,2.5912118871929124e-05,1.0,0.5760223657386303,0.5865328013896942,4,/volumes/Seagate/mtg-jamendo-dataset/00/308500.mp3
165.756462585034,156.60511363636363,0.23397454619407654,-14.27735424041748,7,1,0.5863392788724067,0.0,0.0003271228706580587,1.0,0.6829377776053113,0.009452604572288692,4,/volumes/Seagate/mtg-jamendo-dataset/00/1189900.mp3
358.08653061224487,117.45383522727273,0.0922432616353035,-25.666641235351562,7,1,0.5735332446112632,0.0,0.00010547458441578783,1.0,0.5730380026653613,0.02647436922416091,4,/volumes/Seagate/mtg-jamendo-dataset/00/1346200.mp3
217.43780045351474,139.6748310810811,0.10769978910684586,-18.17245101928711,0,1,0.6017586142342868,0.0,0.00784573727287352,1.0,0.6760242709617165,0.20364334806799889,4,/volumes/Seagate/mtg-jamendo-dataset/00/506000.mp3
193.67290249433105,95.703125,0.12216413766145706,-26.51671028137207,4,1,0.473990414913638,0.0,0.00048647688527125865,1.0,0.5313744632156582,4.0336924911343885e-07,4,/volumes/Seagate/mtg-jamendo-dataset/00/1251300.mp3
107.36907029478458,135.99917763157896,0.2966904640197754,-9.298583984375,2,1,0.5782146077428946,0.0,0.003748727962374687,1.0,0.7119948695364247,0.5896900966763496,4,/volumes/Seagate/mtg-jamendo-dataset/00/1131100.mp3
401.9097278911565,126.04801829268293,0.31695351004600525,-10.901848793029785,4,1,0.5743453677025117,0.0,0.00047367239312734455,1.0,0.6372950214337738,0.996333509683609,4,/volumes/Seagate/mtg-jamendo-dataset/00/1314300.mp3
65.82478458049887,117.45383522727273,0.19250163435935974,-11.247247695922852,6,1,0.5876815079341977,0.0,0.0013095544127281755,1.0,0.6778903532861622,0.6789880245923996,4,/volumes/Seagate/mtg-jamendo-dataset/00/1274100.mp3
268.0,120.18531976744185,0.12558643519878387,-25.707599639892578,7,0,0.5144870028176675,0.0,0.009143109899014235,1.0,0.39114922704475463,0.016872851410880685,4,/volumes/Seagate/mtg-jamendo-dataset/00/399500.mp3
223.05959183673468,143.5546875,0.10959131270647049,-23.97056770324707,9,1,0.5396287986247168,0.0,5.413559051703487e-06,1.0,0.5939925712022832,4.2907668102998286e-05,4,/volumes/Seagate/mtg-jamendo-dataset/00/1090200.mp3
182.4,99.38401442307692,0.15678654611110687,-17.85915184020996,0,1,0.5718634392167214,0.0,0.00028273556381464005,1.0,0.5730783815483658,0.13989576138556004,4,/volumes/Seagate/mtg-jamendo-dataset/00/409700.mp3
33.103469387755105,114.84375,0.10008426010608673,-26.666702270507812,7,1,0.5592346635121355,0.0,0.00011531652125995606,1.0,0.48484634289151884,0.11632218025624752,4,/volumes/Seagate/mtg-jamendo-dataset/00/1416000.mp3
246.25575963718822,126.04801829268293,0.3199171721935272,-6.665829658508301,4,1,0.614134241823302,0.0,0.0028485110378824174,1.0,0.6174376045056085,0.3084316849708557,4,/volumes/Seagate/mtg-jamendo-dataset/00/429200.mp3
240.02721088435374,109.95678191489361,0.11983508616685867,-23.741220474243164,10,0,0.53447022617763,0.0,0.00010858265522983856,1.0,0.4550879172297173,0.15680953860282898,4,/volumes/Seagate/mtg-jamendo-dataset/00/1393100.mp3
292.9509523809524,120.18531976744185,0.2635021209716797,-11.417278289794922,9,1,0.5840585420835733,0.0,0.0004307952040107921,1.0,0.675242324337043,0.19866913557052612,4,/volumes/Seagate/mtg-jamendo-dataset/00/934000.mp3
155.5524036281179,123.046875,0.06936948001384735,-30.076568603515625,7,0,0.5467662728032427,0.0,0.0008329394040629268,1.0,0.3601891090947542,5.451988727145363e-06,4,/volumes/Seagate/mtg-jamendo-dataset/00/903600.mp3
272.3404308390023,139.6748310810811,0.3103456199169159,-8.295085906982422,8,0,0.6107848829867331,0.0,0.0031957116443663836,1.0,0.6702286499440984,1.0,4,/volumes/Seagate/mtg-jamendo-dataset/00/863700.mp3
234.45333333333335,123.046875,0.10088004171848297,-21.511308670043945,7,1,0.5409224118621263,0.0,0.011197570245712996,1.0,0.6152163828306234,0.038765978533774614,4,/volumes/Seagate/mtg-jamendo-dataset/00/1051200.mp3
207.41224489795917,126.04801829268293,0.13506095111370087,-20.594482421875,0,1,0.5911140139708052,0.0,9.34097079152707e-05,1.0,0.6103626694759983,0.07271846290677786,4,/volumes/Seagate/mtg-jamendo-dataset/00/1330200.mp3
195.55705215419502,97.50884433962264,0.12832148373126984,-15.04585075378418,11,1,0.5643430093562227,0.0,0.0013963706733193249,1.0,0.636857902327732,0.5143371224403381,4,/volumes/Seagate/mtg-jamendo-dataset/00/1178100.mp3
288.0,147.65625,0.2381662279367447,-9.758527755737305,2,1,0.5845038410933604,0.0,0.0007327001367229968,1.0,0.7335611023647095,0.07345126010477543,4,/volumes/Seagate/mtg-jamendo-dataset/00/1196900.mp3
264.3466666666667,139.6748310810811,0.14029453694820404,-18.937593460083008,2,1,0.6062154822945424,0.0,0.00010071047654491849,1.0,0.5460395488246135,0.11651726439595222,4,/volumes/Seagate/mtg-jamendo-dataset/00/3900.mp3
176.16979591836736,135.99917763157896,0.29447901248931885,-6.229511260986328,11,1,0.5961561281241763,0.0,0.001368812459986657,1.0,0.7339372574944398,0.2466484159231186,4,/volumes/Seagate/mtg-jamendo-dataset/00/1340000.mp3
294.41333333333336,107.666015625,0.2530999183654785,-14.724332809448242,9,1,0.585820519936119,0.0,0.007758388062939048,1.0,0.5697324535228685,0.01362227601930499,4,/volumes/Seagate/mtg-jamendo-dataset/00/7200.mp3
400.0,120.18531976744185,0.1581130027770996,-14.524274826049805,9,1,0.5757923938226954,0.0,0.00024029547785175964,1.0,0.6856212021369372,0.28586605563759804,4,/volumes/Seagate/mtg-jamendo-dataset/00/1300000.mp3
183.68,151.99908088235293,0.14812742173671722,-13.553276062011719,0,0,0.5881779746184341,0.0,0.00165893929079175,1.0,0.6233767981135329,0.3924228623509407,4,/volumes/Seagate/mtg-jamendo-dataset/00/436400.mp3
133.3333560090703,120.18531976744185,0.14022792875766754,-28.753904342651367,5,0,0.53764524968802,0.0,1.177967487819842e-05,1.0,0.40207107005798215,0.0013972223678138107,4,/volumes/Seagate/mtg-jamendo-dataset/00/1400500.mp3
297.0,120.18531976744185,0.08486784994602203,-19.293840408325195,0,0,0.5984179361618774,0.0,0.006429849425330758,1.0,0.5564107335864209,0.7677394151687622,4,/volumes/Seagate/mtg-jamendo-dataset/00/1053500.mp3
155.22387755102042,132.51201923076923,0.1719229519367218,-16.481508255004883,5,0,0.5834154238779807,0.0,0.008533725282177329,1.0,0.6051655793459018,0.10401020757853985,4,/volumes/Seagate/mtg-jamendo-dataset/00/719800.mp3
181.5131292517007,126.04801829268293,0.2314830869436264,-14.64332389831543,9,1,0.5261474994771949,0.0,0.0005723011563532054,1.0,0.6616407880884881,0.37191271781921387,4,/volumes/Seagate/mtg-jamendo-dataset/00/1257400.mp3
187.63755102040815,172.265625,0.1441187709569931,-19.100114822387695,4,1,0.534893596776906,0.0,0.0006601318891625851,1.0,0.7408843258309019,0.341440886259079,4,/volumes/Seagate/mtg-jamendo-dataset/00/1294200.mp3
226.25333333333333,143.5546875,0.2421177178621292,-10.975668907165527,5,0,0.5800866293014992,0.0,0.005838629091158509,1.0,0.5981020483828943,0.016656231600791216,4,/volumes/Seagate/mtg-jamendo-dataset/00/400400.mp3
175.06666666666666,161.4990234375,0.1511862576007843,-16.395206451416016,4,1,0.5778094492084065,0.0,0.007426811149343848,1.0,0.5643204534116283,0.10247113183140755,4,/volumes/Seagate/mtg-jamendo-dataset/00/1166100.mp3
200.54807256235827,129.19921875,0.23843756318092346,-17.539297103881836,2,1,0.5537400120995384,0.0,0.0006531457038363442,1.0,0.6071917228117886,0.006978800520300865,4,/volumes/Seagate/mtg-jamendo-dataset/00/1231600.mp3
124.89142857142858,135.99917763157896,0.39578139781951904,-12.544501304626465,4,1,0.593438224850412,0.0,0.002539910317864269,1.0,0.6274858216365481,0.013163917465135455,4,/volumes/Seagate/mtg-jamendo-dataset/00/1296300.mp3
395.1107029478458,135.99917763157896,0.1972883939743042,-10.384321212768555,9,1,0.6002037253517147,0.0,0.002334055316168815,1.0,0.5754137061385122,1.0,4,/volumes/Seagate/mtg-jamendo-dataset/00/872000.mp3
130.75560416666667,133.92857142857142,0.05058884248137474,-30.445091247558594,0,1,0.46100413467111445,0.0,0.00010118397767655551,1.0,0.6929265351868527,0.020679759327322245,4,/volumes/Seagate/mtg-jamendo-dataset/00/1162700.mp3
357.1332426303855,126.04801829268293,0.15026304125785828,-13.746191024780273,9,1,0.5929952530079268,0.0,0.0016081351786851883,1.0,0.7191062896230265,0.5881039425730705,4,/volumes/Seagate/mtg-jamendo-dataset/00/224800.mp3
163.83077097505668,129.19921875,0.2588997185230255,-12.361077308654785,6,1,0.5814404594939051,0.0,0.00024417184613412246,1.0,0.6396449737671789,0.27428340166807175,4,/volumes/Seagate/mtg-jamendo-dataset/00/1032000.mp3
356.181768707483,109.95678191489361,0.07074443250894547,-26.011821746826172,9,1,0.5126515558331524,0.0,0.0026597308460623026,1.0,0.5740920815438726,0.0030037190299481153,4,/volumes/Seagate/mtg-jamendo-dataset/00/633200.mp3
145.71875283446713,139.6748310810811,0.10677330195903778,-21.11391830444336,0,0,0.5635256399373736,0.0,0.0004981202218914405,1.0,0.5412100739392404,0.19538212567567825,4,/volumes/Seagate/mtg-jamendo-dataset/00/1345300.mp3
94.74718820861678,117.45383522727273,0.23221023380756378,-8.798894882202148,3,0,0.5468163237504456,0.0,0.0015197989996522665,1.0,0.5710359468297752,0.7205656170845032,4,/volumes/Seagate/mtg-jamendo-dataset/00/1311300.mp3
143.4,132.51201923076923,0.12343467026948929,-19.869718551635742,7,1,0.5784497985499858,0.0,0.0003304733181721531,1.0,0.561010018603034,0.1381031796336174,4,/volumes/Seagate/mtg-jamendo-dataset/00/1284300.mp3
214.0,120.18531976744185,0.23460474610328674,-12.555390357971191,6,1,0.5852176383569763,0.0,0.0006068834918551147,1.0,0.661420653892165,0.2369881235063076,4,/volumes/Seagate/mtg-jamendo-dataset/00/347600.mp3
228.58170068027212,103.359375,0.16833166778087616,-19.189931869506836,4,1,0.5526983109006489,0.0,0.002069386246148497,1.0,0.5588408015171438,0.9971656650304794,4,/volumes/Seagate/mtg-jamendo-dataset/00/588700.mp3
255.56251700680272,107.666015625,0.21455544233322144,-13.968535423278809,4,1,0.5629423312578312,0.0,0.001095062296371907,1.0,0.7514624943197904,0.36405395716428757,4,/volumes/Seagate/mtg-jamendo-dataset/00/1249300.mp3
354.9295918367347,139.6748310810811,0.0571465790271759,-27.367725372314453,8,0,0.502691020561606,0.0,0.0007500040519516915,1.0,0.5176230907818457,0.008075895602814853,4,/volumes/Seagate/mtg-jamendo-dataset/00/865000.mp3
217.85095238095238,129.19921875,0.22594840824604034,-8.366703033447266,9,1,0.570308578231167,0.0,0.0038593565113842487,1.0,0.7460990888292744,1.0,4,/volumes/Seagate/mtg-jamendo-dataset/00/397700.mp3
259.41761904761904,123.046875,0.14585332572460175,-25.570762634277344,0,1,0.5406321738929878,0.0,0.00305215478874743,1.0,0.5309147663715471,0.002923682041000575,4,/volumes/Seagate/mtg-jamendo-dataset/00/1366700.mp3
720.0,95.703125,0.1658863127231598,-13.674825668334961,5,0,0.5789789019178975,0.0,0.00147994514554739,1.0,0.5056096585603143,0.8775446563959122,4,/volumes/Seagate/mtg-jamendo-dataset/00/1417200.mp3
251.29956916099772,178.20581896551724,0.17487682402133942,-14.748703002929688,2,1,0.6163179461091686,0.0,0.00047734318650327623,1.0,0.7705314162120005,0.10338439606130123,4,/volumes/Seagate/mtg-jamendo-dataset/00/860000.mp3
227.44816326530614,99.38401442307692,0.24556571245193481,-12.267873764038086,0,1,0.5997329528457158,0.0,0.00046278792433440685,1.0,0.5932982409044096,1.0,4,/volumes/Seagate/mtg-jamendo-dataset/00/279600.mp3
85.33333333333333,178.20581896551724,0.13795237243175507,-14.563191413879395,7,1,0.5111691345255633,0.0,0.0016271615750156343,1.0,0.8764116379310345,1.0,4,/volumes/Seagate/mtg-jamendo-dataset/00/1168500.mp3
169.47575963718822,95.703125,0.0907793864607811,-31.321029663085938,4,1,0.5095274203276274,0.0,0.0009917297575157136,1.0,0.45533810711904565,3.4645644575448387e-07,4,/volumes/Seagate/mtg-jamendo-dataset/00/1022300.mp3
121.6232879818594,99.38401442307692,0.10762467235326767,-28.354379653930664,1,0,0.5533218528551627,0.0,2.002223573072115e-05,1.0,0.37185673780233075,3.281627982687496e-06,4,/volumes/Seagate/mtg-jamendo-dataset/00/752300.mp3
110.96,139.6748310810811,0.12904046475887299,-19.396738052368164,9,1,0.5077598753324364,0.0,0.00021366431610658765,1.0,0.6527774484528883,0.07711865939199924,4,/volumes/Seagate/mtg-jamendo-dataset/00/170000.mp3
150.09378684807257,92.28515625,0.08653592318296432,-22.00888442993164,11,1,0.5160657227895454,0.0,0.001908196834847331,1.0,0.7708296997943871,0.07148146629333496,4,/volumes/Seagate/mtg-jamendo-dataset/00/1105600.mp3
159.06666666666666,161.4990234375,0.26376664638519287,-8.837440490722656,0,1,0.573159484561995,0.0,0.014432139694690704,1.0,0.829260018504448,1.0,4,/volumes/Seagate/mtg-jamendo-dataset/00/1236300.mp3
282.352947845805,84.72079918032787,0.2466067522764206,-10.998136520385742,4,1,0.5639762338652246,0.0,0.0010676472738850862,1.0,0.6042056957283101,0.6473042815923691,4,/volumes/Seagate/mtg-jamendo-dataset/00/166400.mp3
273.01839002267576,107.666015625,0.13214342296123505,-21.140085220336914,1,1,0.5638542228062571,0.0,2.93876155410544e-05,1.0,0.5603974344087216,0.010190993780270219,4,/volumes/Seagate/mtg-jamendo-dataset/00/399200.mp3
347.53845804988663,129.19921875,0.1132379025220871,-17.065095901489258,2,1,0.5113880933545403,0.0,0.004088949412107468,1.0,0.7653209692553605,1.0,4,/volumes/Seagate/mtg-jamendo-dataset/00/1395500.mp3
268.44444444444446,135.99917763157896,0.20618858933448792,-6.749696254730225,5,1,0.6119071744612609,0.0,0.010976954363286495,1.0,0.791998355263158,1.0,4,/volumes/Seagate/mtg-jamendo-dataset/00/1365200.mp3
239.01907029478457,120.18531976744185,0.17641222476959229,-6.900299072265625,4,1,0.5740895285607363,0.0,0.006472969427704811,1.0,0.7603706395348837,1.0,4,/volumes/Seagate/mtg-jamendo-dataset/00/1388000.mp3
211.20664583333334,130.8139534883721,0.1727016121149063,-18.017005920410156,0,0,0.553282094362018,0.0,0.0004760171432280913,1.0,0.5268009077741271,0.6743381917476654,4,/volumes/Seagate/mtg-jamendo-dataset/00/1069500.mp3
58.1740589569161,120.18531976744185,0.17876899242401123,-15.844919204711914,0,1,0.5951670415163282,0.0,0.0024187296512536705,1.0,0.6940473808823069,0.3737247362732887,4,/volumes/Seagate/mtg-jamendo-dataset/00/1349100.mp3
121.64,101.33272058823529,0.287517786026001,-4.090665340423584,4,1,0.6308333227519096,0.0,0.01438485598191619,1.0,0.670928336581849,0.7730506360530853,4,/volumes/Seagate/mtg-jamendo-dataset/00/45500.mp3
269.53333333333336,90.66611842105263,0.20094645023345947,-12.762961387634277,7,1,0.5475836300768376,0.0,0.0016329856007359922,1.0,0.6208549107619056,0.6322860717773438,4,/volumes/Seagate/mtg-jamendo-dataset/00/1194600.mp3
195.0078231292517,161.4990234375,0.2835516333580017,-18.710529327392578,5,1,0.5892910545120338,0.0,0.0002271136036142707,1.0,0.46875636951773847,0.018938661087304354,4,/volumes/Seagate/mtg-jamendo-dataset/00/1070600.mp3
73.51351473922902,109.95678191489361,0.09197396785020828,-18.387842178344727,4,1,0.5356712816358379,0.0,0.011504457565024495,1.0,0.723790807041516,0.23724328726530075,4,/volumes/Seagate/mtg-jamendo-dataset/00/1275300.mp3
215.75380952380954,114.84375,0.19457460939884186,-12.986180305480957,4,1,0.5347418980354648,0.0,0.0005645473720505834,1.0,0.6821579951136982,1.0,4,/volumes/Seagate/mtg-jamendo-dataset/00/1333600.mp3
300.0304761904762,117.45383522727273,0.11339427530765533,-28.500699996948242,2,1,0.5251914256694972,0.0,1.0409183232695796e-05,1.0,0.4944670709861535,0.002657667500898242,4,/volumes/Seagate/mtg-jamendo-dataset/00/1393000.mp3
211.2,126.04801829268293,0.15042145550251007,-15.112591743469238,4,1,0.544853570457266,0.0,0.0019852069672197104,1.0,0.6152549235760512,0.10934106074273586,4,/volumes/Seagate/mtg-jamendo-dataset/00/1190000.mp3
207.53333333333333,123.046875,0.1158287450671196,-27.27511215209961,9,1,0.5633480727062844,0.0,0.0016989368596114218,1.0,0.6260965108229768,6.933902909622702e-06,4,/volumes/Seagate/mtg-jamendo-dataset/00/1277800.mp3
54.680680272108845,129.19921875,0.009957259520888329,-43.22856903076172,1,1,0.560533825577249,0.0,0.01206127367913723,1.0,0.7496875000000001,0.005834196344949305,4,/volumes/Seagate/mtg-jamendo-dataset/00/1100200.mp3
245.63045351473923,129.19921875,0.24679243564605713,-11.879150390625,7,0,0.5811173120793298,0.0,0.005020569660700858,1.0,0.4139763529645817,0.4282379522919655,4,/volumes/Seagate/mtg-jamendo-dataset/00/1368300.mp3
335.05333333333334,123.046875,0.18889623880386353,-12.61142349243164,4,1,0.5965631447406277,0.0,0.0015535368584096432,1.0,0.7031161084712769,1.0,4,/volumes/Seagate/mtg-jamendo-dataset/00/356100.mp3
119.97721088435374,151.99908088235293,0.18305762112140656,-20.788637161254883,0,0,0.6009086206748708,0.0,0.0003980594192398712,1.0,0.5286257038557185,0.052750417962670326,4,/volumes/Seagate/mtg-jamendo-dataset/00/1317800.mp3
170.55342403628117,109.95678191489361,0.16163930296897888,-17.881534576416016,9,1,0.5437901619173449,0.0,0.005546720582060516,1.0,0.6166458046575793,0.37528760731220245,4,/volumes/Seagate/mtg-jamendo-dataset/00/484000.mp3
321.85469387755103,126.04801829268293,0.21502366662025452,-10.02370548248291,5,1,0.5806862646726003,0.0,0.0016360324225388467,1.0,0.7426361510801247,1.0,4,/volumes/Seagate/mtg-jamendo-dataset/00/1385600.mp3
215.99963718820862,139.6748310810811,0.14782097935676575,-21.001693725585938,7,1,0.5537620957827085,0.0,6.473555004049558e-05,1.0,0.627448441912315,0.02432268811389804,4,/volumes/Seagate/mtg-jamendo-dataset/00/1408400.mp3
156.77333333333334,151.99908088235293,0.09429753571748734,-22.523916244506836,4,1,0.5782066562848427,0.0,0.006108738016337156,1.0,0.5072372015730069,0.007300994475372136,4,/volumes/Seagate/mtg-jamendo-dataset/00/420700.mp3
124.00433106575964,120.18531976744185,0.1523950695991516,-13.501211166381836,2,1,0.597552571498658,0.0,0.0022770705982111394,1.0,0.6946969016396327,0.5794940516352654,4,/volumes/Seagate/mtg-jamendo-dataset/00/1303000.mp3
472.0,99.38401442307692,0.2559410333633423,-9.217001914978027,1,0,0.6085579772110585,0.0,0.006436739349737763,1.0,0.5311458048638578,1.0,4,/volumes/Seagate/mtg-jamendo-dataset/00/1210600.mp3
196.4478231292517,114.84375,0.26249197125434875,-13.750442504882812,0,1,0.6095785166622663,0.0,0.0011483822017908096,1.0,0.6905135035581642,0.5805642530322075,4,/volumes/Seagate/mtg-jamendo-dataset/00/1072900.mp3
225.8721088435374,139.6748310810811,0.21701672673225403,-10.598268508911133,9,1,0.6214975510981335,0.0,0.0011742243950720876,1.0,0.7637453783976654,0.6394883245229721,4,/volumes/Seagate/mtg-jamendo-dataset/00/1332600.mp3
175.14285714285714,139.6748310810811,0.10629971325397491,-34.027503967285156,5,1,0.5649041206812606,0.0,0.0019272069912403822,1.0,0.3870269479063087,5.366878497170546e-07,4,/volumes/Seagate/mtg-jamendo-dataset/00/1385300.mp3
388.0133333333333,120.18531976744185,0.0865972712635994,-22.379159927368164,4,1,0.5623746604586755,0.0,0.0030878257239237428,1.0,0.6790030103587381,0.3256135806441307,4,/volumes/Seagate/mtg-jamendo-dataset/00/17500.mp3
61.25714285714286,109.95678191489361,0.11604052037000656,-25.244108200073242,10,0,0.5599118469698382,0.0,0.0005675157444784418,1.0,0.45333085231124304,0.0025111640570685267,4,/volumes/Seagate/mtg-jamendo-dataset/00/82800.mp3
159.38560090702947,120.18531976744185,0.035792648792266846,-28.607501983642578,2,0,0.5809076142457374,0.0,0.0004377074365038425,1.0,0.5196533979457434,0.09591829963028431,4,/volumes/Seagate/mtg-jamendo-dataset/00/342300.mp3
210.25,161.4990234375,0.1346730887889862,-22.128067016601562,9,1,0.5418408233614562,0.0,5.0252445362275466e-05,1.0,0.6418682212656454,0.021457786206156015,4,/volumes/Seagate/mtg-jamendo-dataset/00/1415800.mp3
322.1431065759637,112.34714673913044,0.08309340476989746,-21.842994689941406,7,1,0.562891151183712,0.0,0.0002630551389302127,1.0,0.7530110274722803,0.0029857366462238133,4,/volumes/Seagate/mtg-jamendo-dataset/00/74700.mp3
173.13333333333333,126.04801829268293,0.27190399169921875,-8.606203079223633,2,1,0.5731134091055805,0.0,0.006682360544800758,1.0,0.6800596971095241,0.6991064548492432,4,/volumes/Seagate/mtg-jamendo-dataset/00/1357000.mp3
254.4180498866213,135.99917763157896,0.20249034464359283,-12.799696922302246,7,1,0.5754432765989972,0.0,0.0016575101763010025,1.0,0.6983400565213944,0.813642293214798,4,/volumes/Seagate/mtg-jamendo-dataset/00/1165400.mp3
386.7712471655329,151.99908088235293,0.14296285808086395,-21.36292266845703,2,1,0.5759866438658969,0.0,0.0019694636575877666,1.0,0.6675245666724787,0.025305438321083784,4,/volumes/Seagate/mtg-jamendo-dataset/00/683800.mp3
71.1,99.38401442307692,0.028317151591181755,-31.695024490356445,4,1,0.52583765020547,0.0,0.00042228098027408123,1.0,0.5327705893333341,0.006047293427400291,4,/volumes/Seagate/mtg-jamendo-dataset/00/1266500.mp3
323.8672916666667,119.68085106382979,0.12791807949543,-24.188512802124023,5,0,0.5684281331166561,0.0,0.0018559409072622657,1.0,0.3317220640112812,0.00866619753651321,4,/volumes/Seagate/mtg-jamendo-dataset/00/729300.mp3
661.9148979591837,126.04801829268293,0.07112245261669159,-23.447423934936523,2,0,0.6416722654265378,0.0,0.00026693670224631205,1.0,0.5631036548989867,0.00546062714420259,4,/volumes/Seagate/mtg-jamendo-dataset/00/1313000.mp3
197.64244897959185,112.34714673913044,0.030699407681822777,-30.424049377441406,9,1,0.562450159366845,0.0,0.009438329609110951,1.0,0.6047884707854798,0.6683775782585144,4,/volumes/Seagate/mtg-jamendo-dataset/00/1090700.mp3
151.49961451247165,120.18531976744185,0.15047796070575714,-16.69310188293457,0,1,0.5452061663571957,0.0,9.78064963419456e-05,1.0,0.5605719682644426,0.19498905166983604,4,/volumes/Seagate/mtg-jamendo-dataset/00/1356500.mp3
177.23557823129252,129.19921875,0.24985024333000183,-9.598404884338379,0,0,0.6141735018643372,0.0,0.004261335474438965,1.0,0.6478436477955976,0.7233274728059769,4,/volumes/Seagate/mtg-jamendo-dataset/00/36600.mp3
268.04970833333334,140.625,0.2163393199443817,-11.18310832977295,2,0,0.6109808238189667,0.0,0.0003247702625230886,1.0,0.6171215298317156,0.1621938869357109,4,/volumes/Seagate/mtg-jamendo-dataset/00/47400.mp3
247.0,135.99917763157896,0.08882512152194977,-24.740230560302734,1,0,0.5750231043310878,0.0,0.0005248963861959055,1.0,0.4961314984797899,0.0027504574973136187,4,/volumes/Seagate/mtg-jamendo-dataset/00/1337900.mp3
182.95215419501133,143.5546875,0.11818297952413559,-20.010746002197266,0,1,0.5488778909352521,0.0,3.455521436990239e-05,1.0,0.5763843906782659,0.0239203916862607,4,/volumes/Seagate/mtg-jamendo-dataset/00/1323600.mp3
149.7338775510204,126.04801829268293,0.17076706886291504,-12.086981773376465,4,1,0.5581960251524185,0.0,0.0009362000855617225,1.0,0.6722368159895526,0.768759474158287,4,/volumes/Seagate/mtg-jamendo-dataset/00/1374700.mp3
290.70390022675736,93.96306818181819,0.13101905584335327,-23.61730194091797,7,0,0.5250907676243239,0.0,0.000710532403900288,1.0,0.3724511333951678,0.0019406017963774502,4,/volumes/Seagate/mtg-jamendo-dataset/00/153400.mp3
163.58666666666667,132.51201923076923,0.2639482915401459,-12.187173843383789,7,1,0.5384289930727466,0.0,0.006898724706843495,1.0,0.6602138402750422,0.4454367235302925,4,/volumes/Seagate/mtg-jamendo-dataset/00/1354100.mp3
255.36768707482995,135.99917763157896,0.263763427734375,-11.053513526916504,7,1,0.578380011207393,0.0,0.005412869970314205,1.0,0.6751885280449057,0.40190380066633224,4,/volumes/Seagate/mtg-jamendo-dataset/00/1134300.mp3
178.65372916666666,98.6842105263158,0.13534124195575714,-27.16337013244629,0,1,0.5103161674364536,0.0,4.234274456393905e-05,1.0,0.46084527015703214,0.0022800789156462997,4,/volumes/Seagate/mtg-jamendo-dataset/00/1110500.mp3
58.512,119.68085106382979,0.07184172421693802,-24.44611930847168,7,1,0.5149053599357997,0.0,0.001591548789292574,1.0,0.679628564463829,0.19423427060246468,4,/volumes/Seagate/mtg-jamendo-dataset/00/1086300.mp3
249.13333333333333,139.6748310810811,0.08136416226625443,-25.1197566986084,9,1,0.5644422757651857,0.0,0.0050400132313370705,1.0,0.6649360386223779,0.3610861301422119,4,/volumes/Seagate/mtg-jamendo-dataset/00/80700.mp3
332.2002494331066,114.84375,0.27514684200286865,-9.559481620788574,2,1,0.5714440796535613,0.0,0.0020134440273977816,1.0,0.715355623779617,1.0,4,/volumes/Seagate/mtg-jamendo-dataset/00/1378900.mp3
276.0,120.18531976744185,0.07426638901233673,-25.24197769165039,5,1,0.555139545484798,0.0,0.0026586027815937996,1.0,0.5945441052891725,0.06793307606130838,4,/volumes/Seagate/mtg-jamendo-dataset/00/49100.mp3
49.34061224489796,151.99908088235293,0.03305267170071602,-27.502098083496094,9,1,0.5946293565647226,0.0,0.0044724466279149055,1.0,0.6100663432861501,0.02042454667389393,4,/volumes/Seagate/mtg-jamendo-dataset/00/966300.mp3
150.0,120.18531976744185,0.10281366109848022,-25.65106773376465,11,1,0.5374255571499171,0.0,2.980618955916725e-05,1.0,0.5797226275739047,0.0004030552736367099,4,/volumes/Seagate/mtg-jamendo-dataset/00/1170400.mp3
224.3408843537415,120.18531976744185,0.26067236065864563,-4.5029683113098145,2,1,0.5677690236409862,0.0,0.0053500490030273795,1.0,0.7603706395348837,1.0,4,/volumes/Seagate/mtg-jamendo-dataset/00/174900.mp3
214.5,161.4990234375,0.06584186106920242,-26.90291404724121,4,1,0.5791657322189151,0.0,0.0001097662934625987,1.0,0.45560487388209575,0.0161129969637841,4,/volumes/Seagate/mtg-jamendo-dataset/00/1173500.mp3
491.0743990929705,135.99917763157896,0.18081790208816528,-8.957073211669922,8,0,0.5615233994467298,0.0,0.008284860290586948,1.0,0.6719983552631579,1.0,4,/volumes/Seagate/mtg-jamendo-dataset/00/1304400.mp3
311.04,123.046875,0.05074332281947136,-30.355051040649414,10,0,0.5554002411871433,0.0,0.0009953575499821454,1.0,0.454092239166804,0.00014686971553601325,4,/volumes/Seagate/mtg-jamendo-dataset/00/1395100.mp3
403.58113378684806,126.04801829268293,0.12305355072021484,-17.14657211303711,9,1,0.5547265901226901,0.0,0.0018909690552391112,1.0,0.6795314394567692,1.0,4,/volumes/Seagate/mtg-jamendo-dataset/00/89300.mp3
323.96467120181404,126.04801829268293,0.12301113456487656,-16.03692054748535,3,0,0.5714744764899626,0.0,0.00017909165035234764,1.0,0.5595775409138044,0.05321208853274584,4,/volumes/Seagate/mtg-jamendo-dataset/00/1123300.mp3
172.3636507936508,109.95678191489361,0.13691584765911102,-20.65420913696289,9,0,0.5471467299932865,0.0,0.0004413030546857044,1.0,0.46963426969287614,0.01433861325494945,4,/volumes/Seagate/mtg-jamendo-dataset/00/1310500.mp3
69.00972789115646,126.04801829268293,0.1005108505487442,-15.35241985321045,2,1,0.538359379284074,0.0,0.031093837693333626,1.0,0.6777037023758368,0.3768063336610794,4,/volumes/Seagate/mtg-jamendo-dataset/00/1226700.mp3
209.96097505668934,107.666015625,0.1812647581100464,-15.88874340057373,7,1,0.5510918678693506,0.0,0.0032777924789115787,1.0,0.6288536097762927,0.4077085107564926,4,/volumes/Seagate/mtg-jamendo-dataset/00/40300.mp3
138.79510204081632,83.35433467741936,0.21580195426940918,-19.986448287963867,6,1,0.6020814803599177,0.0,0.00010297747576260008,1.0,0.5098357496445416,0.3644052892923355,4,/volumes/Seagate/mtg-jamendo-dataset/00/1320000.mp3
168.25848072562357,126.04801829268293,0.17587794363498688,-19.91560173034668,0,1,0.5616625753080982,0.0,0.0003959694877266884,1.0,0.5927451971058316,0.060351951979100704,4,/volumes/Seagate/mtg-jamendo-dataset/00/1363600.mp3
196.91498866213152,120.18531976744185,0.23727668821811676,-9.971261024475098,8,0,0.5916526463591947,0.0,0.002041893429122865,1.0,0.5247081709428181,0.8040715754032135,4,/volumes/Seagate/mtg-jamendo-dataset/00/1157600.mp3
236.3077097505669,129.19921875,0.3377232849597931,-5.3896331787109375,8,0,0.5924216795791439,0.0,0.003861214150674641,1.0,0.6583984375,1.0,4,/volumes/Seagate/mtg-jamendo-dataset/00/1321300.mp3
290.66668934240363,120.18531976744185,0.08444250375032425,-20.577056884765625,9,1,0.5921229501880096,0.0,0.003492465941235423,1.0,0.6695385857336023,1.0,4,/volumes/Seagate/mtg-jamendo-dataset/00/159600.mp3
174.94666666666666,135.99917763157896,0.10964678227901459,-21.14605712890625,6,1,0.5345196269308752,0.0,0.00036202742921886966,1.0,0.6636262620293037,0.3179870918393135,4,/volumes/Seagate/mtg-jamendo-dataset/00/75200.mp3
318.37333333333333,114.84375,0.3671816289424896,-6.257830619812012,9,1,0.5729048413276226,0.0,0.003759039449505508,1.0,0.6543025321064941,0.6659324467182159,4,/volumes/Seagate/mtg-jamendo-dataset/00/149800.mp3
198.2,120.18531976744185,0.20230890810489655,-7.728076457977295,11,0,0.5832897007789404,0.0,0.006026815390214324,1.0,0.6403706395348837,1.0,4,/volumes/Seagate/mtg-jamendo-dataset/00/1121400.mp3
286.53,139.6748310810811,0.3482687771320343,-1.8868871927261353,9,1,0.6053176657106694,0.0,0.008126899832859635,1.0,0.79079464456589,1.0,4,/volumes/Seagate/mtg-jamendo-dataset/00/1378100.mp3
145.3129931972789,107.666015625,0.26146557927131653,-11.376039505004883,4,1,0.5808280664156593,0.0,0.008363951928913593,1.0,0.6167839974313833,0.10182023048400879,4,/volumes/Seagate/mtg-jamendo-dataset/00/1124800.mp3
109.64809523809524,120.18531976744185,0.28155142068862915,-9.366205215454102,4,1,0.5954835625818826,0.0,0.0022738308180123568,1.0,0.6744508873735645,0.41810769587755203,4,/volumes/Seagate/mtg-jamendo-dataset/00/31500.mp3
263.5733333333333,99.38401442307692,0.15764401853084564,-20.51352882385254,9,1,0.5600102181135789,0.0,0.00018411295604892075,1.0,0.5441253519804968,0.04708987195044756,4,/volumes/Seagate/mtg-jamendo-dataset/00/996100.mp3
258.95183673469387,129.19921875,0.20815163850784302,-17.71796226501465,6,1,0.6044829581428728,0.0,0.0016273571527563035,1.0,0.5509394174504386,1.0,4,/volumes/Seagate/mtg-jamendo-dataset/00/117800.mp3
341.4374603174603,120.18531976744185,0.052902739495038986,-27.510677337646484,2,0,0.5575684877199041,0.0,0.0007067825936246663,1.0,0.5406551690053429,0.031028161756694317,4,/volumes/Seagate/mtg-jamendo-dataset/00/318600.mp3
300.06857142857143,129.19921875,0.047366417944431305,-23.140596389770508,7,0,0.5158901726269554,0.0,0.0025875879800878465,1.0,0.6285030183093878,0.2153131365776062,4,/volumes/Seagate/mtg-jamendo-dataset/00/1211600.mp3
205.3919954648526,117.45383522727273,0.043459877371788025,-36.08405303955078,0,0,0.5044227815666275,0.0,0.0003044642726308666,1.0,0.3629756156312283,3.92584809105756e-06,4,/volumes/Seagate/mtg-jamendo-dataset/00/1420800.mp3
189.6602947845805,129.19921875,0.24003267288208008,-12.414264678955078,8,0,0.5923615092578864,0.0,0.000479715658002533,1.0,0.5580324615498469,0.7088632136583328,4,/volumes/Seagate/mtg-jamendo-dataset/00/769000.mp3
135.970589569161,120.18531976744185,0.06318499892950058,-32.75078582763672,0,1,0.5118075194892512,0.0,3.758625462069176e-05,1.0,0.5309928920657255,1.126946472140844e-05,4,/volumes/Seagate/mtg-jamendo-dataset/00/1357400.mp3
204.04244897959182,129.19921875,0.3456355631351471,-3.986201524734497,8,0,0.5846265510334276,0.0,0.0030508964555338025,1.0,0.6583984375,1.0,4,/volumes/Seagate/mtg-jamendo-dataset/00/1393900.mp3
296.05333333333334,120.18531976744185,0.11587415635585785,-18.921154022216797,9,1,0.5885370118687407,0.0,0.003521448466926813,1.0,0.6264820505414004,0.06600563880056143,4,/volumes/Seagate/mtg-jamendo-dataset/00/6700.mp3
234.44,95.703125,0.17943169176578522,-9.85841178894043,10,1,0.5673315834367507,0.0,0.01035201153717935,1.0,0.6904087432299288,0.6882348656654358,4,/volumes/Seagate/mtg-jamendo-dataset/00/165900.mp3
147.5,147.65625,0.11182776093482971,-19.412490844726562,10,0,0.5675225953834613,0.0,0.005103929084725678,1.0,0.5458787682868508,0.25588594377040863,4,/volumes/Seagate/mtg-jamendo-dataset/00/659900.mp3
357.04163265306124,139.6748310810811,0.16401445865631104,-15.19216251373291,9,1,0.5946250263266555,0.0,0.000572761200601235,1.0,0.6845408338843362,0.05203037057071924,4,/volumes/Seagate/mtg-jamendo-dataset/00/1278600.mp3
192.1941723356009,123.046875,0.2799575626850128,-9.727922439575195,4,0,0.5836577660175986,0.0,0.00136624148581177,1.0,0.5824143375533316,0.96539705991745,4,/volumes/Seagate/mtg-jamendo-dataset/00/1420500.mp3
244.0,166.70866935483872,0.09557593613862991,-28.933591842651367,7,1,0.4780689440209407,0.0,0.005141384666785598,1.0,0.6975579582698359,0.35324055701494217,4,/volumes/Seagate/mtg-jamendo-dataset/00/1242000.mp3
203.11429166666667,100.44642857142857,0.1009751483798027,-29.088607788085938,9,1,0.5248003953715757,0.0,7.22421445971122e-05,1.0,0.4751620128018452,0.0012416794197633862,4,/volumes/Seagate/mtg-jamendo-dataset/00/1030900.mp3
197.76,120.18531976744185,0.23947227001190186,-16.72550392150879,0,1,0.5403205580955416,0.0,0.0012944468180648983,1.0,0.5333746835427188,0.24876443669199944,4,/volumes/Seagate/mtg-jamendo-dataset/00/338000.mp3
295.68,114.84375,0.19899418950080872,-19.49238395690918,4,1,0.5427103445720454,0.0,0.0013685008452739567,1.0,0.5504407030138939,0.01479570404626429,4,/volumes/Seagate/mtg-jamendo-dataset/00/504000.mp3
301.73,129.19921875,0.13192427158355713,-23.803314208984375,9,1,0.5569273809680393,0.0,1.2637146028282586e-05,1.0,0.5168208768051352,0.0007324881880776957,4,/volumes/Seagate/mtg-jamendo-dataset/00/1222900.mp3
250.88,123.046875,0.24858590960502625,-10.44757080078125,7,0,0.5751971522386292,0.0,0.0003472664611763321,1.0,0.5643736243016615,0.9271066635847092,4,/volumes/Seagate/mtg-jamendo-dataset/00/661600.mp3
264.70673469387754,99.38401442307692,0.16913865506649017,-13.64696216583252,7,1,0.586943105470587,0.0,0.005749833304435015,1.0,0.6722501320494549,0.7455778867006302,4,/volumes/Seagate/mtg-jamendo-dataset/00/1309600.mp3
184.66666666666666,90.66611842105263,0.11722540110349655,-18.609172821044922,10,0,0.5548930149360989,0.0,0.000622534949798137,1.0,0.6327742822537299,0.23497236892580986,4,/volumes/Seagate/mtg-jamendo-dataset/00/974000.mp3
96.0,161.4990234375,0.28180116415023804,-16.358652114868164,2,1,0.5285641797710074,0.0,6.959297206776682e-05,1.0,0.6730745246626355,0.18898997455835342,4,/volumes/Seagate/mtg-jamendo-dataset/00/1164200.mp3
189.81333333333333,84.72079918032787,0.225409135222435,-9.710175514221191,3,0,0.5634720689611724,0.0,0.0016215484938584268,1.0,0.5108716641784905,1.0,4,/volumes/Seagate/mtg-jamendo-dataset/00/1115100.mp3
199.6,135.99917763157896,0.1732635498046875,-19.083215713500977,5,1,0.5630429036357076,0.0,0.0008957883110269904,1.0,0.4867721279976994,0.14991791918873787,4,/volumes/Seagate/mtg-jamendo-dataset/00/47900.mp3
192.80979591836734,112.34714673913044,0.1600605994462967,-13.866186141967773,11,1,0.549852894574878,0.0,0.0033606350189074874,1.0,0.8087770219806885,0.8719620853662491,4,/volumes/Seagate/mtg-jamendo-dataset/00/1367200.mp3
166.5,120.18531976744185,0.046861689537763596,-31.850452423095703,0,1,0.5537754634915416,0.0,0.013849548529833555,1.0,0.5618021928907556,0.050570168532431126,4,/volumes/Seagate/mtg-jamendo-dataset/00/893500.mp3
278.01251700680274,143.5546875,0.04878140240907669,-32.392486572265625,4,1,0.5196726785720183,0.0,0.0016040434129536152,1.0,0.48365316233786027,3.1601834393768513e-06,4,/volumes/Seagate/mtg-jamendo-dataset/00/168800.mp3
180.2,90.66611842105263,0.13519050180912018,-19.48979377746582,2,1,0.5467456693767176,0.0,0.00023527792654931545,1.0,0.730765342778202,0.016360083827748895,4,/volumes/Seagate/mtg-jamendo-dataset/00/213200.mp3
162.6819954648526,99.38401442307692,0.3244406282901764,-3.3688576221466064,6,0,0.6019313359395744,0.0,0.002583591383881867,1.0,0.5624218212574044,1.0,4,/volumes/Seagate/mtg-jamendo-dataset/00/16000.mp3
222.58068027210885,129.19921875,0.2304760068655014,-17.399925231933594,6,1,0.5497830802766748,0.0,0.00014388938143383712,1.0,0.6274741257225601,0.07497414015233517,4,/volumes/Seagate/mtg-jamendo-dataset/00/199300.mp3
302.09115646258505,90.66611842105263,0.15832510590553284,-12.62844181060791,4,1,0.5818854719053327,0.0,0.0014466535358224064,1.0,0.6295775066287199,0.38018595427274704,4,/volumes/Seagate/mtg-jamendo-dataset/00/721200.mp3
273.44979591836733,114.84375,0.1502991020679474,-16.476511001586914,0,0,0.5544166257746415,0.0,9.573210627422668e-05,1.0,0.5424062733891801,1.0,4,/volumes/Seagate/mtg-jamendo-dataset/00/210600.mp3
263.20897959183674,139.6748310810811,0.12909069657325745,-14.235688209533691,7,0,0.5632197916292252,0.0,0.0026659407885745168,1.0,0.6373041623835534,0.4850081726908684,4,/volumes/Seagate/mtg-jamendo-dataset/00/1378200.mp3
41.973333333333336,166.70866935483872,0.026064861565828323,-40.76473617553711,7,1,0.5720049430574259,0.0,0.00026646146579878405,1.0,0.6725423698283104,7.76162778493017e-06,4,/volumes/Seagate/mtg-jamendo-dataset/00/272800.mp3
169.78666666666666,120.18531976744185,0.175175279378891,-16.892993927001953,6,1,0.501415635976876,0.0,0.005296866875141859,1.0,0.623338419135716,0.13368679210543633,4,/volumes/Seagate/mtg-jamendo-dataset/00/1294000.mp3
237.16861678004534,84.72079918032787,0.12947264313697815,-21.754337310791016,5,1,0.5602903970104289,0.0,0.0008138668199535459,1.0,0.5624116429498598,0.0074567110277712345,4,/volumes/Seagate/mtg-jamendo-dataset/00/468500.mp3
217.12551020408162,120.18531976744185,0.06022810935974121,-33.30386734008789,11,1,0.5123840717262871,0.0,0.0026759885950013995,1.0,0.5033270175094097,1.0433053532210579e-07,4,/volumes/Seagate/mtg-jamendo-dataset/00/661300.mp3
58.04408163265306,120.18531976744185,0.055949971079826355,-27.167678833007812,7,0,0.5689888260476924,0.0,0.00017652294627623633,1.0,0.46943265538838164,0.0009043775935424492,4,/volumes/Seagate/mtg-jamendo-dataset/00/798200.mp3
208.04115646258504,151.99908088235293,0.2423497587442398,-9.139724731445312,5,1,0.5708597091809837,0.0,0.015257843770086765,1.0,0.6421499423679486,1.0,4,/volumes/Seagate/mtg-jamendo-dataset/00/1103000.mp3
325.85333333333335,117.45383522727273,0.025974854826927185,-37.497955322265625,7,1,0.5378977626159029,0.0,0.00012613018043339252,1.0,0.5746185747129411,0.0011265845387242734,4,/volumes/Seagate/mtg-jamendo-dataset/00/84200.mp3
313.8239229024943,92.28515625,0.11704770475625992,-20.206058502197266,7,1,0.5601229607179753,0.0,0.00041812237759586424,1.0,0.5700877200893824,0.0322269881144166,4,/volumes/Seagate/mtg-jamendo-dataset/00/253900.mp3
215.18115646258502,135.99917763157896,0.21537961065769196,-3.998316764831543,9,1,0.5948096410109732,0.0,0.0025631384924054146,1.0,0.791998355263158,1.0,4,/volumes/Seagate/mtg-jamendo-dataset/00/1125100.mp3
200.2322902494331,147.65625,0.16698549687862396,-21.061111450195312,7,1,0.5671928250351292,0.0,0.00024011454661376774,1.0,0.6411488330457811,0.06338929757475853,4,/volumes/Seagate/mtg-jamendo-dataset/00/1372500.mp3
171.26789115646258,178.20581896551724,0.0650239884853363,-29.61890983581543,4,1,0.4698659562354439,0.0,0.001539320102892816,1.0,0.7274418213489315,0.02281433204188943,4,/volumes/Seagate/mtg-jamendo-dataset/00/776900.mp3
244.72,117.45383522727273,0.12088368088006973,-26.466999053955078,0,1,0.5444387716329591,0.0,0.0020591942011378706,1.0,0.6042025926212673,0.00017142014257842675,4,/volumes/Seagate/mtg-jamendo-dataset/00/114200.mp3
190.66775510204081,120.18531976744185,0.10393059998750687,-26.01630401611328,1,0,0.5716950951777565,0.0,7.392263978545088e-05,1.0,0.4397837668175329,0.06138819735497236,4,/volumes/Seagate/mtg-jamendo-dataset/00/1085600.mp3
126.54546485260771,109.95678191489361,0.14291095733642578,-12.823477745056152,4,1,0.593640899168856,0.0,0.0017873381730169058,1.0,0.6741938158618161,0.8249771595001221,4,/volumes/Seagate/mtg-jamendo-dataset/00/1087100.mp3
392.9032426303855,166.70866935483872,0.12389872223138809,-19.685449600219727,0,1,0.5477801514378786,0.0,0.008410218637436628,1.0,0.6923644858105047,0.4618367552757263,4,/volumes/Seagate/mtg-jamendo-dataset/00/1063200.mp3
357.6021768707483,99.38401442307692,0.12148924916982651,-16.289949417114258,7,0,0.579522973181591,0.0,0.0033143787877634168,1.0,0.4427546947203884,1.0,4,/volumes/Seagate/mtg-jamendo-dataset/00/419800.mp3
342.0,112.34714673913044,0.0946357250213623,-21.398698806762695,9,1,0.5667562452562636,0.0,0.0004635630320990458,1.0,0.6101100399898616,0.18104372546076775,4,/volumes/Seagate/mtg-jamendo-dataset/00/1053400.mp3
1723.6090702947845,114.84375,0.06792573630809784,-20.23487091064453,1,0,0.6101079813887702,0.0,0.0002863732006517239,1.0,0.48938507622364513,0.025264709256589413,4,/volumes/Seagate/mtg-jamendo-dataset/00/1133100.mp3
166.48367346938775,132.51201923076923,0.20984899997711182,-11.851136207580566,7,0,0.592998240969796,0.0,0.0011754141887649894,1.0,0.591461993704885,0.2872495912015438,4,/volumes/Seagate/mtg-jamendo-dataset/00/1371800.mp3
