duration,tempo,acousticness,dynamic_range,energy,brightness,fullness,density,instrumentalness,danceability,valence,tension,filename
331.8,109.95678191489361,0.5853930543851307,0.7175890197753907,0.28700363636016846,0.4342670687362026,0.7818689178127506,0.26639891648225417,0.0013133594862473784,0.3,0.5490895018101394,0.6935034087276328,/volumes/Seagate/mtg-jamendo-dataset/00/485800.mp3
91.3,92.28515625,0.5633946234338749,0.8946859893798828,0.19009432196617126,0.5123738765494495,0.8162232297686571,0.26233903183385854,0.0015255812541805271,0.5290140107876021,0.46408732265497427,0.6756164913768268,/volumes/Seagate/mtg-jamendo-dataset/00/1277700.mp3
108.0,123.046875,0.500672145310733,0.3402732391357422,0.07758757472038269,0.27613695700886,0.4859030577001008,0.30047584964724205,0.00014201932411336276,0.5180001080593941,0.5726883738391761,0.6133938521315025,/volumes/Seagate/mtg-jamendo-dataset/00/1048300.mp3
214.49249433106576,139.6748310810811,0.6049329775482568,0.8319609680175781,0.2727237641811371,0.6857138378934975,0.9480761178592535,0.4640744579029011,0.0032440095277733523,0.3,0.7250891627383782,0.6531627225575336,/volumes/Seagate/mtg-jamendo-dataset/00/634500.mp3
180.0051700680272,109.95678191489361,0.56488390570484,0.5688937683105469,0.20250196754932404,0.29495465904050316,0.5575567802565529,0.23120126473757482,0.00038209510918700855,0.7311876380981115,0.3980185116437666,0.6932970059890033,/volumes/Seagate/mtg-jamendo-dataset/00/1202100.mp3
291.5938541666667,112.5,0.56696033811494,0.28017678833007814,0.23444558680057526,0.7046847255500427,0.9629434669931667,0.9420017719217321,0.0008872997212560775,0.9556675742169638,0.6850718114287551,0.6473860489624561,/volumes/Seagate/mtg-jamendo-dataset/00/1102300.mp3
189.0,105.46875,0.582745857237714,0.5234590606689454,0.1812155395746231,0.933106148042289,1.0,0.647525319110685,0.008253401820243861,0.8362508362053196,0.6609375,0.6330500942468644,/volumes/Seagate/mtg-jamendo-dataset/00/1420600.mp3
677.8571655328798,139.6748310810811,0.5671102663669778,0.4359561920166016,0.16448506712913513,0.384202429087264,0.7094611802194707,0.18509499019561154,0.001092456969137817,0.2999989958208244,0.49247313297896333,0.6607199975706959,/volumes/Seagate/mtg-jamendo-dataset/00/881100.mp3
203.66399092970522,120.18531976744185,0.5174531266653973,0.3035421447753907,0.16775836050510406,0.5067980928300547,0.7589918189600153,0.4339856213930093,0.0006073757593401799,0.46316422953572145,0.4828737776991087,0.6638182542420157,/volumes/Seagate/mtg-jamendo-dataset/00/1089300.mp3
205.3757596371882,139.6748310810811,0.5666776538535692,0.5436355743408202,0.24586939811706543,0.5516301900697287,0.8368532978492137,0.27411656027244274,0.002066501667556767,0.742509613355256,0.5677504593086221,0.6749628914604191,/volumes/Seagate/mtg-jamendo-dataset/00/1197000.mp3
245.81224489795918,129.19921875,0.5650337614234775,0.2951939086914062,0.21765337884426117,0.7007173652068902,0.9821616177433692,0.5525454070013236,0.002343940161332117,0.7020997581492053,0.6211115223961589,0.6541329119047024,/volumes/Seagate/mtg-jamendo-dataset/00/1051500.mp3
202.6354648526077,97.50884433962264,0.5622690520243385,0.7803498916625977,0.09601659327745438,0.6044292701246656,0.8398743612593029,0.2439600119617559,0.0015376802703292245,0.3,0.6306553610001447,0.6084349013798546,/volumes/Seagate/mtg-jamendo-dataset/00/1357700.mp3
221.9998185941043,161.4990234375,0.5508348036386694,0.7050034637451172,0.1365010142326355,0.20441267001530333,0.4592752501206983,0.22503590552064917,0.0003137154381248544,0.29999989450627845,0.46884444616028176,0.6553714758916924,/volumes/Seagate/mtg-jamendo-dataset/00/682600.mp3
419.98201814058956,123.046875,0.5775378211458742,0.44424087524414063,0.31593722105026245,0.6254046301387036,0.9059494149255686,0.4814746742629832,0.0035277375250748156,0.8944969878276772,0.5573789305132523,0.702261613475444,/volumes/Seagate/mtg-jamendo-dataset/00/1234500.mp3
265.844716553288,129.19921875,0.5853744359103688,0.4290168304443359,0.23399022221565247,0.8132277304879588,1.0,0.5799910099721138,0.008596524826641189,0.7547520633816134,0.6876525447091448,0.6467059710558059,/volumes/Seagate/mtg-jamendo-dataset/00/1333800.mp3
461.4,123.046875,0.5938797862130551,0.3747124633789063,0.07081196457147598,0.2919975539285049,0.6247991914337983,0.2142790510991014,0.0004698089869136492,0.9425139235994924,0.5167326870076157,0.6221457698442082,/volumes/Seagate/mtg-jamendo-dataset/00/141800.mp3
225.14068027210885,92.28515625,0.5132987180819355,0.7914169921875,0.07698378711938858,0.1709152567404509,0.3422456830958845,0.1251321510275898,0.0002542821603356956,0.5102264272858812,0.4154940194138035,0.6446153594802193,/volumes/Seagate/mtg-jamendo-dataset/00/1110300.mp3
817.7,120.18531976744185,0.6269125838130126,0.4505821990966797,0.0871158018708229,0.3002961020407919,0.6844745415771817,0.21676596814526305,0.000510080616861306,0.2945315232951258,0.502966963021115,0.6307682960692732,/volumes/Seagate/mtg-jamendo-dataset/00/251100.mp3
262.75,126.04801829268293,0.573081251657808,0.9272615203857424,0.10493718087673187,0.4409519839657345,0.736094754884991,0.13994775366629594,0.0025840471728022243,0.899096668745526,0.5000474420329898,0.6377678967090255,/volumes/Seagate/mtg-jamendo-dataset/00/206000.mp3
60.08163265306123,120.18531976744185,0.6009609814681569,0.7332594299316406,0.2562175691127777,0.7608079042356442,0.8963980170729866,1.0,0.0020722627536845914,0.29999999872109495,0.7505084069867622,0.6421366434832476,/volumes/Seagate/mtg-jamendo-dataset/00/953500.mp3
459.49786848072563,117.45383522727273,0.613960873482025,0.43164846801757817,0.11611630022525787,0.11925592196283628,0.31032687058751757,0.16822452483456565,0.0004101318642576486,0.2999965379164007,0.4320554078224969,0.6553907865165935,/volumes/Seagate/mtg-jamendo-dataset/00/1400800.mp3
84.12517006802722,151.99908088235293,0.5652254858579939,0.30018661499023436,0.18907660245895386,0.5464847167768541,0.9265988006336661,0.3640400422773204,0.0015037168006086375,0.7946920730995656,0.5948708245360654,0.6490934119780103,/volumes/Seagate/mtg-jamendo-dataset/00/965600.mp3
182.32589569161,156.60511363636363,0.532745351597098,0.6606277618408204,0.04637422785162926,0.1907840623296893,0.2786137681958084,0.21326189422352676,7.820907426664041e-05,0.6645322520202093,0.5730641650322392,0.6020818890201387,/volumes/Seagate/mtg-jamendo-dataset/00/816200.mp3
590.4503854875284,161.4990234375,0.5619633454107178,0.30832107543945314,0.11422810703516006,0.22003781329031677,0.4118076647348188,0.247094108992134,0.00015313200893468732,0.5149082936430469,0.408145155254353,0.659493087481787,/volumes/Seagate/mtg-jamendo-dataset/00/1085700.mp3
75.16072562358276,139.6748310810811,0.5371499278476893,0.4160302124023438,0.10443025082349777,0.2535677177159056,0.5361278883967758,0.23255121800522918,0.00033911592459424147,0.48399148983974805,0.4448475514884201,0.6486253799987752,/volumes/Seagate/mtg-jamendo-dataset/00/1162100.mp3
315.6114285714286,123.046875,0.5549603754038147,0.5116553649902345,0.21800068020820618,0.49349245942492087,0.7924557889536239,0.15921208342118368,0.003505410232055032,0.7904598935126194,0.5827953031034254,0.6619211842542692,/volumes/Seagate/mtg-jamendo-dataset/00/1414200.mp3
291.9183673469388,120.18531976744185,0.5813149819844536,0.6008976135253907,0.19437070190906525,0.5093788956752938,0.9107041853743103,0.2424970705322707,0.0028860127239414978,0.3,0.5829182495174798,0.6533898027837676,/volumes/Seagate/mtg-jamendo-dataset/00/415600.mp3
299.88,132.51201923076923,0.5864378851156402,0.5165408630371094,0.16144970059394836,0.6151070012682469,0.7635924144963643,0.5028178616280936,0.0014252945711620178,0.2999999738869094,0.634670364187524,0.6311878193763165,/volumes/Seagate/mtg-jamendo-dataset/00/1169400.mp3
152.52027210884353,129.19921875,0.5713421533777263,0.36642605590820315,0.20891283452510834,0.5951330030234707,1.0,0.2871161293436652,0.005400859732858134,0.5112580107447072,0.6295834789821959,0.6492919246325998,/volumes/Seagate/mtg-jamendo-dataset/00/1169700.mp3
153.15591836734694,143.5546875,0.5491555195525144,0.6966579437255858,0.05776926502585411,0.26634878807941337,0.48572202235816436,0.15702458252599505,0.0008035795878964082,0.402849470149906,0.4577712775705659,0.6292426798951943,/volumes/Seagate/mtg-jamendo-dataset/00/142200.mp3
225.00575963718822,151.99908088235293,0.5766301465727715,0.27888671875,0.2555772066116333,0.7271325034173226,0.9976740506515678,0.6347415937912539,0.004204520591465637,0.29999999790600645,0.6812650641455812,0.6557547815510718,/volumes/Seagate/mtg-jamendo-dataset/00/810900.mp3
202.15625,114.79591836734694,0.4974566427830591,0.7767788085937497,0.017600275576114655,0.2055852736065085,0.28480273137375256,0.08928762162628222,0.0006311609374519989,0.4721444399608904,0.4874708306044136,0.6088419330865186,/volumes/Seagate/mtg-jamendo-dataset/00/920000.mp3
209.14473922902494,114.84375,0.5510606798972373,0.5211858825683595,0.17070142924785614,0.7866790275322489,1.0,0.43141013924710436,0.010029597441750625,0.6582362395546826,0.7125744391790656,0.618937626693415,/volumes/Seagate/mtg-jamendo-dataset/00/1150900.mp3
171.0,161.4990234375,0.5356501065361181,0.6221672210693359,0.14987413585186005,0.5251910748574093,0.7430392255210786,0.2964197062705232,0.0011275593040577666,0.2999999999619512,0.6169424889251185,0.630566191121646,/volumes/Seagate/mtg-jamendo-dataset/00/1066800.mp3
184.01628117913833,123.046875,0.52093433821476,0.5771570663452149,0.027697641402482986,0.31571337543504574,0.5944952742997521,0.21579933830884052,0.00046530048887987916,0.47549318038340127,0.4382465368792662,0.6223218435290406,/volumes/Seagate/mtg-jamendo-dataset/00/1266900.mp3
257.62666666666667,129.19921875,0.5192989465327447,0.25082504272460937,0.14128750562667847,0.4992462481411314,0.7815021706683323,0.46738614094265857,0.0006881077671526619,0.812384626306137,0.6318008802695895,0.6245033259716863,/volumes/Seagate/mtg-jamendo-dataset/00/366100.mp3
192.24,143.5546875,0.5762488820297189,0.482783447265625,0.25506463646888733,0.553307495433793,0.8295248042613851,0.47431225227162593,0.0009025008902350866,0.6692141594064818,0.5948666756656227,0.6728499339956749,/volumes/Seagate/mtg-jamendo-dataset/00/947800.mp3
107.66390022675736,129.19921875,0.5447683013515563,0.49787557983398434,0.04664624109864235,0.1806286852291893,0.28421327299896787,0.17894927860212395,0.00011367951047273074,0.8096261498687549,0.30215179380903945,0.6563622880337034,/volumes/Seagate/mtg-jamendo-dataset/00/259900.mp3
225.49333333333334,123.046875,0.5698994218544039,0.19056524658203128,0.1515136957168579,0.2740655698030933,0.6657954529511726,0.29059262152112847,0.00038053577696757805,0.6284721387973143,0.53427797502498,0.6476893354530728,/volumes/Seagate/mtg-jamendo-dataset/00/1062500.mp3
235.93684807256236,95.703125,0.5692226172948853,0.4588527221679688,0.22415103018283844,0.4058520978987891,0.721773333427333,0.33038542874357,0.0007538238275841103,0.2999999642884436,0.7001739216089607,0.6406595865440298,/volumes/Seagate/mtg-jamendo-dataset/00/1223700.mp3
72.1675283446712,143.5546875,0.6335983187816634,0.31377182006835935,0.10943218320608139,0.48310750994510937,0.7258731859697176,0.7718625419844932,0.0002280295901091953,0.8831559565261123,0.5696861627481017,0.625458353404569,/volumes/Seagate/mtg-jamendo-dataset/00/1346600.mp3
242.38666666666666,129.19921875,0.5778168137431263,0.3500364685058594,0.22766311466693878,0.5656889480100181,0.8124126298981929,0.543728840487945,0.0008300708650821848,0.6057940493144311,0.6689596287096843,0.6481667955381611,/volumes/Seagate/mtg-jamendo-dataset/00/1160600.mp3
225.90907029478458,132.51201923076923,0.6036047326115888,0.9066820373535157,0.23180262744426727,0.7595277344716643,0.9796109285675447,0.5316870117156899,0.003280679154485355,0.7138246243790849,0.6681324795759858,0.649822449964739,/volumes/Seagate/mtg-jamendo-dataset/00/322100.mp3
123.82040816326531,120.18531976744185,0.5528908966686243,0.4811160278320312,0.10018781572580338,0.19377710864715222,0.28233759149405957,0.27065167182705013,5.806123673667939e-05,0.2979716792283311,0.39224193142220154,0.6576192273768489,/volumes/Seagate/mtg-jamendo-dataset/00/477400.mp3
206.0,166.70866935483872,0.5912842098434408,1.0,0.09076376259326935,0.6774817520526326,0.9677731711279409,0.11930051243704501,0.010330254333995538,0.29999999999999566,0.6815114165799703,0.5963726712175829,/volumes/Seagate/mtg-jamendo-dataset/00/1028800.mp3
183.82367346938776,126.04801829268293,0.5695300164831482,0.5179845581054688,0.24171143770217896,0.387072612671861,0.7896190422897494,0.22568199952556556,0.0012249554915881255,0.2999999991746728,0.45338177503263516,0.6963397625662573,/volumes/Seagate/mtg-jamendo-dataset/00/1062600.mp3
142.718231292517,161.4990234375,0.5736430297824133,0.38605178833007814,0.10109955072402954,0.48287024629179187,0.7256847322074211,0.4529895062230538,0.0010230951449437071,0.3,0.599302327642815,0.6165353727320877,/volumes/Seagate/mtg-jamendo-dataset/00/1238100.mp3
134.33950113378685,132.51201923076923,0.47557997090907156,0.4826942443847655,0.05296081304550171,0.13666575466154499,0.3616167340216122,0.05215912252451249,0.016698636536767515,0.29998887729347845,0.5679658546112409,0.6054727217741325,/volumes/Seagate/mtg-jamendo-dataset/00/117300.mp3
156.0,135.99917763157896,0.5533116580797226,0.49024298095703117,0.17215299606323242,0.2694023852329001,0.5837404665529138,0.12496002120101575,0.0023533771074814966,0.8683908042139497,0.3440625740244093,0.6931625637778818,/volumes/Seagate/mtg-jamendo-dataset/00/11700.mp3
203.52258503401362,117.45383522727273,0.5572620029991366,0.7391741561889649,0.1567326784133911,0.3253952549061325,0.4953753743957697,0.15261697716806033,0.00030312257660318557,0.29999999992307774,0.4503243655808219,0.6663588911126564,/volumes/Seagate/mtg-jamendo-dataset/00/1412200.mp3
221.7273469387755,166.70866935483872,0.5555643442667615,0.27820254516601567,0.2178281992673874,0.5349729028673591,0.7749005364485136,0.6810883981922179,0.000323740022750786,0.29999998080094037,0.6580749152032004,0.6468031686956194,/volumes/Seagate/mtg-jamendo-dataset/00/604700.mp3
166.47836734693877,166.70866935483872,0.5754303465028953,0.3852085571289062,0.2600184679031372,0.6232611675143905,0.8369598476604084,0.4271395040310236,0.0013949900289023417,0.7720379657270258,0.515262855851178,0.6905540772748938,/volumes/Seagate/mtg-jamendo-dataset/00/1012600.mp3
247.25149659863945,105.46875,0.5308746391847987,0.4683003540039063,0.10607128590345383,0.3463017601407834,0.6226828874512392,0.23438478109249328,0.0007163824491736331,0.5535924239051834,0.5089669868933214,0.6363922655465791,/volumes/Seagate/mtg-jamendo-dataset/00/1098500.mp3
152.0,161.4990234375,0.5692953034051348,0.6947500610351562,0.1378019005060196,0.31372843206839174,0.5930987984319014,0.14988906751513095,0.002430767969644764,0.2999999999999992,0.5089111472401083,0.6478264547341454,/volumes/Seagate/mtg-jamendo-dataset/00/925400.mp3
651.1333333333333,97.50884433962264,0.5301108164479924,0.611296745300293,0.08269216120243073,0.2652610965360971,0.32358119066400753,0.20986368878737643,0.00014367410949222396,0.29999999995508964,0.48743708300017674,0.6322817614328398,/volumes/Seagate/mtg-jamendo-dataset/00/1095600.mp3
220.0,143.5546875,0.6043061556339973,0.7026511688232421,0.21273940801620483,0.6644286571158377,0.9217633238675121,0.4704385095565995,0.0023250536940461327,0.7143820425043439,0.7289930481839726,0.6307875772490392,/volumes/Seagate/mtg-jamendo-dataset/00/902200.mp3
199.90777777777777,132.51201923076923,0.5320682867450539,0.20636773681640622,0.1980472207069397,0.7339804054592686,1.0,0.6354341984676598,0.004129612252190209,0.4443276782596558,0.6329865046377559,0.6446996985269471,/volumes/Seagate/mtg-jamendo-dataset/00/402800.mp3
238.0,120.18531976744185,0.5866990942420891,0.3208021240234375,0.23416830599308014,0.3831960027125478,0.5794863568643934,0.5470346222486615,0.0001350418480122866,0.2999999997300573,0.4858122183380207,0.6871381464899048,/volumes/Seagate/mtg-jamendo-dataset/00/501500.mp3
127.71428571428571,139.6748310810811,0.6118711757462865,0.5244197082519532,0.3108963668346405,0.7662060845761229,1.0,0.5981026115142526,0.0056906434034468805,0.582212728813347,0.685523824145662,0.6748179272313382,/volumes/Seagate/mtg-jamendo-dataset/00/1288400.mp3
232.4210657596372,95.703125,0.5919964795395198,0.6175466003417971,0.15540584921836853,0.6687746203337465,0.9792738293550769,0.411633732121537,0.0029545235474035232,0.4042528877603397,0.536159942702068,0.6487141171781992,/volumes/Seagate/mtg-jamendo-dataset/00/127600.mp3
749.6442403628118,123.046875,0.566690927326198,0.9282428741455078,0.008831935003399849,0.3435657382829508,0.6289717102323833,0.0964875918331269,0.00033514541525926975,0.2633360084691619,0.3857021838999437,0.6260390598212352,/volumes/Seagate/mtg-jamendo-dataset/00/1118600.mp3
251.09843537414966,99.38401442307692,0.5879853818523397,0.7686116180419922,0.13979169726371765,0.7381506708064999,0.9434877558822988,0.3395638896281694,0.0033492205439453,0.6438928028535491,0.601140749416167,0.6300968611317049,/volumes/Seagate/mtg-jamendo-dataset/00/381100.mp3
318.61551020408166,151.99908088235293,0.6041847999814604,0.7672519302368164,0.12282337248325348,0.3016144782337547,0.4697126502210707,0.2370764767988738,0.0003408663022231933,0.2999999999999957,0.5099569075005421,0.6422250325938629,/volumes/Seagate/mtg-jamendo-dataset/00/362500.mp3
96.99854875283447,129.19921875,0.5559110944686356,0.8226541595458986,0.04542889446020126,0.2582379585146469,0.46516506773681504,0.2459324779962342,9.502127353156941e-05,0.29999999985196807,0.5269144137010734,0.6109715192654579,/volumes/Seagate/mtg-jamendo-dataset/00/95400.mp3
188.57111111111112,139.6748310810811,0.5785939698015393,0.40151083374023444,0.18648609519004822,0.46095109417545865,0.7218023490451042,0.5420730581128381,0.0003765103685011546,0.31627251123363703,0.5461653269514865,0.6579019288781202,/volumes/Seagate/mtg-jamendo-dataset/00/25400.mp3
159.5034240362812,109.95678191489361,0.5199147743131733,0.533634796142578,0.0744413211941719,0.1699878185775499,0.2354280332229241,0.18029039639694017,5.3934444401264705e-05,0.29908654697017223,0.26138824665526894,0.6745212262988481,/volumes/Seagate/mtg-jamendo-dataset/00/390000.mp3
151.694126984127,135.99917763157896,0.5430156361437455,0.4720439910888672,0.18658961355686188,0.709114788770924,1.0,0.4588920041963316,0.002891421132504049,0.341523762566785,0.7364997912196651,0.6198723026365373,/volumes/Seagate/mtg-jamendo-dataset/00/1347100.mp3
106.99755102040817,147.65625,0.507385373063303,0.15781970214843746,0.10809566080570221,0.36044447012050695,0.8312147099144084,0.06288327242608435,0.025352074591728734,0.4820453797755185,0.45437954645222717,0.6480385285996073,/volumes/Seagate/mtg-jamendo-dataset/00/131600.mp3
135.47102040816327,139.6748310810811,0.5658293723345406,0.6015581970214844,0.34473732113838196,0.6157427098647529,0.8632920212251334,0.3237575481419396,0.0015621371310493408,0.9438424181053766,0.6129087174081516,0.7015236921281871,/volumes/Seagate/mtg-jamendo-dataset/00/1154900.mp3
324.27222222222224,143.5546875,0.5398911431068439,0.5016731262207031,0.12919099628925323,0.27561396052441944,0.5499836019832032,0.14015636092775663,0.000889572460352104,0.8721107064324458,0.4493891134640503,0.6566309359713212,/volumes/Seagate/mtg-jamendo-dataset/00/1066200.mp3
338.0244897959184,120.18531976744185,0.5538610270294579,0.39823379516601565,0.09442304074764252,0.5698423621540093,0.8831362524448205,0.2494258458177383,0.002732067557120726,0.6462711465761424,0.5683011077073619,0.6203320731276789,/volumes/Seagate/mtg-jamendo-dataset/00/338200.mp3
192.0,112.34714673913044,0.584186819810617,0.6617857513427734,0.2690749168395996,0.1812220518642795,0.3642580243425248,0.1803444543092184,0.00022864698390507888,0.29999998824667373,0.5720349155162573,0.6824599869590044,/volumes/Seagate/mtg-jamendo-dataset/00/1231100.mp3
316.0,120.18531976744185,0.5867487924179633,0.339682632446289,0.14841662347316742,1.0,1.0,1.0,0.004421337198307813,0.9145386080178952,0.6903706395348838,0.6153558565433636,/volumes/Seagate/mtg-jamendo-dataset/00/287500.mp3
281.85333333333335,143.5546875,0.5481676631030572,0.34213644409179694,0.1524237096309662,0.539654506101496,0.7268048196124706,0.5477305127707948,0.0005109499633671823,0.44056087210095707,0.6030495148533181,0.6342626324964843,/volumes/Seagate/mtg-jamendo-dataset/00/488400.mp3
592.3526530612245,120.18531976744185,0.5878752142459679,0.5106044921874999,0.23384805023670197,0.5474930860358957,0.9349652869896609,0.22451539316851366,0.002377674281885101,0.944366954735277,0.5822235590694642,0.6677405862713198,/volumes/Seagate/mtg-jamendo-dataset/00/1414100.mp3
90.08,89.10290948275862,0.5840875031362426,1.0,0.1653406172990799,0.7414149535319465,1.0,0.15014758628060568,0.01392758574476763,0.6116458740106319,0.6329321256965513,0.6329361970883586,/volumes/Seagate/mtg-jamendo-dataset/00/195300.mp3
238.55303854875282,82.03125,0.5363954246025571,0.3565925140380859,0.06705495715141296,0.3792890045565304,0.7666691310480057,0.07720293233689587,0.005557600624859116,0.9145068346160721,0.35484616047641604,0.6531705524792255,/volumes/Seagate/mtg-jamendo-dataset/00/1071300.mp3
199.94383219954648,105.46875,0.5918467023043956,0.4592715301513671,0.09487634897232056,0.6417683925141431,1.0,0.17192785178345338,0.008722814946421058,0.7524283459307365,0.6095083088619002,0.6122538238576554,/volumes/Seagate/mtg-jamendo-dataset/00/1418000.mp3
261.8181859410431,109.95678191489361,0.5948353114494317,0.8206317672729493,0.0761619284749031,0.8311836727698264,1.0,0.3436666695506969,0.004815551542305142,0.9034055227746902,0.7599135638297871,0.5754355814850076,/volumes/Seagate/mtg-jamendo-dataset/00/1288900.mp3
75.02582766439909,80.74951171875,0.588120088285741,1.0,0.0869772881269455,0.3523162221313142,0.5608372822405467,0.2909454568783658,0.000414843865016075,0.3,0.3780052799605807,0.6557107677335843,/volumes/Seagate/mtg-jamendo-dataset/00/802300.mp3
60.465056689342404,129.19921875,0.5472556182282137,0.2324428405761719,0.16499920189380646,0.37251006194003833,0.6968117935292247,0.2723644349133067,0.0009593324128379945,0.921537360109451,0.5460518486703618,0.650189342947698,/volumes/Seagate/mtg-jamendo-dataset/00/1366000.mp3
162.2280045351474,107.666015625,0.5877407789166083,0.8929391479492188,0.17497491836547852,0.14730863319324924,0.32877110113556746,0.11910237479360625,0.0004005275654200661,0.2979919079068225,0.42120944303246144,0.6787490820050799,/volumes/Seagate/mtg-jamendo-dataset/00/824300.mp3
352.11319727891157,120.18531976744185,0.5282453033228489,0.4579803466796876,0.20338143408298492,0.33825216368443123,0.7089873758927936,0.16739721863241253,0.0013694297031537116,0.6074222457294025,0.42104617669515204,0.6890080809308442,/volumes/Seagate/mtg-jamendo-dataset/00/74000.mp3
229.92589569160998,117.45383522727273,0.5695140800139096,0.26064401245117197,0.15760499238967896,0.5713820425075912,0.8698975141536708,0.6105036299037567,0.0011199947234051416,0.29999999363719365,0.5502728454654372,0.6466832281671969,/volumes/Seagate/mtg-jamendo-dataset/00/941400.mp3
308.96,143.5546875,0.595716966424009,0.30449826049804685,0.29966914653778076,0.8119323783015019,1.0,0.9257804108177863,0.005650331681346229,0.2999996879098871,0.7215736277924433,0.6635661671951124,/volumes/Seagate/mtg-jamendo-dataset/00/1100.mp3
160.2,105.46875,0.5790136565259244,0.4398537597656248,0.15343712270259857,0.6083169166281934,0.881568706086735,0.5287088672031731,0.0018124668110572092,0.29999999999856186,0.6284145302884709,0.6295544581152412,/volumes/Seagate/mtg-jamendo-dataset/00/5700.mp3
210.21895691609978,135.99917763157896,0.5272231553538482,0.3872574157714843,0.11064372211694717,0.1743565184123159,0.26797210607811667,0.2340469323950985,2.972356918953587e-05,0.29999999460866805,0.5201718285420253,0.635797374253696,/volumes/Seagate/mtg-jamendo-dataset/00/1396500.mp3
217.86122448979592,126.04801829268293,0.610091301207959,0.47603553771972656,0.19298481941223145,0.8345463224339855,1.0,0.5346651832712508,0.007336710255964457,0.8650406166267322,0.7514133150077786,0.6191918719868476,/volumes/Seagate/mtg-jamendo-dataset/00/1381000.mp3
234.0,156.60511363636363,0.5110467233002107,0.6760112762451171,0.06269809603691101,0.15011434084638461,0.2844271452776686,0.13933997744422771,0.0004612788239861406,0.8063504150871532,0.22744012675009587,0.6770832892232688,/volumes/Seagate/mtg-jamendo-dataset/00/1221300.mp3
245.3412244897959,120.18531976744185,0.5473843919323242,0.5368568725585938,0.18133381009101868,0.5290900408865592,0.8267130825933579,0.37122038937595514,0.0013863514145478076,0.29999999894936497,0.5338004271527709,0.6585200862022125,/volumes/Seagate/mtg-jamendo-dataset/00/1380500.mp3
235.1281632653061,90.66611842105263,0.5459469987842844,0.2718607482910156,0.30613234639167786,0.45018712364616364,0.6802427296122603,0.4366832736613546,0.000640244885913426,0.8664326838123317,0.5175353163575567,0.7067005814294928,/volumes/Seagate/mtg-jamendo-dataset/00/311400.mp3
336.0130612244898,161.4990234375,0.5774865434213952,0.815778175354004,0.10658352077007294,0.26292435524126995,0.4891228803445974,0.14756072279125115,0.0013979220400069457,0.29999995032500737,0.5827900120177237,0.6218120650736816,/volumes/Seagate/mtg-jamendo-dataset/00/478300.mp3
245.45455782312925,109.95678191489361,0.58553112853812,0.4900994720458985,0.13353480398654938,0.6096097644581939,0.8412713079712154,0.7189201473889679,0.0008622498987402454,0.6925565574642611,0.579104264466259,0.632251676541906,/volumes/Seagate/mtg-jamendo-dataset/00/1032700.mp3
240.9534693877551,87.5926906779661,0.5965384202352884,0.1928628845214844,0.26749682426452637,0.5245235758247129,0.7576142664805395,0.7682464995211262,0.00037843297243190214,0.8898897011826596,0.4778954128693255,0.7007197741613643,/volumes/Seagate/mtg-jamendo-dataset/00/310400.mp3
108.59102040816326,99.38401442307692,0.5458189593365282,0.44416921997070313,0.028235331177711487,0.39270784943199993,0.5810283330231407,0.31890569835781746,0.000324275206715637,0.6816404332127368,0.6271643733252333,0.5847318445589295,/volumes/Seagate/mtg-jamendo-dataset/00/296700.mp3
266.6230625,130.8139534883721,0.5582341880602218,0.4821453857421875,0.21215683221817017,0.2547028082510237,0.5575742185012659,0.16242403662634802,0.0008085917774924716,0.5920652879226134,0.41024763758406724,0.6943269320817278,/volumes/Seagate/mtg-jamendo-dataset/00/1115700.mp3
312.0,120.18531976744185,0.6036721099479807,1.0,0.22898072004318237,0.5066944922760362,0.7461354196602504,0.20615936701898835,0.002408983658855148,0.3,0.5172703029914422,0.6789789986172572,/volumes/Seagate/mtg-jamendo-dataset/00/1045800.mp3
102.60512471655329,120.18531976744185,0.517759614306579,0.4229811401367188,0.1513565331697464,0.2799735482203454,0.4521489911753925,0.30071862633086616,0.00014625319826492783,0.324439955689998,0.43899067784025303,0.6666902163730581,/volumes/Seagate/mtg-jamendo-dataset/00/1060000.mp3
208.28,132.51201923076923,0.49732131170135485,1.0,0.09812662750482559,0.25560144057556844,0.54544588180787,0.09469124724692063,0.002065472393948995,0.8948793364437908,0.4303916919269189,0.6492472475163534,/volumes/Seagate/mtg-jamendo-dataset/00/1045700.mp3
888.4128798185941,123.046875,0.44787439090264025,0.9550511016845704,0.02297094650566578,0.16942207226787817,0.26850712240676217,0.06247876427693997,0.0019136470056085111,0.2154551521986877,0.4565686343334744,0.6169558138753448,/volumes/Seagate/mtg-jamendo-dataset/00/433600.mp3
105.0008843537415,123.046875,0.6298399967155113,0.640490905761719,0.022679660469293594,0.14379131842973217,0.4598769898418277,0.10907575941431055,0.0002850775010365711,0.9104711954721081,0.26130196172462483,0.6559042854240207,/volumes/Seagate/mtg-jamendo-dataset/00/1125400.mp3
196.0,161.4990234375,0.5917290841431784,0.5916681213378907,0.13803228735923767,0.23170214083281304,0.4736361548473189,0.14639404914454288,0.0007651616560248296,0.2999999999212234,0.4010711780216957,0.6694773878449864,/volumes/Seagate/mtg-jamendo-dataset/00/303800.mp3
269.3104535147392,90.66611842105263,0.5710892784303362,0.8490805664062501,0.1729518473148346,0.6004854862247417,0.840231097158447,0.347483326796884,0.0021151087209293324,0.29999999999999666,0.5067548242748049,0.6609117001783795,/volumes/Seagate/mtg-jamendo-dataset/00/913700.mp3
53.813310657596375,132.51201923076923,0.5413170363483629,0.6261647033691407,0.11126551032066345,0.25713973630352777,0.5352395834872317,0.2601801384709274,0.0002743365034443034,0.34588666996204437,0.4438916296377888,0.651277257787881,/volumes/Seagate/mtg-jamendo-dataset/00/1281100.mp3
115.48904761904762,120.18531976744185,0.5692877074923782,0.5189362945556641,0.07192092388868332,0.19475002442495362,0.36447553298690083,0.19816362156383927,0.00022076713503072783,0.2708359243826341,0.4662653169727442,0.6326384692053773,/volumes/Seagate/mtg-jamendo-dataset/00/702500.mp3
150.0,120.18531976744185,0.6239797989816034,0.24517892456054693,0.18679630756378174,0.5822620970528688,0.887410444759819,0.6157283092954768,0.0017379624018407107,0.6115790008712135,0.6557748344637356,0.6360917038302143,/volumes/Seagate/mtg-jamendo-dataset/00/1079300.mp3
137.22666666666666,139.6748310810811,0.6092973478153002,1.0,0.05144612863659859,0.3021912245415056,0.5427364649388318,0.11707275803722506,0.002012676765725353,0.29492885759972887,0.5676049423880631,0.6049996178315629,/volumes/Seagate/mtg-jamendo-dataset/00/167300.mp3
271.7885714285714,97.50884433962264,0.557930900574751,0.23437295532226568,0.24159079790115356,0.5156720177360812,0.7849759580925453,0.5558593888373741,0.0011241964130214528,0.4693170953797052,0.568006260912817,0.6733714350618519,/volumes/Seagate/mtg-jamendo-dataset/00/1027900.mp3
192.0,99.38401442307692,0.5333762220595177,0.5226167755126953,0.20589016377925873,0.3539728229375222,0.6311760834113669,0.33869344510351623,0.000445369563742083,0.8456234630319939,0.4988980402515647,0.6743408509102202,/volumes/Seagate/mtg-jamendo-dataset/00/1171700.mp3
252.0,151.99908088235293,0.5426508781126483,0.7901380920410156,0.08510202914476395,0.6201160030518813,0.8773210702006429,0.2900710829645844,0.002413643582790579,0.5173921823172115,0.636719570444842,0.6032928164031466,/volumes/Seagate/mtg-jamendo-dataset/00/1379100.mp3
315.8933333333333,126.04801829268293,0.5238520451089426,1.0,0.019907386973500252,0.16408825846328132,0.3290721098733686,0.08479027294591371,0.0013795186287648557,0.29993170073904396,0.34794263440541834,0.6375781324293764,/volumes/Seagate/mtg-jamendo-dataset/00/202200.mp3
275.7315192743764,126.04801829268293,0.5621422791780297,0.3086046905517578,0.21614909172058105,0.4679969802366798,0.7271360132749373,0.3170783055198973,0.0006816525768696018,0.4492382383876894,0.6179381270392726,0.6542260476115547,/volumes/Seagate/mtg-jamendo-dataset/00/1208600.mp3
167.9273015873016,139.6748310810811,0.6030409690861502,0.3475184020996093,0.3390312194824219,0.6118773825573948,0.8646367644427653,0.7835765051048367,0.0015216568956956484,0.8594053339725596,0.6153077143777294,0.698989696138126,/volumes/Seagate/mtg-jamendo-dataset/00/6500.mp3
198.76278911564626,99.38401442307692,0.5430112509602145,0.7383949279785156,0.12568093836307526,0.5182294128780753,0.7826309326798836,0.2797586619557784,0.0015396324685096826,0.3,0.5620271243626936,0.6328397129381683,/volumes/Seagate/mtg-jamendo-dataset/00/1101300.mp3
183.61,129.19921875,0.582532917629823,0.6568609161376954,0.13945846259593964,0.6961348238210928,0.8559288235263695,0.6868965091800776,0.0008828208148310677,0.3,0.6532525300542299,0.6195545405236923,/volumes/Seagate/mtg-jamendo-dataset/00/945200.mp3
267.1460090702948,166.70866935483872,0.5990315388635604,0.23826736450195313,0.14931823313236237,0.6505129632702531,0.8876326061969609,0.9466079319434715,0.0011739754531182123,0.9284947958381176,0.7078000387484442,0.6121945561779616,/volumes/Seagate/mtg-jamendo-dataset/00/209800.mp3
436.92,191.40625,0.5401896999777048,0.5151211242675783,0.1197318434715271,0.39879717061482745,0.6967360502560743,0.28641031656636384,0.0006667486753759938,0.5157142503295291,0.6091878296564837,0.621265897718453,/volumes/Seagate/mtg-jamendo-dataset/00/1315900.mp3
193.22802083333335,100.44642857142857,0.5992602400386913,0.39159637451171875,0.18993663787841797,0.40314169414220347,0.6840336643659335,0.34994856992067386,0.000371609520466483,0.5759366817556089,0.42007468915365087,0.6843622518055003,/volumes/Seagate/mtg-jamendo-dataset/00/175300.mp3
218.98374149659864,114.84375,0.5763877279987832,0.6582466125488281,0.22653427720069885,0.6688046547424835,1.0,0.4073377625940399,0.006191872898225631,0.2999999999999927,0.5717988874490075,0.66719256230245,/volumes/Seagate/mtg-jamendo-dataset/00/124700.mp3
280.5466666666667,129.19921875,0.5867463408409002,1.0,0.24069543182849884,0.7762183248508605,0.9415192082536241,0.4830679323553012,0.0026923202425349364,0.4876708875930892,0.7819597303824853,0.6302584093817626,/volumes/Seagate/mtg-jamendo-dataset/00/400000.mp3
73.6130612244898,126.04801829268293,0.6146105671656645,1.0,0.034992653876543045,0.3487753495325051,0.6241540840483049,0.04725037598901458,0.0018545771288814895,0.7357608766066353,0.4356078296556385,0.6254757894644278,/volumes/Seagate/mtg-jamendo-dataset/00/1044300.mp3
184.08489795918368,161.4990234375,0.5648212838989876,0.17877456665039063,0.1595195084810257,0.5808727604464965,0.9862207897515993,0.49072813861337405,0.004439153200945017,0.5376261176707491,0.6095071545612015,0.635525592140929,/volumes/Seagate/mtg-jamendo-dataset/00/840600.mp3
277.4533333333333,95.703125,0.5945808902016132,0.7933069763183593,0.1798108071088791,0.3105797534743204,0.5500735403994698,0.3581687619537506,0.0005160590308296361,0.2999999998830545,0.46756202576867634,0.6712194854054612,/volumes/Seagate/mtg-jamendo-dataset/00/1417800.mp3
430.0,123.046875,0.5706684184118082,0.5906284408569336,0.14616768062114716,0.5607427848437313,0.8532840348459401,0.48198014168704784,0.0014954884109593548,0.7552392345128787,0.5475980792702233,0.6431007491695684,/volumes/Seagate/mtg-jamendo-dataset/00/1054100.mp3
254.65605442176872,135.99917763157896,0.5885046263156366,0.4365349731445313,0.25298866629600525,0.6088940036625071,0.693646680367318,0.5099407895834144,0.00037987817732591344,0.29999999999871935,0.6710197462517274,0.6568719706162164,/volumes/Seagate/mtg-jamendo-dataset/00/1218700.mp3
220.17163265306124,132.51201923076923,0.5967486596113178,0.5074407043457031,0.35598570108413696,0.8981678490501841,1.0,0.6803073698018814,0.012469419283285925,0.2999999999998864,0.7677151800381269,0.674611816382664,/volumes/Seagate/mtg-jamendo-dataset/00/383000.mp3
181.12,117.45383522727273,0.5926645610172037,1.0,0.11804693937301636,0.4260660152441011,0.6543731605135491,0.21983800287974034,0.000742974762963891,0.2999999999996879,0.5819904565751983,0.6260988068592462,/volumes/Seagate/mtg-jamendo-dataset/00/88000.mp3
84.92789115646258,129.19921875,0.5347149463395718,0.69559814453125,0.18172763288021088,0.6009634991168298,0.819444452920379,0.2516722452626385,0.0023892039497350726,0.8684211146354446,0.6835740603912223,0.6287071357586315,/volumes/Seagate/mtg-jamendo-dataset/00/1165500.mp3
272.0533106575964,135.99917763157896,0.5554850659659518,0.46495776367187497,0.2678268253803253,0.5750985481921864,0.8646475763587325,0.40392983420296374,0.0024224720150587205,0.8543796226234046,0.6578557171943821,0.6648465136980407,/volumes/Seagate/mtg-jamendo-dataset/00/82600.mp3
272.01421768707485,120.18531976744185,0.551728651422069,0.8821990585327149,0.24406343698501587,0.7114919510000007,1.0,0.2601430311358171,0.006861652714357215,0.642889094286424,0.5852992100713756,0.6708029953003306,/volumes/Seagate/mtg-jamendo-dataset/00/1385200.mp3
76.87056689342404,139.6748310810811,0.634990675743412,0.4086986694335937,0.18510755896568298,0.2886444049064385,0.5730182892828469,0.425357455930343,0.0001593528960275939,0.3658702895988236,0.5509101553304058,0.6564566901615647,/volumes/Seagate/mtg-jamendo-dataset/00/818600.mp3
415.0,97.50884433962264,0.5696020802816414,0.3252848052978516,0.1791546642780304,0.7493730166714341,1.0,0.37729563464716503,0.005491199628487844,0.7144625933322657,0.5701655333082742,0.6504625724784361,/volumes/Seagate/mtg-jamendo-dataset/00/1410600.mp3
106.8241723356009,132.51201923076923,0.5317047059992068,0.6476858596801758,0.11297895014286041,0.2897286518953086,0.5079191123788734,0.25810136714712073,0.00019464505559573696,0.325829226393295,0.47610030639445083,0.6454523607725395,/volumes/Seagate/mtg-jamendo-dataset/00/1226800.mp3
182.8924036281179,123.046875,0.5751243488808275,0.6004036865234375,0.23175553977489471,0.5417777952189433,0.7557164222408704,0.41026793040559584,0.0007814165773414617,0.44579084910323924,0.633847287468726,0.6566625368252169,/volumes/Seagate/mtg-jamendo-dataset/00/1420700.mp3
192.0054375,119.68085106382979,0.5609730539109272,0.7586121368408203,0.09652063250541687,0.5592338185966781,0.97919884639682,0.1404236350013075,0.0030149577441414685,0.7512775873852897,0.5933311300387312,0.6160812016942039,/volumes/Seagate/mtg-jamendo-dataset/00/1079400.mp3
270.0,161.4990234375,0.5761438939451816,0.6205886840820313,0.1744169145822525,0.5549169922410354,0.8813593453662223,0.25783642511347715,0.0017109238058285127,0.3,0.6120526310044453,0.6403795630487219,/volumes/Seagate/mtg-jamendo-dataset/00/1080900.mp3
250.29018140589568,139.6748310810811,0.6069194140805247,0.533908966064453,0.238820880651474,0.8440916375502173,0.9829574648747045,1.0,0.004356955477606685,0.29999999970194596,0.8193496621621621,0.6221055846020982,/volumes/Seagate/mtg-jamendo-dataset/00/1368400.mp3
90.0,126.04801829268293,0.562859813393352,0.5664809112548829,0.06855437159538269,0.16249676299728993,0.3885906527366455,0.159484885096529,0.00014185926989984153,0.7290002616213043,0.5559354763449752,0.6134924785053427,/volumes/Seagate/mtg-jamendo-dataset/00/1116400.mp3
281.08653061224487,103.359375,0.5476538113198108,0.6698545837402343,0.16283749043941498,0.5846262497606245,0.7791952703498604,0.4671873599079637,0.0015415977304245123,0.2999999999895814,0.5329160383756814,0.6520382888830532,/volumes/Seagate/mtg-jamendo-dataset/00/1336900.mp3
114.75591836734694,101.33272058823529,0.6106098225906422,0.20207534790039072,0.21015305817127228,0.5955883354917315,0.8088755881564301,0.8162981605536844,0.0009056102335392134,0.9160902605678468,0.6264139018197626,0.6503723205777054,/volumes/Seagate/mtg-jamendo-dataset/00/39100.mp3
347.0628571428571,129.19921875,0.5566775510064484,0.2409776153564453,0.2407173216342926,0.5664785523448151,0.8709264405290045,0.6727856311813938,0.0007710687629216864,0.8024711537616473,0.5697323093684845,0.6727117739146484,/volumes/Seagate/mtg-jamendo-dataset/00/1399700.mp3
140.21739229024942,92.28515625,0.5984701148464013,0.8382775955200197,0.09255865961313248,0.3498058021877754,0.6560397142697995,0.21950452142375373,0.000987474581033274,0.6136116127290367,0.38123938755017284,0.6570732399506932,/volumes/Seagate/mtg-jamendo-dataset/00/1075200.mp3
166.92619047619047,126.04801829268293,0.5608098105523306,0.3703924407958985,0.1971484273672104,0.5783985397665234,0.9235994910356224,0.37366742550441223,0.0018860021123955394,0.7535609273622585,0.5467654124071608,0.6616203513707635,/volumes/Seagate/mtg-jamendo-dataset/00/992500.mp3
152.3402267573696,114.84375,0.5725628051251705,0.48521131896972647,0.2725283205509186,0.6737308579888031,0.956805344215778,0.4531972000104089,0.002125666797496311,0.8097143904680346,0.6641543794491899,0.6652793195084927,/volumes/Seagate/mtg-jamendo-dataset/00/1353300.mp3
248.0,129.19921875,0.5478949327419788,1.0,0.10077879577875137,0.2673025494656015,0.4939813153179008,0.137649991265139,0.002391979890052793,0.2980518216626942,0.3770495378357668,0.6608704589131972,/volumes/Seagate/mtg-jamendo-dataset/00/1182600.mp3
192.01562358276644,161.4990234375,0.6038772939289967,1.0,0.2670610249042511,0.8916345299469873,1.0,0.2795470867823135,0.011409129969090515,0.29999999999995447,0.772998046875,0.6415423595905304,/volumes/Seagate/mtg-jamendo-dataset/00/1273900.mp3
215.2280498866213,139.6748310810811,0.5339227670978834,0.24746124267578126,0.11392267048358917,0.45470468445762396,0.8594746050175621,0.3449869030218432,0.003447120658446233,0.3643965442914803,0.4639598425300703,0.6482201928680781,/volumes/Seagate/mtg-jamendo-dataset/00/1073700.mp3
176.7338775510204,139.6748310810811,0.5983305125118943,0.8230482177734376,0.13393333554267883,0.5345677250102382,0.6623687948836772,0.31693377959858554,0.0010298331712980233,0.9255821305577465,0.5778343939878677,0.6326491219977908,/volumes/Seagate/mtg-jamendo-dataset/00/133100.mp3
313.84616780045354,117.45383522727273,0.5621014035159198,0.8509389343261717,0.11812329292297363,0.5676276278292305,0.9010463036073985,0.17989575523321538,0.0060338415451343524,0.3,0.5110827129429631,0.6403078428636779,/volumes/Seagate/mtg-jamendo-dataset/00/810100.mp3
243.75,135.99917763157896,0.5300249145976399,0.29108212280273443,0.2654664218425751,0.23903259250516662,0.5372163538001126,0.22315859176691316,0.0005874159568978934,0.5567557289599164,0.3587673337210761,0.7238144451191117,/volumes/Seagate/mtg-jamendo-dataset/00/1418300.mp3
237.72,84.72079918032787,0.5591157508407135,0.4111753845214844,0.19922509789466858,1.0,1.0,0.646622339538496,0.03621468025503458,0.8450492327045103,0.7094415983606557,0.6298327155699496,/volumes/Seagate/mtg-jamendo-dataset/00/451400.mp3
146.14655328798185,99.38401442307692,0.5754709445029947,0.8105259704589843,0.08868531882762909,0.3109650668989676,0.7075011804136672,0.07740051806745726,0.005183246088401387,0.3244011401745954,0.363004294925491,0.6593258557928483,/volumes/Seagate/mtg-jamendo-dataset/00/1170600.mp3
174.29333333333332,172.265625,0.5654482107318408,0.45303503417968755,0.24351619184017181,0.3851048845118367,0.7509122007118372,0.24191196897648054,0.0016536935833068428,0.76615530457333,0.5431489574648006,0.6790360375695018,/volumes/Seagate/mtg-jamendo-dataset/00/11100.mp3
167.38666666666666,129.19921875,0.5498789981886064,0.5315281677246094,0.2453259378671646,0.6450406840059544,0.97272726406272,0.40874313612049973,0.0033080776928438864,0.650029067308421,0.5907149703408561,0.6701743435640081,/volumes/Seagate/mtg-jamendo-dataset/00/1159700.mp3
232.97537414965987,107.666015625,0.5952583792703771,0.5532109375,0.19135233759880066,0.3362547792478362,0.5095977365469211,0.3283162381631291,0.000152560492057782,0.2999999999692675,0.4445222669935881,0.6799823881368506,/volumes/Seagate/mtg-jamendo-dataset/00/1394400.mp3
209.26691609977325,112.34714673913044,0.5686691431348658,0.5761501770019531,0.16636349260807037,0.48444361076447984,0.8702445829621975,0.15208957748384697,0.0041027509588426195,0.6707401869230112,0.5019007261731349,0.6595107121042784,/volumes/Seagate/mtg-jamendo-dataset/00/718300.mp3
257.08839002267575,161.4990234375,0.5594092966169084,0.6053793869018554,0.05539828911423683,0.4250652025700013,0.7763328975389403,0.23897460524460737,0.0009249207870718393,0.7314447301352756,0.39922525150108507,0.6400983337809083,/volumes/Seagate/mtg-jamendo-dataset/00/201900.mp3
80.16,117.45383522727273,0.5440430164885444,0.5633826751708985,0.0872853472828865,0.5260508812279987,0.7653445540040341,0.4982695466346409,0.0006273902497961508,0.2996642412995721,0.6820223777621514,0.595018249469409,/volumes/Seagate/mtg-jamendo-dataset/00/1194700.mp3
200.88,123.046875,0.5848508591788664,0.5699862365722655,0.11277952045202255,0.48933786904032184,0.7922458213257322,0.21036363354444387,0.0023251627899299647,0.8341781157217725,0.4702726905811809,0.6465460892464919,/volumes/Seagate/mtg-jamendo-dataset/00/394600.mp3
385.49333333333334,114.84375,0.5665775096971992,0.2376672210693359,0.16490425169467926,0.7531538805127144,1.0,0.48126790483661974,0.008077832120355267,0.8497469246658584,0.6794398280218059,0.6234775650057234,/volumes/Seagate/mtg-jamendo-dataset/00/1158200.mp3
221.70122448979592,105.46875,0.5996888163472289,0.5159650421142579,0.08963646739721298,0.3034052704891238,0.613733101649246,0.14591818488356648,0.0012471206344881532,0.299999999999999,0.3809539282802722,0.6560783426069422,/volumes/Seagate/mtg-jamendo-dataset/00/514000.mp3
103.88897959183673,139.6748310810811,0.540682612050996,0.537833236694336,0.029621440917253494,0.16077439938669658,0.23345644181849354,0.1854110964844144,8.209677308860537e-05,0.29992092108138396,0.32797811336837285,0.6450680960565367,/volumes/Seagate/mtg-jamendo-dataset/00/501300.mp3
164.9273015873016,161.4990234375,0.6095506529047403,0.507433090209961,0.20761007070541382,0.5417928761123721,0.7876239905185585,0.5201299347922382,0.0008386593927010471,0.30843786963178804,0.6256557636505238,0.6496084727238443,/volumes/Seagate/mtg-jamendo-dataset/00/133600.mp3
96.01340136054422,90.66611842105263,0.6121233702766621,0.19944854736328124,0.4096851944923401,0.058725496827614736,0.16579715855784968,0.10053145368213054,0.0014021197924473962,0.5835888844117441,0.3474556880214999,0.7779955324129424,/volumes/Seagate/mtg-jamendo-dataset/00/1406400.mp3
107.00625850340136,151.99908088235293,0.5395141717941655,0.8439859619140624,0.06407956033945084,0.20533770902779988,0.3112022625607337,0.2147124745631746,8.182195385569505e-05,0.29999967969998304,0.4690837799256919,0.6292518857370639,/volumes/Seagate/mtg-jamendo-dataset/00/757500.mp3
262.28680272108846,139.6748310810811,0.5312083260469819,0.6741597366333008,0.1026080921292305,0.26930746046325943,0.4603099962665801,0.24513771332826642,0.00036909083701830035,0.2999999999984696,0.47175512949336307,0.6425878872678503,/volumes/Seagate/mtg-jamendo-dataset/00/1307200.mp3
66.5,109.95678191489361,0.5359088549036943,0.6863765945434571,0.11704172939062119,0.2995143024222485,0.4636788553339603,0.3578340032702003,6.144693639955155e-05,0.2999989034482792,0.5139318915303214,0.6393486442745594,/volumes/Seagate/mtg-jamendo-dataset/00/319100.mp3
183.6922902494331,129.19921875,0.5578122371626475,0.36430448913574215,0.24910661578178406,0.49272154146205793,0.7509494674683976,0.36752037144944827,0.001098331226539463,0.39973465923281587,0.5331637896048647,0.6830456237604694,/volumes/Seagate/mtg-jamendo-dataset/00/260300.mp3
370.0,117.45383522727273,0.5270410733043753,0.5586809005737305,0.06603516638278961,0.3088657586839214,0.32953815100216743,0.21872331958336844,0.00017216004337367217,0.680228092627253,0.4068567361035512,0.6424013126770941,/volumes/Seagate/mtg-jamendo-dataset/00/1119900.mp3
143.96081632653062,123.046875,0.5677565861312619,0.7615120620727539,0.05030336603522301,0.7011076725802724,0.9811650277758198,0.2857584579071597,0.001279526023246906,0.6167382581863999,0.7803009566066066,0.562049020451359,/volumes/Seagate/mtg-jamendo-dataset/00/1372100.mp3
239.5,147.65625,0.5664260102572729,0.4845519104003906,0.08457402139902115,0.47201483817211054,0.8673968078685608,0.1478614642659103,0.0029402657963395113,0.640266757994957,0.5376995109633582,0.6229067455109759,/volumes/Seagate/mtg-jamendo-dataset/00/1355200.mp3
454.6711337868481,120.18531976744185,0.5937341064580753,0.22267504882812503,0.21078254282474518,0.2771471997310813,0.5850297359379444,0.2596467671389683,0.0004622476414484168,0.9724762200765285,0.4968531643067879,0.6765110825555507,/volumes/Seagate/mtg-jamendo-dataset/00/1194000.mp3
197.5,178.20581896551724,0.603229721394074,0.6208465423583985,0.2801462411880493,0.45481603502152274,0.7524652320962238,0.41766930660136603,0.0014544176206031003,0.5405009990615364,0.6888180768643778,0.6630890314548222,/volumes/Seagate/mtg-jamendo-dataset/00/565800.mp3
239.676485260771,120.18531976744185,0.5477953162764264,1.0,0.03980015963315964,0.3008184989754979,0.5546909733113652,0.09966672376823066,0.001225190090335067,0.2863634171432723,0.4117719354198856,0.6319736703839602,/volumes/Seagate/mtg-jamendo-dataset/00/794600.mp3
206.117641723356,172.265625,0.5127997025407596,0.8293852844238282,0.18395142257213593,0.6431554467124081,0.9932137046365903,0.13512502850611474,0.006945764815590077,0.40207363533860174,0.754656828051877,0.6152911465155936,/volumes/Seagate/mtg-jamendo-dataset/00/1222000.mp3
192.9230612244898,129.19921875,0.6162458316122947,0.6581058731079102,0.13346686959266663,0.3197377505244,0.6938403682684329,0.17640202072979932,0.0008359457252837467,0.29999999909721026,0.3007134222940055,0.687905388594559,/volumes/Seagate/mtg-jamendo-dataset/00/704400.mp3
195.00514739229024,129.19921875,0.5657001872463113,0.6593757781982421,0.1548919975757599,0.4132450758631444,0.6388452257941317,0.16809970421547402,0.0008987869212620565,0.2999992918241843,0.5980175405181517,0.6361576110236432,/volumes/Seagate/mtg-jamendo-dataset/00/1225500.mp3
114.27136054421769,112.34714673913044,0.5297010823677002,1.0,0.057791560888290405,0.16318751005887377,0.24993084116223746,0.20425757564494268,6.795736080595797e-05,0.2999986525652335,0.2900353878510302,0.6627978843495785,/volumes/Seagate/mtg-jamendo-dataset/00/1377100.mp3
186.32818594104307,129.19921875,0.5499377810753094,0.741832794189453,0.19773250818252563,0.5332948112757494,0.8012736153810279,0.4913735222466562,0.001211483573736227,0.8020013312177645,0.559288971780399,0.6593259085896294,/volumes/Seagate/mtg-jamendo-dataset/00/1359900.mp3
177.23077097505669,129.19921875,0.5579465062582025,0.6147013854980469,0.17141903936862946,0.677215420091012,0.8903347623602421,0.4275367227666774,0.0015010048676493868,0.9647116637558797,0.729088425309665,0.6158931691107736,/volumes/Seagate/mtg-jamendo-dataset/00/1297200.mp3
310.1558276643991,143.5546875,0.5535317117188787,0.44067196655273444,0.10039018839597702,0.38173623726015676,0.7520127038725344,0.2502507497843086,0.0010049675889491558,0.6324795443748572,0.583144410475436,0.6195115857274646,/volumes/Seagate/mtg-jamendo-dataset/00/94700.mp3
486.9543537414966,109.95678191489361,0.5501249391466383,0.3758157958984377,0.12377199530601501,0.625874420528252,0.9409165069233009,0.2657366007176988,0.0022395778392267068,0.29999999998061555,0.5024275866857952,0.6440724009730063,/volumes/Seagate/mtg-jamendo-dataset/00/89400.mp3
137.2473469387755,105.46875,0.5824005191563367,0.2092007598876953,0.1239171028137207,0.2748595782202725,0.556515110181668,0.2626025888071434,0.000513680935327838,0.8765368226824478,0.37082166582896425,0.6704458238471467,/volumes/Seagate/mtg-jamendo-dataset/00/32200.mp3
382.5,71.77734375,0.5246783459193508,0.5288800430297852,0.0671696662902832,0.1400084133100674,0.30144386706819215,0.12364726907148875,0.000879250887612619,0.2999999999445461,0.3520170541656307,0.6537776690313758,/volumes/Seagate/mtg-jamendo-dataset/00/1081000.mp3
386.16816326530613,120.18531976744185,0.5556849769968671,0.6766518630981446,0.11313698440790176,0.5686619682846513,0.7789323399352079,0.34686590278806406,0.001791657098350266,0.3517237879704004,0.6490720845609951,0.6109148974746457,/volumes/Seagate/mtg-jamendo-dataset/00/1031800.mp3
142.4242403628118,99.38401442307692,0.5786659403756775,0.3688741149902345,0.27465787529945374,0.3902554379092082,0.7999296952231951,0.323630782444114,0.0014156148133096145,0.7251728606553691,0.3980879495701954,0.7192592451937643,/volumes/Seagate/mtg-jamendo-dataset/00/317200.mp3
185.04539682539684,109.95678191489361,0.5934615684185318,0.4491544494628906,0.19251517951488495,0.7789720707879582,0.9639080274980916,0.7627197593263341,0.0031352776738421246,0.4952341861342027,0.6617147505618479,0.636962514512989,/volumes/Seagate/mtg-jamendo-dataset/00/1283000.mp3
129.79591836734693,97.50884433962264,0.5535056866630823,1.0,0.13599468767642975,0.19515004533327038,0.40879402552979577,0.1021074217897814,0.0014424762229106043,0.3,0.3496939242969994,0.6790193027041148,/volumes/Seagate/mtg-jamendo-dataset/00/1109900.mp3
525.4944444444444,123.046875,0.571375156339339,0.6810359497070314,0.08305341005325317,0.2574837349443001,0.3983595737632985,0.22425671535950054,0.00022800088640873825,0.26878846366480574,0.519094077199348,0.6260804121793015,/volumes/Seagate/mtg-jamendo-dataset/00/1129800.mp3
209.97333333333333,99.38401442307692,0.5759364109606432,0.2538478851318359,0.10608049482107162,0.5821403848594666,0.7609276875572162,0.697473318535021,0.0007068990772422411,0.7018274140374017,0.5321253269713379,0.6317639127413182,/volumes/Seagate/mtg-jamendo-dataset/00/1393400.mp3
224.4231746031746,120.18531976744185,0.5914746157344359,0.5005928039550781,0.16964904963970184,0.585871997104178,0.8484795883932208,0.3856600859733702,0.0017364461652881011,0.29999999999996774,0.541551589754361,0.6527633399194204,/volumes/Seagate/mtg-jamendo-dataset/00/1375800.mp3
167.66666666666666,143.5546875,0.595495975821618,0.33678341674804685,0.22802332043647766,0.6864837737414319,0.9920455246174172,0.6331651247546959,0.00278997075057102,0.2999998118742418,0.6524878647845478,0.6515908224002224,/volumes/Seagate/mtg-jamendo-dataset/00/245200.mp3
116.09977324263039,156.60511363636363,0.49625176195502263,0.5582272338867188,0.1495235562324524,0.27200524264841713,0.5206461984293774,0.1983596762274992,0.0002725124565187958,0.7417374742116609,0.495995684520173,0.6546293433396482,/volumes/Seagate/mtg-jamendo-dataset/00/1375200.mp3
206.76024943310657,114.84375,0.5556475746786005,0.3966900177001953,0.07692281901836395,0.4659113212294016,0.7233053598709458,0.2476199345630943,0.0014261691197824842,0.41072649531326366,0.5072434061748893,0.6262435336116332,/volumes/Seagate/mtg-jamendo-dataset/00/1269900.mp3
156.6,99.38401442307692,0.5677226385453258,0.6053339233398438,0.19601832330226898,0.44467659023842543,0.9114423494924185,0.191418843538276,0.002454630651666306,0.8048505509664996,0.5404778918729928,0.6624710180142183,/volumes/Seagate/mtg-jamendo-dataset/00/1282300.mp3
431.2956689342404,99.38401442307692,0.582620155616234,1.0,0.1955079734325409,0.2417921674103351,0.40576337359434467,0.17121322242859835,0.0002470004744981577,0.29999993988537493,0.4757249279778703,0.6752378848401406,/volumes/Seagate/mtg-jamendo-dataset/00/1083100.mp3
172.756462585034,123.046875,0.5358840691823215,0.5737942504882813,0.07435297220945358,0.29016656314517225,0.5034599074802794,0.25915646240663737,0.0001932847968869154,0.2930634703785446,0.6051807670115437,0.6057309165930945,/volumes/Seagate/mtg-jamendo-dataset/00/291000.mp3
512.0522448979592,120.18531976744185,0.5395391034370447,1.0,0.04143218323588371,0.21129762175818473,0.43653084747032433,0.10232256173599033,0.0012413850370139104,0.29980702577149265,0.4796739731004927,0.6189807913448196,/volumes/Seagate/mtg-jamendo-dataset/00/25000.mp3
178.7234240362812,93.96306818181819,0.5300808415295535,0.6351527404785157,0.20578987896442413,0.3245532526508175,0.5433496605987395,0.15180859188090387,0.002591728577210292,0.44347230751866773,0.38199912578007594,0.6976845312711775,/volumes/Seagate/mtg-jamendo-dataset/00/1337800.mp3
233.44619047619048,99.38401442307692,0.5729789253644428,0.21531820678710936,0.22524359822273254,0.43740355556874855,0.826463133035481,0.27711795329610345,0.0014372593005168573,0.6965835174549488,0.415471955475187,0.6979933042651463,/volumes/Seagate/mtg-jamendo-dataset/00/298400.mp3
330.9043990929705,120.18531976744185,0.4946141142825409,0.31640666198730477,0.16080902516841888,0.20004874161623493,0.29745143587212575,0.2356421714522387,5.5270065127419114e-05,0.5543962608994152,0.4114008332694982,0.6756110824067312,/volumes/Seagate/mtg-jamendo-dataset/00/1330500.mp3
171.29979591836735,132.51201923076923,0.5699692212153358,0.5809294738769532,0.23642727732658386,0.4563934479123539,0.750845674431898,0.34952087345339733,0.0006862863855869937,0.5945751259930481,0.5476768099618228,0.6755784578452056,/volumes/Seagate/mtg-jamendo-dataset/00/1288500.mp3
360.0044671201814,139.6748310810811,0.6011879484426115,0.31551751708984377,0.3679015040397644,0.8129267283415775,0.9792707996286452,1.0,0.004454902622629193,0.299999990815664,0.8111282524000769,0.6702188909742998,/volumes/Seagate/mtg-jamendo-dataset/00/1226100.mp3
221.59673469387755,129.19921875,0.5745347500135224,0.3462723693847656,0.1654556542634964,0.5995263480978062,0.9450816385534158,0.3717797964902686,0.002723524471270537,0.9573438022450781,0.6412472191464456,0.6313145917055696,/volumes/Seagate/mtg-jamendo-dataset/00/1371500.mp3
137.35637188208617,99.38401442307692,0.5381415037038944,0.42204368591308594,0.09057992696762085,0.22688715101263715,0.40519959933994626,0.20809118665102633,0.0004246297659195224,0.29999999999230514,0.35306841044176096,0.6619950916199913,/volumes/Seagate/mtg-jamendo-dataset/00/1052800.mp3
345.50666666666666,129.19921875,0.5626339182924718,0.41413851928710943,0.17892368137836456,0.5425968382795561,0.9166925449325963,0.23123672305271442,0.002838852184900755,0.5861117887060783,0.5286060806846403,0.6586913091592832,/volumes/Seagate/mtg-jamendo-dataset/00/1126700.mp3
333.93333333333334,89.10290948275862,0.5464297155226137,0.35603085327148437,0.08682474493980408,0.2746397881120201,0.6599710833257021,0.22030284503380443,0.0005746154406427005,0.36968207816951093,0.3511743951894511,0.6610220291404393,/volumes/Seagate/mtg-jamendo-dataset/00/1219600.mp3
65.13777777777777,139.6748310810811,0.6012210674349203,0.5485824584960938,0.0928940698504448,0.6932829206449299,0.9259222064694935,0.4787886164372248,0.0019511744478372148,0.7914054406132696,0.7202695697204718,0.5893879512020658,/volumes/Seagate/mtg-jamendo-dataset/00/1167300.mp3
150.3956462585034,97.50884433962264,0.5862490786700223,0.5648910675048829,0.08170068264007568,0.5428617522552991,0.8079266052500863,0.290700831207463,0.0013626200199555539,0.3,0.4790420265404456,0.6336038404423381,/volumes/Seagate/mtg-jamendo-dataset/00/1404900.mp3
247.0,139.6748310810811,0.6041666673973636,0.4359780273437501,0.2767496109008789,0.8721951310037385,1.0,0.6011468860164513,0.006519632689475077,0.44698584409132747,0.7075958431257345,0.6581106912991694,/volumes/Seagate/mtg-jamendo-dataset/00/365700.mp3
70.0,120.18531976744185,0.5588315659050751,0.2744352264404297,0.15628185868263245,0.32797886297438106,0.6696655515692245,0.2573660154511993,0.0004094518585401646,0.4668374168782208,0.43040021353925845,0.670181426417896,/volumes/Seagate/mtg-jamendo-dataset/00/1279600.mp3
295.43467120181407,143.5546875,0.5597009011557639,0.5894547119140626,0.23201468586921692,0.7350586194414742,1.0,0.23236204948208952,0.012552671951448742,0.9394867685823203,0.6161362108149016,0.6602980447499378,/volumes/Seagate/mtg-jamendo-dataset/00/950100.mp3
104.04571428571428,120.18531976744185,0.5502311094097934,0.44023207092285155,0.07408328354358673,0.4815529412169528,0.8615605453818471,0.22468743366299987,0.002977015835851325,0.3,0.5781519433157454,0.6110395934125422,/volumes/Seagate/mtg-jamendo-dataset/00/374600.mp3
489.9275963718821,143.5546875,0.6017159714945721,0.3863341979980469,0.2221553921699524,0.580004275135271,0.8408451148953351,0.4443774242714109,0.0012617616123178955,0.3,0.5796166883778839,0.6640526035056061,/volumes/Seagate/mtg-jamendo-dataset/00/1088100.mp3
222.77333333333334,117.45383522727273,0.5903943640186238,0.48165414428710934,0.2398332953453064,0.46430959997366533,0.7030489717249666,0.6527126186369478,0.0006609606481731938,0.2999994542929183,0.5418580746705391,0.6779683713902025,/volumes/Seagate/mtg-jamendo-dataset/00/1352700.mp3
280.6521768707483,151.99908088235293,0.6100636371268462,0.6294825286865234,0.29515472054481506,0.6264839749606651,0.866792894451965,0.5724882811002348,0.0011341275159393422,0.7900330248964866,0.6335490401433267,0.6795458913674681,/volumes/Seagate/mtg-jamendo-dataset/00/130500.mp3
282.26666666666665,126.04801829268293,0.5618513807383978,0.5267250061035155,0.1940123736858368,0.6702598711414292,1.0,0.32878706864640317,0.0053479085037165305,0.2999999999999296,0.5733454481996418,0.6551753648869729,/volumes/Seagate/mtg-jamendo-dataset/00/101900.mp3
711.0269387755102,178.20581896551724,0.5741374997706785,0.5445855712890625,0.15121392905712128,0.8387005659994818,0.9943757719071062,0.5940961296522489,0.0024575641691520407,0.7614391393117343,0.8964116379310345,0.5751546868743568,/volumes/Seagate/mtg-jamendo-dataset/00/1397900.mp3
226.0,126.04801829268293,0.5344442571850214,0.7381143493652345,0.16658954322338104,0.513987026483452,0.7439642359431916,0.36445316464260347,0.0015465407457060229,0.29994706642641644,0.6554075483613725,0.6288907258881427,/volumes/Seagate/mtg-jamendo-dataset/00/1036200.mp3
240.37297052154196,139.6748310810811,0.5536764968012745,0.7735572509765626,0.30866172909736633,0.6422663379164155,0.897933719032957,0.19467973448147907,0.004521500887947395,0.8338364282141977,0.5983326542119012,0.6914516916326716,/volumes/Seagate/mtg-jamendo-dataset/00/146600.mp3
207.934693877551,90.66611842105263,0.5973180931700185,0.5627223205566406,0.2874217927455902,0.5251238753420039,0.8443923820012317,0.2697151634572568,0.002130740015570998,0.633767902643836,0.4437482056427115,0.7147222042598702,/volumes/Seagate/mtg-jamendo-dataset/00/501200.mp3
232.09333333333333,135.99917763157896,0.5256670795616241,0.48670272827148436,0.11614520102739334,0.18987041823278292,0.3392256184463874,0.20447884474842948,5.76699109829905e-05,0.5508822927513942,0.4324973024411576,0.6553128118816302,/volumes/Seagate/mtg-jamendo-dataset/00/1041500.mp3
212.92408163265307,120.18531976744185,0.5771530031845369,0.3282205200195316,0.35380613803863525,0.4226451012037963,0.6938349446077295,0.43942761390536483,0.0008425046999828389,0.9567760438565176,0.4731949422008819,0.7327312212537322,/volumes/Seagate/mtg-jamendo-dataset/00/1415500.mp3
51.0,99.38401442307692,0.5361235425941584,0.43016964721679685,0.14697948098182678,0.2549527210204513,0.4798809938494195,0.23694347437442048,0.000977698423751719,0.6230586105714175,0.37260848473864433,0.6783909162057288,/volumes/Seagate/mtg-jamendo-dataset/00/490800.mp3
88.7998125,100.44642857142857,0.5391389638757731,0.52570703125,0.09625184535980225,0.2789847838041266,0.4241227115384959,0.17432769354720573,0.0002554307156574075,0.29999999999999993,0.3895327514797747,0.6567441140335739,/volumes/Seagate/mtg-jamendo-dataset/00/1112000.mp3
124.78312925170069,117.45383522727273,0.5318369835694119,0.2997752685546876,0.07427523285150528,0.5065237244022396,0.7544526843493266,0.45191799722239867,0.000818110718020113,0.8560092601989636,0.6075532539428031,0.6052284330379812,/volumes/Seagate/mtg-jamendo-dataset/00/1235600.mp3
334.4952380952381,126.04801829268293,0.509095225857513,0.5418518829345703,0.20150326192378998,0.9664298531313547,1.0,0.787691104316291,0.019438784636352797,0.6090540618881493,0.64140625,0.6442599242925644,/volumes/Seagate/mtg-jamendo-dataset/00/38000.mp3
336.48326530612246,135.99917763157896,0.5486610295410882,0.3863241271972656,0.13940399885177612,0.3113764204457439,0.676904204035577,0.18654450927078361,0.0012323505220366744,0.624133146074599,0.45792801369607,0.6585998368474254,/volumes/Seagate/mtg-jamendo-dataset/00/81800.mp3
287.4739682539683,139.6748310810811,0.5770817361894566,0.3954998779296875,0.2155967652797699,0.4614312437661607,0.8245118504693766,0.4023916446102792,0.001095878745254306,0.6631769866072001,0.5252326058729767,0.6725683143261219,/volumes/Seagate/mtg-jamendo-dataset/00/926200.mp3
141.18666666666667,129.19921875,0.5795736936862732,0.2851220703125,0.2135850042104721,0.6037780620860363,0.8532931277331048,0.8286946877362861,0.001066235494754723,0.7856177750071401,0.6788057818133436,0.6411294451531012,/volumes/Seagate/mtg-jamendo-dataset/00/1319500.mp3
225.65462585034012,161.4990234375,0.5530965599776532,0.6125359497070312,0.19454918801784515,0.40848934259492486,0.7002055618816786,0.30401409431597015,0.002050531877808046,0.3,0.6437289158622094,0.6412919245139824,/volumes/Seagate/mtg-jamendo-dataset/00/1248600.mp3
151.90666666666667,117.45383522727273,0.5645696565736613,0.8125084533691406,0.04012385383248329,0.16130556670979335,0.24080854420455075,0.20890872997381102,9.647133422254202e-05,0.4950171328949611,0.31002659967742446,0.6524392674442091,/volumes/Seagate/mtg-jamendo-dataset/00/1028900.mp3
136.5,120.18531976744185,0.5619737760100894,0.3047498016357422,0.07347336411476135,0.22837357829180333,0.43438437545433506,0.1647596447047988,0.0002600536375004837,0.29999999999997806,0.4032152059705917,0.6458073698871958,/volumes/Seagate/mtg-jamendo-dataset/00/895500.mp3
169.0122448979592,123.046875,0.5811406251573503,0.5452560119628908,0.17148593068122864,0.44039777979891176,0.6910064173301077,0.34090316614115446,0.0005564517722036471,0.943357399969392,0.5835854094967124,0.6450178531458999,/volumes/Seagate/mtg-jamendo-dataset/00/348700.mp3
221.9690022675737,135.99917763157896,0.5696377907709986,0.5258452758789063,0.26240789890289307,0.48749821863140685,0.7048492812862537,0.43455023032891554,0.00043638029438590123,0.2999999999999953,0.5549575455419887,0.6834753344966438,/volumes/Seagate/mtg-jamendo-dataset/00/1155000.mp3
284.29061224489794,109.95678191489361,0.5323416942752301,0.2912354736328125,0.07199958711862564,0.31194913421399895,0.49918229516143253,0.21436601003817857,0.0005049455907975809,0.8891107821465289,0.5158112485017375,0.6227576016623577,/volumes/Seagate/mtg-jamendo-dataset/00/349400.mp3
190.84208616780046,99.38401442307692,0.5852840613663807,0.418944778442383,0.19416633248329163,0.6852261406418636,1.0,0.5569471688146739,0.0037539250435505074,0.6504029689902204,0.5632350144491918,0.6572528768041466,/volumes/Seagate/mtg-jamendo-dataset/00/220600.mp3
405.60532879818595,99.38401442307692,0.5316282683022259,0.3740005111694336,0.08427462726831436,0.6263036539511824,0.8808020034687783,0.3725835953688138,0.003431205583766125,0.7853136435383447,0.6383195575660882,0.6026749543033756,/volumes/Seagate/mtg-jamendo-dataset/00/1388600.mp3
95.43959183673469,109.95678191489361,0.5290690729447616,0.7394373321533203,0.09488832950592041,0.33018862601971166,0.497216222577481,0.16768181427100734,0.00025552290966610324,0.2999999999999934,0.5424138700427799,0.6256770246135754,/volumes/Seagate/mtg-jamendo-dataset/00/166300.mp3
359.04,126.04801829268293,0.6035820417513416,0.5271795654296875,0.2743740677833557,0.590533674101503,0.8470448445606363,0.353102054786958,0.0034017424834089697,0.6824537833571922,0.5597538758044944,0.6868238892411092,/volumes/Seagate/mtg-jamendo-dataset/00/1335500.mp3
253.038375,95.33898305084746,0.600768530324624,0.2645225524902343,0.3479405343532562,0.5842278134684387,0.906944650427185,0.6797548535279645,0.0008247719822597483,0.7862988863657716,0.583529436525037,0.708552705062165,/volumes/Seagate/mtg-jamendo-dataset/00/768200.mp3
1267.0,120.18531976744185,0.5748476166701857,0.5297456359863282,0.07127995043992996,0.4701851349927754,0.8581603291370912,0.07916871444053253,0.0034761107811788297,0.7200454562189174,0.687906962854513,0.5880793895874722,/volumes/Seagate/mtg-jamendo-dataset/00/250100.mp3
337.02666666666664,120.18531976744185,0.5922959989702046,0.5444741592407226,0.10135713219642639,0.6329650976932915,0.9613230286493272,0.519369365584803,0.0016211874490113345,0.6221682979562618,0.6668736932597912,0.6031138289387553,/volumes/Seagate/mtg-jamendo-dataset/00/398700.mp3
105.44,73.828125,0.5520249801281573,0.9957372817993163,0.15337853133678436,0.39076246437321094,0.6671044992663079,0.1315161052953846,0.001141716122015779,0.4072730769877333,0.3541480361618449,0.6843866640488734,/volumes/Seagate/mtg-jamendo-dataset/00/80800.mp3
110.21061224489796,132.51201923076923,0.5697287618153069,0.5631590728759767,0.04755334183573723,0.1818554171996442,0.39182599070545293,0.1485592721723067,0.001049049344991253,0.6873110207604456,0.2941276612978812,0.6582936708012892,/volumes/Seagate/mtg-jamendo-dataset/00/543400.mp3
183.41333333333333,109.95678191489361,0.5788037785750615,0.7586547241210938,0.14641395211219788,0.2246006323433654,0.49155589807356076,0.17290178750629132,0.0005300095625502639,0.5603388050821407,0.36761510252947205,0.6791860022544969,/volumes/Seagate/mtg-jamendo-dataset/00/4400.mp3
126.86222222222223,139.6748310810811,0.6047496133199142,0.5135440216064455,0.15056125819683075,0.5609665488200241,0.7722341977899609,0.2576362354033496,0.001218236692738225,0.814496909913479,0.610530590208356,0.6320959349091879,/volumes/Seagate/mtg-jamendo-dataset/00/38400.mp3
52.17392290249433,114.84375,0.4993678297351435,1.0,0.04215115308761597,0.45436820264885647,0.5220349370395264,0.3002062370423437,0.00033899201800057996,0.864797507788162,0.5212279262741412,0.6109288298567135,/volumes/Seagate/mtg-jamendo-dataset/00/1223300.mp3
221.30938775510205,120.18531976744185,0.4864624848532264,0.4688520202636719,0.10084928572177887,0.3064346409284432,0.6209205337623296,0.13992499836869532,0.001368256904282831,0.6680369801181396,0.5103915258397533,0.6342274376918897,/volumes/Seagate/mtg-jamendo-dataset/00/511100.mp3
203.2895918367347,126.04801829268293,0.5639902070344125,0.3359819793701172,0.2670627236366272,0.6641411024882116,0.8593998012598161,0.6983034085052443,0.0015653571567222655,0.9187272777437038,0.5464473577918059,0.6868531089508246,/volumes/Seagate/mtg-jamendo-dataset/00/1086700.mp3
215.99972789115645,90.66611842105263,0.5793260062327557,0.2594753723144532,0.11449230462312698,0.46219084836722585,0.8718340813596475,0.19043818538158508,0.0018399657041982946,0.6821669485266911,0.42060404024001224,0.6570964216163233,/volumes/Seagate/mtg-jamendo-dataset/00/827700.mp3
315.042358276644,109.95678191489361,0.5656079049639778,0.8551371002197266,0.09817288815975189,0.6718061300578658,0.9311288198461776,0.146895313219052,0.014176642094411978,0.7527140775674902,0.6638764719154506,0.6025669453544206,/volumes/Seagate/mtg-jamendo-dataset/00/1326800.mp3
168.17632653061224,99.38401442307692,0.569400787683438,0.7451903152465821,0.10708679258823395,0.45594941979685316,0.8209801749738357,0.13719823681738127,0.00381448686760209,0.663431873579425,0.5072500116904037,0.6371012429936835,/volumes/Seagate/mtg-jamendo-dataset/00/387400.mp3
263.9992970521542,107.666015625,0.5833499076159298,0.6038261260986328,0.19858355820178986,0.4469656793089326,0.7459962459502093,0.33638286462020295,0.0010197916973056632,0.5172716138380966,0.555543614816789,0.6603813579892865,/volumes/Seagate/mtg-jamendo-dataset/00/1211800.mp3
339.2608843537415,114.84375,0.5939390103466344,0.778579963684082,0.10712823271751404,0.47525605619341893,0.7528465404466804,0.2996888411838057,0.001335287230684878,0.6998871196337133,0.4763326630435467,0.6432996311695957,/volumes/Seagate/mtg-jamendo-dataset/00/1398800.mp3
75.67566893424036,112.34714673913044,0.6040722617262673,0.4290087585449217,0.11202159523963928,0.5812490092775638,0.9226014971409102,0.2882770438380868,0.002160509689947572,0.4259103124198324,0.5371544979375507,0.63289687469876,/volumes/Seagate/mtg-jamendo-dataset/00/891600.mp3
126.73596371882086,129.19921875,0.5524149412394177,0.4032317810058593,0.1663479059934616,0.18232388288751353,0.31830025274449253,0.23880901793354287,7.039247037850801e-05,0.29689947723916243,0.4987127083501187,0.6601427044876224,/volumes/Seagate/mtg-jamendo-dataset/00/36700.mp3
389.94666666666666,161.4990234375,0.5996510432304996,0.3589820404052734,0.16487790644168854,0.1393745718998374,0.32581034893548527,0.11323585368758297,0.0013324621919165252,0.8034370527567315,0.5193472894130473,0.6554865884363984,/volumes/Seagate/mtg-jamendo-dataset/00/373000.mp3
226.64854875283447,123.046875,0.48930040584590917,0.5642684478759766,0.13899362087249756,0.5814789824277965,1.0,0.15263430126361502,0.004657862586935091,0.35663345220426446,0.5434750582830326,0.6413426918574926,/volumes/Seagate/mtg-jamendo-dataset/00/1266300.mp3
263.7628571428571,139.6748310810811,0.5768178586087181,0.6211254425048827,0.09289512783288956,0.26837098113192953,0.47514293123071133,0.25794655596100396,0.00018702629761842415,0.29999934467491446,0.5507372638978933,0.6232947932402616,/volumes/Seagate/mtg-jamendo-dataset/00/1103300.mp3
95.84,114.84375,0.6137992762175783,0.41426266479492185,0.1560920774936676,0.2089095811266739,0.3290446626469549,0.41427604851457356,1.3840091742492551e-05,0.29657380189117477,0.4567457269745818,0.664844002502804,/volumes/Seagate/mtg-jamendo-dataset/00/9600.mp3
249.04111111111112,147.65625,0.5835275486547417,0.3380253601074219,0.2719593942165375,0.7077303729645592,0.9859883857473952,0.675767688356106,0.0025951634997449643,0.38688224763135604,0.6702278868754692,0.6638598045428596,/volumes/Seagate/mtg-jamendo-dataset/00/1149700.mp3
186.5404081632653,129.19921875,0.5652702479180892,0.5836628723144531,0.1834557205438614,0.6891378915717957,0.9437366066819772,0.5726248808417882,0.002265914173654223,0.5359828726069967,0.6331383074748819,0.6394163979008137,/volumes/Seagate/mtg-jamendo-dataset/00/19200.mp3
134.63444444444445,129.19921875,0.5652024522276415,0.48184643554687495,0.10692942887544632,0.4543324210705558,0.7136821850904097,0.47708848167208934,0.0009187507165317185,0.29999999763387647,0.3836692452041527,0.6617607453543302,/volumes/Seagate/mtg-jamendo-dataset/00/1084200.mp3
168.4160090702948,143.5546875,0.5982396081163444,0.5324887695312499,0.17195768654346466,0.33678948782411033,0.6167993167205885,0.17983849680641978,0.0008559132570178672,0.29999999731257043,0.4854688621202587,0.6648109947315956,/volumes/Seagate/mtg-jamendo-dataset/00/1283300.mp3
177.58621315192744,103.359375,0.5206253665023721,0.4945530395507812,0.0727570578455925,0.3884657141586477,0.6217223840253716,0.18891317761971502,0.0004578483816248991,0.44975317978646534,0.4469786972851676,0.6367968013673797,/volumes/Seagate/mtg-jamendo-dataset/00/431500.mp3
226.71673469387756,90.66611842105263,0.5718779763562574,0.646918975830078,0.1943196952342987,0.6051053721373756,0.7764125376547462,0.3938040187448167,0.0027688177100168242,0.6269736354944696,0.5124746395887853,0.6674601623665906,/volumes/Seagate/mtg-jamendo-dataset/00/412700.mp3
184.08780045351475,151.99908088235293,0.5886881929509484,0.1909442138671875,0.17121408879756927,0.5479943570623955,0.8256598718042334,0.7794674045624229,0.0009668181930096557,0.9083996927352049,0.5306715168717961,0.6555027685927658,/volumes/Seagate/mtg-jamendo-dataset/00/1009700.mp3
258.0451247165533,132.51201923076923,0.5961405089369853,0.5659349060058596,0.2893978953361511,0.7843465720390101,1.0,0.4105668013084504,0.005557424662964353,0.425082012040821,0.6731209810928099,0.6695590461024524,/volumes/Seagate/mtg-jamendo-dataset/00/263200.mp3
198.89333333333335,143.5546875,0.5881885700380711,0.7921823425292968,0.10093814134597778,0.4651010689154977,0.8187481253680384,0.35648052709805644,0.0009211054200412279,0.2999999976912354,0.5416570682809991,0.6280063172283522,/volumes/Seagate/mtg-jamendo-dataset/00/3100.mp3
296.9948299319728,135.99917763157896,0.5855275362309755,0.44086694335937504,0.3127884268760681,0.5054423643906234,0.6837317693617782,0.5973716275353669,0.0003136702050139121,0.9591567804301462,0.5785534480490124,0.696893144065582,/volumes/Seagate/mtg-jamendo-dataset/00/997000.mp3
257.97333333333336,105.46875,0.5795477614090832,0.435003601074219,0.13884074985980988,0.4126152527358583,0.7230634398258335,0.2336062874580141,0.0016420692482926565,0.3,0.42168103211679536,0.6656464635261725,/volumes/Seagate/mtg-jamendo-dataset/00/111600.mp3
105.64732426303856,139.6748310810811,0.5807050538180063,0.3069008483886719,0.38369235396385193,0.7507323965661117,1.0,0.8177362637362637,0.0017143040325517263,0.6409660758245419,0.7015470556031407,0.6978198363063585,/volumes/Seagate/mtg-jamendo-dataset/00/1383900.mp3
293.84,178.20581896551724,0.564853762522024,0.6074848632812501,0.1208585873246193,0.19523768886232676,0.3463320857726423,0.22064391785759027,0.0002288686349024036,0.6588402193738816,0.5153681178274939,0.6404354678713642,/volumes/Seagate/mtg-jamendo-dataset/00/14300.mp3
272.48,139.6748310810811,0.5854224933748284,0.24236334228515635,0.3029952943325043,0.6252177069898349,0.7989115964850283,0.970012990117119,0.0007431425679596505,0.4939210606599501,0.6518653176724032,0.6787052424252209,/volumes/Seagate/mtg-jamendo-dataset/00/474700.mp3
54.0,143.5546875,0.560234108761611,0.688707504272461,0.04657469689846039,0.22016536972602727,0.35246445785725306,0.1318708973848122,0.0005237800143483044,0.29762662215633123,0.4731377676921474,0.6221393373450163,/volumes/Seagate/mtg-jamendo-dataset/00/893400.mp3
236.1730612244898,126.04801829268293,0.5584108194353297,0.4322561950683594,0.18744349479675293,0.4635732030984881,0.8755390085757776,0.33398987846241834,0.0016567976730908966,0.7016233084677017,0.5815755755623179,0.6511645430143675,/volumes/Seagate/mtg-jamendo-dataset/00/192600.mp3
156.0,123.046875,0.5517544625954209,0.3303117065429687,0.08302249014377594,0.17985738222538847,0.24311610199662242,0.269243098325156,3.2535551146225513e-05,0.2966064534368064,0.5245343266486667,0.6249812311220261,/volumes/Seagate/mtg-jamendo-dataset/00/1221000.mp3
391.71392290249435,139.6748310810811,0.5700945158009263,0.5177058105468751,0.14791403710842133,0.4346189092769233,0.828994042034915,0.19895802911793198,0.002005700593473021,0.5924017316238464,0.5854666410281476,0.6361557251534021,/volumes/Seagate/mtg-jamendo-dataset/00/1406200.mp3
211.98666666666668,143.5546875,0.5783426690019151,0.26294372558593754,0.17834240198135376,0.8444626404794473,1.0,0.9398394464777069,0.00723112828496912,0.2999999721813055,0.71945600227615,0.6203120642580573,/volumes/Seagate/mtg-jamendo-dataset/00/208300.mp3
224.6259410430839,178.20581896551724,0.5624561813843714,0.38556526184082024,0.14939922094345093,0.34611957047842906,0.8553217474990273,0.14608858544653258,0.0035863476701511574,0.6760984302693953,0.35846952428288265,0.6820898146830658,/volumes/Seagate/mtg-jamendo-dataset/00/1115400.mp3
199.70612244897958,126.04801829268293,0.5991367331769896,1.0,0.23761622607707977,1.0,1.0,0.3870344060957177,0.006233294075878934,0.920397635026315,0.7020960365853659,0.6451226340706755,/volumes/Seagate/mtg-jamendo-dataset/00/332400.mp3
143.76,120.18531976744185,0.5465762180287653,0.2929211425781251,0.10440852493047714,0.29490745388545414,0.4544002478601678,0.34493434153432223,0.00028425849904706264,0.6100844831870569,0.49886691010329287,0.6378136869543132,/volumes/Seagate/mtg-jamendo-dataset/00/433300.mp3
118.25861678004536,120.18531976744185,0.47903472418002024,0.6646442794799805,0.0721798911690712,0.4495452085126256,0.8278370990443085,0.18101411310598478,0.0038768124193776974,0.7269196486803262,0.6039008706681157,0.6052045866872425,/volumes/Seagate/mtg-jamendo-dataset/00/1082100.mp3
274.9932199546485,99.38401442307692,0.5725469381513146,0.3322371673583984,0.2580391466617584,0.31858730482935865,0.5772339258795325,0.2434709811085276,0.0008252642034278598,0.7198841291842355,0.46749472752562893,0.6993951472931073,/volumes/Seagate/mtg-jamendo-dataset/00/1096800.mp3
248.88920634920635,129.19921875,0.5974594671832116,0.5359472808837891,0.2515581250190735,0.7685253027350616,0.9871072934825516,1.0,0.002712064184563571,0.6075519656228008,0.748244789145259,0.6409119671778146,/volumes/Seagate/mtg-jamendo-dataset/00/1339600.mp3
29.997687074829933,161.4990234375,0.548100000839,0.3047826690673829,0.19809846580028534,0.4435292943310092,0.7262068990291461,0.5368496564222608,0.0008398612446213035,0.9861232601664286,0.6583171236746641,0.6396520229531699,/volumes/Seagate/mtg-jamendo-dataset/00/1056400.mp3
222.8128798185941,143.5546875,0.5939429843889327,0.47478993225097654,0.18449383974075317,0.6133326623888152,0.8908246930988821,0.49451931190841714,0.0014204637863540705,0.4091788908161199,0.6194074087714431,0.6425363005523825,/volumes/Seagate/mtg-jamendo-dataset/00/1317900.mp3
221.0465306122449,120.18531976744185,0.5591016653573642,0.3245051574707032,0.1579432189464569,0.3858907958553491,0.6769907619408807,0.3449889833982373,0.0005026839018106982,0.6630757505162747,0.46322688752379976,0.6642141813159645,/volumes/Seagate/mtg-jamendo-dataset/00/1205700.mp3
237.99142857142857,123.046875,0.5736922603816069,0.5848680114746094,0.13240580260753632,0.20572700156840037,0.3493324895549028,0.2922484023610908,9.1061827161332e-05,0.29987945481913075,0.3419457693686355,0.679276935064986,/volumes/Seagate/mtg-jamendo-dataset/00/1209800.mp3
340.03591836734694,132.51201923076923,0.6171623663344181,0.3052520751953125,0.4631931483745575,0.5052908616964713,0.8054142352815428,0.7214733909092651,0.000477352327914232,0.6771292581796033,0.6071854059820064,0.7453124522184393,/volumes/Seagate/mtg-jamendo-dataset/00/422700.mp3
276.53333333333336,161.4990234375,0.5594460629339203,0.5277611389160156,0.11996829509735107,0.4058594805542171,0.6245602470618269,0.15393961983618326,0.0009228104565138776,0.3168578806715366,0.6764900392032979,0.6078905783943869,/volumes/Seagate/mtg-jamendo-dataset/00/449900.mp3
121.57512471655329,126.04801829268293,0.5394708406211393,0.5028892211914061,0.1025211438536644,0.25489531050069225,0.4697954811369937,0.30742607464271743,0.00015054528183243646,0.2859453150918916,0.5262506301539862,0.6316574857565219,/volumes/Seagate/mtg-jamendo-dataset/00/1380600.mp3
35.02730158730159,129.19921875,0.5621285860529842,1.0,0.07220761477947235,0.33255137812721564,0.5273854262862058,0.1864019137209265,0.0004898467360942998,0.3346759495173932,0.47149565340771504,0.6316956106390671,/volumes/Seagate/mtg-jamendo-dataset/00/1270100.mp3
310.84,126.04801829268293,0.5575976114579062,0.6519083938598632,0.15174584090709686,0.35590031043651027,0.5716718611850262,0.30287938608078097,0.00043753676430585936,0.29999970282510335,0.4853340155867022,0.6575616996092144,/volumes/Seagate/mtg-jamendo-dataset/00/1227500.mp3
271.80389583333334,90.7258064516129,0.598746756939506,0.4828374176025391,0.1370629519224167,0.41593923634688834,0.6172613249273152,0.31796772853530275,0.00026395246809749075,0.29999997342527684,0.5190481120432208,0.6455330402834258,/volumes/Seagate/mtg-jamendo-dataset/00/400700.mp3
240.0,120.18531976744185,0.5116981639901785,1.0,0.03209491819143295,0.36111390422535167,0.5769908567657773,0.169758787661406,0.0007700775625331815,0.41802264241843246,0.7290168696377709,0.5657507966213616,/volumes/Seagate/mtg-jamendo-dataset/00/153600.mp3
211.09657596371883,117.45383522727273,0.5243531384506368,0.2428554077148437,0.219689279794693,0.5490824433499366,0.8469049342546565,0.4472660740466504,0.0016426519033675398,0.43775428224299173,0.6331082235801558,0.6524664960100583,/volumes/Seagate/mtg-jamendo-dataset/00/1036800.mp3
200.38530612244898,99.38401442307692,0.6275821782157716,1.0,0.11369088292121887,0.34856463741751587,0.684759044214771,0.08510103722126446,0.0015545281001924094,0.7791616073385579,0.38334562676875417,0.6642595924978879,/volumes/Seagate/mtg-jamendo-dataset/00/1030300.mp3
345.5565208333333,133.92857142857142,0.568891934140922,0.776512794494629,0.09466611593961716,0.5966151756913729,0.8595111071137447,0.41605723681634893,0.0007866103364587748,0.29999999554769374,0.6304238930959665,0.607995023119069,/volumes/Seagate/mtg-jamendo-dataset/00/1156400.mp3
346.749387755102,120.18531976744185,0.52813231233269,0.4391834106445313,0.03401320055127144,0.2710068285531172,0.43396183986154735,0.26414731325134927,9.770402423419963e-05,0.29995514472012846,0.4641539287252535,0.619413966453407,/volumes/Seagate/mtg-jamendo-dataset/00/1348600.mp3
65.35251700680273,95.703125,0.4912172860085341,0.7314389953613281,0.19054298102855682,0.22366239262820012,0.3926582871318104,0.2528638713283562,0.00013062757169748674,0.4549493093411061,0.349203083489118,0.6987548564724568,/volumes/Seagate/mtg-jamendo-dataset/00/847200.mp3
44.30770975056689,129.19921875,0.5610566457407913,0.3605364074707031,0.3070220351219177,0.5550516747885442,0.8554703879671341,0.4686939685744774,0.0008831434988890122,0.929628366373211,0.5269416769660645,0.7051395972506775,/volumes/Seagate/mtg-jamendo-dataset/00/1250200.mp3
210.48888888888888,132.51201923076923,0.5820364025639437,0.44857879638671877,0.08946548402309418,0.251735681293029,0.44102132185435816,0.257964058323502,0.00019868498488368947,0.4750742583523745,0.5281301194660873,0.6265815503550964,/volumes/Seagate/mtg-jamendo-dataset/00/1143800.mp3
74.67410430839003,114.84375,0.5814745026329589,0.41072425842285165,0.15442731976509094,0.5292526928933692,0.9328416084129417,0.3900907050115277,0.001868870367755418,0.29999999999664867,0.5844015196658456,0.6387135311822636,/volumes/Seagate/mtg-jamendo-dataset/00/1357300.mp3
287.6020634920635,139.6748310810811,0.5586042848140205,0.5317288970947266,0.19992630183696747,0.892683326483735,1.0,0.4394318132588721,0.009414469098870993,0.7830484887233871,0.8028510857704699,0.6114032515072143,/volumes/Seagate/mtg-jamendo-dataset/00/1403900.mp3
203.29138321995464,114.84375,0.5252790676620028,0.25738174438476563,0.19002756476402283,0.11872602764585012,0.2470003823047755,0.1703623227769026,0.00016587281373321245,0.404607733279781,0.4121576368708452,0.6859783959408792,/volumes/Seagate/mtg-jamendo-dataset/00/587000.mp3
134.20426303854876,143.5546875,0.6138021573213939,0.5444216003417969,0.22649173438549042,0.632859196448951,0.9159642059990888,0.8132255886572706,0.001813747738537243,0.5004196522702178,0.6364317108769436,0.6542506822033878,/volumes/Seagate/mtg-jamendo-dataset/00/101000.mp3
185.5477551020408,120.18531976744185,0.5264533809194043,0.9665312118530273,0.1238895058631897,0.3069803552954701,0.6213777270659836,0.10891795953374375,0.0022520291730535264,0.7479299904715533,0.5126156046844614,0.6420771011738561,/volumes/Seagate/mtg-jamendo-dataset/00/1060600.mp3
152.08489795918368,123.046875,0.5661015436401651,0.2528542022705078,0.13238821923732758,0.13524625897022413,0.47988974831498765,0.1043921057531186,0.0014489640399439605,0.3115244828206971,0.39832887011413215,0.6679939849026115,/volumes/Seagate/mtg-jamendo-dataset/00/389700.mp3
147.0,108.17307692307692,0.5799490308449173,0.2743011779785156,0.17763209342956543,0.14746591762223069,0.3464126245969195,0.22644913301549213,0.0001652509721189144,0.7181929532606504,0.4179709939078209,0.6803533548530794,/volumes/Seagate/mtg-jamendo-dataset/00/1012000.mp3
193.5461678004535,161.4990234375,0.5234124508907559,0.31537063598632814,0.07558857649564743,0.27763570799109694,0.500344692799355,0.2993584594834611,0.0001630535746742097,0.36247194235515406,0.6073191763876203,0.605748052260909,/volumes/Seagate/mtg-jamendo-dataset/00/1289300.mp3
102.9360544217687,105.46875,0.5862099547836598,0.5777137756347658,0.14765551686286926,0.5870993031601771,0.9657017255147526,0.41119965231455624,0.0035803741275556348,0.36862181839811375,0.5895910307142014,0.6352377799277926,/volumes/Seagate/mtg-jamendo-dataset/00/1195900.mp3
64.00580498866213,95.703125,0.5844425122326744,0.456433364868164,0.12755845487117767,0.3634710533932378,0.6100971884428132,0.47981191999079953,0.0002348693465272858,0.6891886842567589,0.41262009973069974,0.663397023807484,/volumes/Seagate/mtg-jamendo-dataset/00/1346500.mp3
361.84616780045354,129.19921875,0.5633824621112831,0.5101116943359375,0.28567084670066833,0.744784218542688,1.0,0.39979277644350225,0.003491500186200131,0.2999999999964508,0.6175799853556643,0.6793255077411078,/volumes/Seagate/mtg-jamendo-dataset/00/1371700.mp3
211.0,99.38401442307692,0.5726473555626579,0.19807708740234378,0.25793594121932983,0.45635208796667276,0.8042320152590784,0.3870725668467139,0.0011612449294813218,0.6075574415717635,0.4312221959547409,0.7066124996480105,/volumes/Seagate/mtg-jamendo-dataset/00/1236400.mp3
183.81691609977324,89.10290948275862,0.5560578051215745,0.40584188842773444,0.23576189577579498,0.7431435265053268,0.9550961317192036,0.6348170616172151,0.0025657078878539084,0.6509381956372537,0.6867904091830824,0.6475162006426697,/volumes/Seagate/mtg-jamendo-dataset/00/698500.mp3
117.0,120.18531976744185,0.5889866133887814,0.40843679809570316,0.20950789749622345,0.6422073736484093,0.8492801681558466,0.7595356221472515,0.0008341943164047968,0.35846676436230696,0.8243742786863596,0.6105479873613685,/volumes/Seagate/mtg-jamendo-dataset/00/184600.mp3
201.8753514739229,107.666015625,0.5830350018658816,0.4530227966308594,0.20736631751060486,0.6765547242592045,1.0,0.4220245767930104,0.002422435051351244,0.530416885896862,0.5677847191941501,0.6610949304649877,/volumes/Seagate/mtg-jamendo-dataset/00/1046600.mp3
359.41877551020406,143.5546875,0.5748378103586879,0.5486612243652343,0.2584197223186493,0.5179702610947742,0.8307019689709405,0.14628489582266455,0.0037871578454087155,0.88470610515099,0.6235882983031206,0.6683134403740896,/volumes/Seagate/mtg-jamendo-dataset/00/248500.mp3
238.94204081632654,129.19921875,0.5547218657986365,0.7457598876953125,0.2876555323600769,0.47302242245236475,0.8692094738439734,0.18527697224885373,0.003766322321209754,0.5406207167557111,0.4843056202655619,0.7066948675965153,/volumes/Seagate/mtg-jamendo-dataset/00/954500.mp3
204.80863945578233,129.19921875,0.52233268756007,0.6068558502197265,0.03347107768058777,0.2764833665102941,0.5550544754180468,0.177080277236648,0.0012612938522540632,0.34170680260421005,0.4338347924802932,0.6252826294689529,/volumes/Seagate/mtg-jamendo-dataset/00/13400.mp3
156.44444444444446,114.84375,0.6139701750759282,0.8170441055297851,0.14839838445186615,0.29826360367291743,0.5337769542123973,0.21326405027184733,0.00021436405905340882,0.299730495025797,0.5240041934150756,0.6486225797196568,/volumes/Seagate/mtg-jamendo-dataset/00/635300.mp3
271.296,100.44642857142857,0.5589522861485938,0.5085929565429688,0.17079667747020721,0.4538294658214566,0.7998578038264025,0.1644793279857312,0.002730626573194526,0.3,0.5233872604077356,0.6568093518077275,/volumes/Seagate/mtg-jamendo-dataset/00/74800.mp3
89.07197916666667,96.98275862068965,0.5833144974335246,0.5861882019042969,0.15531305968761444,0.678142173674373,1.0,0.30230233855445965,0.0028841703613170454,0.8724777153431942,0.5139157986030334,0.6531295417669346,/volumes/Seagate/mtg-jamendo-dataset/00/1110000.mp3
357.4073469387755,90.66611842105263,0.5886180565054564,0.36581027221679707,0.1614494025707245,0.5949280579418874,0.9895104554871339,0.27558273945578504,0.0021462109057010497,0.29999998755883117,0.5699342544744019,0.6441349340305804,/volumes/Seagate/mtg-jamendo-dataset/00/1069400.mp3
256.0,120.18531976744185,0.5536392824505242,0.5594965362548828,0.06106015667319298,0.18170899583397007,0.2296613370682988,0.2295260101029653,5.2187308014143976e-05,0.29315370691073195,0.5706899571583757,0.6078436649706744,/volumes/Seagate/mtg-jamendo-dataset/00/1105300.mp3
90.04408163265306,99.38401442307692,0.5196344955882854,0.4941223526000977,0.06059833988547325,0.15027246118577764,0.24545389788897048,0.12696700587428772,0.0005003357571262982,0.36121487182456624,0.41856051076198963,0.6381033002063724,/volumes/Seagate/mtg-jamendo-dataset/00/128300.mp3
135.81820861678005,109.95678191489361,0.5726520204004524,0.6375822143554687,0.17179150879383087,0.4898835081514103,0.7572153852252514,0.6025509789246111,0.0004606412199314496,0.585979959351691,0.5980064691927103,0.6422436493272371,/volumes/Seagate/mtg-jamendo-dataset/00/1155900.mp3
106.8241723356009,132.51201923076923,0.5306780178105189,0.6482504959106444,0.11102867871522903,0.28820662509202094,0.5077576770915274,0.2562804480468191,0.00018949239775936804,0.335082710596052,0.47555063640032313,0.6448601970574179,/volumes/Seagate/mtg-jamendo-dataset/00/1163000.mp3
282.28222222222223,166.70866935483872,0.5815862627187715,0.5176951293945311,0.18514952063560486,0.41576639960924305,0.6864529810187568,0.17309890718385676,0.0011478464937183107,0.3,0.4104063880276083,0.6845725498232961,/volumes/Seagate/mtg-jamendo-dataset/00/39700.mp3
212.26303854875283,123.046875,0.5595574014925719,0.5967753906250001,0.14433695375919342,0.272898396338,0.47450379297047157,0.3378132157955611,9.369095727177939e-05,0.697611921594905,0.4286857985252373,0.6662241436482622,/volumes/Seagate/mtg-jamendo-dataset/00/1274300.mp3
383.9352380952381,129.19921875,0.5743382139543916,0.3611836547851563,0.16602583229541779,0.4386134522315062,0.6645778760286437,0.4684893094470709,0.0004390559127682114,0.6072353474605072,0.5209674612303138,0.6555758073802876,/volumes/Seagate/mtg-jamendo-dataset/00/822300.mp3
205.70666666666668,135.99917763157896,0.5394045419852287,0.5197070770263672,0.07060179859399796,0.2521518206656787,0.5016246648605392,0.16240276732018405,0.00026175634545945995,0.2992910077597889,0.44220674497371104,0.6369752984990971,/volumes/Seagate/mtg-jamendo-dataset/00/1135200.mp3
129.24,132.51201923076923,0.5039183985871394,0.35626310729980465,0.15094058215618134,0.42276010123079377,0.634236693455457,0.42617854044153086,0.00038585832744959103,0.358181861247946,0.5281000071035998,0.6487186081555053,/volumes/Seagate/mtg-jamendo-dataset/00/80500.mp3
162.4597052154195,129.19921875,0.5854288413516882,0.8168976898193359,0.17287662625312805,0.5114096811512999,0.8170682801793674,0.2583371967777131,0.0014484898701302984,0.2999999999962667,0.5393318657197957,0.6543692123071669,/volumes/Seagate/mtg-jamendo-dataset/00/518600.mp3
222.4326530612245,151.99908088235293,0.583207392679423,0.4850092468261718,0.19196206331253052,0.8716860568833777,1.0,0.875000604695749,0.0034703605677906834,0.40853400923169,0.8439981617647059,0.6003067104395697,/volumes/Seagate/mtg-jamendo-dataset/00/268400.mp3
225.97659863945577,126.04801829268293,0.5886030796916274,0.60591015625,0.10517623275518417,0.7739959822746649,1.0,0.3908576369092743,0.010157478373672412,0.5132968229405841,0.6282003293220259,0.6122233779274612,/volumes/Seagate/mtg-jamendo-dataset/00/1372200.mp3
269.33036281179136,120.18531976744185,0.5779446025662667,0.3281194458007812,0.27463164925575256,0.6645954567076592,0.9057788439691452,0.5684504904017099,0.0016903427768219707,0.40342650847141515,0.7173450378772711,0.6553983861566166,/volumes/Seagate/mtg-jamendo-dataset/00/1343400.mp3
262.82666666666665,123.046875,0.5508453966233399,0.3817312011718749,0.0538552924990654,0.11910656114462566,0.18052190184378997,0.18659059102627776,5.687293383541991e-05,0.19979773101759807,0.6179394311282873,0.595800019074006,/volumes/Seagate/mtg-jamendo-dataset/00/1339700.mp3
438.28054421768707,139.6748310810811,0.5518586878656184,0.8494627380371094,0.15161873400211334,0.7101843316107708,0.9952772545768049,0.32105665428988794,0.0054972860846431585,0.3,0.7329677044583147,0.6079892033490979,/volumes/Seagate/mtg-jamendo-dataset/00/1235700.mp3
472.4007936507937,126.04801829268293,0.5729059765452647,0.5610206527709961,0.015810322016477585,0.8377981026849284,1.0,0.3674327604912815,0.002667735974343387,0.49556494638769555,0.6947137136866193,0.5667489731886082,/volumes/Seagate/mtg-jamendo-dataset/00/1300500.mp3
332.88126984126984,139.6748310810811,0.5741127433018498,0.5794821166992188,0.11534693837165833,0.40327113808013715,0.8189108701649731,0.24599806225453877,0.0010420361177365472,0.29999998780202475,0.586482828312999,0.6242283321511972,/volumes/Seagate/mtg-jamendo-dataset/00/922900.mp3
345.2307709750567,129.19921875,0.6028728933964054,0.6753020477294922,0.21125350892543793,0.3437643119928626,0.6186286207896061,0.4276094673779668,0.0003663490535892684,0.2999999997201006,0.4624593476250989,0.6835593936881378,/volumes/Seagate/mtg-jamendo-dataset/00/760900.mp3
165.4421768707483,120.18531976744185,0.6008414375087794,0.42677352905273436,0.1239277571439743,0.3201907687263552,0.5655851739207083,0.18929026803425006,0.0005415837294691679,0.3,0.41465583862388256,0.6616828248470542,/volumes/Seagate/mtg-jamendo-dataset/00/1088000.mp3
97.46666666666667,156.60511363636363,0.5638174263506546,0.3320841979980469,0.12539713084697723,0.2931527426640192,0.5937766624118183,0.34783404408603397,0.00021214403859366184,0.4906570505056974,0.49149251355211937,0.646844464394488,/volumes/Seagate/mtg-jamendo-dataset/00/1075700.mp3
163.76471655328797,112.34714673913044,0.5859518001831484,0.4330984878540039,0.07184334099292755,0.43847784485287855,0.5486580990403134,0.4806371964187528,0.00023947286044589665,0.5961334085734651,0.46853081369003163,0.6321574400194476,/volumes/Seagate/mtg-jamendo-dataset/00/1014400.mp3
182.6155328798186,120.18531976744185,0.5891799468803549,0.6655891036987305,0.11642167717218399,0.597232226837273,0.8768832061176691,0.45137611833842434,0.0006351267684742756,0.827721031130555,0.5653945730520532,0.6288328891715755,/volumes/Seagate/mtg-jamendo-dataset/00/1132200.mp3
132.0,99.38401442307692,0.5748398975698222,0.6157511901855469,0.2611182928085327,0.5031546367332509,0.8110259593040654,0.5509801145504858,0.0009872237362547854,0.29999894909068064,0.5659127957966169,0.6808200262517484,/volumes/Seagate/mtg-jamendo-dataset/00/1294600.mp3
160.15628117913832,95.703125,0.5435253477419218,0.4629735107421875,0.1759357452392578,0.7000339425788215,1.0,0.3406189941565962,0.007954071443936159,0.5865102198896641,0.6180972406283951,0.6397174201604539,/volumes/Seagate/mtg-jamendo-dataset/00/1066500.mp3
174.0,120.18531976744185,0.5913948941291911,0.5369950637817383,0.0742466077208519,0.3795924736567991,0.690017982158156,0.20236709692957616,0.00038661947762841506,0.5916622379781306,0.5604742270118337,0.6146339333771399,/volumes/Seagate/mtg-jamendo-dataset/00/1037900.mp3
71.64263038548752,132.51201923076923,0.5544740533174073,0.5292025756835937,0.1104595959186554,0.3057098554688206,0.6368216162844318,0.17327942263379853,0.0009538427338989995,0.3894081634144611,0.44896044663477186,0.6499733652037616,/volumes/Seagate/mtg-jamendo-dataset/00/1162600.mp3
341.84868480725623,129.19921875,0.5993821095591794,0.5262199096679688,0.2675641179084778,0.8629198376952883,1.0,0.5381875261442375,0.007242482721816573,0.29999999998849847,0.7649299541518084,0.6433370916166903,/volumes/Seagate/mtg-jamendo-dataset/00/1291200.mp3
70.0,129.19921875,0.5882785792300824,1.0,0.02386109158396721,0.1942523164589,0.4224737241169657,0.09068964122477047,0.002826486075418138,0.29931073138507025,0.40722517229465865,0.6271449585112965,/volumes/Seagate/mtg-jamendo-dataset/00/1042000.mp3
703.7999092970522,123.046875,0.5714447710726691,0.7517259979248047,0.05256117880344391,0.28781060198732755,0.5315351234862524,0.13564751166886144,0.0005029424589976832,0.297920395036885,0.412380436958135,0.6364459369776129,/volumes/Seagate/mtg-jamendo-dataset/00/116600.mp3
160.76,123.046875,0.5448840501091539,0.402402099609375,0.18110984563827515,0.5246277576109653,0.743023571582743,0.4771642003991355,0.0009748873528785078,0.29999995466415813,0.5486958664943495,0.6554603711309092,/volumes/Seagate/mtg-jamendo-dataset/00/1333700.mp3
284.0,120.18531976744185,0.5973313804501716,0.5127852325439455,0.17563876509666443,0.3638453831458288,0.7206706630057403,0.22151031664842033,0.001016769611095509,0.2999999999625574,0.5279360421237282,0.6576427470100535,/volumes/Seagate/mtg-jamendo-dataset/00/373300.mp3
83.87632653061225,84.72079918032787,0.6020850435065818,0.529552490234375,0.10252433270215988,0.5004376321056395,0.6756182268259888,0.5849121444847667,0.0002982671774414315,0.9145394629954706,0.547693172260768,0.627370125320624,/volumes/Seagate/mtg-jamendo-dataset/00/1093500.mp3
183.20485260770974,126.04801829268293,0.6069122662813954,0.2260341033935547,0.17844483256340027,0.6411655604801296,0.9446782244335494,0.9224903397322947,0.001408608782894109,0.647096933178462,0.6493657145895871,0.6343669968049066,/volumes/Seagate/mtg-jamendo-dataset/00/699100.mp3
218.68861678004535,143.5546875,0.6198959984849246,0.2989535827636719,0.26139894127845764,0.705299112517616,1.0,1.0,0.001803714131889918,0.6181122039800646,0.7628561019535268,0.6415323984695394,/volumes/Seagate/mtg-jamendo-dataset/00/31800.mp3
69.38122448979591,135.99917763157896,0.5617986560279956,0.9020746002197267,0.17362697422504425,0.5895581719643904,0.9035893140605379,0.3295543485801262,0.004330561010377957,0.8215994018522863,0.6719569454873993,0.6281143216235361,/volumes/Seagate/mtg-jamendo-dataset/00/1002000.mp3
230.4522448979592,151.99908088235293,0.5641006890694931,1.0,0.3005249500274658,0.4944383085948505,0.7774218529017375,0.42907783989678694,0.0015006979919003488,0.29999999714507447,0.5636144592377258,0.6954660901623425,/volumes/Seagate/mtg-jamendo-dataset/00/1400600.mp3
273.3913151927438,114.84375,0.5842089671258384,0.3604039459228515,0.31053927540779114,0.1993069187653527,0.41317747277637745,0.23744608832193298,0.00027697226859445983,0.517995621722261,0.3578948827059254,0.7402151626056197,/volumes/Seagate/mtg-jamendo-dataset/00/1114500.mp3
42.012471655328795,99.38401442307692,0.4683290761867892,0.94739697265625,0.07183767110109329,0.17652725707326425,0.2670880888166074,0.08241867110574946,0.000977978931671258,0.824754057447429,0.43688710003972553,0.6384841415884486,/volumes/Seagate/mtg-jamendo-dataset/00/151100.mp3
199.74666666666667,123.046875,0.5371475229860505,0.6842340698242189,0.0398816354572773,0.26325354404410556,0.5882180120016176,0.1282131541454909,0.0010653182917964893,0.8477197367545865,0.3357095485546184,0.6472154790536961,/volumes/Seagate/mtg-jamendo-dataset/00/970600.mp3
352.0,161.4990234375,0.49391163116711834,0.4753830718994141,0.07680141180753708,0.19122005009140944,0.31358003184830546,0.21220501673666758,6.16691748660954e-05,0.3489149438387601,0.5720729430207456,0.6132339196465642,/volumes/Seagate/mtg-jamendo-dataset/00/460300.mp3
476.65632653061226,139.6748310810811,0.5872530803121878,0.44236236572265625,0.24769948422908783,0.6268455371390682,0.8967676343457159,0.619828122920746,0.0017379988661255562,0.6029447526337718,0.5996142668197127,0.669248960958529,/volumes/Seagate/mtg-jamendo-dataset/00/18500.mp3
579.7104535147392,120.18531976744185,0.5954645682691877,0.33363330078125003,0.15822578966617584,0.6503353480962506,0.9990161848157584,0.35449990792540054,0.003585898966977727,0.2999999999999032,0.6527002272711507,0.6264212388255931,/volumes/Seagate/mtg-jamendo-dataset/00/1178800.mp3
228.52886621315193,120.18531976744185,0.5196051480074784,0.4715062866210938,0.17568467557430267,0.41214542318977165,0.7764251183386669,0.16846342950322413,0.0019016362325556698,0.5774784426231703,0.45247677241968187,0.6727511287228126,/volumes/Seagate/mtg-jamendo-dataset/00/103300.mp3
146.0,120.18531976744185,0.588747641325542,0.7253826141357422,0.030193494632840157,0.263420568894947,0.5363822773427389,0.10287151678768695,0.0013647382833485693,0.3,0.49711287262117615,0.6114470835435872,/volumes/Seagate/mtg-jamendo-dataset/00/7400.mp3
198.53061224489795,99.38401442307692,0.5803683604414009,0.6568467712402344,0.08831163495779037,0.3962378255123486,0.6442057531239811,0.24477986596134016,0.0015521910453678055,0.5887680895398109,0.4196230742066105,0.6478675737434824,/volumes/Seagate/mtg-jamendo-dataset/00/759300.mp3
388.94666666666666,139.6748310810811,0.584977675069303,0.7750645751953126,0.23948700726032257,0.7672913896794411,0.9829887919582592,0.3858352832229892,0.004792625580297556,0.2999999999999551,0.7222512616434665,0.6417650702850228,/volumes/Seagate/mtg-jamendo-dataset/00/85800.mp3
102.24761904761905,123.046875,0.5146916731462488,0.260035888671875,0.07875719666481018,0.39561248444132646,0.6617271011662278,0.4508564417993448,0.0003391888928703748,0.45238311306948387,0.49574257468644345,0.629204075862043,/volumes/Seagate/mtg-jamendo-dataset/00/275800.mp3
672.7333333333333,135.99917763157896,0.6757501916213806,1.0,0.2169615477323532,0.3323515001982924,0.5195607098290277,0.4961675600706305,0.0011055141443916394,0.45783112374219903,0.4814267019099405,0.6818208168016591,/volumes/Seagate/mtg-jamendo-dataset/00/604300.mp3
151.50666666666666,132.51201923076923,0.507787927981133,0.6849173126220705,0.12313182651996613,0.33346825908103733,0.6188943702620517,0.19313708999158957,0.0023047301712439006,0.4531179779690514,0.3763296036830946,0.6690615368105689,/volumes/Seagate/mtg-jamendo-dataset/00/117100.mp3
423.98439909297053,120.18531976744185,0.6056021519670617,0.42999819946289064,0.26401567459106445,0.6073560753422287,0.9448309243593516,0.36347467639631625,0.0032662314401343266,0.6422243596690523,0.5422284948836258,0.686599943876058,/volumes/Seagate/mtg-jamendo-dataset/00/1413400.mp3
122.75045351473923,109.95678191489361,0.5479824554684561,0.5589087219238285,0.10143928974866867,0.11874994436157749,0.29956934835956606,0.11176651064723075,0.0011148369826914552,0.5724094254187768,0.34001180536764036,0.6685157832359927,/volumes/Seagate/mtg-jamendo-dataset/00/86200.mp3
275.90637188208615,126.04801829268293,0.5794009220569984,0.9826277465820314,0.14058783650398254,0.7300595762575283,1.0,0.10019612773447323,0.011934150349469751,0.755938378611996,0.6143569052315909,0.6277402400951155,/volumes/Seagate/mtg-jamendo-dataset/00/45100.mp3
218.30331065759637,120.18531976744185,0.5642136042911755,0.22599197387695316,0.2764650583267212,0.5883707847852738,0.7201885392604512,0.8146857700229843,0.00032448457666409434,0.8591721244356143,0.5978020809782242,0.6799670048019748,/volumes/Seagate/mtg-jamendo-dataset/00/973500.mp3
199.06666666666666,112.34714673913044,0.5007530167026244,0.93125146484375,0.031368155032396317,0.13607632194193084,0.3243867660378817,0.10724509869464473,0.0007363676972437945,0.29658498439495184,0.450941929863925,0.6211041498388776,/volumes/Seagate/mtg-jamendo-dataset/00/1374300.mp3
180.73033333333333,165.44117647058823,0.577695324757842,0.3476161804199219,0.1242230013012886,0.41882637907729925,0.7750536074632858,0.13736267532646998,0.0015317532024096093,0.4110299710287851,0.3897109322370521,0.6667780940210535,/volumes/Seagate/mtg-jamendo-dataset/00/1076600.mp3
253.52,178.20581896551724,0.5702595523938321,1.0,0.1656433790922165,0.30134183850214424,0.45310915702820886,0.26459678527270225,0.0004257310588677062,0.29999999898097507,0.5659647796300009,0.6464386605471978,/volumes/Seagate/mtg-jamendo-dataset/00/37700.mp3
216.0,166.70866935483872,0.5641546314327275,0.47616931152343756,0.17297957837581635,0.6470558350857464,0.8333727514609506,0.7976450075707422,0.0006735882488196391,0.8244904963472028,0.7825510611535138,0.6057624359845911,/volumes/Seagate/mtg-jamendo-dataset/00/1007900.mp3
241.39510204081634,139.6748310810811,0.553966147852761,0.3037215576171874,0.25185659527778625,0.669676160822617,0.9097339628110795,0.5880506221019504,0.002073219486133383,0.6992129241969562,0.6397909371643826,0.6627101868671266,/volumes/Seagate/mtg-jamendo-dataset/00/307100.mp3
350.1714285714286,126.04801829268293,0.5778527473555839,0.5719674530029297,0.231624573469162,0.1920289257111681,0.3270583503062204,0.28184438180168553,0.00011938477538051342,0.29999916851104413,0.3911851368588909,0.7051478190771201,/volumes/Seagate/mtg-jamendo-dataset/00/221400.mp3
93.70122448979592,120.18531976744185,0.5070404840484537,0.985837173461914,0.11412947624921799,0.17260889164705928,0.27625600604360484,0.12573229659938776,0.00041258200930083835,0.48966213241610007,0.385671251548061,0.6639523611401064,/volumes/Seagate/mtg-jamendo-dataset/00/1009600.mp3
354.0897959183674,129.19921875,0.6114929613945612,0.24534432983398438,0.3880367577075958,0.4735911325808496,0.7316542019033908,0.3454146037575002,0.0002349173746495529,0.7231996869347508,0.5304710785811283,0.7335990170585088,/volumes/Seagate/mtg-jamendo-dataset/00/1295900.mp3
528.0156235827665,123.046875,0.5756380284053211,0.45679040527343745,0.14425405859947205,0.15644996189997434,0.2849354430339764,0.12706501919900465,0.0009430962967633765,0.2999911328002719,0.4063157907345785,0.6706683029488942,/volumes/Seagate/mtg-jamendo-dataset/00/1327700.mp3
160.03317460317461,132.51201923076923,0.5681892768553811,0.4695532531738282,0.14943864941596985,0.6320632342628203,0.985016265809554,0.39532542441855323,0.0032681383282305247,0.8857157689590349,0.5860917093322853,0.6365795719232922,/volumes/Seagate/mtg-jamendo-dataset/00/1210700.mp3
95.82875283446712,129.19921875,0.5301221905926512,1.0,0.09502023458480835,0.2571831221779053,0.5125911315347351,0.13498633496328907,0.00022536385196607423,0.29491371622056106,0.4641954625553788,0.6413681919394553,/volumes/Seagate/mtg-jamendo-dataset/00/1416200.mp3
256.0133333333333,95.703125,0.5653946678592455,0.456398910522461,0.20616500079631805,0.567677967385846,0.7837589939741498,0.44053301951484963,0.0012225326897098133,0.7530068908729488,0.5132924292500984,0.6715609144366548,/volumes/Seagate/mtg-jamendo-dataset/00/985000.mp3
364.3297959183673,143.5546875,0.5880205116428634,0.32504425048828123,0.4257623851299286,0.6404989728133361,0.8715807112841701,0.7373024379362687,0.0008249953966487606,0.2999999999961284,0.6168640047190601,0.7299016577029622,/volumes/Seagate/mtg-jamendo-dataset/00/454900.mp3
165.91097505668935,166.70866935483872,0.5453914974623384,0.5243850708007812,0.16433990001678467,0.36372164850813626,0.65906603095,0.21610428531687179,0.0007722597697735896,0.2999999999999941,0.6353482384687876,0.6320927163122849,/volumes/Seagate/mtg-jamendo-dataset/00/1324900.mp3
246.15383219954649,156.60511363636363,0.5682698864274884,0.5140906219482423,0.18316158652305603,0.8743521641863943,1.0,0.5562583833554589,0.005395991463033653,0.5096892924470087,0.7632102272727272,0.6132961256937547,/volumes/Seagate/mtg-jamendo-dataset/00/1138700.mp3
233.2473469387755,105.46875,0.5566156961666535,0.472117919921875,0.30323413014411926,0.5234692972313887,0.8359359604448993,0.3070461109269895,0.0021983627077637293,0.29999999999985255,0.48267267441797107,0.7126297519682887,/volumes/Seagate/mtg-jamendo-dataset/00/506100.mp3
166.6884126984127,156.60511363636363,0.5195718271662614,0.3584664306640626,0.161139577627182,0.19579935811549526,0.443787342341888,0.185562905357428,0.0005062335567047215,0.7217791834115254,0.2961002593062426,0.698790196084537,/volumes/Seagate/mtg-jamendo-dataset/00/1398500.mp3
63.03578231292517,132.51201923076923,0.5739480766352505,0.33337715148925784,0.10473687946796417,0.27542728254357346,0.4703774612206803,0.368818218568926,0.00012357336408319464,0.6191964399068601,0.4431630586830672,0.6490726648718537,/volumes/Seagate/mtg-jamendo-dataset/00/1314100.mp3
226.5,161.4990234375,0.5196111143136217,0.47646983337402354,0.11981594562530518,0.26066947774636845,0.5534367664070262,0.12021902464027204,0.0015991199227251625,0.2999999999851088,0.5760710876820432,0.6279195228887012,/volumes/Seagate/mtg-jamendo-dataset/00/1398100.mp3
295.4950113378685,95.703125,0.564808650227211,0.4077901611328126,0.19384440779685974,0.6092421183242434,0.8651300334182429,0.6942999352200029,0.0012132576570075197,0.619280136156664,0.5392669128588976,0.66193060423509,/volumes/Seagate/mtg-jamendo-dataset/00/159200.mp3
198.29333333333332,117.45383522727273,0.6028158040356979,0.1921912384033203,0.28423815965652466,0.6251362829419386,0.7445508146341654,1.0,0.00040356701520761703,0.7573927194661554,0.6375298397269953,0.6748197695309498,/volumes/Seagate/mtg-jamendo-dataset/00/12100.mp3
189.25714285714287,101.33272058823529,0.5550460051342757,0.18084881591796872,0.2274855375289917,0.4089517988324259,0.7520198909486318,0.39886292569219395,0.0013050770143807266,0.8474804081794822,0.4211957026024644,0.6976556529899441,/volumes/Seagate/mtg-jamendo-dataset/00/308500.mp3
165.756462585034,156.60511363636363,0.5863392788724067,0.24872436523437508,0.23397454619407654,0.3992734675535574,0.5913343322382811,0.528696715738694,0.00019468173914295365,0.33911270423026973,0.6426550490874018,0.6556998268123871,/volumes/Seagate/mtg-jamendo-dataset/00/1189900.mp3
358.08653061224487,117.45383522727273,0.5735332446112632,0.6595203323364258,0.0922432616353035,0.31501421922884215,0.6502420738012743,0.1804729385641671,0.0012339131988449072,0.812159779766922,0.42147331999655047,0.6489129101893991,/volumes/Seagate/mtg-jamendo-dataset/00/1346200.mp3
217.43780045351474,139.6748310810811,0.6017586142342868,0.5295197906494141,0.10769978910684586,0.4711322901321446,0.7979173872791077,0.17910635521540222,0.002084178972330765,0.5923689272457133,0.6248433664360815,0.6138032507912482,/volumes/Seagate/mtg-jamendo-dataset/00/506000.mp3
193.67290249433105,95.703125,0.473990414913638,0.3127327728271484,0.12216413766145706,0.319915235241755,0.4023025993150839,0.34079057023635817,0.0001600708378728827,0.9555833338054658,0.5224461833571058,0.6394898528867035,/volumes/Seagate/mtg-jamendo-dataset/00/1251300.mp3
107.36907029478458,135.99917763157896,0.5782146077428946,0.24381051635742193,0.2966904640197754,0.5670538863313663,0.7653356299913164,0.8886002178218344,0.0004644606170155928,0.7057307667097339,0.6066962035363326,0.6854693263398527,/volumes/Seagate/mtg-jamendo-dataset/00/1131100.mp3
401.9097278911565,126.04801829268293,0.5743453677025117,0.28318789672851563,0.31695351004600525,0.440530626262421,0.6648177922545487,0.5242181918612762,0.0003431905480264083,0.35799301127646477,0.502365315988079,0.7136302004189461,/volumes/Seagate/mtg-jamendo-dataset/00/1314300.mp3
65.82478458049887,117.45383522727273,0.5876815079341977,0.5476993408203126,0.19250163435935974,0.5946204875509777,1.0,0.3243601324902138,0.002594622039196659,0.9304766155116726,0.5329267349679513,0.6627152413757792,/volumes/Seagate/mtg-jamendo-dataset/00/1274100.mp3
268.0,120.18531976744185,0.5144870028176675,0.44560289001464853,0.12558643519878387,0.2463498618629354,0.49105005269655544,0.16130589871138704,0.0010207631527883454,0.29993230481196975,0.3720861404033363,0.670793888590895,/volumes/Seagate/mtg-jamendo-dataset/00/399500.mp3
223.05959183673468,143.5546875,0.5396287986247168,0.40803314208984376,0.10959131270647049,0.20981352320608834,0.3769528844216549,0.16430135591628126,0.00032183539559958567,0.964144688677274,0.5405362930061491,0.6313456139730995,/volumes/Seagate/mtg-jamendo-dataset/00/1090200.mp3
182.4,99.38401442307692,0.5718634392167214,0.47831527709960936,0.15678654611110687,0.41149427387256493,0.7458418183652771,0.17737797504001393,0.001755716916615595,0.6459924433527234,0.5055687423082483,0.6553294081383487,/volumes/Seagate/mtg-jamendo-dataset/00/409700.mp3
33.103469387755105,114.84375,0.5592346635121355,0.6829856567382813,0.10008426010608673,0.29487631736245806,0.6742375771418317,0.13586699962371293,0.0007594307361211896,0.8502121187151612,0.3277894362418987,0.6704724463898115,/volumes/Seagate/mtg-jamendo-dataset/00/1416000.mp3
246.25575963718822,126.04801829268293,0.614134241823302,0.26967544555664064,0.3199171721935272,0.5494169453482891,0.7943861915558444,0.8609708952211864,0.0005592680496624629,0.4676146449644383,0.5870926883048013,0.6977516443287095,/volumes/Seagate/mtg-jamendo-dataset/00/429200.mp3
240.02721088435374,109.95678191489361,0.53447022617763,0.514056182861328,0.11983508616685867,0.3604649423998136,0.6389948709342271,0.25053540566844607,0.0004501050713805896,0.29999999999992116,0.5004401209986644,0.6430526068203363,/volumes/Seagate/mtg-jamendo-dataset/00/1393100.mp3
292.9509523809524,120.18531976744185,0.5840585420835733,0.7515086669921874,0.2635021209716797,0.5729911594724245,0.8196883820723282,0.3629037854996312,0.0012559481395533463,0.5446295316883359,0.5455923713267603,0.6857422892844526,/volumes/Seagate/mtg-jamendo-dataset/00/934000.mp3
155.5524036281179,123.046875,0.5467662728032427,0.7379546966552735,0.06936948001384735,0.20165012425267792,0.296462756055619,0.22543582611734767,9.528283407384589e-05,0.417824925773975,0.3489477237547883,0.6551834680540275,/volumes/Seagate/mtg-jamendo-dataset/00/903600.mp3
272.3404308390023,139.6748310810811,0.6107848829867331,0.35449064636230465,0.3103456199169159,0.77567730075183,1.0,0.41395644317087726,0.00830426007918968,0.9542659468863,0.6251096190775688,0.686702499354576,/volumes/Seagate/mtg-jamendo-dataset/00/863700.mp3
234.45333333333335,123.046875,0.5409224118621263,0.6059914703369139,0.10088004171848297,0.3976603542149957,0.7443949850289547,0.21658198419072577,0.001051451573922464,0.2999999933784259,0.4612670127614736,0.6440634124663592,/volumes/Seagate/mtg-jamendo-dataset/00/1051200.mp3
207.41224489795917,126.04801829268293,0.5911140139708052,0.48023391723632813,0.13506095111370087,0.36871102104168635,0.718074157842369,0.3444351309067776,0.0006848939902219396,0.8763862753271923,0.45991840399316236,0.6566382616022999,/volumes/Seagate/mtg-jamendo-dataset/00/1330200.mp3
195.55705215419502,97.50884433962264,0.5643430093562227,0.6432568969726563,0.12832148373126984,0.5915739030626309,0.8480968714278586,0.48215590989916074,0.0010641436695721252,0.29999999999985566,0.5234344474945053,0.6415088446443561,/volumes/Seagate/mtg-jamendo-dataset/00/1178100.mp3
288.0,147.65625,0.5845038410933604,0.228134765625,0.2381662279367447,0.5819962729725585,0.7473698511252266,0.9465766448691214,0.0004573725187499909,0.29999547662556686,0.6425798600811289,0.6572238700410022,/volumes/Seagate/mtg-jamendo-dataset/00/1196900.mp3
264.3466666666667,139.6748310810811,0.6062154822945424,0.7972499847412109,0.14029453694820404,0.3772512968656359,0.6587601876054597,0.14326453704169875,0.002313200819538296,0.2999999999977882,0.40592808063687097,0.6693204171739793,/volumes/Seagate/mtg-jamendo-dataset/00/3900.mp3
176.16979591836736,135.99917763157896,0.5961561281241763,0.2647141418457031,0.29447901248931885,0.6451704059500853,0.8625592467580582,0.7296487322698597,0.0011866354838557145,0.6965512123277369,0.6293357981839577,0.6801452848593632,/volumes/Seagate/mtg-jamendo-dataset/00/1340000.mp3
294.41333333333336,107.666015625,0.585820519936119,0.23372427368164062,0.2530999183654785,0.3813698760609825,0.5670903382987652,0.7758313544332651,0.0001303568745025309,0.5621167455683065,0.4439458571737889,0.7023267991768145,/volumes/Seagate/mtg-jamendo-dataset/00/7200.mp3
400.0,120.18531976744185,0.5757923938226954,0.4760348510742187,0.1581130027770996,0.6006681669388092,0.7452207854239583,0.3976554104659872,0.0006220383257899784,0.7542962863421985,0.678358190136481,0.6212490429724596,/volumes/Seagate/mtg-jamendo-dataset/00/1300000.mp3
183.68,151.99908088235293,0.5881779746184341,0.43652694702148437,0.14812742173671722,0.5850096969302053,0.8600737491410425,0.5763956827988734,0.0010432348875190876,0.7589254596693077,0.7199561839762093,0.6093346350299763,/volumes/Seagate/mtg-jamendo-dataset/00/436400.mp3
133.3333560090703,120.18531976744185,0.53764524968802,0.4930198669433594,0.14022792875766754,0.1645344813949292,0.3535882454628955,0.1381250199093197,0.00040682533481139886,0.2999989659935473,0.37355613801269744,0.6757708267502208,/volumes/Seagate/mtg-jamendo-dataset/00/1400500.mp3
297.0,120.18531976744185,0.5984179361618774,0.7323752517700196,0.08486784994602203,0.5761069174707659,0.7922345286825925,0.3453674553945133,0.0007361463797457913,0.7428418929153093,0.6645287814924821,0.5976466696820716,/volumes/Seagate/mtg-jamendo-dataset/00/1053500.mp3
155.22387755102042,132.51201923076923,0.5834154238779807,0.9575717544555664,0.1719229519367218,0.6403774423583021,0.8279681837699768,0.33948957440210153,0.0025998532900485243,0.7121841379451587,0.7057715199607998,0.6207379587050599,/volumes/Seagate/mtg-jamendo-dataset/00/719800.mp3
181.5131292517007,126.04801829268293,0.5261474994771949,0.5318620910644531,0.2314830869436264,0.5054526706749927,0.8188427662389539,0.3792448150257006,0.00166959210007821,0.6739023427961593,0.5228008880764676,0.678773733684412,/volumes/Seagate/mtg-jamendo-dataset/00/1257400.mp3
187.63755102040815,172.265625,0.534893596776906,0.6478138427734376,0.1441187709569931,0.4702748688824051,0.8307927793458064,0.18904023590415336,0.0030042084245071785,0.9471785398302,0.5770260863580843,0.6364775402729007,/volumes/Seagate/mtg-jamendo-dataset/00/1294200.mp3
226.25333333333333,143.5546875,0.5800866293014992,0.19062071228027339,0.2421177178621292,0.5626471290210514,0.7619718889568022,0.8425617766029878,0.00034330498838996217,0.549939636622682,0.6100143966846553,0.6651594990934355,/volumes/Seagate/mtg-jamendo-dataset/00/400400.mp3
175.06666666666666,161.4990234375,0.5778094492084065,0.5848795166015626,0.1511862576007843,0.4941494142258804,0.7791975198942112,0.30958124608767806,0.002059346002112534,0.8383778205971781,0.5091636545969518,0.652594321816892,/volumes/Seagate/mtg-jamendo-dataset/00/1166100.mp3
200.54807256235827,129.19921875,0.5537400120995384,0.5539185638427734,0.23843756318092346,0.34344876083143594,0.5920137226987666,0.2799698969549612,0.0003469674445876856,0.29989321055544416,0.46641312884757763,0.6925548969756169,/volumes/Seagate/mtg-jamendo-dataset/00/1231600.mp3
124.89142857142858,135.99917763157896,0.593438224850412,0.5920838317871094,0.39578139781951904,0.3612999103290403,0.6686793560283173,0.3029654618910941,0.0005538199303772065,0.6096720133499658,0.475115992958822,0.7474581046232625,/volumes/Seagate/mtg-jamendo-dataset/00/1296300.mp3
395.1107029478458,135.99917763157896,0.6002037253517147,0.4160670776367187,0.1972883939743042,0.5898153375814869,0.8882747743474007,0.7948209432729024,0.0007684571200710513,0.29999999999967786,0.45521844434970615,0.6799801329608083,/volumes/Seagate/mtg-jamendo-dataset/00/872000.mp3
130.75560416666667,133.92857142857142,0.46100413467111445,0.43448812866210945,0.05058884248137474,0.546851712879226,0.6944868173503302,0.3354580706260607,0.0008706703717146928,0.7544213594366795,0.7208505556953929,0.5740418721542163,/volumes/Seagate/mtg-jamendo-dataset/00/1162700.mp3
357.1332426303855,126.04801829268293,0.5929952530079268,0.6182917785644532,0.15026304125785828,0.6586940081004282,0.9412340317858544,0.49975761199047575,0.0017991148046169606,0.794130563425677,0.6822264381748564,0.6176494072178578,/volumes/Seagate/mtg-jamendo-dataset/00/224800.mp3
163.83077097505668,129.19921875,0.5814404594939051,0.39470841979980464,0.2588997185230255,0.42999076337914355,0.7675186360341668,0.29303758088601295,0.000699932702248557,0.5985292788687987,0.4906798341448142,0.6950679318393264,/volumes/Seagate/mtg-jamendo-dataset/00/1032000.mp3
356.181768707483,109.95678191489361,0.5126515558331524,0.5902123718261718,0.07074443250894547,0.35780938057089423,0.5863138375414303,0.24015744463321614,0.0005074911216166771,0.6454861691334348,0.4544727320945975,0.6345734492843008,/volumes/Seagate/mtg-jamendo-dataset/00/633200.mp3
145.71875283446713,139.6748310810811,0.5635256399373736,0.29198123168945306,0.10677330195903778,0.431627764738875,0.7142686503610267,0.5216916165337562,0.00037767612519925593,0.29999999904282326,0.6119234517574929,0.616053698353755,/volumes/Seagate/mtg-jamendo-dataset/00/1345300.mp3
94.74718820861678,117.45383522727273,0.5468163237504456,0.8454653930664062,0.23221023380756378,0.7549594945763702,0.9001833869896627,0.42309855619080633,0.0028897825543850258,0.9229018515491634,0.6143338959515472,0.6607289049804135,/volumes/Seagate/mtg-jamendo-dataset/00/1311300.mp3
143.4,132.51201923076923,0.5784497985499858,0.5044469299316405,0.12343467026948929,0.3793119726850136,0.6221597203000003,0.3653240711487426,0.00033487525389417494,0.45483537226053294,0.5092766114462446,0.6425811590077672,/volumes/Seagate/mtg-jamendo-dataset/00/1284300.mp3
214.0,120.18531976744185,0.5852176383569763,0.3043715820312499,0.23460474610328674,0.5361333716194165,0.8559941207023188,0.5245004650990469,0.001813159727497677,0.7614017391405303,0.526993427999332,0.6790590229973168,/volumes/Seagate/mtg-jamendo-dataset/00/347600.mp3
228.58170068027212,103.359375,0.5526983109006489,0.5375582885742187,0.16833166778087616,0.35232547071238346,0.6498734439060523,0.1531279691891845,0.0015785578667517272,0.5788069773303031,0.49155204372182587,0.6622889916567503,/volumes/Seagate/mtg-jamendo-dataset/00/588700.mp3
255.56251700680272,107.666015625,0.5629423312578312,0.7837264709472656,0.21455544233322144,0.5559051931861075,0.8336200773743139,0.2808205350940076,0.0023721298505634406,0.786837420609437,0.6059666114601971,0.6560466369479203,/volumes/Seagate/mtg-jamendo-dataset/00/1249300.mp3
354.9295918367347,139.6748310810811,0.502691020561606,0.8879046478271485,0.0571465790271759,0.3687291429858226,0.5707942993548376,0.12128840992714521,0.0013251527150021623,0.2999999620433348,0.5313268391183033,0.6143074006261227,/volumes/Seagate/mtg-jamendo-dataset/00/865000.mp3
217.85095238095238,129.19921875,0.570308578231167,0.4713937377929687,0.22594840824604034,0.7138684035447317,0.8565069728639677,0.5620783373301359,0.0010003624613546035,0.9639198873053381,0.6496668598290286,0.6514080550027688,/volumes/Seagate/mtg-jamendo-dataset/00/397700.mp3
259.41761904761904,123.046875,0.5406321738929878,0.5507104492187501,0.14585332572460175,0.17285604365745877,0.31979694744565473,0.17771138848108106,0.00027979447820708324,0.29999999998295607,0.38938870044222323,0.674629457172412,/volumes/Seagate/mtg-jamendo-dataset/00/1366700.mp3
720.0,95.703125,0.5789789019178975,0.31533912658691404,0.1658863127231598,0.5712090894941714,1.0,0.19852477094817386,0.0028215801292535542,0.49084387796141493,0.4705057140760874,0.66561792976512,/volumes/Seagate/mtg-jamendo-dataset/00/1417200.mp3
251.29956916099772,178.20581896551724,0.6163179461091686,0.8633725738525391,0.17487682402133942,0.5176527420825763,0.8392296573544406,0.1399285171822429,0.0018347251408397192,0.8787777997394837,0.6322242105353197,0.6365108145406183,/volumes/Seagate/mtg-jamendo-dataset/00/860000.mp3
227.44816326530614,99.38401442307692,0.5997329528457158,0.3144651794433594,0.24556571245193481,0.46541389882201545,0.7653152268570246,0.3296448966735597,0.000944258326020678,0.9018972399558656,0.5380592304575074,0.6807918103911951,/volumes/Seagate/mtg-jamendo-dataset/00/279600.mp3
85.33333333333333,178.20581896551724,0.5111691345255633,0.9229765319824219,0.13795237243175507,0.8173327107858153,1.0,0.20155678172208197,0.014825232713669327,0.3,0.798716755857167,0.5899195029039984,/volumes/Seagate/mtg-jamendo-dataset/00/1168500.mp3
169.47575963718822,95.703125,0.5095274203276274,0.5182177276611328,0.0907793864607811,0.1171516189841215,0.16008461762708687,0.1052750293224264,0.0008053005115407843,0.29627939145545756,0.3172226282526751,0.6692360534753462,/volumes/Seagate/mtg-jamendo-dataset/00/1022300.mp3
121.6232879818594,99.38401442307692,0.5533218528551627,0.4288158416748047,0.10762467235326767,0.19490322388313855,0.2774520224059404,0.3004977695825068,4.66322697101733e-05,0.7095269682592067,0.354318101295079,0.6678812617881607,/volumes/Seagate/mtg-jamendo-dataset/00/752300.mp3
110.96,139.6748310810811,0.5077598753324364,0.5714623718261721,0.12904046475887299,0.4091407634419363,0.7169332444434967,0.19742368798452578,0.0013930405434263461,0.7192947044570124,0.5234265172371786,0.6417692638657586,/volumes/Seagate/mtg-jamendo-dataset/00/170000.mp3
150.09378684807257,92.28515625,0.5160657227895454,0.36881848144531254,0.08653592318296432,0.48450419945169887,0.8071319590617925,0.2907707950928995,0.002090185477090117,0.7306710365285993,0.6316743297714636,0.6048180663915744,/volumes/Seagate/mtg-jamendo-dataset/00/1105600.mp3
159.06666666666666,161.4990234375,0.573159484561995,0.4772683715820312,0.26376664638519287,0.7633652576785278,1.0,0.3630705253844743,0.006883317971558972,0.7658093012736205,0.8023144241321986,0.6344931078722297,/volumes/Seagate/mtg-jamendo-dataset/00/1236300.mp3
282.352947845805,84.72079918032787,0.5639762338652246,0.5646488494873048,0.2466067522764206,0.572704259647078,0.9063489021609827,0.39230764602053914,0.0019134119605596917,0.29999999999999993,0.5571779933120018,0.6773428321571111,/volumes/Seagate/mtg-jamendo-dataset/00/166400.mp3
273.01839002267576,107.666015625,0.5638542228062571,0.3159373474121094,0.13214342296123505,0.33350774175659065,0.5811802656487554,0.2978416355859425,0.0005864281412434283,0.890640667440213,0.4968518517859966,0.6482012619088453,/volumes/Seagate/mtg-jamendo-dataset/00/399200.mp3
347.53845804988663,129.19921875,0.5113880933545403,0.82584716796875,0.1132379025220871,0.765126751347628,1.0,0.25413746043256324,0.009815008150419654,0.8675767231972795,0.6353579807423688,0.6136940487594775,/volumes/Seagate/mtg-jamendo-dataset/00/1395500.mp3
268.44444444444446,135.99917763157896,0.6119071744612609,0.4100490264892578,0.20618858933448792,1.0,1.0,0.6896114143219108,0.01558238409758329,0.8539999514406267,0.7219983552631579,0.629828221107784,/volumes/Seagate/mtg-jamendo-dataset/00/1365200.mp3
239.01907029478457,120.18531976744185,0.5740895285607363,0.5608780975341796,0.17641222476959229,0.8694763030552957,1.0,0.6112296056902671,0.005229369785571949,0.9204483474920775,0.7803706395348837,0.6074342730100765,/volumes/Seagate/mtg-jamendo-dataset/00/1388000.mp3
211.20664583333334,130.8139534883721,0.553282094362018,0.6039602661132812,0.1727016121149063,0.44046133545968796,0.821873240768867,0.1976591475424375,0.0021201640195863715,0.34481165078042697,0.5717072657015217,0.647831127221062,/volumes/Seagate/mtg-jamendo-dataset/00/1069500.mp3
58.1740589569161,120.18531976744185,0.5951670415163282,0.6911543273925781,0.17876899242401123,0.6231379769264616,0.9275115490846257,0.2847102228755275,0.002501702718841469,0.5571617899781187,0.5283105247189039,0.6586947323288633,/volumes/Seagate/mtg-jamendo-dataset/00/1349100.mp3
121.64,101.33272058823529,0.6308333227519096,0.2619076080322266,0.287517786026001,0.6620343877476758,0.9191534748000008,0.9247296309573136,0.0028038515716152703,0.6928105975661711,0.5738469360901026,0.6887370157513398,/volumes/Seagate/mtg-jamendo-dataset/00/45500.mp3
269.53333333333336,90.66611842105263,0.5475836300768376,0.38111419677734376,0.20094645023345947,0.5853937971194673,0.9295520150334687,0.371478879158192,0.002220934908871671,0.7376986051930066,0.5748300271610185,0.6573747166518418,/volumes/Seagate/mtg-jamendo-dataset/00/1194600.mp3
195.0078231292517,161.4990234375,0.5892910545120338,0.440775146484375,0.2835516333580017,0.23931185717550765,0.45772208937310194,0.23132440897547038,0.00036669663954518527,0.29999999999926247,0.40841446032281525,0.7203956959443175,/volumes/Seagate/mtg-jamendo-dataset/00/1070600.mp3
73.51351473922902,109.95678191489361,0.5356712816358379,0.6628210983276367,0.09197396785020828,0.7570059818979433,1.0,0.2702687086883503,0.003622905970850678,0.533719968306639,0.6262200170091846,0.607866625024238,/volumes/Seagate/mtg-jamendo-dataset/00/1275300.mp3
215.75380952380954,114.84375,0.5347418980354648,0.4340916137695312,0.19457460939884186,0.6199213203031952,0.9070726484810525,0.34415048874982934,0.0023752510777710297,0.7222488138194119,0.6405693090866414,0.6419329975662548,/volumes/Seagate/mtg-jamendo-dataset/00/1333600.mp3
300.0304761904762,117.45383522727273,0.5251914256694972,0.2715412292480469,0.11339427530765533,0.19147101282582096,0.34472313625732487,0.2575376829881753,7.630584967699753e-05,0.2933388902664425,0.3524053920041385,0.6703408607099283,/volumes/Seagate/mtg-jamendo-dataset/00/1393000.mp3
211.2,126.04801829268293,0.544853570457266,0.4727558898925782,0.15042145550251007,0.6094566779232331,0.6011577431681486,0.4118653066477895,0.0006556834321119441,0.8989850214234858,0.569072838835647,0.6403371562137743,/volumes/Seagate/mtg-jamendo-dataset/00/1190000.mp3
207.53333333333333,123.046875,0.5633480727062844,0.28242393493652346,0.1158287450671196,0.24769675613399864,0.3470671915442649,0.33751071064078286,0.00011835499092500848,0.2992049221034901,0.49504413071031617,0.6426895220820998,/volumes/Seagate/mtg-jamendo-dataset/00/1277800.mp3
54.680680272108845,129.19921875,0.560533825577249,1.0,0.009957259520888329,1.0,1.0,0.06875356014706643,0.002956893580312286,0.29942108824131064,0.6796875,0.5676471134275198,/volumes/Seagate/mtg-jamendo-dataset/00/1100200.mp3
245.63045351473923,129.19921875,0.5811173120793298,0.5576560058593751,0.24679243564605713,0.4969924967944399,0.7970637667143297,0.4127979322994062,0.000893788259987988,0.3,0.38685758609853277,0.7114737596128741,/volumes/Seagate/mtg-jamendo-dataset/00/1368300.mp3
335.05333333333334,123.046875,0.5965631447406277,0.6468035736083985,0.18889623880386353,0.6320596225900714,0.9910631401425638,0.38027551003160753,0.0024944004134215495,0.29999999997330135,0.5733778309225525,0.6533270797848804,/volumes/Seagate/mtg-jamendo-dataset/00/356100.mp3
119.97721088435374,151.99908088235293,0.6009086206748708,0.7385165252685547,0.18305762112140656,0.3323401122427005,0.5954119139244187,0.2547593310266371,0.00045822858933027076,0.7166795536546018,0.59729797687541,0.6464411482286243,/volumes/Seagate/mtg-jamendo-dataset/00/1317800.mp3
170.55342403628117,109.95678191489361,0.5437901619173449,0.590657958984375,0.16163930296897888,0.47128597554077895,0.8826899327814333,0.28277873793645025,0.002337769774650382,0.3,0.5702764361524607,0.6441348618383402,/volumes/Seagate/mtg-jamendo-dataset/00/484000.mp3
321.85469387755103,126.04801829268293,0.5806862646726003,0.46417504882812494,0.21502366662025452,0.7214403053193565,1.0,0.4191405744811696,0.004367750525168026,0.9550814705837307,0.6096025918654449,0.6554880016102027,/volumes/Seagate/mtg-jamendo-dataset/00/1385600.mp3
215.99963718820862,139.6748310810811,0.5537620957827085,0.35599612426757815,0.14782097935676575,0.3415967460004072,0.6600628163010492,0.22634618283834007,0.001184668925550282,0.6321187770856791,0.5543286722144005,0.6423498181255556,/volumes/Seagate/mtg-jamendo-dataset/00/1408400.mp3
156.77333333333334,151.99908088235293,0.5782066562848427,0.5785412902832031,0.09429753571748734,0.36650934912222105,0.6073280942035304,0.282625924748584,0.0006215449608644922,0.2999999999999989,0.4600977047059075,0.6419275719171139,/volumes/Seagate/mtg-jamendo-dataset/00/420700.mp3
124.00433106575964,120.18531976744185,0.597552571498658,0.6228948974609375,0.1523950695991516,0.6248700322793305,0.814857110588229,0.9466127452211701,0.0005507952919153382,0.7530510902184981,0.6070496819589435,0.6334522886639059,/volumes/Seagate/mtg-jamendo-dataset/00/1303000.mp3
472.0,99.38401442307692,0.6085579772110585,0.2184520568847656,0.2559410333633423,0.6196740693805438,0.9235016286099286,0.8872858167027126,0.0018774915409736233,0.2999999997231905,0.5144935416023708,0.6892400636903291,/volumes/Seagate/mtg-jamendo-dataset/00/1210600.mp3
196.4478231292517,114.84375,0.6095785166622663,0.9085027313232422,0.26249197125434875,0.6422026761551044,0.7464015509224481,0.35860101677667094,0.0026196165537786466,0.40696642016439594,0.5840010852191142,0.6776968926077427,/volumes/Seagate/mtg-jamendo-dataset/00/1072900.mp3
225.8721088435374,139.6748310810811,0.6214975510981335,0.2824848175048828,0.21701672673225403,0.7050552432946751,1.0,0.28607038270218227,0.0056042564079902156,0.9619394509050114,0.6012698679443271,0.6578720480347461,/volumes/Seagate/mtg-jamendo-dataset/00/1332600.mp3
175.14285714285714,139.6748310810811,0.5649041206812606,0.6671500396728516,0.10629971325397491,0.07293897820060678,0.12265080074395113,0.13807503645764285,0.00044419679627112575,0.29498650493172945,0.325616089534852,0.6731446788644606,/volumes/Seagate/mtg-jamendo-dataset/00/1385300.mp3
388.0133333333333,120.18531976744185,0.5623746604586755,0.7941126251220703,0.0865972712635994,0.5830196555302781,1.0,0.15327109214959778,0.005189699897269635,0.3823707979179253,0.5596384001773498,0.6192473376194259,/volumes/Seagate/mtg-jamendo-dataset/00/17500.mp3
61.25714285714286,109.95678191489361,0.5599118469698382,1.0,0.11604052037000656,0.35577943595054873,0.6505758722861525,0.24156925821674363,0.0008879261265299156,0.3,0.5342581379728157,0.6349229597386392,/volumes/Seagate/mtg-jamendo-dataset/00/82800.mp3
159.38560090702947,120.18531976744185,0.5809076142457374,0.27159277343750005,0.035792648792266846,0.47808735576229255,0.8624904538386278,0.36028311087976495,0.0009366584716264765,0.9267800226287838,0.4971447706125389,0.6134563994427082,/volumes/Seagate/mtg-jamendo-dataset/00/342300.mp3
210.25,161.4990234375,0.5418408233614562,0.8297275009155274,0.1346730887889862,0.2636537983750539,0.4195591990785525,0.20091311901523212,0.0002892605617712435,0.6539344096266586,0.6020840142420931,0.6280655091156164,/volumes/Seagate/mtg-jamendo-dataset/00/1415800.mp3
322.1431065759637,112.34714673913044,0.562891151183712,0.6170473480224609,0.08309340476989746,0.5322498367002741,0.8383497264674672,0.14731767088465175,0.0049301477489207685,0.7185008827894002,0.596819132589049,0.6105497991993533,/volumes/Seagate/mtg-jamendo-dataset/00/74700.mp3
173.13333333333333,126.04801829268293,0.5731134091055805,0.20111209106445316,0.27190399169921875,0.5545697613977552,0.9128030676499473,0.6785034500918334,0.0017397666434320626,0.6173774255720424,0.541668467232699,0.6895517435651789,/volumes/Seagate/mtg-jamendo-dataset/00/1357000.mp3
254.4180498866213,135.99917763157896,0.5754432765989972,0.3959441528320313,0.20249034464359283,0.530641051624619,0.8440299431161224,0.297963213181461,0.001984666210480274,0.2999999998993475,0.6503563285518206,0.6428252583613293,/volumes/Seagate/mtg-jamendo-dataset/00/1165400.mp3
386.7712471655329,151.99908088235293,0.5759866438658969,1.0,0.14296285808086395,0.332070719459943,0.5677469289610706,0.2612207275341649,0.00047717317960483535,0.2999999511474013,0.53415230572142,0.644636167764827,/volumes/Seagate/mtg-jamendo-dataset/00/683800.mp3
71.1,99.38401442307692,0.52583765020547,0.9478962707519532,0.028317151591181755,0.30400682796581396,0.4648127580942678,0.10265564957690393,0.002703957017767955,0.3,0.4998866044600563,0.6102168536808142,/volumes/Seagate/mtg-jamendo-dataset/00/1266500.mp3
323.8672916666667,119.68085106382979,0.5684281331166561,0.5496100158691405,0.12791807949543,0.1893540754586545,0.40976181242488874,0.12264895576532092,0.0009167390892959981,0.3141761390293917,0.2904643681493311,0.6879576349884886,/volumes/Seagate/mtg-jamendo-dataset/00/729300.mp3
661.9148979591837,126.04801829268293,0.6416722654265378,0.24336761474609375,0.07112245261669159,0.3736149547306315,0.5779405131308823,0.5611504094273749,9.375302291846943e-05,0.8732237454242395,0.5704837561718161,0.6115073317076458,/volumes/Seagate/mtg-jamendo-dataset/00/1313000.mp3
197.64244897959185,112.34714673913044,0.562450159366845,0.5770796585083007,0.030699407681822777,0.5742583264661972,0.6981243773805611,0.6958881578947368,0.0005722817838157068,0.29999999999535665,0.5395677506825328,0.6031382366289496,/volumes/Seagate/mtg-jamendo-dataset/00/1090700.mp3
151.49961451247165,120.18531976744185,0.5452061663571957,0.36037710571289067,0.15047796070575714,0.4841534538333851,0.7503444759894609,0.3199229978506682,0.0010429046309071055,0.7893095368862804,0.42653386891074824,0.6688652920719229,/volumes/Seagate/mtg-jamendo-dataset/00/1356500.mp3
177.23557823129252,129.19921875,0.6141735018643372,1.0,0.24985024333000183,0.7718538941215934,0.9856560675768818,0.31546973507203957,0.004235838874447286,0.46466474380346506,0.763487736496303,0.63724854029954,/volumes/Seagate/mtg-jamendo-dataset/00/36600.mp3
268.04970833333334,140.625,0.6109808238189667,0.3320941009521485,0.2163393199443817,0.6289907462179084,0.8915638814022813,0.669078644706065,0.0008686579737510374,0.6437972970221943,0.5969726790932753,0.6584876193613224,/volumes/Seagate/mtg-jamendo-dataset/00/47400.mp3
247.0,135.99917763157896,0.5750231043310878,1.0,0.08882512152194977,0.33102171524435176,0.6310715594017049,0.12282089937233098,0.000683436110383043,0.29999964198900525,0.46884988425050905,0.6382070668978,/volumes/Seagate/mtg-jamendo-dataset/00/1337900.mp3
182.95215419501133,143.5546875,0.5488778909352521,0.5697266387939454,0.11818297952413559,0.43994170847537534,0.7374422802549498,0.2446335736915336,0.0011529581362194339,0.7490609017904175,0.523452795963631,0.6378553134359626,/volumes/Seagate/mtg-jamendo-dataset/00/1323600.mp3
149.7338775510204,126.04801829268293,0.5581960251524185,0.29311528015136723,0.17076706886291504,0.704828479002443,1.0,0.49065198234553287,0.003181354508122798,0.5406785432683023,0.6469299681771639,0.6320901511552167,/volumes/Seagate/mtg-jamendo-dataset/00/1374700.mp3
290.70390022675736,93.96306818181819,0.5250907676243239,0.7956659545898437,0.13101905584335327,0.2253999920840837,0.43529835683894336,0.08879198160991195,0.0013181286919687525,0.29999999999815746,0.3452213408043857,0.6781225919427301,/volumes/Seagate/mtg-jamendo-dataset/00/153400.mp3
163.58666666666667,132.51201923076923,0.5384289930727466,0.317645263671875,0.2639482915401459,0.46717280483600954,0.7447996036680157,0.4498024166956594,0.0007049386714719471,0.5403424697426561,0.6221595043474623,0.6705894840849601,/volumes/Seagate/mtg-jamendo-dataset/00/1354100.mp3
255.36768707482995,135.99917763157896,0.578380011207393,0.5444318389892578,0.263763427734375,0.4885071274179939,0.7302442401075274,0.6331579134121946,0.0005459480379318942,0.29999999585061554,0.6406571131019262,0.6668234113639897,/volumes/Seagate/mtg-jamendo-dataset/00/1134300.mp3
178.65372916666666,98.6842105263158,0.5103161674364536,0.5928220825195314,0.13534124195575714,0.11593826427840147,0.2855985055683929,0.066603757923662,0.0031002332648876313,0.7746609174607597,0.39479638299661246,0.6697635705047501,/volumes/Seagate/mtg-jamendo-dataset/00/1110500.mp3
58.512,119.68085106382979,0.5149053599357997,0.8702434158325195,0.07184172421693802,0.5873782995631185,0.9923461851372938,0.19157767443514756,0.002752170174132889,0.29999999999591287,0.6213442204767876,0.6015941766227402,/volumes/Seagate/mtg-jamendo-dataset/00/1086300.mp3
249.13333333333333,139.6748310810811,0.5644422757651857,0.7653931732177734,0.08136416226625443,0.44156367056057527,0.6961860024376231,0.37516898362049467,0.0007141390756203767,0.2999999999991256,0.5305751819069009,0.6231760620344715,/volumes/Seagate/mtg-jamendo-dataset/00/80700.mp3
332.2002494331066,114.84375,0.5714440796535613,0.5161448059082031,0.27514684200286865,0.7084483300789786,0.9018646888825479,0.4424951456476192,0.002517123253580642,0.39663832992691966,0.6935659982166064,0.6603396634777114,/volumes/Seagate/mtg-jamendo-dataset/00/1378900.mp3
276.0,120.18531976744185,0.555139545484798,0.7281709594726561,0.07426638901233673,0.35779590867810324,0.6356074215249974,0.21474289853317918,0.0006544050487537899,0.2999999999999258,0.44447295899398176,0.6378413082456449,/volumes/Seagate/mtg-jamendo-dataset/00/49100.mp3
49.34061224489796,151.99908088235293,0.5946293565647226,0.8802626342773437,0.03305267170071602,0.12142691542973326,0.3005219555494933,0.03004304160688666,0.008970203023060787,0.5054400212218458,0.45274551562213916,0.62134985868783,/volumes/Seagate/mtg-jamendo-dataset/00/966300.mp3
150.0,120.18531976744185,0.5374255571499171,0.7419502410888671,0.10281366109848022,0.30301034019707906,0.4333730986210038,0.3180265045684513,0.00012434157032357974,0.6932925550245255,0.4611447368729927,0.6447839706208545,/volumes/Seagate/mtg-jamendo-dataset/00/1170400.mp3
224.3408843537415,120.18531976744185,0.5677690236409862,0.3601658325195312,0.26067236065864563,0.8553757561646387,1.0,0.6672688076497821,0.005455652467031498,0.29999999058060745,0.6609992639947524,0.661642197038162,/volumes/Seagate/mtg-jamendo-dataset/00/174900.mp3
214.5,161.4990234375,0.5791657322189151,0.5468241119384766,0.06584186106920242,0.20424120214712702,0.42295233677651406,0.09034581447784601,0.00131194340274937,0.3,0.39260107113887266,0.6451828557571384,/volumes/Seagate/mtg-jamendo-dataset/00/1173500.mp3
491.0743990929705,135.99917763157896,0.5615233994467298,0.8372807998657228,0.18081790208816528,0.9164367317954678,1.0,0.4527190929860029,0.010566418354717501,0.7697064046051255,0.7100508433388353,0.6230842760839724,/volumes/Seagate/mtg-jamendo-dataset/00/1304400.mp3
311.04,123.046875,0.5554002411871433,0.48323272705078124,0.05074332281947136,0.2719898735505019,0.5027499831017427,0.22430721638409695,0.00025283284420798226,0.2981105333537609,0.44201036546252137,0.6298655231225054,/volumes/Seagate/mtg-jamendo-dataset/00/1395100.mp3
403.58113378684806,126.04801829268293,0.5547265901226901,0.5726857528686523,0.12305355072021484,0.5531610743237421,0.8367898106181206,0.2774796139883613,0.001172435012813757,0.5177176339319626,0.5561171926116439,0.6330758397369486,/volumes/Seagate/mtg-jamendo-dataset/00/89300.mp3
323.96467120181404,126.04801829268293,0.5714744764899626,0.4687740631103516,0.12301113456487656,0.5532840115425031,0.8532124807404898,0.22186590959946295,0.00225591126572963,0.29999999997323,0.5366013062875771,0.6369637471858401,/volumes/Seagate/mtg-jamendo-dataset/00/1123300.mp3
172.3636507936508,109.95678191489361,0.5471467299932865,1.0,0.13691584765911102,0.39925521563490374,0.7061330226032947,0.07390406536920491,0.01047929970805631,0.2999993872528537,0.44324659984348386,0.6606403851885831,/volumes/Seagate/mtg-jamendo-dataset/00/1310500.mp3
69.00972789115646,126.04801829268293,0.538359379284074,0.2547317199707032,0.1005108505487442,0.7101265396688977,1.0,0.48208578637510513,0.005102488269365987,0.2998576720490467,0.5490312866729015,0.6263776488629677,/volumes/Seagate/mtg-jamendo-dataset/00/1226700.mp3
209.96097505668934,107.666015625,0.5510918678693506,0.7574478912353516,0.1812647581100464,0.5160575427367803,0.7405607950971849,0.35072132275096596,0.0007446210007373353,0.30093116369116507,0.5086642217448116,0.6635224685706544,/volumes/Seagate/mtg-jamendo-dataset/00/40300.mp3
138.79510204081632,83.35433467741936,0.6020814803599177,1.0,0.21580195426940918,0.32833888077254075,0.6198298199803906,0.24345645765115115,0.0005165715171854815,0.3804745460103185,0.36002087673952554,0.7056845281890822,/volumes/Seagate/mtg-jamendo-dataset/00/1320000.mp3
168.25848072562357,126.04801829268293,0.5616625753080982,0.494414031982422,0.17587794363498688,0.3217310947212419,0.6350952931912571,0.2729984029295892,0.001065053360630752,0.4637818718240741,0.4358837030371867,0.676139319101158,/volumes/Seagate/mtg-jamendo-dataset/00/1363600.mp3
196.91498866213152,120.18531976744185,0.5916526463591947,0.6809426879882813,0.23727668821811676,0.6490024909352341,0.8806766377549514,0.5325540227868525,0.001346991634828701,0.6015934887602511,0.5353131641164774,0.6783569749352266,/volumes/Seagate/mtg-jamendo-dataset/00/1157600.mp3
236.3077097505669,129.19921875,0.5924216795791439,0.6968624725341797,0.3377232849597931,0.804233720072505,1.0,0.48850564520187795,0.006818646209520295,0.9632916358453452,0.7291854123421686,0.6757433001170918,/volumes/Seagate/mtg-jamendo-dataset/00/1321300.mp3
290.66668934240363,120.18531976744185,0.5921229501880096,0.7303809356689454,0.08444250375032425,0.5577811898632492,0.8316696043830498,0.1794726812901617,0.004072540962666908,0.6375464971369529,0.5301627266860491,0.6243667560129069,/volumes/Seagate/mtg-jamendo-dataset/00/159600.mp3
174.94666666666666,135.99917763157896,0.5345196269308752,0.5567405395507814,0.10964678227901459,0.45767441804305553,0.8084172834377455,0.15174198686044196,0.0050613263324933,0.9496023634267133,0.5111940139704512,0.6372340388263551,/volumes/Seagate/mtg-jamendo-dataset/00/75200.mp3
318.37333333333333,114.84375,0.5729048413276226,0.13121078491210938,0.3671816289424896,0.5456400856173174,0.9031842022657738,0.677968377977183,0.0014425301494976068,0.621171334768823,0.6055377794108384,0.7110778305371286,/volumes/Seagate/mtg-jamendo-dataset/00/149800.mp3
198.2,120.18531976744185,0.5832897007789404,0.6945384826660156,0.20230890810489655,0.8466549737795344,1.0,0.4030330651244657,0.010230488329766035,0.8583958773448908,0.6446523558503419,0.6439007357476945,/volumes/Seagate/mtg-jamendo-dataset/00/1121400.mp3
286.53,139.6748310810811,0.6053176657106694,0.28443124389648444,0.3482687771320343,0.7771866197432742,1.0,0.4165235008103728,0.004555161153117874,0.29999886770564016,0.7736173446886412,0.6706532908298042,/volumes/Seagate/mtg-jamendo-dataset/00/1378100.mp3
145.3129931972789,107.666015625,0.5808280664156593,0.4362533264160156,0.26146557927131653,0.48387190981702205,0.7105655504383827,0.5868292293212938,0.0006259649834007091,0.299999999998755,0.5723992356306357,0.6796477614115468,/volumes/Seagate/mtg-jamendo-dataset/00/1124800.mp3
109.64809523809524,120.18531976744185,0.5954835625818826,0.360668701171875,0.28155142068862915,0.5708806609031486,0.8911967923194565,0.5646285943007657,0.0026131969066968234,0.893254711581275,0.6108571493874575,0.6791870815704151,/volumes/Seagate/mtg-jamendo-dataset/00/31500.mp3
263.5733333333333,99.38401442307692,0.5600102181135789,0.5719728088378906,0.15764401853084564,0.3342861950249146,0.5382260041939594,0.16016772254230932,0.0009791047563615068,0.6521927176087248,0.3867673118913531,0.6793983842928338,/volumes/Seagate/mtg-jamendo-dataset/00/996100.mp3
258.95183673469387,129.19921875,0.6044829581428728,0.5319314880371094,0.20815163850784302,0.3082863632011694,0.5072250284244944,0.18387586727245886,0.000844588594830852,0.747416715456513,0.49037456991792294,0.6768596758792389,/volumes/Seagate/mtg-jamendo-dataset/00/117800.mp3
341.4374603174603,120.18531976744185,0.5575684877199041,0.7401015319824218,0.052902739495038986,0.5340920785878912,0.9436305404571935,0.11923892553217075,0.003627400350376016,0.2999999999992275,0.504484887101031,0.6181480087980078,/volumes/Seagate/mtg-jamendo-dataset/00/318600.mp3
300.06857142857143,129.19921875,0.5158901726269554,1.0,0.047366417944431305,0.7026106129275984,1.0,0.08989606355090093,0.007108737713067336,0.5614731911376326,0.6242843537228624,0.5921950397154229,/volumes/Seagate/mtg-jamendo-dataset/00/1211600.mp3
205.3919954648526,117.45383522727273,0.5044227815666275,0.7637181091308594,0.043459877371788025,0.20908080834994217,0.3209049931335267,0.1885155880556601,9.45233786824983e-05,0.29999555763712893,0.3437220371483922,0.6469011484241652,/volumes/Seagate/mtg-jamendo-dataset/00/1420800.mp3
189.6602947845805,129.19921875,0.5923615092578864,0.49876113891601564,0.24003267288208008,0.5323573974662585,0.9115736529429944,0.2414884976469745,0.0033475127931904356,0.5936232131705339,0.5057946307428195,0.685252836088985,/volumes/Seagate/mtg-jamendo-dataset/00/769000.mp3
135.970589569161,120.18531976744185,0.5118075194892512,0.4351946868896484,0.06318499892950058,0.1730643788419346,0.29022562495344734,0.12430527788884446,0.0003591714110112393,0.3277007169501195,0.47225913803677294,0.6282947720072657,/volumes/Seagate/mtg-jamendo-dataset/00/1357400.mp3
204.04244897959182,129.19921875,0.5846265510334276,0.594302764892578,0.3456355631351471,0.9302176716284671,1.0,0.5213228324601881,0.010485657717639768,0.5688296929874154,0.6712658917140824,0.6901756243858365,/volumes/Seagate/mtg-jamendo-dataset/00/1393900.mp3
296.05333333333334,120.18531976744185,0.5885370118687407,0.6311887969970704,0.11587415635585785,0.4429637626840443,0.6564745588046553,0.3334641798182688,0.0004245138016421414,0.29999999997745846,0.5930610287353065,0.6231024905410476,/volumes/Seagate/mtg-jamendo-dataset/00/6700.mp3
234.44,95.703125,0.5673315834367507,0.43426614379882805,0.17943169176578522,0.7440066486131434,0.9184935646589397,0.7229725828680067,0.002550143409501279,0.30146330864276244,0.7075491236807954,0.6230855842995235,/volumes/Seagate/mtg-jamendo-dataset/00/165900.mp3
147.5,147.65625,0.5675225953834613,0.7887195434570313,0.11182776093482971,0.4015100487649355,0.6113795578577668,0.15057716858160317,0.001216516583821756,0.2999999999999977,0.5351343746469599,0.6332311190071468,/volumes/Seagate/mtg-jamendo-dataset/00/659900.mp3
357.04163265306124,139.6748310810811,0.5946250263266555,0.37657867431640624,0.16401445865631104,0.49384312459246377,0.7231908932239803,0.34699273701457833,0.0008705335430992323,0.6285003143748145,0.548349209608971,0.6493753631944778,/volumes/Seagate/mtg-jamendo-dataset/00/1278600.mp3
192.1941723356009,123.046875,0.5836577660175986,0.6447737121582031,0.2799575626850128,0.630188233475551,0.9202146271991969,0.30007675818226015,0.0033199332799663016,0.7447190953698115,0.6512487345996337,0.6705349756466779,/volumes/Seagate/mtg-jamendo-dataset/00/1420500.mp3
244.0,166.70866935483872,0.4780689440209407,0.2847467041015625,0.09557593613862991,0.3843749854937557,0.6316325335388234,0.3533098061151425,0.00012693442990625346,0.2999499694376777,0.7023850122908529,0.5939303345517362,/volumes/Seagate/mtg-jamendo-dataset/00/1242000.mp3
203.11429166666667,100.44642857142857,0.5248003953715757,0.681834846496582,0.1009751483798027,0.1447177484239681,0.4212533532847429,0.08872710132415891,0.004498009764846591,0.29999997811011,0.31172944603831454,0.6740051642090661,/volumes/Seagate/mtg-jamendo-dataset/00/1030900.mp3
197.76,120.18531976744185,0.5403205580955416,0.8692070922851564,0.23947227001190186,0.40500176028058327,0.7383891091647418,0.2716569729980498,0.0010978218648696803,0.2999999999965124,0.3828953619680779,0.7096309448106691,/volumes/Seagate/mtg-jamendo-dataset/00/338000.mp3
295.68,114.84375,0.5427103445720454,0.7686383972167968,0.19899418950080872,0.2686752080370502,0.47652545420022946,0.15336816741812778,0.0003980272159078093,0.9760144567676287,0.3983384545511779,0.6919702173100556,/volumes/Seagate/mtg-jamendo-dataset/00/504000.mp3
301.73,129.19921875,0.5569273809680393,0.42530590820312497,0.13192427158355713,0.3243613211978746,0.3675574095470043,0.41672677652552814,5.947064247272866e-05,0.2998721597791785,0.41518071112633087,0.6644565955448144,/volumes/Seagate/mtg-jamendo-dataset/00/1222900.mp3
250.88,123.046875,0.5751971522386292,0.6003379364013672,0.24858590960502625,0.5820796648044307,0.8747707094337014,0.30635433008656787,0.002230007624052784,0.7162149148429402,0.5589456847978221,0.677701790498245,/volumes/Seagate/mtg-jamendo-dataset/00/661600.mp3
264.70673469387754,99.38401442307692,0.586943105470587,0.7767112350463868,0.16913865506649017,0.6759522752088029,0.8924432371253945,0.25236906290115535,0.0022669724189485155,0.3,0.5638505757870607,0.6481198006665243,/volumes/Seagate/mtg-jamendo-dataset/00/1309600.mp3
184.66666666666666,90.66611842105263,0.5548930149360989,0.7207091522216796,0.11722540110349655,0.47030038486052106,0.7229885058964379,0.22225851266434202,0.002084889869301188,0.2999999999999981,0.618089391948252,0.6185832660076084,/volumes/Seagate/mtg-jamendo-dataset/00/974000.mp3
96.0,161.4990234375,0.5285641797710074,0.22673309326171873,0.28180116415023804,0.3468706074336945,0.7614339870586736,0.18931772798197205,0.001648855867844461,0.9369101748540449,0.4979009576825106,0.7018682275575835,/volumes/Seagate/mtg-jamendo-dataset/00/1164200.mp3
189.81333333333333,84.72079918032787,0.5634720689611724,0.4495725860595703,0.225409135222435,0.6438135088475594,0.9352516000068242,0.36696770343850227,0.0024598076598668557,0.7974542063223318,0.5020599101100074,0.6807353066580751,/volumes/Seagate/mtg-jamendo-dataset/00/1115100.mp3
199.6,135.99917763157896,0.5630429036357076,0.6007444152832032,0.1732635498046875,0.34389234132719837,0.6674678068874306,0.20894521735306343,0.001062492781392963,0.29999999999997856,0.33645382694902753,0.695084112539882,/volumes/Seagate/mtg-jamendo-dataset/00/47900.mp3
192.80979591836734,112.34714673913044,0.549852894574878,0.47558119201660154,0.1600605994462967,0.6513220586151691,0.953333932300255,0.5159329620752855,0.002000480903089561,0.8764442345854173,0.6826186062361622,0.6210980945534343,/volumes/Seagate/mtg-jamendo-dataset/00/1367200.mp3
166.5,120.18531976744185,0.5537754634915416,0.738584228515625,0.046861689537763596,0.270484142282325,0.4486910420296367,0.2784365210825445,0.00037925585575012614,0.2998693141656045,0.5146119354204489,0.6139478211495051,/volumes/Seagate/mtg-jamendo-dataset/00/893500.mp3
278.01251700680274,143.5546875,0.5196726785720183,0.34585870361328136,0.04878140240907669,0.19265843290096057,0.3024467184939746,0.14243792440012343,0.0003200635568303981,0.5453040619468947,0.43354862031443714,0.6308515808043802,/volumes/Seagate/mtg-jamendo-dataset/00/168800.mp3
180.2,90.66611842105263,0.5467456693767176,0.3488062591552734,0.13519050180912018,0.41160987959244705,0.6531698396824448,0.3434426667420907,0.0002670646712815822,0.619468075084894,0.624619261904813,0.6237447282703206,/volumes/Seagate/mtg-jamendo-dataset/00/213200.mp3
162.6819954648526,99.38401442307692,0.6019313359395744,0.2155423889160157,0.3244406282901764,0.7030767797633349,1.0,0.7149201177304001,0.0032561124401653844,0.8074675322642726,0.5593296793416511,0.7049326903161333,/volumes/Seagate/mtg-jamendo-dataset/00/16000.mp3
222.58068027210885,129.19921875,0.5497830802766748,0.6223965148925781,0.2304760068655014,0.39753516859349347,0.561751261677049,0.3343557423681893,0.0007222264363537644,0.7360231139058182,0.48505709256695256,0.6859599439581899,/volumes/Seagate/mtg-jamendo-dataset/00/199300.mp3
302.09115646258505,90.66611842105263,0.5818854719053327,0.5730103149414064,0.15832510590553284,0.6086540527643055,0.9720088565729261,0.21244071164770065,0.002910674766752449,0.9509485821892334,0.5834462538523593,0.64030778735552,/volumes/Seagate/mtg-jamendo-dataset/00/721200.mp3
273.44979591836733,114.84375,0.5544166257746415,0.5869959869384767,0.1502991020679474,0.5672500623711468,0.8116465154333529,0.20928949978979286,0.007033142513451237,0.3,0.5234073432361807,0.649426208097225,/volumes/Seagate/mtg-jamendo-dataset/00/210600.mp3
263.20897959183674,139.6748310810811,0.5632197916292252,0.6157009887695313,0.12909069657325745,0.6878786672570429,0.9193897131964414,0.27126994731638465,0.0024668854161229367,0.3,0.7320903115229581,0.6000545884617811,/volumes/Seagate/mtg-jamendo-dataset/00/1378200.mp3
41.973333333333336,166.70866935483872,0.5720049430574259,1.0,0.026064861565828323,0.22240465287549455,0.5064799853766514,0.08155352903086553,0.0011182085599702252,0.27900343045448217,0.6146969030729941,0.5864439695490994,/volumes/Seagate/mtg-jamendo-dataset/00/272800.mp3
169.78666666666666,120.18531976744185,0.501415635976876,0.5404170227050781,0.175175279378891,0.4345807456022192,0.7042072913436617,0.25662872628726285,0.0009930631119296305,0.5968741224952092,0.4825140898243274,0.6665602826115353,/volumes/Seagate/mtg-jamendo-dataset/00/1294000.mp3
237.16861678004534,84.72079918032787,0.5602903970104289,0.32116891479492193,0.12947264313697815,0.46125345223787756,0.7186143656542184,0.302782152105627,0.000595615779290991,0.2999999999993807,0.46076651553743386,0.6544568484218254,/volumes/Seagate/mtg-jamendo-dataset/00/468500.mp3
217.12551020408162,120.18531976744185,0.5123840717262871,0.6618266448974611,0.06022810935974121,0.11455034126540227,0.17070496838386076,0.1237676419112603,0.00032339022131854363,0.29366498815238556,0.3614985626159119,0.6493824068463244,/volumes/Seagate/mtg-jamendo-dataset/00/661300.mp3
58.04408163265306,120.18531976744185,0.5689888260476924,1.0,0.055949971079826355,0.3441653756093277,0.5036816123838012,0.19106926829268292,0.0008277126685843229,0.2999191617642093,0.5544192099997156,0.6092581475887944,/volumes/Seagate/mtg-jamendo-dataset/00/798200.mp3
208.04115646258504,151.99908088235293,0.5708597091809837,0.8123029022216797,0.2423497587442398,0.7262766579087324,0.9633410208370982,0.46666158536585367,0.0019080160688169485,0.4801663033781303,0.6334324464853838,0.6605594238508495,/volumes/Seagate/mtg-jamendo-dataset/00/1103000.mp3
325.85333333333335,117.45383522727273,0.5378977626159029,1.0,0.025974854826927185,0.3192290780223881,0.5335841930381693,0.33617589270274006,0.0002834948359260896,0.2989621896763242,0.537747873710187,0.6018013729956564,/volumes/Seagate/mtg-jamendo-dataset/00/84200.mp3
313.8239229024943,92.28515625,0.5601229607179753,0.5234800720214844,0.11704770475625992,0.4413797535716861,0.7785943263901999,0.20780729622989325,0.0014496905169962806,0.2999999999999067,0.428883332389629,0.6563605072343277,/volumes/Seagate/mtg-jamendo-dataset/00/253900.mp3
215.18115646258502,135.99917763157896,0.5948096410109732,0.4065275268554688,0.21537961065769196,1.0,1.0,1.0,0.0018994989062753969,0.9151455148766401,0.7219983552631579,0.6331369887841375,/volumes/Seagate/mtg-jamendo-dataset/00/1125100.mp3
200.2322902494331,147.65625,0.5671928250351292,0.7791435852050781,0.16698549687862396,0.3355635547887494,0.6224470340414615,0.287003324721019,0.0004932586994966322,0.7034610547547339,0.49465748035080825,0.661183282806143,/volumes/Seagate/mtg-jamendo-dataset/00/1372500.mp3
171.26789115646258,178.20581896551724,0.4698659562354439,0.7443477325439453,0.0650239884853363,0.4027471557810589,0.7086660473757849,0.2817043410401566,0.0014012952712103065,0.4610659102015614,0.6846855972599759,0.5864715164027259,/volumes/Seagate/mtg-jamendo-dataset/00/776900.mp3
244.72,117.45383522727273,0.5444387716329591,0.36418554687500004,0.12088368088006973,0.18931297426277333,0.369563792499417,0.16317315001984406,0.0003309917679220364,0.474067699292385,0.5453379454339896,0.6344505360300272,/volumes/Seagate/mtg-jamendo-dataset/00/114200.mp3
190.66775510204081,120.18531976744185,0.5716950951777565,0.5864680480957031,0.10393059998750687,0.26510167275373114,0.5693260412103729,0.2004505875905742,0.0014170714404815295,0.39356281514180086,0.3949555764813084,0.6584239006992407,/volumes/Seagate/mtg-jamendo-dataset/00/1085600.mp3
126.54546485260771,109.95678191489361,0.593640899168856,0.5338351593017577,0.14291095733642578,0.6247473387520768,0.9609547643191969,0.3227558737972701,0.003698119048071647,0.4652422687244312,0.6319840531909716,0.6250511340029189,/volumes/Seagate/mtg-jamendo-dataset/00/1087100.mp3
392.9032426303855,166.70866935483872,0.5477801514378786,0.804130615234375,0.12389872223138809,0.3705257256022059,0.673844730716979,0.0849556259288141,0.007965476208255063,0.29999999999999544,0.6355923880166027,0.6174850623999791,/volumes/Seagate/mtg-jamendo-dataset/00/1063200.mp3
357.6021768707483,99.38401442307692,0.579522973181591,0.8282089157104493,0.12148924916982651,0.5606471346389844,0.8231405754629884,0.2761141579339954,0.0029204365037768343,0.5373904760935148,0.5283890719883012,0.6380583153034772,/volumes/Seagate/mtg-jamendo-dataset/00/419800.mp3
342.0,112.34714673913044,0.5667562452562636,0.15511167907714843,0.0946357250213623,0.4411086573642685,0.8196640490912936,0.3923727704925905,0.00039122577360502984,0.5490395469238369,0.47332513614949295,0.6394038337777919,/volumes/Seagate/mtg-jamendo-dataset/00/1053400.mp3
1723.6090702947845,114.84375,0.6101079813887702,0.6972834014892577,0.06792573630809784,0.4258602032630536,0.7422562187760171,0.0623456757671443,0.002327764867885311,0.9306482014806032,0.557872176998742,0.6128788296711669,/volumes/Seagate/mtg-jamendo-dataset/00/1133100.mp3
166.48367346938775,132.51201923076923,0.592998240969796,0.47365419006347664,0.20984899997711182,0.6038345473155906,0.8878492912198228,0.30608157294962074,0.0018979170360173998,0.5253999024726178,0.5795624101884487,0.6596331579540705,/volumes/Seagate/mtg-jamendo-dataset/00/1371800.mp3
