duration,tempo,energy,loudness,key,mode,acousticness,instrumentalness,speechiness,danceability,valence,liveness,time_signature,filename
119.98789115646258,117.45383522727273,0.20805983245372772,-15.88624095916748,9,1,0.5725533360438689,0.0,0.00028279225080041215,1.0,0.6185588669888162,0.3323045000433922,4,/volumes/Seagate/mtg-jamendo-dataset/04/1317804.mp3
199.70029166666666,144.23076923076923,0.2775847911834717,-5.625525951385498,9,1,0.5365509624392271,0.0,0.0020695317070931196,1.0,0.8084615384615386,1.0,4,/volumes/Seagate/mtg-jamendo-dataset/04/1056204.mp3
566.2253741496598,123.046875,0.07098814845085144,-29.18732452392578,2,1,0.5559775558963373,0.0,0.0008853069157339633,1.0,0.46360904998717617,0.0001311714277107967,4,/volumes/Seagate/mtg-jamendo-dataset/04/1395104.mp3
123.0,161.4990234375,0.14784923195838928,-13.87582778930664,5,1,0.6100828135847818,0.0,0.0013062195503152907,1.0,0.7494486523564369,0.5535205826163292,4,/volumes/Seagate/mtg-jamendo-dataset/04/409704.mp3
224.89333333333335,105.46875,0.11246874928474426,-22.38671112060547,7,1,0.5410858233789488,0.0,9.650157153373584e-05,1.0,0.5212518634064714,0.013383105397224426,4,/volumes/Seagate/mtg-jamendo-dataset/04/1045704.mp3
326.25,79.50721153846153,0.07701236754655838,-23.59035873413086,1,0,0.5449798501996987,0.0,0.0003694196784636006,1.0,0.40581485980385296,0.11165708303451538,4,/volumes/Seagate/mtg-jamendo-dataset/04/1121104.mp3
189.20108843537415,161.4990234375,0.182029590010643,-15.232019424438477,5,0,0.5532950747839855,0.0,0.0012556731817312539,1.0,0.6090247730902949,0.5897722020745277,4,/volumes/Seagate/mtg-jamendo-dataset/04/1324904.mp3
246.0,79.50721153846153,0.1365174800157547,-22.54225730895996,7,1,0.5263578070526115,0.0,0.0004858738248003647,1.0,0.5161417700641406,0.020090234465897083,4,/volumes/Seagate/mtg-jamendo-dataset/04/1329204.mp3
181.81333333333333,103.359375,0.13953454792499542,-22.86751937866211,7,1,0.5780793302008349,0.0,0.0020947156590409577,1.0,0.6896131823546257,0.09853639639914036,4,/volumes/Seagate/mtg-jamendo-dataset/04/1135204.mp3
301.42657596371885,172.265625,0.07073935121297836,-25.048837661743164,7,0,0.5446300263021651,0.0,1.567174149386119e-05,1.0,0.5248390435045439,0.0019579954096116126,4,/volumes/Seagate/mtg-jamendo-dataset/04/1044604.mp3
219.42857142857142,139.6748310810811,0.26006555557250977,-19.504873275756836,4,1,0.5311942953860984,0.0,0.001137736049713567,1.0,0.44682546563698977,0.032441450748592615,4,/volumes/Seagate/mtg-jamendo-dataset/04/1375004.mp3
250.46204081632652,123.046875,0.06554435193538666,-29.08363151550293,4,1,0.5245507371642248,0.0,0.0005734633596148342,1.0,0.5260629667093105,0.0010553770698606968,4,/volumes/Seagate/mtg-jamendo-dataset/04/389704.mp3
210.0,123.046875,0.161916121840477,-24.744476318359375,2,1,0.5273006623854049,0.0,0.0008551997307222337,1.0,0.6087191070394364,0.050990539602935314,4,/volumes/Seagate/mtg-jamendo-dataset/04/1299504.mp3
315.08897959183673,120.18531976744185,0.15418072044849396,-16.995887756347656,10,0,0.5806540743747415,0.0,0.013106390833854675,1.0,0.5250346303782188,0.40260888636112213,4,/volumes/Seagate/mtg-jamendo-dataset/04/116104.mp3
128.0,89.10290948275862,0.08728442341089249,-16.0833740234375,7,0,0.5608172430001181,0.0,0.005770770600065589,1.0,0.5777232608790979,0.9530200809240341,4,/volumes/Seagate/mtg-jamendo-dataset/04/1219404.mp3
315.19274376417235,184.5703125,0.24547891318798065,-12.66380786895752,7,0,0.5588021685316733,0.0,0.0006551873084390536,1.0,0.6722053678015365,1.0,4,/volumes/Seagate/mtg-jamendo-dataset/04/196704.mp3
123.27482993197279,101.33272058823529,0.21829885244369507,-13.086862564086914,6,1,0.5446988302962634,0.0,0.010965051362290978,1.0,0.6044002490576855,0.09652995504438877,4,/volumes/Seagate/mtg-jamendo-dataset/04/1124804.mp3
222.0157596371882,132.51201923076923,0.2587248980998993,-16.856630325317383,7,0,0.5283917349583075,0.0,0.0010984416003338993,1.0,0.5401035820463109,1.0,4,/volumes/Seagate/mtg-jamendo-dataset/04/1393704.mp3
252.0,120.18531976744185,0.09778957068920135,-28.427366256713867,6,1,0.502300852942797,0.0,6.125782419985626e-06,1.0,0.5547663212349658,0.00010709755770221818,4,/volumes/Seagate/mtg-jamendo-dataset/04/1185304.mp3
317.5384807256236,129.19921875,0.2541692554950714,-5.522380828857422,5,1,0.5685462957265768,0.0,0.0053089497378095984,1.0,0.7783984375,1.0,4,/volumes/Seagate/mtg-jamendo-dataset/04/1371704.mp3
35.21836734693878,109.95678191489361,0.23219384253025055,-20.630001068115234,7,1,0.5870652416552056,0.0,3.160175037919544e-05,1.0,0.5376396264476384,0.009211009019054472,4,/volumes/Seagate/mtg-jamendo-dataset/04/1202104.mp3
330.6666666666667,90.66611842105263,0.31726205348968506,-10.61057186126709,11,1,0.6234969917826225,0.0,0.0015274216420948505,1.0,0.5704789862381537,0.9274785220623016,4,/volumes/Seagate/mtg-jamendo-dataset/04/76304.mp3
255.58204081632653,90.66611842105263,0.17314594984054565,-16.189870834350586,7,0,0.5556752096560058,0.0,0.0002313814329681918,1.0,0.5184324580459925,0.4975483939051628,4,/volumes/Seagate/mtg-jamendo-dataset/04/81504.mp3
194.00002267573697,90.66611842105263,0.13184836506843567,-20.40283966064453,9,1,0.536614854887529,0.0,0.00010946746988338418,1.0,0.5508447481397161,0.06762315053492785,4,/volumes/Seagate/mtg-jamendo-dataset/04/992504.mp3
136.56492063492064,87.5926906779661,0.26028358936309814,-15.760655403137207,2,1,0.5650125521808564,0.0,0.00028036621370119974,1.0,0.5454524165844568,0.3245355561375618,4,/volumes/Seagate/mtg-jamendo-dataset/04/31504.mp3
54.00961451247166,120.18531976744185,0.14528334140777588,-18.064634323120117,7,1,0.5938131789322689,0.0,0.008689655922353268,1.0,0.6089960020826364,0.017323812935501337,4,/volumes/Seagate/mtg-jamendo-dataset/04/1397104.mp3
238.06260416666666,110.29411764705883,0.10335160046815872,-21.185815811157227,2,1,0.5644129969212341,0.0,8.59097381180618e-05,1.0,0.6084938381236413,0.018361341208219528,4,/volumes/Seagate/mtg-jamendo-dataset/04/1030904.mp3
243.71462585034013,166.70866935483872,0.08366627991199493,-14.863478660583496,7,1,0.561011673962843,0.0,0.011139321606606245,1.0,0.8534173387096775,1.0,4,/volumes/Seagate/mtg-jamendo-dataset/04/1310104.mp3
138.46154195011337,129.19921875,0.22778309881687164,-19.823200225830078,2,1,0.5546506568231853,0.0,9.197624967782758e-05,1.0,0.580680222058541,0.12228504754602909,4,/volumes/Seagate/mtg-jamendo-dataset/04/1354704.mp3
193.73548752834466,129.19921875,0.05575919896364212,-32.59846115112305,2,1,0.5454094218566832,0.0,0.0009189156407956034,1.0,0.4778266961628295,2.0981262878194684e-05,4,/volumes/Seagate/mtg-jamendo-dataset/04/390004.mp3
74.67784580498866,120.18531976744185,0.15981391072273254,-18.742660522460938,0,1,0.6189514556224291,0.0,0.0004906173708150163,1.0,0.5160270533096993,0.07182391826063395,4,/volumes/Seagate/mtg-jamendo-dataset/04/818604.mp3
264.28337868480725,129.19921875,0.20297490060329437,-14.470088958740234,4,1,0.5384653571808844,0.0,0.0027294635656289756,1.0,0.6926829261769791,0.5183280259370804,4,/volumes/Seagate/mtg-jamendo-dataset/04/1288104.mp3
327.21791383219954,109.95678191489361,0.10454817116260529,-15.34769344329834,0,0,0.5857913969822055,0.0,0.002189992053899914,1.0,0.548685501971848,0.21564116701483727,4,/volumes/Seagate/mtg-jamendo-dataset/04/642404.mp3
180.7150566893424,99.38401442307692,0.20492962002754211,-17.482772827148438,11,1,0.5882218365206133,0.0,0.00017254326667170972,1.0,0.4990136405174023,0.0831836462020874,4,/volumes/Seagate/mtg-jamendo-dataset/04/366004.mp3
156.08149659863946,120.18531976744185,0.18257051706314087,-9.88815689086914,7,1,0.5795648045029125,0.0,0.001094771723728627,1.0,0.7524100634332382,1.0,4,/volumes/Seagate/mtg-jamendo-dataset/04/229004.mp3
242.71430839002267,120.18531976744185,0.2483082264661789,-7.5347394943237305,9,1,0.5866204587292326,0.0,0.001716232392936945,1.0,0.8085932995415992,0.5542777478694916,4,/volumes/Seagate/mtg-jamendo-dataset/04/1388004.mp3
352.86204081632656,135.99917763157896,0.09877154231071472,-22.087295532226562,7,1,0.5176945757915414,0.0,0.002204891759902239,1.0,0.6431815534815707,0.048467107117176056,4,/volumes/Seagate/mtg-jamendo-dataset/04/986804.mp3
193.89016666666666,92.21311475409836,0.19055944681167603,-20.169843673706055,4,1,0.5452406186080436,0.0,0.00010923187073785812,1.0,0.5606820869242714,0.09856861084699631,4,/volumes/Seagate/mtg-jamendo-dataset/04/1095104.mp3
227.17430839002267,101.33272058823529,0.08352965116500854,-22.354190826416016,4,1,0.5736140280435741,0.0,0.00043563924555201083,1.0,0.5899551843100347,0.080755315721035,4,/volumes/Seagate/mtg-jamendo-dataset/04/94704.mp3
261.1951020408163,147.65625,0.13213951885700226,-23.69767951965332,2,1,0.5659195357362837,0.0,0.000110331253381446,1.0,0.6131825863226019,0.016464897198602557,4,/volumes/Seagate/mtg-jamendo-dataset/04/1092304.mp3
63.20417233560091,147.65625,0.054378312081098557,-19.577356338500977,2,1,0.6471570356100342,0.0,0.09036822058260441,1.0,0.7511447967892994,0.1435195654630661,4,/volumes/Seagate/mtg-jamendo-dataset/04/1261204.mp3
96.0491156462585,139.6748310810811,0.5300211906433105,7.02446174621582,4,1,0.5974090670240086,0.0,0.02787294890731573,1.0,0.7993496621621623,1.0,4,/volumes/Seagate/mtg-jamendo-dataset/04/1294804.mp3
144.0,120.18531976744185,0.23609691858291626,-14.752087593078613,10,0,0.5647177007802147,0.0,0.0002435960923321545,1.0,0.4900593094540012,0.10308368131518364,4,/volumes/Seagate/mtg-jamendo-dataset/04/1236404.mp3
432.4368707482993,123.046875,0.11887906491756439,-20.817758560180664,4,1,0.5987330186660366,0.0,0.0026329473475925624,1.0,0.6141157498139971,0.06492662243545055,4,/volumes/Seagate/mtg-jamendo-dataset/04/306904.mp3
313.62718820861676,95.703125,0.27627032995224,-10.808505058288574,9,1,0.5569791611310898,0.0,0.0007561396050732583,1.0,0.8165190504146151,1.0,4,/volumes/Seagate/mtg-jamendo-dataset/04/462204.mp3
99.8732879818594,117.45383522727273,0.18266136944293976,-15.834113121032715,0,1,0.5854769300032174,0.0,0.002203427895437926,1.0,0.6431715942420511,0.3102828189730644,4,/volumes/Seagate/mtg-jamendo-dataset/04/939804.mp3
382.07145124716556,107.666015625,0.1536213457584381,-12.092830657958984,2,1,0.5060747541232791,0.0,0.004235358908772469,1.0,0.7271617200538965,1.0,4,/volumes/Seagate/mtg-jamendo-dataset/04/38004.mp3
280.0,135.99917763157896,0.16646181046962738,-10.169787406921387,7,1,0.5862448914148118,0.0,0.008580194553360343,1.0,0.791998355263158,1.0,4,/volumes/Seagate/mtg-jamendo-dataset/04/1295504.mp3
170.5795918367347,97.50884433962264,0.2630460262298584,-8.82837963104248,8,0,0.546894670337596,0.0,0.0013653592905029655,1.0,0.5490582412670222,1.0,4,/volumes/Seagate/mtg-jamendo-dataset/04/1239104.mp3
431.85333333333335,107.666015625,0.10994574427604675,-20.1144962310791,7,1,0.6104307903232954,0.0,0.0001563001424074173,1.0,0.49408625714722587,0.00041835908632492647,4,/volumes/Seagate/mtg-jamendo-dataset/04/373004.mp3
228.48238095238096,143.5546875,0.15516625344753265,-17.659231185913086,3,0,0.5544010338577227,0.0,0.0005956860113656148,1.0,0.5463289951804313,0.17848355695605278,4,/volumes/Seagate/mtg-jamendo-dataset/04/78304.mp3
249.102358276644,178.20581896551724,0.07573994249105453,-30.922809600830078,2,1,0.5555705743426499,0.0,1.2462942038382607e-06,1.0,0.6428988700187576,1.9243068436480826e-05,4,/volumes/Seagate/mtg-jamendo-dataset/04/1081004.mp3
210.74437641723355,92.28515625,0.1575719118118286,-18.23657989501953,5,1,0.586003560473212,0.0,0.0006748924643034115,1.0,0.5580783183551132,0.5194594711065292,4,/volumes/Seagate/mtg-jamendo-dataset/04/1121504.mp3
320.0,90.66611842105263,0.1606825292110443,-23.70945167541504,7,1,0.5841191474172163,0.0,0.00033087564952438697,1.0,0.6585908954512188,0.0023089915339369327,4,/volumes/Seagate/mtg-jamendo-dataset/04/1378004.mp3
161.0448979591837,120.18531976744185,0.11508585512638092,-21.22603416442871,7,1,0.5651224158027711,0.0,0.002256134175695479,1.0,0.5852904012221347,0.1345628686249256,4,/volumes/Seagate/mtg-jamendo-dataset/04/1060604.mp3
161.45455782312925,109.95678191489361,0.16417832672595978,-16.771814346313477,1,1,0.5721092909864215,0.0,0.0027390618924982846,1.0,0.6876218263197384,1.0,4,/volumes/Seagate/mtg-jamendo-dataset/04/892004.mp3
64.22902494331066,120.18531976744185,0.06045614555478096,-26.99655532836914,9,1,0.5518640188081707,0.0,0.0006354145298246294,1.0,0.6557376606606223,0.041379379108548164,4,/volumes/Seagate/mtg-jamendo-dataset/04/1379504.mp3
281.06448979591835,114.84375,0.22173456847667694,-11.489212036132812,7,1,0.5583481797704193,0.0,0.011296943994238973,1.0,0.677242955858082,0.7647218555212021,4,/volumes/Seagate/mtg-jamendo-dataset/04/19204.mp3
316.3965759637188,120.18531976744185,0.24952273070812225,-6.700464725494385,9,1,0.604535891345312,0.0,0.004174555535428226,1.0,0.6796130316566477,1.0,4,/volumes/Seagate/mtg-jamendo-dataset/04/1124504.mp3
144.55256235827665,117.45383522727273,0.10948211699724197,-21.875465393066406,2,1,0.6135394858069537,0.0,0.0006644720560871065,1.0,0.7211285283623698,0.019125352846458554,4,/volumes/Seagate/mtg-jamendo-dataset/04/824304.mp3
126.31945578231293,126.04801829268293,0.3182903528213501,-19.020549774169922,3,0,0.6104144267452536,0.0,3.000392894136894e-06,1.0,0.41161373608969426,0.09925451129674911,4,/volumes/Seagate/mtg-jamendo-dataset/04/1302904.mp3
224.32,132.51201923076923,0.1001049354672432,-25.61699676513672,3,0,0.44040090889696015,0.0,0.0025493078283034265,1.0,0.5399954251529082,1.0,4,/volumes/Seagate/mtg-jamendo-dataset/04/189604.mp3
33.61768707482993,120.18531976744185,0.10678290575742722,-23.809288024902344,7,1,0.5253749695056029,0.0,0.008320739725604653,1.0,0.5791514632119168,0.01094275969080627,4,/volumes/Seagate/mtg-jamendo-dataset/04/1057804.mp3
339.69197278911565,129.19921875,0.25769585371017456,-7.449258327484131,5,1,0.5808363726499268,0.0,0.007758997846394777,1.0,0.7783984375,1.0,4,/volumes/Seagate/mtg-jamendo-dataset/04/1081704.mp3
324.0698639455782,120.18531976744185,0.17974787950515747,-13.504595756530762,9,1,0.5701357294768413,0.0,0.0007328290084842592,1.0,0.6584937836400178,0.4770674929022789,4,/volumes/Seagate/mtg-jamendo-dataset/04/1179204.mp3
193.41061224489795,120.18531976744185,0.014074746519327164,-40.20135498046875,5,1,0.5483509490772192,0.0,0.002735657966695726,1.0,0.6762847698365408,5.756329457540232e-07,4,/volumes/Seagate/mtg-jamendo-dataset/04/145304.mp3
244.28571428571428,112.34714673913044,0.09215296059846878,-28.549301147460938,2,1,0.5121686937465386,0.0,0.0008500638941768557,1.0,0.4937525517739817,2.3869833967182785e-05,4,/volumes/Seagate/mtg-jamendo-dataset/04/1221304.mp3
197.81079365079364,129.19921875,0.19226323068141937,-10.093100547790527,8,0,0.5885139131062209,0.0,0.020805702544748783,1.0,0.6583984375,1.0,4,/volumes/Seagate/mtg-jamendo-dataset/04/1171704.mp3
262.3216326530612,120.18531976744185,0.23328913748264313,-17.662151336669922,6,1,0.5448958887639295,0.0,0.004784036544151604,1.0,0.5832256525924913,0.14217084273695946,4,/volumes/Seagate/mtg-jamendo-dataset/04/1294204.mp3
191.22263038548752,129.19921875,0.302468478679657,-6.495797634124756,10,0,0.6023026349512046,0.0,0.004515873268246651,1.0,0.5796659352404997,0.46668805181980133,4,/volumes/Seagate/mtg-jamendo-dataset/04/429204.mp3
428.8261224489796,120.18531976744185,0.13118936121463776,-18.802881240844727,10,0,0.5485843610721,0.0,0.002390137407928705,1.0,0.5106408473133103,0.1263574045151472,4,/volumes/Seagate/mtg-jamendo-dataset/04/81204.mp3
103.41462585034013,123.046875,0.07589858770370483,-19.101835250854492,0,0,0.5221531092936791,0.0,0.002413326990790665,1.0,0.629226168220929,0.5670863017439842,4,/volumes/Seagate/mtg-jamendo-dataset/04/464504.mp3
104.0,132.51201923076923,0.11692935228347778,-23.09463119506836,4,1,0.5264655542930144,0.0,0.0012891305959783494,1.0,0.660631519465751,0.054102628491818905,4,/volumes/Seagate/mtg-jamendo-dataset/04/1397804.mp3
220.96979591836734,129.19921875,0.21738605201244354,-10.227484703063965,9,1,0.5602355186064898,0.0,0.0038471692241728306,1.0,0.7205348826000697,0.6630469858646393,4,/volumes/Seagate/mtg-jamendo-dataset/04/395904.mp3
103.42444444444445,129.19921875,0.023347405716776848,-38.42308044433594,0,1,0.5302646200900085,0.0,0.0032015639590099454,1.0,0.5816429522544369,8.902678018785082e-05,4,/volumes/Seagate/mtg-jamendo-dataset/04/966304.mp3
66.7392970521542,126.04801829268293,0.20232412219047546,-17.29894256591797,7,1,0.5458871291074765,0.0,0.0004003328795079142,1.0,0.551023646375323,0.7052481919527054,4,/volumes/Seagate/mtg-jamendo-dataset/04/1371804.mp3
243.05104308390023,117.45383522727273,0.15963990986347198,-16.3577823638916,9,1,0.5702809840746388,0.0,0.002346410765312612,1.0,0.7187580951897768,1.0,4,/volumes/Seagate/mtg-jamendo-dataset/04/531904.mp3
81.74303854875284,120.18531976744185,0.12747566401958466,-22.195934295654297,0,1,0.5818386231884303,0.0,0.00012263714233995415,1.0,0.5898604465216192,0.07445692084729671,4,/volumes/Seagate/mtg-jamendo-dataset/04/1195904.mp3
72.88888888888889,135.99917763157896,0.07843106985092163,-25.278017044067383,11,1,0.6390235207231866,0.0,9.817581712923129e-06,1.0,0.5803109388625579,0.0009943150507751852,4,/volumes/Seagate/mtg-jamendo-dataset/04/1370404.mp3
182.4391836734694,112.34714673913044,0.0991668775677681,-25.960763931274414,11,1,0.5453527057846548,0.0,0.0058656432665884495,1.0,0.5289702721066657,0.0005267465530778281,4,/volumes/Seagate/mtg-jamendo-dataset/04/142204.mp3
204.65333333333334,105.46875,0.10246080905199051,-20.052669525146484,1,0,0.5692738181036006,0.0,0.0013808531512040645,1.0,0.5157361289781677,0.16769057139754295,4,/volumes/Seagate/mtg-jamendo-dataset/04/213204.mp3
162.93086167800453,93.96306818181819,0.20663897693157196,-13.333090782165527,7,0,0.5866775053557474,0.0,0.0016068368568085134,1.0,0.48836980867670854,0.4316350072622299,4,/volumes/Seagate/mtg-jamendo-dataset/04/938304.mp3
254.0,90.66611842105263,0.13212034106254578,-18.573528289794922,2,1,0.5430330895667049,0.0,0.0003857189876725897,1.0,0.6008535519395762,0.06017058156430721,4,/volumes/Seagate/mtg-jamendo-dataset/04/1098504.mp3
227.11138321995466,129.19921875,0.1402927041053772,-20.002553939819336,1,1,0.5168348848715516,0.0,0.000613598880590871,1.0,0.6218125842519573,0.19746115431189537,4,/volumes/Seagate/mtg-jamendo-dataset/04/1298304.mp3
263.73156462585035,109.95678191489361,0.31697604060173035,-6.173573970794678,9,1,0.5982602738072431,0.0,0.0013957422052044421,1.0,0.6757670959221309,1.0,4,/volumes/Seagate/mtg-jamendo-dataset/04/1414804.mp3
296.1645351473923,161.4990234375,0.20809850096702576,-12.149670600891113,9,1,0.5633433113760807,0.0,0.0013604260166175663,1.0,0.7552408538284143,0.12097994796931744,4,/volumes/Seagate/mtg-jamendo-dataset/04/1027904.mp3
102.65696145124717,123.046875,0.0450681671500206,-29.387107849121094,6,1,0.6028849272725273,0.0,0.0008008066797628999,1.0,0.60829136121636,0.003820309357251972,4,/volumes/Seagate/mtg-jamendo-dataset/04/1209904.mp3
174.18090702947845,117.45383522727273,0.14935024082660675,-18.225271224975586,8,0,0.6109143782558879,0.0,0.00023097152734408155,1.0,0.47973600735707955,0.20139651373028755,4,/volumes/Seagate/mtg-jamendo-dataset/04/588704.mp3
96.09989583333333,140.625,0.09005754441022873,-18.18902015686035,4,1,0.5481964460380859,0.0,0.00044183652789797634,1.0,0.6975191342566901,0.1333270873874426,4,/volumes/Seagate/mtg-jamendo-dataset/04/1110704.mp3
283.45,161.4990234375,0.46974751353263855,-3.20828914642334,6,1,0.5861587832117121,0.0,0.009800702333450317,1.0,0.8155861397299009,1.0,4,/volumes/Seagate/mtg-jamendo-dataset/04/335304.mp3
355.744693877551,139.6748310810811,0.19431498646736145,-16.420942306518555,0,1,0.5676719564407731,0.0,0.0007529200811404735,1.0,0.5769543443543339,0.35452403128147125,4,/volumes/Seagate/mtg-jamendo-dataset/04/1104504.mp3
608.2873469387755,126.04801829268293,0.16542737185955048,-12.593281745910645,9,1,0.5930964506661104,0.0,0.0007506718102376908,1.0,0.723894140129856,0.3346972167491913,4,/volumes/Seagate/mtg-jamendo-dataset/04/1391104.mp3
310.28825396825397,139.6748310810811,0.2020634263753891,-16.760095596313477,4,1,0.5872438595732283,0.0,0.00906656845472753,1.0,0.6085756128220438,0.10015481151640415,4,/volumes/Seagate/mtg-jamendo-dataset/04/1307204.mp3
210.07673469387754,120.18531976744185,0.04381508007645607,-32.5860710144043,7,1,0.5310548077296569,0.0,0.002770648046862334,1.0,0.5256288582607911,1.4896393452090706e-06,4,/volumes/Seagate/mtg-jamendo-dataset/04/979204.mp3
278.5,120.18531976744185,0.15485931932926178,-12.60940170288086,3,0,0.5770412936039747,0.0,0.0057314158184453845,1.0,0.617392245425723,1.0,4,/volumes/Seagate/mtg-jamendo-dataset/04/174104.mp3
202.66666666666666,90.66611842105263,0.17311622202396393,-19.952199935913086,4,1,0.5754939166780769,0.0,0.0003306807702756487,1.0,0.5637462765033736,0.014800096396356821,4,/volumes/Seagate/mtg-jamendo-dataset/04/1248604.mp3
188.13387755102042,74.89809782608695,0.09730084240436554,-18.942310333251953,4,1,0.5616008089352987,0.0,0.0023618743289262056,1.0,0.60414331075462,1.0,4,/volumes/Seagate/mtg-jamendo-dataset/04/759304.mp3
221.91020408163266,139.6748310810811,0.11225814372301102,-17.430973052978516,6,1,0.5668110539457176,0.0,0.0001982793110073544,1.0,0.741779319424344,0.9020470082759857,4,/volumes/Seagate/mtg-jamendo-dataset/04/1396204.mp3
250.5926530612245,132.51201923076923,0.3909934163093567,-12.894159317016602,0,0,0.6039700782978908,0.0,9.870066423900425e-05,1.0,0.5078513004367228,0.330868624150753,4,/volumes/Seagate/mtg-jamendo-dataset/04/331204.mp3
318.9224263038549,112.34714673913044,0.06792475283145905,-27.787683486938477,9,1,0.5299580485417434,0.0,0.0001544835395179689,1.0,0.5570979500367992,0.010517979972064495,4,/volumes/Seagate/mtg-jamendo-dataset/04/181804.mp3
329.25897959183675,132.51201923076923,0.2379928082227707,-16.113908767700195,0,0,0.6125985767061093,0.0,0.00047990774328354746,1.0,0.49658192829152725,0.43098632246255875,4,/volumes/Seagate/mtg-jamendo-dataset/04/155504.mp3
132.25587301587302,99.38401442307692,0.09040761739015579,-17.46014404296875,7,1,0.5309781677982325,0.0,0.00556704425252974,1.0,0.6794182139602665,1.0,4,/volumes/Seagate/mtg-jamendo-dataset/04/1105604.mp3
210.76,126.04801829268293,0.1883978694677353,-13.866562843322754,2,1,0.556461297309293,0.0,0.009502738248556852,1.0,0.7001186161958983,1.0,4,/volumes/Seagate/mtg-jamendo-dataset/04/117104.mp3
252.12498866213153,135.99917763157896,0.2247449904680252,-6.679806709289551,7,1,0.579738735842357,0.0,0.00531155860517174,1.0,0.7858852470771922,1.0,4,/volumes/Seagate/mtg-jamendo-dataset/04/1179404.mp3
169.83968253968254,129.19921875,0.20597635209560394,-9.297590255737305,2,1,0.5599271268126789,0.0,0.002089302521198988,1.0,0.7372491056160949,0.5847844108939171,4,/volumes/Seagate/mtg-jamendo-dataset/04/1218204.mp3
114.91265306122449,139.6748310810811,0.0908852368593216,-26.686756134033203,5,1,0.4933026178096117,0.0,0.00563886109739542,1.0,0.5182722870112617,0.0023963880084920675,4,/volumes/Seagate/mtg-jamendo-dataset/04/1306704.mp3
472.73673469387757,132.51201923076923,0.24794447422027588,-5.424952030181885,4,1,0.571135322051102,0.0,0.01022790977731347,1.0,0.7850240384615386,1.0,4,/volumes/Seagate/mtg-jamendo-dataset/04/1381404.mp3
415.0,97.50884433962264,0.24008141458034515,-9.196110725402832,3,0,0.5682654740811397,0.0,0.003000667900778353,1.0,0.5543783353857985,1.0,4,/volumes/Seagate/mtg-jamendo-dataset/04/1410604.mp3
229.97043083900226,129.19921875,0.11641649156808853,-22.628890991210938,11,1,0.5632042817454315,0.0,0.003176666214130819,1.0,0.6105137350150565,0.012190263951197267,4,/volumes/Seagate/mtg-jamendo-dataset/04/1143804.mp3
85.0,120.18531976744185,0.22870755195617676,-19.236652374267578,7,1,0.5594721520947865,0.0,0.0013623574341181666,1.0,0.5903094346342166,1.0,4,/volumes/Seagate/mtg-jamendo-dataset/04/1405304.mp3
298.04,117.45383522727273,0.0803796574473381,-25.714662551879883,6,1,0.5289604210559569,0.0,0.00016237769887084141,1.0,0.5775218099049249,0.0021500675939023495,4,/volumes/Seagate/mtg-jamendo-dataset/04/285504.mp3
224.0,161.4990234375,0.13436084985733032,-19.54359245300293,8,1,0.5631506494749186,0.0,0.0037065407959744334,1.0,0.7120218014380364,0.07201137486845255,4,/volumes/Seagate/mtg-jamendo-dataset/04/565804.mp3
283.9436507936508,143.5546875,0.120368592441082,-23.50637435913086,9,1,0.5397647589061421,0.0,0.0005483696004375815,1.0,0.49961014953229677,0.08499546907842159,4,/volumes/Seagate/mtg-jamendo-dataset/04/1271904.mp3
620.391768707483,139.6748310810811,0.19858409464359283,-12.875187873840332,9,1,0.6142366168695632,0.0,0.0014246550563257188,1.0,0.7125579994103352,1.0,4,/volumes/Seagate/mtg-jamendo-dataset/04/316604.mp3
95.53086167800454,126.04801829268293,0.10075440257787704,-27.32408905029297,5,0,0.5384743843265605,0.0,0.00023381550272461027,1.0,0.4182453685931301,0.00017214957551914267,4,/volumes/Seagate/mtg-jamendo-dataset/04/1132804.mp3
97.22666666666667,87.5926906779661,0.08266298472881317,-27.374921798706055,3,0,0.5178428404391532,0.0,0.0077148552518337965,1.0,0.3941667275921612,0.054784812964499,4,/volumes/Seagate/mtg-jamendo-dataset/04/965304.mp3
1274.5433106575963,129.19921875,0.04431447759270668,-31.67230224609375,2,1,0.45227080345249515,0.0,0.0018893964006565511,1.0,0.5024444687986919,1.5389964858059102e-07,4,/volumes/Seagate/mtg-jamendo-dataset/04/433604.mp3
330.00233560090703,129.19921875,0.20133961737155914,-9.530716896057129,7,1,0.5932718855834873,0.0,0.004591314238496125,1.0,0.7783984375,0.7972122728824615,4,/volumes/Seagate/mtg-jamendo-dataset/04/1209804.mp3
321.82666666666665,135.99917763157896,0.20036926865577698,-12.869821548461914,2,1,0.5483353638505548,0.0,0.004698556498624384,1.0,0.7388733870318519,0.26681987568736076,4,/volumes/Seagate/mtg-jamendo-dataset/04/147504.mp3
171.39707482993197,107.666015625,0.09799864143133163,-29.361831665039062,9,1,0.5366057950374797,0.0,0.00015159111717366613,1.0,0.647609994885443,0.00017570509953657165,4,/volumes/Seagate/mtg-jamendo-dataset/04/26404.mp3
214.29696145124717,129.19921875,0.2100498229265213,-11.155329704284668,1,0,0.5965177791205303,0.0,0.004733239067718387,1.0,0.6075675427359177,0.3894452005624771,4,/volumes/Seagate/mtg-jamendo-dataset/04/1166704.mp3
270.767052154195,151.99908088235293,0.07468760758638382,-33.22966766357422,0,1,0.5404687076722354,0.0,0.0008996456454042345,1.0,0.5981740198577868,2.3639468338387815e-06,4,/volumes/Seagate/mtg-jamendo-dataset/04/1241404.mp3
182.78748299319727,161.4990234375,0.04535701870918274,-31.035480499267578,5,1,0.5676565253424595,0.0,0.0004513856110861525,1.0,0.6439804495424322,0.006012980593368411,4,/volumes/Seagate/mtg-jamendo-dataset/04/1209204.mp3
225.90374149659863,107.666015625,0.13810594379901886,-18.111026763916016,2,1,0.5564393684236719,0.0,0.0006863091402919963,1.0,0.58591155018349,0.19616886973381042,4,/volumes/Seagate/mtg-jamendo-dataset/04/181604.mp3
170.0,120.18531976744185,0.0924190878868103,-18.81343650817871,4,1,0.5595885287959241,0.0,0.0019850372336804867,1.0,0.6832949341549907,0.4046986252069473,4,/volumes/Seagate/mtg-jamendo-dataset/04/1341304.mp3
267.5,95.703125,0.14337840676307678,-14.676128387451172,4,1,0.579660357948239,0.0,0.004459191695787013,1.0,0.6343173687219754,1.0,4,/volumes/Seagate/mtg-jamendo-dataset/04/1385204.mp3
183.14448979591836,151.99908088235293,0.3234860301017761,-8.996512413024902,11,1,0.5794701327496585,0.0,0.002732054446823895,1.0,0.7659242894524452,0.002054254146059975,4,/volumes/Seagate/mtg-jamendo-dataset/04/112604.mp3
112.681179138322,90.66611842105263,0.2149825245141983,-16.76144027709961,2,1,0.5640543017109028,0.0,7.388077938230708e-05,1.0,0.513557838555467,0.07553837262094021,4,/volumes/Seagate/mtg-jamendo-dataset/04/1265904.mp3
344.05002267573695,120.18531976744185,0.039152875542640686,-31.639883041381836,7,1,0.5489344717132632,0.0,3.2495983759872615e-05,1.0,0.5947117933896193,5.338979036650926e-08,4,/volumes/Seagate/mtg-jamendo-dataset/04/318604.mp3
388.8,99.38401442307692,0.06178317964076996,-21.704042434692383,5,0,0.5844863424793336,0.0,0.0016888790996745229,1.0,0.5515284614092929,0.551067478954792,4,/volumes/Seagate/mtg-jamendo-dataset/04/1053404.mp3
379.37503401360544,132.51201923076923,0.18751545250415802,-12.926276206970215,11,1,0.5858402538605538,0.0,0.0024506505578756332,1.0,0.6987888205800883,0.38713645190000534,4,/volumes/Seagate/mtg-jamendo-dataset/04/326904.mp3
289.71732426303856,139.6748310810811,0.2483072131872177,-14.368486404418945,10,0,0.5552840429877831,0.0,0.0013048310356680304,1.0,0.5657360345482382,0.5083568021655083,4,/volumes/Seagate/mtg-jamendo-dataset/04/1366704.mp3
284.1836961451247,139.6748310810811,0.067290760576725,-24.03846549987793,7,1,0.572600007584682,0.0,0.0001483251544414088,1.0,0.6531681759265096,0.0005399964720709249,4,/volumes/Seagate/mtg-jamendo-dataset/04/827704.mp3
294.68356009070294,105.46875,0.11373294144868851,-17.908531188964844,2,0,0.5918975234669809,0.0,0.0010213790810666978,1.0,0.5039472089574673,0.15513548627495766,4,/volumes/Seagate/mtg-jamendo-dataset/04/1136904.mp3
229.0,120.18531976744185,0.1271418035030365,-20.03546905517578,7,1,0.53746195847609,0.0,0.0001996705323108472,1.0,0.6122653801849675,0.08275501430034637,4,/volumes/Seagate/mtg-jamendo-dataset/04/1227904.mp3
236.22530612244898,120.18531976744185,0.16121548414230347,-15.803069114685059,7,0,0.5797383401963239,0.0,0.0008307163661811501,1.0,0.5711993623829432,0.2657041884958744,4,/volumes/Seagate/mtg-jamendo-dataset/04/81804.mp3
184.36,107.666015625,0.06788340955972672,-31.050039291381836,8,0,0.5306779011270589,0.0,0.0046942055923864245,1.0,0.4067021053848776,0.00011123648619104642,4,/volumes/Seagate/mtg-jamendo-dataset/04/1057704.mp3
435.744693877551,139.6748310810811,0.19348840415477753,-16.244815826416016,4,1,0.5668417332232525,0.0,0.0011298905010335147,1.0,0.6825775338489133,0.8502080291509628,4,/volumes/Seagate/mtg-jamendo-dataset/04/1153404.mp3
143.14285714285714,126.04801829268293,0.034570932388305664,-31.9750919342041,7,0,0.48476836240104515,0.0,0.0009213299781549722,1.0,0.48335466815464145,0.0007288144115591422,4,/volumes/Seagate/mtg-jamendo-dataset/04/1170404.mp3
195.4132426303855,99.38401442307692,0.2742985486984253,-15.495701789855957,2,1,0.5715785644362591,0.0,0.0010866452939808369,1.0,0.5503615895296022,0.06288498640060425,4,/volumes/Seagate/mtg-jamendo-dataset/04/1015404.mp3
140.90984126984128,126.04801829268293,0.12648087739944458,-22.305131912231445,6,1,0.5395134574761968,0.0,0.0001554520749778021,1.0,0.6053427573361735,0.03819746896624565,4,/volumes/Seagate/mtg-jamendo-dataset/04/1151404.mp3
399.28269841269844,129.19921875,0.259823739528656,-15.670312881469727,7,1,0.5999441904602989,0.0,0.00014620697766076773,1.0,0.4431601151462934,0.15552759170532227,4,/volumes/Seagate/mtg-jamendo-dataset/04/1413904.mp3
192.86666666666667,129.19921875,0.22815106809139252,-9.761800765991211,10,0,0.5787509723413168,0.0,0.01718052104115486,1.0,0.5353312125124656,0.02747282851487398,4,/volumes/Seagate/mtg-jamendo-dataset/04/400404.mp3
409.4209523809524,135.99917763157896,0.17369970679283142,-13.246831893920898,7,0,0.5612915006490515,0.0,0.007482311222702265,1.0,0.6445253166934533,0.8883216977119446,4,/volumes/Seagate/mtg-jamendo-dataset/04/1097204.mp3
203.4,126.04801829268293,0.2846274971961975,-18.712284088134766,3,0,0.6529316576909447,0.0,0.00033336225897073746,1.0,0.3952652492735472,0.007945724064484239,4,/volumes/Seagate/mtg-jamendo-dataset/04/229604.mp3
195.92263038548754,147.65625,0.2586894631385803,-10.146617889404297,3,0,0.578781334757849,0.0,0.00022941607312532142,1.0,0.6289281643830703,0.9997804462909698,4,/volumes/Seagate/mtg-jamendo-dataset/04/321104.mp3
217.52163265306123,90.66611842105263,0.25052905082702637,-11.916729927062988,0,1,0.553010191417433,0.0,6.951901377760805e-05,1.0,0.6113286830655927,0.16967490315437317,4,/volumes/Seagate/mtg-jamendo-dataset/04/1074804.mp3
301.2266666666667,112.34714673913044,0.044012416154146194,-31.977031707763672,8,0,0.5664353842054594,0.0,2.1099615878483746e-05,1.0,0.4003194545598934,2.3622781952781224e-06,4,/volumes/Seagate/mtg-jamendo-dataset/04/326504.mp3
79.99403628117913,120.18531976744185,0.13244135677814484,-16.344327926635742,7,0,0.6014823480040075,0.0,0.0010235945228487253,1.0,0.5641067450402352,0.49865156412124634,4,/volumes/Seagate/mtg-jamendo-dataset/04/1164204.mp3
68.74954648526077,135.99917763157896,0.12035621702671051,-34.44801712036133,5,0,0.41915242647936035,0.0,0.005001890938729048,1.0,0.3061045866110831,9.757423313772051e-08,4,/volumes/Seagate/mtg-jamendo-dataset/04/1345304.mp3
241.25333333333333,147.65625,0.2987399101257324,-5.390275955200195,3,0,0.5913100929331442,0.0,0.00718261837027967,1.0,0.6562604967753535,1.0,4,/volumes/Seagate/mtg-jamendo-dataset/04/1104.mp3
147.0,156.60511363636363,0.08089571446180344,-26.8333683013916,9,1,0.5492769644222846,0.0,2.024372452069656e-05,1.0,0.6262262525853124,0.0005005500133847818,4,/volumes/Seagate/mtg-jamendo-dataset/04/37804.mp3
229.39997732426303,129.19921875,0.2366693764925003,-10.737802505493164,10,0,0.5753847702919644,0.0,0.000527595097082667,1.0,0.6071763112529658,0.6959961354732513,4,/volumes/Seagate/mtg-jamendo-dataset/04/1373104.mp3
280.5902494331066,156.60511363636363,0.08877476304769516,-30.802087783813477,11,1,0.53529981746631,0.0,3.677999848150648e-05,1.0,0.6199325676002091,5.805387445434462e-05,4,/volumes/Seagate/mtg-jamendo-dataset/04/1066204.mp3
234.35897959183674,117.45383522727273,0.28414779901504517,-5.413830280303955,5,1,0.5585458356860378,0.0,0.0048881383845582604,1.0,0.7549076704545454,1.0,4,/volumes/Seagate/mtg-jamendo-dataset/04/564204.mp3
211.93249433106575,126.04801829268293,0.10748876631259918,-18.6312313079834,7,1,0.5994747648771735,0.0,0.0014697124133817852,1.0,0.6500679078505351,0.7873423397541046,4,/volumes/Seagate/mtg-jamendo-dataset/04/1132204.mp3
186.42666666666668,139.6748310810811,0.19868254661560059,-13.926690101623535,9,1,0.5557947351125908,0.0,0.009385884739458561,1.0,0.7309932664995349,0.35997357219457626,4,/volumes/Seagate/mtg-jamendo-dataset/04/1319504.mp3
120.0,126.04801829268293,0.0525982491672039,-24.656980514526367,10,0,0.6001133626882573,0.0,0.011657133931294084,1.0,0.5836391934159486,3.5779351037490414e-05,4,/volumes/Seagate/mtg-jamendo-dataset/04/1380004.mp3
242.6198866213152,120.18531976744185,0.22453774511814117,-9.464941024780273,9,1,0.569231950998073,0.0,0.002299287705682218,1.0,0.7084541890217174,1.0,4,/volumes/Seagate/mtg-jamendo-dataset/04/174904.mp3
64.64290249433107,103.359375,0.027509333565831184,-35.5266227722168,0,1,0.5513128898048958,0.0,0.0011156520049553365,1.0,0.6994831988713167,1.231811239676972e-06,4,/volumes/Seagate/mtg-jamendo-dataset/04/974304.mp3
105.33333333333333,90.66611842105263,0.03751509264111519,-35.66607666015625,0,0,0.5104633367082778,0.0,0.011017902754247189,1.0,0.3520940929065451,1.2058730192165967e-06,4,/volumes/Seagate/mtg-jamendo-dataset/04/303804.mp3
245.5624716553288,99.38401442307692,0.09844927489757538,-19.405540466308594,7,0,0.5552672354018954,0.0,0.0004246063908794895,1.0,0.4442920598270337,0.24805672466754913,4,/volumes/Seagate/mtg-jamendo-dataset/04/506004.mp3
223.83421768707484,161.4990234375,0.16172784566879272,-16.574655532836914,8,0,0.5934541702766323,0.0,0.0008510438783559948,1.0,0.63302676651966,0.028253099881112576,4,/volumes/Seagate/mtg-jamendo-dataset/04/133104.mp3
321.5034693877551,132.51201923076923,0.08857367932796478,-17.96237564086914,0,0,0.5773705672147124,0.0,0.001185476139653474,1.0,0.6455013451069864,0.0493968790397048,4,/volumes/Seagate/mtg-jamendo-dataset/04/28104.mp3
249.2353514739229,139.6748310810811,0.21847017109394073,-11.966923713684082,9,1,0.5999263486471924,0.0,0.004345390596427023,1.0,0.7355122557513574,0.8208893984556198,4,/volumes/Seagate/mtg-jamendo-dataset/04/279604.mp3
261.3097505668934,90.66611842105263,0.17788691818714142,-16.719966888427734,4,1,0.5804589131948572,0.0,0.0005023154080845416,1.0,0.7781224289344776,1.0,4,/volumes/Seagate/mtg-jamendo-dataset/04/372604.mp3
158.66775510204081,120.18531976744185,0.07739542424678802,-21.828693389892578,5,1,0.5499185087808445,0.0,0.01135311322286725,1.0,0.7817469790226038,0.029659292194992304,4,/volumes/Seagate/mtg-jamendo-dataset/04/1041104.mp3
64.22541950113379,109.95678191489361,0.2834802269935608,-9.827458381652832,11,1,0.595361674921207,0.0,0.004714176175184548,1.0,0.6637191097970284,1.0,4,/volumes/Seagate/mtg-jamendo-dataset/04/1264204.mp3
210.46566893424037,135.99917763157896,0.26104873418807983,-13.501008987426758,11,1,0.5496803883101098,0.0,0.000548864874872379,1.0,0.6609638726282289,0.2025136724114418,4,/volumes/Seagate/mtg-jamendo-dataset/04/1312104.mp3
227.16818594104308,151.99908088235293,0.13942107558250427,-22.210796356201172,4,1,0.5553271907204963,0.0,0.00042254928848706186,1.0,0.6451534510395512,0.04782828502357006,4,/volumes/Seagate/mtg-jamendo-dataset/04/768904.mp3
313.2390702947846,143.5546875,0.05489698052406311,-28.953222274780273,2,1,0.5294399980376863,0.0,0.0007894249283708632,1.0,0.4287847489910973,9.018465902954631e-06,4,/volumes/Seagate/mtg-jamendo-dataset/04/1150404.mp3
209.97333333333333,135.99917763157896,0.0835576206445694,-18.792226791381836,7,1,0.5689223276458357,0.0,0.00029612593789352104,1.0,0.7155114955333495,0.023339868057519197,4,/volumes/Seagate/mtg-jamendo-dataset/04/1393404.mp3
440.70666666666665,112.34714673913044,0.08175539970397949,-27.74806785583496,3,0,0.5219234496550624,0.0,1.2024275292787934e-05,1.0,0.5063795798640669,7.153111596380768e-06,4,/volumes/Seagate/mtg-jamendo-dataset/04/299204.mp3
240.0,120.18531976744185,0.327688068151474,-9.28334903717041,7,1,0.5945527541065374,0.0,0.0011738005850929767,1.0,0.6656379969606151,1.0,4,/volumes/Seagate/mtg-jamendo-dataset/04/1279204.mp3
328.50666666666666,120.18531976744185,0.16806313395500183,-16.007225036621094,5,0,0.5688549323479946,0.0,0.00419911346398294,1.0,0.5472181373929239,1.0,4,/volumes/Seagate/mtg-jamendo-dataset/04/1053504.mp3
467.8356462585034,105.46875,0.0407199002802372,-33.3929443359375,9,1,0.5171579702530199,0.0,0.0008874242193996906,1.0,0.5311007285034222,0.0005880223397980444,4,/volumes/Seagate/mtg-jamendo-dataset/04/1396104.mp3
193.0,99.38401442307692,0.051013506948947906,-31.8391056060791,2,1,0.5292168933560262,0.0,0.0010271475766785443,1.0,0.4771280265954718,9.855610016984429e-07,4,/volumes/Seagate/mtg-jamendo-dataset/04/1117704.mp3
164.99671201814058,99.38401442307692,0.19458158314228058,-10.082986831665039,8,0,0.5756150322642615,0.0,0.003990097437053919,1.0,0.589518268397311,1.0,4,/volumes/Seagate/mtg-jamendo-dataset/04/1343404.mp3
101.38122448979591,126.04801829268293,0.22461171448230743,-11.0039644241333,6,0,0.6104426649921328,0.0,0.0005997914413455874,1.0,0.5528879131550893,0.5476734414696693,4,/volumes/Seagate/mtg-jamendo-dataset/04/39104.mp3
280.81632653061223,132.51201923076923,0.29999348521232605,-14.240652084350586,3,0,0.5431308265492019,0.0,9.949649756890722e-05,1.0,0.5242369071873967,1.0,4,/volumes/Seagate/mtg-jamendo-dataset/04/330504.mp3
50.40832199546485,120.18531976744185,0.11359485983848572,-19.496829986572266,3,0,0.6218189694288432,0.0,0.0014897731016390026,1.0,0.5444578351664986,0.04262696951627731,4,/volumes/Seagate/mtg-jamendo-dataset/04/1349104.mp3
474.72326530612247,178.20581896551724,0.07424882799386978,-24.817157745361328,2,1,0.5658847333784188,0.0,7.4238085289835e-05,1.0,0.7466899221432642,0.02274997066706419,4,/volumes/Seagate/mtg-jamendo-dataset/04/36204.mp3
189.93342403628117,107.666015625,0.2760808765888214,-15.369317054748535,6,1,0.5558100119539731,0.0,0.001027604565024376,1.0,0.5185310575628028,0.18495040014386177,4,/volumes/Seagate/mtg-jamendo-dataset/04/1215804.mp3
284.0,95.703125,0.06617049127817154,-19.9538631439209,4,1,0.5836825769979539,0.0,0.002082042396068573,1.0,0.6463767003310242,0.028315226081758738,4,/volumes/Seagate/mtg-jamendo-dataset/04/452504.mp3
73.11673469387755,114.84375,0.04357146471738815,-31.498241424560547,0,0,0.5642078139139125,0.0,0.004526076139882207,1.0,0.35739620289187946,7.810151032572321e-06,4,/volumes/Seagate/mtg-jamendo-dataset/04/1042004.mp3
215.9999319727891,120.18531976744185,0.24622341990470886,-16.22979164123535,5,1,0.5261874135583936,0.0,0.0005209720839047804,1.0,0.6316200557803987,1.0,4,/volumes/Seagate/mtg-jamendo-dataset/04/1328504.mp3
248.0,135.99917763157896,0.1831631064414978,-26.845746994018555,7,0,0.5753760818544391,0.0,6.380235390679445e-06,1.0,0.4341141637635006,0.0020904360280837864,4,/volumes/Seagate/mtg-jamendo-dataset/04/1114504.mp3
34.05145124716553,107.666015625,0.1002034917473793,-29.196683883666992,4,1,0.5745622167887964,0.0,0.00021625279623549432,1.0,0.5145428145569342,0.0006321285763988271,4,/volumes/Seagate/mtg-jamendo-dataset/04/1330504.mp3
259.52,161.4990234375,0.2525501847267151,-9.14058780670166,9,1,0.5643633337925014,0.0,0.001672524434980005,1.0,0.7815665543034708,0.9788131713867188,4,/volumes/Seagate/mtg-jamendo-dataset/04/1159704.mp3
378.8596825396825,139.6748310810811,0.21793146431446075,-17.53242301940918,0,0,0.5630464556190959,0.0,0.0034538592444732785,1.0,0.530340186770921,0.3324941545724869,4,/volumes/Seagate/mtg-jamendo-dataset/04/1247104.mp3
232.87497916666666,160.71428571428572,0.17334480583667755,-16.46285057067871,11,1,0.573188583210811,0.0,0.00025388623180333525,1.0,0.711789263282315,0.015825508162379265,4,/volumes/Seagate/mtg-jamendo-dataset/04/988504.mp3
226.90662131519275,112.34714673913044,0.20271871984004974,-16.188339233398438,10,0,0.5702854063982429,0.0,0.0006218708585947752,1.0,0.42422258258751877,0.08347002789378166,4,/volumes/Seagate/mtg-jamendo-dataset/04/1274504.mp3
104.0,120.18531976744185,0.11000427603721619,-31.44317626953125,5,1,0.5806509376736276,0.0,2.2798494825337912e-07,1.0,0.6151286606347893,1.9163112483511213e-05,4,/volumes/Seagate/mtg-jamendo-dataset/04/1173504.mp3
142.78666666666666,139.6748310810811,0.10421201586723328,-22.8541202545166,8,0,0.5261949919262664,0.0,0.006531060906127095,1.0,0.5221915714605379,0.0075927277794107795,4,/volumes/Seagate/mtg-jamendo-dataset/04/1294004.mp3
222.05333333333334,112.34714673913044,0.09648950397968292,-20.28893280029297,7,0,0.574974298310289,0.0,0.012786385137587786,1.0,0.49995758866687845,0.3007090650498867,4,/volumes/Seagate/mtg-jamendo-dataset/04/218404.mp3
157.52292517006802,99.38401442307692,0.029169626533985138,-26.072650909423828,1,0,0.5905516729462728,0.0,0.002867761126253754,1.0,0.5879501405729765,0.006688663852401078,4,/volumes/Seagate/mtg-jamendo-dataset/04/1404304.mp3
468.75,129.19921875,0.24279071390628815,-8.552262306213379,8,0,0.5778947446731172,0.0,0.0022400463349185884,1.0,0.6295226114216177,1.0,4,/volumes/Seagate/mtg-jamendo-dataset/04/870104.mp3
298.32528344671204,99.38401442307692,0.18459051847457886,-15.47864818572998,4,1,0.5644548237272846,0.0,0.0023563059512525797,1.0,0.592730645949501,0.5097634717822075,4,/volumes/Seagate/mtg-jamendo-dataset/04/1074704.mp3
114.86160997732426,139.6748310810811,0.1966128647327423,-8.965333938598633,7,0,0.5982343792385024,0.0,0.0050550688756629825,1.0,0.6700379088488654,1.0,4,/volumes/Seagate/mtg-jamendo-dataset/04/1405004.mp3
216.35816326530613,112.34714673913044,0.12210793793201447,-26.056575775146484,11,1,0.5537567084307515,0.0,2.800539277814096e-05,1.0,0.5449883350391911,0.005556606920436025,4,/volumes/Seagate/mtg-jamendo-dataset/04/300704.mp3
227.36,114.84375,0.20358528196811676,-11.509899139404297,7,0,0.5493334150056566,0.0,0.01817622547969222,1.0,0.5859685619887057,1.0,4,/volumes/Seagate/mtg-jamendo-dataset/04/119404.mp3
246.62204081632652,120.18531976744185,0.11854208260774612,-24.840831756591797,4,1,0.5416209802809361,0.0,3.628448121162364e-05,1.0,0.5645644499904954,0.0012838991824537516,4,/volumes/Seagate/mtg-jamendo-dataset/04/946804.mp3
285.0815419501134,97.50884433962264,0.1719704121351242,-17.250865936279297,9,1,0.5940208927161263,0.0,0.0016094212769530714,1.0,0.5591144324724184,0.47941815108060837,4,/volumes/Seagate/mtg-jamendo-dataset/04/1323804.mp3
193.58526077097505,109.95678191489361,0.12098643183708191,-18.074357986450195,10,1,0.6088405891468156,0.0,0.0007907826220616698,1.0,0.6240572654338327,0.72581946849823,4,/volumes/Seagate/mtg-jamendo-dataset/04/891604.mp3
201.77086167800454,112.34714673913044,0.23290780186653137,-11.903416633605957,0,0,0.5698752307398538,0.0,0.0011545561719685793,1.0,0.5388441288274345,0.5657126381993294,4,/volumes/Seagate/mtg-jamendo-dataset/04/1168804.mp3
227.32004535147394,103.359375,0.19149494171142578,-20.833152770996094,9,1,0.5316682981543772,0.0,9.373587090522051e-05,1.0,0.5274559523346904,0.0916608702391386,4,/volumes/Seagate/mtg-jamendo-dataset/04/277804.mp3
208.57639455782314,126.04801829268293,0.350240558385849,-2.922161102294922,9,1,0.6069108799003082,0.0,0.010553527856245637,1.0,0.7530102447058995,1.0,4,/volumes/Seagate/mtg-jamendo-dataset/04/1248104.mp3
261.5585208333333,130.8139534883721,0.14223919808864594,-24.376022338867188,7,1,0.5186910003292258,0.0,0.0009237767953891307,1.0,0.5957926615547077,0.012181198690086603,4,/volumes/Seagate/mtg-jamendo-dataset/04/1148304.mp3
205.72879818594103,120.18531976744185,0.3233698010444641,-8.645575523376465,9,1,0.5956491747028151,0.0,0.005195194738917053,1.0,0.5894422823323738,0.39680037647485733,4,/volumes/Seagate/mtg-jamendo-dataset/04/774004.mp3
215.49600907029478,126.04801829268293,0.15254223346710205,-14.072248458862305,0,0,0.5592435951602528,0.0,0.0008881823450792581,1.0,0.5844022625217664,1.0,4,/volumes/Seagate/mtg-jamendo-dataset/04/23004.mp3
114.13668934240363,114.84375,0.2217404842376709,-16.303491592407227,8,0,0.5197235808705309,0.0,0.0058546451618894935,1.0,0.5264134844870527,0.2545349672436714,4,/volumes/Seagate/mtg-jamendo-dataset/04/1076604.mp3
134.77650793650793,117.45383522727273,0.11933982372283936,-29.451574325561523,2,0,0.6380248298906764,0.0,2.8733098588418216e-05,1.0,0.24977913454499848,8.122577241920226e-06,4,/volumes/Seagate/mtg-jamendo-dataset/04/727904.mp3
211.32,130.8139534883721,0.26783454418182373,-8.956960678100586,8,0,0.5952424078896792,0.0,0.0024940944858826697,1.0,0.581732164611156,0.450390949845314,4,/volumes/Seagate/mtg-jamendo-dataset/04/887204.mp3
240.0,97.50884433962264,0.24673324823379517,-12.865190505981445,4,1,0.5900930956517279,0.0,0.0020683297771029174,1.0,0.6087815122381313,0.3496122360229492,4,/volumes/Seagate/mtg-jamendo-dataset/04/1337804.mp3
187.7942857142857,129.19921875,0.1484411507844925,-14.47136116027832,11,0,0.5757225659934356,0.0,0.00046816866961307824,1.0,0.6150689658011512,0.6947708874940872,4,/volumes/Seagate/mtg-jamendo-dataset/04/1291604.mp3
106.82666666666667,139.6748310810811,0.05640728399157524,-35.77912902832031,9,1,0.5048043144030918,0.0,0.0004182862176094204,1.0,0.5734723461989377,1.4808374260155688e-06,4,/volumes/Seagate/mtg-jamendo-dataset/04/1374304.mp3
356.00979591836733,126.04801829268293,0.11406806856393814,-14.399272918701172,8,0,0.60436467211101,0.0,0.004139126278460026,1.0,0.5991612496257862,1.0,4,/volumes/Seagate/mtg-jamendo-dataset/04/219004.mp3
202.72609977324262,120.18531976744185,0.06344027072191238,-30.495317459106445,0,1,0.4908279748204005,0.0,0.00041823784704320133,1.0,0.5901478952197753,0.0004226627424941398,4,/volumes/Seagate/mtg-jamendo-dataset/04/1347804.mp3
153.93333333333334,120.18531976744185,0.23140588402748108,-11.617238998413086,4,1,0.6019468807439696,0.0,0.0005126561445649713,1.0,0.663546158902544,0.09464048780500889,4,/volumes/Seagate/mtg-jamendo-dataset/04/1417804.mp3
310.29333333333335,86.1328125,0.21032902598381042,-12.27068042755127,9,1,0.5499996938614113,0.0,0.0018200392951257527,1.0,0.6129858137989539,0.7695308327674866,4,/volumes/Seagate/mtg-jamendo-dataset/04/1194604.mp3
222.0930612244898,147.65625,0.12884993851184845,-17.211156845092773,7,1,0.579342021426849,0.0,0.015354836359620094,1.0,0.5947919834158348,0.19347567111253738,4,/volumes/Seagate/mtg-jamendo-dataset/04/1031804.mp3
280.88437641723357,117.45383522727273,0.12930311262607574,-21.61187744140625,5,0,0.5765595855277117,0.0,0.00151194934733212,1.0,0.5889452434226317,0.017578458646312356,4,/volumes/Seagate/mtg-jamendo-dataset/04/1049704.mp3
341.26784580498867,147.65625,0.2261301875114441,-5.2610554695129395,10,0,0.5937963421587087,0.0,0.003913849359378219,1.0,0.6953125,1.0,4,/volumes/Seagate/mtg-jamendo-dataset/04/130604.mp3
230.70068027210885,147.65625,0.04815472289919853,-32.8651123046875,5,1,0.5498563875997559,0.0,0.0014434361073654145,1.0,0.5602351108255863,0.01064112177118659,4,/volumes/Seagate/mtg-jamendo-dataset/04/1387904.mp3
132.54637188208616,109.95678191489361,0.12982378900051117,-13.859685897827148,4,1,0.5894488445799988,0.0,0.0016555641777813435,1.0,0.6769429646818365,0.4130103811621666,4,/volumes/Seagate/mtg-jamendo-dataset/04/1087104.mp3
280.6249886621315,129.19921875,0.14734433591365814,-20.406679153442383,9,1,0.5794350387655818,0.0,0.0005070065672043711,1.0,0.6343170808510552,0.34712813794612885,4,/volumes/Seagate/mtg-jamendo-dataset/04/235304.mp3
177.0,123.046875,0.30179330706596375,-5.738598823547363,5,1,0.5847896910407062,0.0,0.0040322873974218965,1.0,0.7508157741828136,1.0,4,/volumes/Seagate/mtg-jamendo-dataset/04/1420704.mp3
197.01551020408164,139.6748310810811,0.09350043535232544,-20.45785903930664,4,1,0.5635969651933839,0.0,0.00039132787787821144,1.0,0.6883065819031021,0.039348527789115906,4,/volumes/Seagate/mtg-jamendo-dataset/04/373104.mp3
388.0286621315193,139.6748310810811,0.11817339062690735,-23.048593521118164,1,0,0.5746314118111358,0.0,0.0025809980579651892,1.0,0.5229457444172014,9.230527666659327e-06,4,/volumes/Seagate/mtg-jamendo-dataset/04/229104.mp3
172.094693877551,120.18531976744185,0.15393400192260742,-18.518287658691406,7,1,0.5858223903608916,0.0,0.016171295195817947,1.0,0.6326649591414801,0.834507942199707,4,/volumes/Seagate/mtg-jamendo-dataset/04/152604.mp3
151.89755102040817,129.19921875,0.06830386072397232,-26.510990142822266,0,1,0.6041343232206413,0.0,0.0006246505508897826,1.0,0.692079841443676,0.0025014503626152873,4,/volumes/Seagate/mtg-jamendo-dataset/04/1326604.mp3
477.0307482993197,120.18531976744185,0.0594770610332489,-26.38499641418457,0,1,0.5094876198819068,0.0,0.00034839286672649905,1.0,0.5758103511185183,1.788037138794607e-05,4,/volumes/Seagate/mtg-jamendo-dataset/04/1028504.mp3
169.5,120.18531976744185,0.3032192587852478,-9.556382179260254,11,1,0.572835123493812,0.0,0.0008758771873544902,1.0,0.6144410608685231,0.6132756918668747,4,/volumes/Seagate/mtg-jamendo-dataset/04/1417904.mp3
320.6269387755102,139.6748310810811,0.49975594878196716,1.1395668983459473,5,1,0.6154121693895562,0.0,0.007081547984853387,1.0,0.7726196111638657,1.0,4,/volumes/Seagate/mtg-jamendo-dataset/04/1299904.mp3
278.28375,106.13207547169812,0.09965656697750092,-21.99830436706543,2,1,0.598005626822012,0.0,0.004192728199996054,1.0,0.6573542712753158,0.02049657516181469,4,/volumes/Seagate/mtg-jamendo-dataset/04/1137204.mp3
164.28,120.18531976744185,0.020788462832570076,-39.1842155456543,0,1,0.5596020707372886,0.0,0.002268251613713801,1.0,0.5253695021340716,3.4349994848525967e-07,4,/volumes/Seagate/mtg-jamendo-dataset/04/1028904.mp3
368.96553287981857,172.265625,0.19222041964530945,-11.496782302856445,4,0,0.5850079812383195,0.0,0.003440812462940812,1.0,0.7279525002970779,0.9073163568973541,4,/volumes/Seagate/mtg-jamendo-dataset/04/769504.mp3
333.6881632653061,139.6748310810811,0.42543357610702515,-5.446815013885498,2,1,0.576034383156758,0.0,0.0010465069790370762,1.0,0.755140549054843,0.11386018246412277,4,/volumes/Seagate/mtg-jamendo-dataset/04/454904.mp3
316.0,120.18531976744185,0.13692867755889893,-15.434876441955566,0,0,0.5743807289186775,0.0,0.0016782632446847856,1.0,0.5592860676973359,0.4794789105653763,4,/volumes/Seagate/mtg-jamendo-dataset/04/1300204.mp3
192.85,166.70866935483872,0.2473333328962326,-7.489573001861572,0,1,0.6034120078685918,0.0,0.003782507381401956,1.0,0.8513109295482895,1.0,4,/volumes/Seagate/mtg-jamendo-dataset/04/945204.mp3
320.40097505668933,129.19921875,0.3331396281719208,-9.9824857711792,7,1,0.5994210317468832,0.0,0.0024654584121890366,1.0,0.6970310582628338,1.0,4,/volumes/Seagate/mtg-jamendo-dataset/04/1378204.mp3
348.7797278911565,161.4990234375,0.22296564280986786,-9.620091438293457,9,1,0.5991275145506068,0.0,0.0010809760715346783,1.0,0.7718530048172494,0.28916098177433014,4,/volumes/Seagate/mtg-jamendo-dataset/04/1033504.mp3
234.89585416666668,119.68085106382979,0.14648979902267456,-16.21747589111328,4,1,0.597198968261865,0.0,0.0003243390965508297,1.0,0.6707129223762274,0.27178725227713585,4,/volumes/Seagate/mtg-jamendo-dataset/04/262004.mp3
325.8666666666667,109.95678191489361,0.3235591948032379,-9.977489471435547,7,1,0.5878135697103676,0.0,0.00042693843715824187,1.0,0.6275593819647305,0.4195624962449074,4,/volumes/Seagate/mtg-jamendo-dataset/04/530904.mp3
205.10185941043085,112.34714673913044,0.04780925065279007,-31.764644622802734,5,1,0.5350461780930971,0.0,6.848708471807186e-05,1.0,0.5026262495987318,4.957510554959299e-05,4,/volumes/Seagate/mtg-jamendo-dataset/04/1227104.mp3
188.10666666666665,103.359375,0.29061904549598694,-10.297330856323242,7,1,0.6016895452973721,0.0,0.00039854421629570425,1.0,0.5844369582097454,0.16130732372403145,4,/volumes/Seagate/mtg-jamendo-dataset/04/1352704.mp3
295.5232653061224,129.19921875,0.1143302246928215,-17.826679229736328,7,1,0.5693215088024921,0.0,0.0005522723804460838,1.0,0.7025997427440926,0.21035583689808846,4,/volumes/Seagate/mtg-jamendo-dataset/04/473104.mp3
123.2,126.04801829268293,0.03656643256545067,-32.13985824584961,0,0,0.5170760616615253,0.0,0.0035640938440337777,1.0,0.3995065562970247,0.00032835680030984804,4,/volumes/Seagate/mtg-jamendo-dataset/04/1070704.mp3
390.24326530612245,129.19921875,0.28005221486091614,-10.904008865356445,9,1,0.5858287385654621,0.0,0.00071179230872076,1.0,0.7173960704684816,0.8765216171741486,4,/volumes/Seagate/mtg-jamendo-dataset/04/1414204.mp3
186.67360544217686,90.66611842105263,0.1869981586933136,-17.521690368652344,9,1,0.5385693436137774,0.0,0.00042451266199350357,1.0,0.5559461616484662,0.2902522310614586,4,/volumes/Seagate/mtg-jamendo-dataset/04/1287604.mp3
282.07020408163265,123.046875,0.2567119002342224,-11.383010864257812,2,1,0.5892826621305624,0.0,0.009554559364914894,1.0,0.6612251005452127,0.8518063277006149,4,/volumes/Seagate/mtg-jamendo-dataset/04/875004.mp3
426.6666666666667,161.4990234375,0.12731459736824036,-16.916616439819336,0,0,0.5944819709351137,0.0,0.003584685386158526,1.0,0.6880537297492297,1.0,4,/volumes/Seagate/mtg-jamendo-dataset/04/1310504.mp3
73.2607029478458,139.6748310810811,0.08285938203334808,-25.321420669555664,9,1,0.5478186135955753,0.0,8.429509216512088e-05,1.0,0.6121405676355807,0.01851957058534026,4,/volumes/Seagate/mtg-jamendo-dataset/04/1279604.mp3
121.41158333333334,85.22727272727273,0.13985005021095276,-23.52915382385254,7,0,0.5755276960612579,0.0,0.00015865028399275616,1.0,0.39379919106767297,0.0735740503296256,4,/volumes/Seagate/mtg-jamendo-dataset/04/1112004.mp3
295.9259863945578,107.666015625,0.07909596711397171,-24.458677291870117,7,0,0.5540671896749181,0.0,0.00020462214160943404,1.0,0.44407012419192915,0.026109949685633183,4,/volumes/Seagate/mtg-jamendo-dataset/04/175004.mp3
406.22360544217685,120.18531976744185,0.09774881601333618,-23.758859634399414,6,0,0.5633890132671062,0.0,0.00022496159363072366,1.0,0.4554902129922907,0.007248009787872434,4,/volumes/Seagate/mtg-jamendo-dataset/04/1097804.mp3
144.8648752834467,109.95678191489361,0.05758386850357056,-29.083120346069336,2,1,0.5283326122216001,0.0,0.0005867925501661375,1.0,0.5291737913226097,6.026949108672852e-06,4,/volumes/Seagate/mtg-jamendo-dataset/04/646804.mp3
120.0,114.84375,0.1231263130903244,-25.251924514770508,0,1,0.5367171854795689,0.0,1.4175465366861317e-05,1.0,0.6946607706380683,0.0027114522526971996,4,/volumes/Seagate/mtg-jamendo-dataset/04/1399804.mp3
182.3738775510204,92.28515625,0.3123991787433624,-8.821159362792969,1,0,0.5804288546942861,0.0,0.0011654244444798678,1.0,0.4796193203225979,1.0,4,/volumes/Seagate/mtg-jamendo-dataset/04/82804.mp3
360.6666666666667,143.5546875,0.21394331753253937,-18.444265365600586,6,0,0.5469073400448696,0.0,6.169982225401327e-05,1.0,0.523356027810849,0.009710260783322155,4,/volumes/Seagate/mtg-jamendo-dataset/04/229904.mp3
276.95743764172335,112.34714673913044,0.13279928267002106,-21.20701789855957,4,1,0.5594976530487339,0.0,7.001624180702493e-05,1.0,0.5808412116128595,0.04818687215447426,4,/volumes/Seagate/mtg-jamendo-dataset/04/1604.mp3
71.40498866213152,120.18531976744185,0.1665668934583664,-14.303606033325195,7,1,0.5706894765519879,0.0,0.009225552203133702,1.0,0.6777981212378417,0.842156782746315,4,/volumes/Seagate/mtg-jamendo-dataset/04/89804.mp3
107.87990929705215,112.34714673913044,0.12291853874921799,-23.845090866088867,11,1,0.4856797823847191,0.0,8.389264621655457e-05,1.0,0.5670997565523204,0.10241648182272911,4,/volumes/Seagate/mtg-jamendo-dataset/04/1375204.mp3
240.9370068027211,126.04801829268293,0.21852697432041168,-10.97046184539795,0,1,0.5907878812123617,0.0,0.0012937369756400585,1.0,0.6669486758313631,0.3451859578490257,4,/volumes/Seagate/mtg-jamendo-dataset/04/580904.mp3
188.58816326530612,112.34714673913044,0.19551371037960052,-14.995287895202637,4,1,0.5951384407359466,0.0,0.0017287369701080024,1.0,0.6560904067696451,0.2944372780621052,4,/volumes/Seagate/mtg-jamendo-dataset/04/1273904.mp3
92.525,160.71428571428572,0.07664491981267929,-27.01917266845703,5,1,0.5313516720060645,0.0,0.00022411351528717205,1.0,0.4034856406408088,6.226734058145666e-05,4,/volumes/Seagate/mtg-jamendo-dataset/04/1115604.mp3
132.5,120.18531976744185,0.0788315013051033,-24.365224838256836,7,1,0.5351016942833505,0.0,0.0005129217024659738,1.0,0.6245427629292367,0.1066864375025034,4,/volumes/Seagate/mtg-jamendo-dataset/04/1197104.mp3
322.7167346938775,120.18531976744185,0.08992770314216614,-22.10948371887207,7,0,0.6183115774802348,0.0,0.001524822204373777,1.0,0.3912358439155336,0.011304256040602922,4,/volumes/Seagate/mtg-jamendo-dataset/04/169204.mp3
304.26396825396824,120.18531976744185,0.18164069950580597,-8.508980751037598,7,1,0.5648046970723157,0.0,0.006373570533469319,1.0,0.7603706395348837,1.0,4,/volumes/Seagate/mtg-jamendo-dataset/04/1379104.mp3
88.89469387755102,109.95678191489361,0.13227342069149017,-27.025733947753906,9,1,0.5250204613098659,0.0,0.0002461643816786818,1.0,0.511671089146376,0.00024776358259259723,4,/volumes/Seagate/mtg-jamendo-dataset/04/225604.mp3
306.6533333333333,129.19921875,0.21662373840808868,-11.316361427307129,9,1,0.557921581235505,0.0,0.004447105340659618,1.0,0.6958934468385249,0.3422153741121292,4,/volumes/Seagate/mtg-jamendo-dataset/04/12304.mp3
186.79766439909298,132.51201923076923,0.23663708567619324,-14.260461807250977,6,1,0.5427955576878878,0.0,0.0008942004642449319,1.0,0.6563729524542989,2.297016408192576e-05,4,/volumes/Seagate/mtg-jamendo-dataset/04/901204.mp3
242.5,95.703125,0.1168711706995964,-16.555206298828125,4,1,0.5743697427662526,0.0,0.007376206805929542,1.0,0.6845469252943353,0.35028260201215744,4,/volumes/Seagate/mtg-jamendo-dataset/04/1098804.mp3
189.78666666666666,129.19921875,0.05089786276221275,-28.759489059448242,7,1,0.5584966742168337,0.0,0.00033925301249837503,1.0,0.728250037857759,0.025945010129362345,4,/volumes/Seagate/mtg-jamendo-dataset/04/75204.mp3
233.71755102040817,105.46875,0.21864019334316254,-12.18371868133545,2,1,0.5576016953781228,0.0,0.0008613504760432988,1.0,0.6533549596363019,0.853605717420578,4,/volumes/Seagate/mtg-jamendo-dataset/04/1374704.mp3
267.5722448979592,129.19921875,0.11772874742746353,-16.123844146728516,9,1,0.4901777628825006,0.0,0.00015180781338131055,1.0,0.7329050273468012,0.40778640657663345,4,/volumes/Seagate/mtg-jamendo-dataset/04/1349604.mp3
257.27083900226756,166.70866935483872,0.1671305000782013,-23.838499069213867,9,1,0.5336942642938194,0.0,0.0022734241210855544,1.0,0.48062011508324654,0.0027851053164340556,4,/volumes/Seagate/mtg-jamendo-dataset/04/1115404.mp3
659.2696598639455,123.046875,0.1006937325000763,-27.730329513549805,2,1,0.548676888176582,0.0,0.000745821394957602,1.0,0.5368167458867945,3.464007477305131e-05,4,/volumes/Seagate/mtg-jamendo-dataset/04/1232304.mp3
233.63637188208617,132.51201923076923,0.12770770490169525,-20.49473762512207,4,1,0.5249714480068547,0.0,0.001450425828807056,1.0,0.5646214474631691,0.7180185616016388,4,/volumes/Seagate/mtg-jamendo-dataset/04/1415804.mp3
273.1280952380952,120.18531976744185,0.19597387313842773,-17.869550704956055,2,0,0.5693312905808112,0.0,0.0002722970166360028,1.0,0.47703150667927063,0.032169315963983536,4,/volumes/Seagate/mtg-jamendo-dataset/04/1344204.mp3
222.07195833333333,160.71428571428572,0.10600318759679794,-19.462984085083008,0,1,0.5952509569314718,0.0,0.00641387770883739,1.0,0.7040872274725946,0.1346372440457344,4,/volumes/Seagate/mtg-jamendo-dataset/04/373604.mp3
186.66666666666666,90.66611842105263,0.12303756922483444,-18.155075073242188,4,1,0.5705680521517131,0.0,0.0009140942129306495,1.0,0.6009004157841578,0.5627906695008278,4,/volumes/Seagate/mtg-jamendo-dataset/04/1242204.mp3
128.0,120.18531976744185,0.21008619666099548,-21.096759796142578,4,1,0.603023108116903,0.0,0.00025751522480277345,1.0,0.39863669828754095,0.02260226523503661,4,/volumes/Seagate/mtg-jamendo-dataset/04/365604.mp3
310.2133333333333,126.04801829268293,0.16802071034908295,-16.598398208618164,7,0,0.5238469390074938,0.0,0.0026741227484308183,1.0,0.5515337590014643,0.15761466696858406,4,/volumes/Seagate/mtg-jamendo-dataset/04/241004.mp3
163.15501133786847,156.60511363636363,0.04586323723196983,-33.43124008178711,9,1,0.5188580673764558,0.0,0.00019072472787229344,1.0,0.6272458462155269,0.0002487552410457283,4,/volumes/Seagate/mtg-jamendo-dataset/04/238204.mp3
164.04897959183674,120.18531976744185,0.10659665614366531,-24.736766815185547,0,1,0.5816354709913091,0.0,0.008213889319449663,1.0,0.5701943544741127,0.010077161714434624,4,/volumes/Seagate/mtg-jamendo-dataset/04/438204.mp3
78.336,95.33898305084746,0.19310730695724487,-16.822734832763672,7,0,0.5872110995243741,0.0,6.869808930787258e-05,1.0,0.4516197681390983,0.0795220397412777,4,/volumes/Seagate/mtg-jamendo-dataset/04/248404.mp3
413.8291156462585,161.4990234375,0.11136878281831741,-21.47595977783203,4,1,0.563757108390828,0.0,0.0001194233373098541,1.0,0.5127849645477383,0.010847573867067695,4,/volumes/Seagate/mtg-jamendo-dataset/04/1289304.mp3
158.4,99.38401442307692,0.03076498955488205,-32.6942138671875,9,1,0.543821992783377,0.0,1.8936054857476847e-06,1.0,0.46536879018828237,3.012819149716961e-06,4,/volumes/Seagate/mtg-jamendo-dataset/04/1210604.mp3
208.66718820861678,178.20581896551724,0.25199151039123535,-13.575801849365234,7,0,0.5638334288487843,0.0,0.0012520547315943986,1.0,0.6185076662373539,0.5804768204689026,4,/volumes/Seagate/mtg-jamendo-dataset/04/1409404.mp3
391.9066666666667,92.28515625,0.07638773322105408,-18.363027572631836,0,0,0.55388503831088,0.0,0.005416793050244451,1.0,0.5845703125,0.2827182970941067,4,/volumes/Seagate/mtg-jamendo-dataset/04/1160604.mp3
204.15609977324263,99.38401442307692,0.097568079829216,-28.405851364135742,9,1,0.572045409998049,0.0,8.694242569617927e-05,1.0,0.4733893209285198,0.000315286306431517,4,/volumes/Seagate/mtg-jamendo-dataset/04/1385304.mp3
241.19727891156464,135.99917763157896,0.060010965913534164,-21.951433181762695,4,1,0.6111007420441961,0.0,4.777942922373768e-05,1.0,0.6013046683461862,0.01301844255067408,4,/volumes/Seagate/mtg-jamendo-dataset/04/38404.mp3
150.0,103.359375,0.11768114566802979,-26.792144775390625,8,0,0.5557636991370787,0.0,8.571479611418908e-06,1.0,0.3606025037190401,0.0012863408483099192,4,/volumes/Seagate/mtg-jamendo-dataset/04/1299804.mp3
196.90521541950113,123.046875,0.06921418756246567,-27.187538146972656,7,1,0.5399305470088448,0.0,0.0020082416594959795,1.0,0.5141968601908431,3.7082356811879436e-05,4,/volumes/Seagate/mtg-jamendo-dataset/04/1336204.mp3
288.0044671201814,139.6748310810811,0.18526272475719452,-17.251497268676758,0,0,0.5548526117997079,0.0,0.0010117664351128042,1.0,0.5640671762537294,0.21539220586419106,4,/volumes/Seagate/mtg-jamendo-dataset/04/606904.mp3
203.0,139.6748310810811,0.1010826826095581,-24.197574615478516,4,1,0.5317927199777804,0.0,0.0065501786302775145,1.0,0.634924978379259,0.03224656684324145,4,/volumes/Seagate/mtg-jamendo-dataset/04/1166104.mp3
742.4,139.6748310810811,0.17704027891159058,-13.650195121765137,0,1,0.5765082417716199,0.0,9.433235027245246e-05,1.0,0.6795069007925386,0.24696219712495804,4,/volumes/Seagate/mtg-jamendo-dataset/04/1146204.mp3
149.3001814058957,135.99917763157896,0.11026278138160706,-30.20829200744629,5,0,0.5301242838864462,0.0,4.783151325682411e-06,1.0,0.4093303702219596,1.2330682466199505e-05,4,/volumes/Seagate/mtg-jamendo-dataset/04/1357404.mp3
216.35714285714286,166.70866935483872,0.19110630452632904,-12.712509155273438,8,0,0.5845180909458421,0.0,0.003071735263802111,1.0,0.64697738947893,0.22938242182135582,4,/volumes/Seagate/mtg-jamendo-dataset/04/1352504.mp3
184.14637188208616,135.99917763157896,0.14717382192611694,-21.89168930053711,6,1,0.5316054041318254,0.0,0.002365716907661408,1.0,0.643711553410456,0.1805710606276989,4,/volumes/Seagate/mtg-jamendo-dataset/04/1217304.mp3
430.64954648526077,120.18531976744185,0.2613868713378906,-11.500460624694824,2,1,0.5949799877012166,0.0,0.0014421699161175638,1.0,0.701274055833721,1.0,4,/volumes/Seagate/mtg-jamendo-dataset/04/1361104.mp3
176.0,99.38401442307692,0.1701459437608719,-16.588191986083984,2,1,0.5700059793194253,0.0,0.0006211879954207689,1.0,0.6022778453568055,0.7070080935955048,4,/volumes/Seagate/mtg-jamendo-dataset/04/1296704.mp3
249.31090702947847,120.18531976744185,0.06585945188999176,-23.92323875427246,6,1,0.5691351620345796,0.0,0.0021138155716471374,1.0,0.6202142028983001,0.31385503709316254,4,/volumes/Seagate/mtg-jamendo-dataset/04/1242604.mp3
286.4306802721088,147.65625,0.22257409989833832,-10.454896926879883,2,1,0.5745541158314318,0.0,0.001479585247579962,1.0,0.7341065671788778,0.5587723478674889,4,/volumes/Seagate/mtg-jamendo-dataset/04/1149704.mp3
264.9077551020408,99.38401442307692,0.13414359092712402,-21.82996368408203,9,1,0.5547289032738553,0.0,0.00019224224524805322,1.0,0.557607984463792,0.005718827014788985,4,/volumes/Seagate/mtg-jamendo-dataset/04/399204.mp3
123.40798185941043,139.6748310810811,0.2249019742012024,-12.647911071777344,9,1,0.5800556904229606,0.0,0.00014148500849842094,1.0,0.710060532252671,0.13602913357317448,4,/volumes/Seagate/mtg-jamendo-dataset/04/1154904.mp3
133.35510204081632,139.6748310810811,0.09446810930967331,-20.680002212524414,9,1,0.5641863671821699,0.0,0.01998188579455018,1.0,0.7499296076664124,7.534574741896449e-08,4,/volumes/Seagate/mtg-jamendo-dataset/04/1295904.mp3
650.4751020408163,129.19921875,0.22628070414066315,-13.360296249389648,9,1,0.6040026928670772,0.0,0.0023557854001410306,1.0,0.7180213211944391,1.0,4,/volumes/Seagate/mtg-jamendo-dataset/04/1414104.mp3
225.88,114.84375,0.2880874574184418,-12.739202499389648,11,1,0.579798938252587,0.0,0.0004109656729269773,1.0,0.617046392276953,0.3496699407696724,4,/volumes/Seagate/mtg-jamendo-dataset/04/322104.mp3
172.0,92.28515625,0.14105723798274994,-17.69752311706543,0,0,0.5826942541493324,0.0,0.006452000699937344,1.0,0.4865536184598835,0.7706479728221893,4,/volumes/Seagate/mtg-jamendo-dataset/04/659904.mp3
122.69696145124716,120.18531976744185,0.15890616178512573,-25.618045806884766,7,0,0.5082419973807658,0.0,0.0013315460819285363,1.0,0.42531046976043196,3.2346949296879757e-06,4,/volumes/Seagate/mtg-jamendo-dataset/04/1193604.mp3
299.73215419501133,139.6748310810811,0.052267786115407944,-21.800642013549805,0,0,0.6136112632488042,0.0,0.0005836854397784919,1.0,0.4765266619784788,0.02246220363304019,4,/volumes/Seagate/mtg-jamendo-dataset/04/1118604.mp3
314.04408163265305,120.18531976744185,0.11109546571969986,-17.8201847076416,0,1,0.5941342570632815,0.0,0.0036244987277314067,1.0,0.7403667996638365,0.4152858257293701,4,/volumes/Seagate/mtg-jamendo-dataset/04/1391904.mp3
181.00351473922902,156.60511363636363,0.14859600365161896,-18.33565330505371,5,0,0.5655919144296642,0.0,0.0001776756216713693,1.0,0.4429688710656009,0.6273607164621353,4,/volumes/Seagate/mtg-jamendo-dataset/04/1225504.mp3
213.59526077097505,90.66611842105263,0.11958099901676178,-15.443791389465332,7,0,0.5805990649946795,0.0,0.004319693776778877,1.0,0.5355178478886585,0.8496832847595215,4,/volumes/Seagate/mtg-jamendo-dataset/04/718304.mp3
308.0451927437642,114.84375,0.31320199370384216,-11.638890266418457,4,1,0.5922856310470683,0.0,0.0002789759964798577,1.0,0.6194207800354496,0.16904151067137718,4,/volumes/Seagate/mtg-jamendo-dataset/04/934004.mp3
240.15858333333333,100.44642857142857,0.1415848582983017,-22.597585678100586,9,1,0.5664593972258782,0.0,0.00027730505098588765,1.0,0.5322038761293167,0.014843421522527933,4,/volumes/Seagate/mtg-jamendo-dataset/04/1115704.mp3
117.68,105.46875,0.11643725633621216,-19.938486099243164,5,1,0.5563090765619365,0.0,0.00903249392285943,1.0,0.6078968554951363,0.03018059767782688,4,/volumes/Seagate/mtg-jamendo-dataset/04/1163204.mp3
176.0,120.18531976744185,0.6641020774841309,15.843610763549805,8,0,0.6556372693276618,0.0,0.18873783946037292,1.0,0.6403706395348837,1.0,4,/volumes/Seagate/mtg-jamendo-dataset/04/362504.mp3
267.39292517006805,132.51201923076923,0.1658565253019333,-15.104504585266113,8,0,0.5880234588287624,0.0,0.0007847182278055698,1.0,0.5437421633484271,0.11552021838724613,4,/volumes/Seagate/mtg-jamendo-dataset/04/1135704.mp3
148.82074829931972,129.19921875,0.08549708873033524,-25.736572265625,5,1,0.5476257439898042,0.0,0.00014140391795081086,1.0,0.5186404471290365,0.009044778998941183,4,/volumes/Seagate/mtg-jamendo-dataset/04/1136204.mp3
246.57333333333332,161.4990234375,0.2961302697658539,-5.361789703369141,9,1,0.5894052142594217,0.0,0.0023595113307237625,1.0,0.6233252453271828,1.0,4,/volumes/Seagate/mtg-jamendo-dataset/04/381504.mp3
327.9331746031746,101.33272058823529,0.2245057076215744,-12.581780433654785,2,0,0.5707576740727127,0.0,0.0010594602499622852,1.0,0.4944544783991147,0.7408079504966736,4,/volumes/Seagate/mtg-jamendo-dataset/04/1315104.mp3
477.17648526077096,112.34714673913044,0.1506892591714859,-14.23076343536377,5,0,0.5839795493827271,0.0,0.0008446518040727824,1.0,0.4760191212214461,0.43775659054517746,4,/volumes/Seagate/mtg-jamendo-dataset/04/677104.mp3
350.184,170.45454545454547,0.16574835777282715,-21.476524353027344,9,1,0.554109493978579,0.0,0.00022975475440034643,1.0,0.705929106821314,1.0,4,/volumes/Seagate/mtg-jamendo-dataset/04/156204.mp3
273.18857142857144,156.60511363636363,0.16838927567005157,-15.729069709777832,7,1,0.5857042854364243,0.0,2.3316809347306844e-05,1.0,0.6966422417998136,4.318799710745225e-05,4,/volumes/Seagate/mtg-jamendo-dataset/04/23104.mp3
268.6084353741497,123.046875,0.21655459702014923,-12.624868392944336,9,1,0.5634290474111123,0.0,0.005439075292088091,1.0,0.6017510505932276,0.407610684633255,4,/volumes/Seagate/mtg-jamendo-dataset/04/902704.mp3
196.8896371882086,129.19921875,0.29278749227523804,-12.090505599975586,4,1,0.5670425524005962,0.0,0.00352984678465873,1.0,0.6967771803717111,1.0,4,/volumes/Seagate/mtg-jamendo-dataset/04/1157904.mp3
129.5673469387755,132.51201923076923,0.07859455794095993,-27.5632381439209,3,0,0.5730247459210318,0.0,0.0014898174558766186,1.0,0.41368105734302274,0.0005085022712592036,4,/volumes/Seagate/mtg-jamendo-dataset/04/186604.mp3
114.60024943310657,132.51201923076923,0.024706773459911346,-37.26126480102539,8,0,0.5226552524832033,0.0,0.0034191354643553495,1.0,0.5056664821734499,7.169886089286592e-06,4,/volumes/Seagate/mtg-jamendo-dataset/04/1193304.mp3
491.1628117913832,172.265625,0.20719878375530243,-14.68944263458252,8,0,0.6015100325722271,0.0,0.002573493286035955,1.0,0.6174395391553631,1.0,4,/volumes/Seagate/mtg-jamendo-dataset/04/646404.mp3
307.72225,160.71428571428572,0.15704341232776642,-20.536714553833008,7,1,0.5244152070144277,0.0,0.002186205529142171,1.0,0.6890636293706656,0.0010783527250168845,4,/volumes/Seagate/mtg-jamendo-dataset/04/400704.mp3
411.6666666666667,143.5546875,0.24968719482421875,-4.516145706176758,4,1,0.6167141967054309,0.0,0.008226234465837479,1.0,0.807109375,1.0,4,/volumes/Seagate/mtg-jamendo-dataset/04/87504.mp3
109.08734693877551,120.18531976744185,0.05970200151205063,-25.41103744506836,7,1,0.5721892902702628,0.0,0.007071208208799362,1.0,0.6073612009972871,0.0018020888091996312,4,/volumes/Seagate/mtg-jamendo-dataset/04/1074904.mp3
252.76773242630387,147.65625,0.2392851561307907,-13.288822174072266,4,1,0.5825279055395263,0.0,0.0008560838468838483,1.0,0.6895161285589302,0.1504772249609232,4,/volumes/Seagate/mtg-jamendo-dataset/04/1165404.mp3
184.9208163265306,129.19921875,0.22744663059711456,-19.71053695678711,7,1,0.5632773037137335,0.0,0.00034684727870626375,1.0,0.5866257875262997,0.04051459953188896,4,/volumes/Seagate/mtg-jamendo-dataset/04/1400604.mp3
318.4631292517007,109.95678191489361,0.1627652794122696,-23.4328670501709,7,0,0.5692070741247024,0.0,9.292881804867648e-05,1.0,0.48954058144621393,0.0005724723087041639,4,/volumes/Seagate/mtg-jamendo-dataset/04/99404.mp3
399.7245625,140.625,0.07355349510908127,-26.193443298339844,2,0,0.5588907939021682,0.0,0.0013193052727729082,1.0,0.47671556019008865,0.0022649686434306204,4,/volumes/Seagate/mtg-jamendo-dataset/04/729304.mp3
277.1947845804989,132.51201923076923,0.015379177406430244,-39.661922454833984,0,0,0.5666057685633448,0.0,2.948398014268605e-05,1.0,0.42463232518899774,1.059310861251106e-06,4,/volumes/Seagate/mtg-jamendo-dataset/04/1150104.mp3
286.9210657596372,129.19921875,0.07302258908748627,-28.451467514038086,2,1,0.5364862440017475,0.0,0.00014857414498692378,1.0,0.5697484926495494,0.004037685575895011,4,/volumes/Seagate/mtg-jamendo-dataset/04/1412804.mp3
182.8160544217687,123.046875,0.25378111004829407,-9.464088439941406,2,1,0.5621053777939882,0.0,0.0030351070454344153,1.0,0.6843892268579832,0.7967298477888107,4,/volumes/Seagate/mtg-jamendo-dataset/04/698504.mp3
190.39285714285714,139.6748310810811,0.23311294615268707,-18.960365295410156,6,0,0.521932841802275,0.0,0.00024460809800075367,1.0,0.40682551680351503,0.024172987323254347,4,/volumes/Seagate/mtg-jamendo-dataset/04/1189904.mp3
219.1563038548753,92.28515625,0.18724073469638824,-15.272903442382812,7,1,0.5639581622055623,0.0,0.002033853786997497,1.0,0.5319239195805547,1.0,4,/volumes/Seagate/mtg-jamendo-dataset/04/1403904.mp3
293.3379591836735,135.99917763157896,0.20501543581485748,-14.668169021606445,4,1,0.5468129330490337,0.0,0.0006406063766917214,1.0,0.674248133623976,0.5716277286410332,4,/volumes/Seagate/mtg-jamendo-dataset/04/1314304.mp3
194.0,105.46875,0.16666656732559204,-19.34526252746582,2,1,0.5939459019925292,0.0,0.00014543743600370362,1.0,0.545835624071086,0.024658257607370615,4,/volumes/Seagate/mtg-jamendo-dataset/04/1420604.mp3
196.92,112.34714673913044,0.218342125415802,-13.720586776733398,7,1,0.5924238690340878,0.0,0.011593727627769113,1.0,0.7232837088801987,0.026273312978446484,4,/volumes/Seagate/mtg-jamendo-dataset/04/7204.mp3
195.13333333333333,126.04801829268293,0.25785350799560547,-5.962766647338867,4,1,0.5789683838007296,0.0,0.002908330236095935,1.0,0.7671750298475588,1.0,4,/volumes/Seagate/mtg-jamendo-dataset/04/206604.mp3
268.81875283446715,99.38401442307692,0.1369260847568512,-18.00066375732422,0,1,0.562391419400794,0.0,0.0005354483291739598,1.0,0.6209571107667554,0.05844465456902981,4,/volumes/Seagate/mtg-jamendo-dataset/04/1281204.mp3
143.22938775510204,84.72079918032787,0.0679587572813034,-19.23793601989746,11,1,0.5697581486184524,0.0,0.0003024990437552333,1.0,0.6792328371733645,0.5639109015464783,4,/volumes/Seagate/mtg-jamendo-dataset/04/128304.mp3
216.96498866213153,126.04801829268293,0.06773611158132553,-25.84202766418457,0,0,0.5451443890832361,0.0,0.004180544055998325,1.0,0.3405599577651473,0.0010959786595776677,4,/volumes/Seagate/mtg-jamendo-dataset/04/192704.mp3
177.28,112.34714673913044,0.30078789591789246,-15.663406372070312,2,1,0.5812690309049009,0.0,0.0007795296551194042,1.0,0.6059289501071679,1.0,4,/volumes/Seagate/mtg-jamendo-dataset/04/492104.mp3
262.50666666666666,120.18531976744185,0.12581460177898407,-11.472593307495117,2,1,0.5361609904087372,0.0,0.011239497223868966,1.0,0.6781885982390046,0.21857699379324913,4,/volumes/Seagate/mtg-jamendo-dataset/04/347604.mp3
35.160816326530615,120.18531976744185,0.0856398269534111,-26.85831642150879,2,1,0.5475262222914833,0.0,0.00048572587547823787,1.0,0.5603680876647568,0.0016615918138995767,4,/volumes/Seagate/mtg-jamendo-dataset/04/702504.mp3
226.0,120.18531976744185,0.11296124756336212,-17.095415115356445,0,0,0.568654020813512,0.0,0.01697012549266219,1.0,0.615583305267474,1.0,4,/volumes/Seagate/mtg-jamendo-dataset/04/1171004.mp3
199.2764172335601,129.19921875,0.2134627103805542,-14.703934669494629,6,0,0.5667287002330768,0.0,3.951336384488968e-05,1.0,0.5857248560558928,0.016528136329725385,4,/volumes/Seagate/mtg-jamendo-dataset/04/434204.mp3
346.4172789115646,99.38401442307692,0.08346351236104965,-23.448875427246094,7,1,0.5732350303026388,0.0,0.00026286842330591753,1.0,0.5656956892329217,0.01654373831115663,4,/volumes/Seagate/mtg-jamendo-dataset/04/91104.mp3
394.0,143.5546875,0.14183470606803894,-19.367225646972656,0,0,0.577503575267978,0.0,0.0003383572620805353,1.0,0.5595727613914131,0.0657164677977562,4,/volumes/Seagate/mtg-jamendo-dataset/04/1054104.mp3
155.16734693877552,95.703125,0.18639203906059265,-8.383756637573242,8,0,0.5758202150407623,0.0,0.005102658877149224,1.0,0.5914062499999999,1.0,4,/volumes/Seagate/mtg-jamendo-dataset/04/1393204.mp3
173.26933333333332,90.7258064516129,0.20001043379306793,-13.833578109741211,4,1,0.592615228693216,0.0,0.0016938902554102242,1.0,0.6473604621554303,1.0,4,/volumes/Seagate/mtg-jamendo-dataset/04/1080204.mp3
196.59861678004535,114.84375,0.19524377584457397,-17.527982711791992,3,0,0.5692165250228641,0.0,0.004894476500339806,1.0,0.4927626483955777,0.40706999599933624,4,/volumes/Seagate/mtg-jamendo-dataset/04/1123304.mp3
235.05868480725624,123.046875,0.1431984007358551,-22.002063751220703,0,0,0.6145108789741034,0.0,0.002531236968934536,1.0,0.5130325237559633,0.2351689338684082,4,/volumes/Seagate/mtg-jamendo-dataset/04/944904.mp3
365.9000453514739,99.38401442307692,0.09200546890497208,-23.231470108032227,6,0,0.5624159954340644,0.0,0.004652279312722385,1.0,0.4350676896019439,0.011869430309161544,4,/volumes/Seagate/mtg-jamendo-dataset/04/320804.mp3
219.03024943310658,129.19921875,0.15772536396980286,-12.112683296203613,4,1,0.5603286953697538,0.0,0.0016333331004716456,1.0,0.7200093444695436,0.8334418386220932,4,/volumes/Seagate/mtg-jamendo-dataset/04/941404.mp3
269.9504761904762,139.6748310810811,0.12213572859764099,-24.561193466186523,11,1,0.5655699488970991,0.0,5.676790237885143e-06,1.0,0.5909290675477438,0.0016735505778342485,4,/volumes/Seagate/mtg-jamendo-dataset/04/1403004.mp3
125.44,139.6748310810811,0.3865183889865875,-10.789007186889648,9,1,0.5768436537987922,0.0,8.679523489263374e-05,1.0,0.7032857972468999,0.3794976696372032,4,/volumes/Seagate/mtg-jamendo-dataset/04/338504.mp3
378.08222222222224,147.65625,0.0778711587190628,-17.799287796020508,4,1,0.5757604854049211,0.0,0.004828432691283524,1.0,0.8153125000000001,0.922006219625473,4,/volumes/Seagate/mtg-jamendo-dataset/04/49404.mp3
223.97387755102042,123.046875,0.0862746313214302,-26.128950119018555,2,1,0.5328608865248743,0.0,0.00034902087645605206,1.0,0.5558031092702324,0.0036175214336253703,4,/volumes/Seagate/mtg-jamendo-dataset/04/873804.mp3
340.0,99.38401442307692,0.08114544302225113,-24.34950828552246,10,0,0.5526607726044568,0.0,0.0010046158859040588,1.0,0.38384054041716603,0.02043467713519931,4,/volumes/Seagate/mtg-jamendo-dataset/04/1270604.mp3
306.97678004535146,129.19921875,0.338447242975235,-7.533205509185791,6,1,0.5970181832147994,0.0,0.001435631507774815,1.0,0.7386638396661827,1.0,4,/volumes/Seagate/mtg-jamendo-dataset/04/1234504.mp3
208.065306122449,120.18531976744185,0.10274754464626312,-28.70720100402832,5,1,0.5297226917423143,0.0,0.00017594162636669353,1.0,0.5223916172646353,5.579519068987793e-07,4,/volumes/Seagate/mtg-jamendo-dataset/04/374604.mp3
178.05061224489796,114.84375,0.08869297802448273,-18.928682327270508,0,1,0.5493175048541106,0.0,0.002019805717281997,1.0,0.6977697029636015,0.9054916352033615,4,/volumes/Seagate/mtg-jamendo-dataset/04/1121404.mp3
288.0816326530612,120.18531976744185,0.2789423167705536,-13.118106842041016,0,1,0.575198542744046,0.0,0.00024973926338134333,1.0,0.6221279932620613,0.7243990898132324,4,/volumes/Seagate/mtg-jamendo-dataset/04/785304.mp3
288.307619047619,109.95678191489361,0.0799657553434372,-20.880033493041992,7,1,0.5826059233896905,0.0,0.0004337644932093099,1.0,0.610020873060884,0.0310587789863348,4,/volumes/Seagate/mtg-jamendo-dataset/04/74104.mp3
89.03204166666667,93.75,0.2161986380815506,-20.302492141723633,9,1,0.5585742598630207,0.0,0.0002978956763399765,1.0,0.7905918979106359,1.0,4,/volumes/Seagate/mtg-jamendo-dataset/04/1110004.mp3
265.82204081632653,151.99908088235293,0.10293397307395935,-23.166746139526367,2,0,0.5410276009066937,0.0,0.00011278571037109941,1.0,0.5247483054377375,0.02512868493795395,4,/volumes/Seagate/mtg-jamendo-dataset/04/577204.mp3
588.0,99.38401442307692,0.33053848147392273,-11.447263717651367,5,0,0.595486720494143,0.0,0.0006166561797726899,1.0,0.4659326358751112,1.0,4,/volumes/Seagate/mtg-jamendo-dataset/04/1302604.mp3
996.4842403628118,120.18531976744185,0.06251461058855057,-29.91608428955078,2,1,0.6063145670384648,0.0,0.0003051868625334464,1.0,0.4975993145966172,0.0007906054088380188,4,/volumes/Seagate/mtg-jamendo-dataset/04/45104.mp3
400.39529166666665,165.44117647058823,0.1703179031610489,-16.30841636657715,4,1,0.6121810321169793,0.0,0.001091021520551294,1.0,0.5288613021149923,0.048859273083508015,4,/volumes/Seagate/mtg-jamendo-dataset/04/725504.mp3
221.02997732426303,120.18531976744185,0.2661890983581543,-15.633111000061035,6,1,0.5970702639999498,0.0,0.0006898556894157082,1.0,0.6195107387144143,1.0,4,/volumes/Seagate/mtg-jamendo-dataset/04/1375604.mp3
798.0045351473923,99.38401442307692,0.09443936496973038,-23.743492126464844,0,1,0.6026655405655938,0.0,5.122907350596506e-05,1.0,0.5152460857393767,0.011799890780821443,4,/volumes/Seagate/mtg-jamendo-dataset/04/584804.mp3
433.26138321995467,161.4990234375,0.23069539666175842,-19.123884201049805,4,1,0.5937973375085659,0.0,2.6697829525801353e-05,1.0,0.648795825474454,0.0015243474626913667,4,/volumes/Seagate/mtg-jamendo-dataset/04/1183604.mp3
221.43750566893425,120.18531976744185,0.2630448341369629,-13.40810489654541,0,0,0.5976440087662395,0.0,0.00612662429921329,1.0,0.5459000913829171,1.0,4,/volumes/Seagate/mtg-jamendo-dataset/04/22804.mp3
187.5041723356009,112.34714673913044,0.3372955620288849,-15.345024108886719,11,1,0.40539893460845156,0.0,0.006462837103754282,1.0,0.6329998658474295,1.0,4,/volumes/Seagate/mtg-jamendo-dataset/04/1167304.mp3
399.3861224489796,95.703125,0.25046274065971375,-11.607695579528809,4,1,0.5725670714585958,0.0,0.00016424176646978594,1.0,0.6434398217559475,1.0,4,/volumes/Seagate/mtg-jamendo-dataset/04/186304.mp3
204.98666666666668,99.38401442307692,0.23767809569835663,-12.69215202331543,9,1,0.5765994783737138,0.0,0.00022611576423514634,1.0,0.579929943362417,0.38029909133911133,4,/volumes/Seagate/mtg-jamendo-dataset/04/661604.mp3
165.2362358276644,139.6748310810811,0.22046054899692535,-14.625341415405273,0,1,0.5503169073551734,0.0,0.001707883842755109,1.0,0.6598204770216973,0.213560052216053,4,/volumes/Seagate/mtg-jamendo-dataset/04/1363604.mp3
252.8244671201814,132.51201923076923,0.10554514080286026,-23.120901107788086,0,0,0.5619538308787349,0.0,0.00012027603224851191,1.0,0.39424535307524816,0.1459998358041048,4,/volumes/Seagate/mtg-jamendo-dataset/04/636204.mp3
373.5175510204082,139.6748310810811,0.28481942415237427,-19.34834098815918,10,0,0.5707766168068183,0.0,0.0008721054182387888,1.0,0.5197523638112158,0.00417323550209403,4,/volumes/Seagate/mtg-jamendo-dataset/04/1214604.mp3
141.6562358276644,147.65625,0.08102595061063766,-33.58988952636719,7,1,0.5352446909629853,0.0,0.0008666022622492164,1.0,0.4422605122676261,4.087645493200398e-06,4,/volumes/Seagate/mtg-jamendo-dataset/04/903604.mp3
219.7355328798186,123.046875,0.049517787992954254,-31.81096839904785,6,0,0.5504134694896686,0.0,0.00011615714538493194,1.0,0.3924990700851941,0.00039492588257417083,4,/volumes/Seagate/mtg-jamendo-dataset/04/188704.mp3
445.9998185941043,120.18531976744185,0.14762960374355316,-18.660860061645508,9,1,0.5958342781747751,0.0,0.0003328819148009643,1.0,0.5829205965494385,0.15902144834399223,4,/volumes/Seagate/mtg-jamendo-dataset/04/682504.mp3
216.00002267573697,109.95678191489361,0.1999112218618393,-20.30189323425293,9,1,0.596042530490889,0.0,2.426669561828021e-05,1.0,0.5421214796266132,0.004779467999469489,4,/volumes/Seagate/mtg-jamendo-dataset/04/760904.mp3
229.5,95.703125,0.187147319316864,-11.457765579223633,1,1,0.5595672492839643,0.0,0.003882243297994137,1.0,0.6915950399839836,1.0,4,/volumes/Seagate/mtg-jamendo-dataset/04/1086704.mp3
405.3336281179138,178.20581896551724,0.09308236837387085,-21.42430305480957,4,1,0.585351330561513,0.0,0.00040778552647680044,1.0,0.7145478257126779,0.036085566971451044,4,/volumes/Seagate/mtg-jamendo-dataset/04/364904.mp3
157.98666666666668,117.45383522727273,0.0776410847902298,-20.123905181884766,7,0,0.5591623613655865,0.0,0.0006802155403420329,1.0,0.5505920242058017,0.08571482263505459,4,/volumes/Seagate/mtg-jamendo-dataset/04/1179604.mp3
182.04734693877552,97.50884433962264,0.23621375858783722,-16.293270111083984,6,1,0.5560367590849009,0.0,0.00012873652667622082,1.0,0.5599346275366409,0.030339648947119713,4,/volumes/Seagate/mtg-jamendo-dataset/04/311404.mp3
111.90666666666667,151.99908088235293,0.14263831079006195,-20.624969482421875,7,1,0.5299373234531308,0.0,0.00019382267055334523,1.0,0.691820282625022,0.07948502898216248,4,/volumes/Seagate/mtg-jamendo-dataset/04/80504.mp3
248.12975056689342,132.51201923076923,0.23182830214500427,-15.915987014770508,0,1,0.5803839757734109,0.0,0.0006174731970531866,1.0,0.6503651280662486,0.616430789232254,4,/volumes/Seagate/mtg-jamendo-dataset/04/133704.mp3
162.72839002267574,120.18531976744185,0.07019805163145065,-19.856372833251953,9,1,0.5478372636765712,0.0,8.367601003556047e-05,1.0,0.6671090000081112,0.019456286681815982,4,/volumes/Seagate/mtg-jamendo-dataset/04/579304.mp3
405.8122448979592,120.18531976744185,0.10071191936731339,-22.122983932495117,0,0,0.5665443302990882,0.0,0.00038666592445224524,1.0,0.4748537458825975,0.11483433656394482,4,/volumes/Seagate/mtg-jamendo-dataset/04/1167404.mp3
35.93108843537415,90.66611842105263,0.1415722817182541,-18.9079647064209,7,0,0.5745701477605634,0.0,0.004282096400856972,1.0,0.4446779944424878,0.5929428339004517,4,/volumes/Seagate/mtg-jamendo-dataset/04/1002004.mp3
138.61333333333334,135.99917763157896,0.08765652030706406,-22.69407081604004,7,1,0.5044918100688672,0.0,0.00036869372706860304,1.0,0.6682316385661523,0.012096432037651539,4,/volumes/Seagate/mtg-jamendo-dataset/04/170004.mp3
299.66963718820864,103.359375,0.16892223060131073,-16.5811767578125,7,1,0.5813702127607595,0.0,0.0005388143617892638,1.0,0.6044253814007412,0.09307648986577988,4,/volumes/Seagate/mtg-jamendo-dataset/04/1394904.mp3
213.06260770975058,123.046875,0.21281465888023376,-12.462674140930176,10,0,0.566135402038876,0.0,0.004183980287052691,1.0,0.562443941793609,1.0,4,/volumes/Seagate/mtg-jamendo-dataset/04/768504.mp3
65.94195011337868,161.4990234375,0.17951244115829468,-22.460525512695312,0,0,0.5034888946302235,0.0,0.0006207199185155332,1.0,0.5410669089173609,0.018100598827004433,4,/volumes/Seagate/mtg-jamendo-dataset/04/1361404.mp3
213.58557823129252,92.28515625,0.1428588330745697,-19.342151641845703,5,0,0.5454466063249901,0.0,0.0028094594017602503,1.0,0.436844785082926,0.018025842728093266,4,/volumes/Seagate/mtg-jamendo-dataset/04/1163304.mp3
110.26927437641723,120.18531976744185,0.16160450875759125,-22.72928237915039,1,1,0.5464291476953753,0.0,0.00013255232261144556,1.0,0.4964666145841676,0.032498687505722046,4,/volumes/Seagate/mtg-jamendo-dataset/04/1001904.mp3
178.74238095238096,95.703125,0.2682427763938904,-8.513678550720215,9,1,0.5892462227949642,0.0,0.0008542859286535531,1.0,0.6153851908733613,0.44074326753616333,4,/volumes/Seagate/mtg-jamendo-dataset/04/1317904.mp3
270.0157823129252,117.45383522727273,0.13048410415649414,-22.512784957885742,10,0,0.525810424719916,0.0,7.503955566789955e-05,1.0,0.5492973885327002,0.1340715680271387,4,/volumes/Seagate/mtg-jamendo-dataset/04/1393104.mp3
103.95312925170067,120.18531976744185,0.10889822989702225,-25.151748657226562,7,0,0.549481709568529,0.0,3.747468213077809e-06,1.0,0.4894040594706228,0.001030725907185115,4,/volumes/Seagate/mtg-jamendo-dataset/04/1204904.mp3
247.6756462585034,178.20581896551724,0.253927618265152,-10.933947563171387,0,0,0.5506521239218236,0.0,0.0016041151829995215,1.0,0.6917757391104031,1.0,4,/volumes/Seagate/mtg-jamendo-dataset/04/896604.mp3
335.5,120.18531976744185,0.08873617649078369,-22.1503849029541,0,1,0.5739137841391003,0.0,0.0004854545113630593,1.0,0.614357060531312,0.07260844577103853,4,/volumes/Seagate/mtg-jamendo-dataset/04/408504.mp3
308.8533560090703,143.5546875,0.19038401544094086,-7.832089424133301,6,0,0.5704854919014595,0.0,0.004093383788131177,1.0,0.6871093749999999,1.0,4,/volumes/Seagate/mtg-jamendo-dataset/04/950104.mp3
1766.0,120.18531976744185,0.18246373534202576,-20.67952537536621,11,1,0.58070442809706,0.0,8.450312816421501e-05,1.0,0.5468099437708417,0.049260882660746574,4,/volumes/Seagate/mtg-jamendo-dataset/04/1190104.mp3
158.1820634920635,87.5926906779661,0.14638040959835052,-18.719411849975586,9,1,0.5761475053592575,0.0,0.0006572524434886873,1.0,0.7411076414697786,0.1013860385864973,4,/volumes/Seagate/mtg-jamendo-dataset/04/1320004.mp3
374.3608163265306,143.5546875,0.19429804384708405,-12.239919662475586,0,0,0.6032529876364952,0.0,0.0117356744594872,1.0,0.673575456212101,1.0,4,/volumes/Seagate/mtg-jamendo-dataset/04/18504.mp3
56.6084126984127,143.5546875,0.19742770493030548,-17.806283950805664,0,0,0.4757287255631867,0.0,0.0009083430923055857,1.0,0.5746832388939322,0.0003703747279359959,4,/volumes/Seagate/mtg-jamendo-dataset/04/36704.mp3
330.71020408163264,126.04801829268293,0.04328456148505211,-32.02042770385742,2,1,0.6251016425935736,0.0,0.001840024022385478,0.5,0.6059613825902351,1.1092953400293482e-05,4,/volumes/Seagate/mtg-jamendo-dataset/04/1044304.mp3
107.33333333333333,178.20581896551724,0.09147302061319351,-19.743900299072266,1,0,0.6003890469446262,0.0,0.0022675415966659784,1.0,0.6634707043554342,0.28281426057219505,4,/volumes/Seagate/mtg-jamendo-dataset/04/1028804.mp3
172.83891156462585,112.34714673913044,0.06489738076925278,-26.582727432250977,7,0,0.5520831572383746,0.0,0.0012299712980166078,1.0,0.3853378990402584,0.003781136474572122,4,/volumes/Seagate/mtg-jamendo-dataset/04/373204.mp3
39.04800453514739,132.51201923076923,0.06053176522254944,-32.21798324584961,0,1,0.5527505225760186,0.0,0.015605645254254341,1.0,0.4922450836464242,0.0007997025386430323,4,/volumes/Seagate/mtg-jamendo-dataset/04/893404.mp3
98.26684807256235,132.51201923076923,0.11224260181188583,-26.50507354736328,2,1,0.6097826013279857,0.0,0.0008681322215124965,1.0,0.5746999118536746,0.000613238662481308,4,/volumes/Seagate/mtg-jamendo-dataset/04/1103304.mp3
198.85732426303855,139.6748310810811,0.2197691798210144,-7.820888996124268,9,0,0.5815236394770631,0.0,0.030924285762012005,1.0,0.6793496621621622,1.0,4,/volumes/Seagate/mtg-jamendo-dataset/04/432804.mp3
159.7459410430839,109.95678191489361,0.09866641461849213,-24.13986587524414,4,1,0.5461052421581787,0.0,0.0006480114825535566,1.0,0.5631294700014913,0.011842828243970871,4,/volumes/Seagate/mtg-jamendo-dataset/04/1346204.mp3
347.25850340136054,92.28515625,0.14855113625526428,-21.605562210083008,7,0,0.5784964651766729,0.0,0.006527240853756666,1.0,0.39814004442708806,0.05724092945456505,4,/volumes/Seagate/mtg-jamendo-dataset/04/40304.mp3
255.62666666666667,139.6748310810811,0.13191179931163788,-17.582195281982422,2,1,0.5931392462581059,0.0,0.00011825812180177309,1.0,0.5805197744169135,0.017353702569380403,4,/volumes/Seagate/mtg-jamendo-dataset/04/3904.mp3
211.0297052154195,139.6748310810811,0.18014918267726898,-20.03215217590332,7,1,0.49139200084609935,0.0,0.0004086154222022742,1.0,0.6179014615415631,0.08465270511806011,4,/volumes/Seagate/mtg-jamendo-dataset/04/683804.mp3
193.74247165532879,109.95678191489361,0.23051351308822632,-16.154321670532227,2,1,0.6007741894611619,0.0,0.0010958772618323565,1.0,0.6041767207352414,0.06794842425733805,4,/volumes/Seagate/mtg-jamendo-dataset/04/1070604.mp3
137.60489795918366,114.84375,0.2250363975763321,-6.310359477996826,10,0,0.574415980823904,0.0,0.006055872654542327,1.0,0.6296875,1.0,4,/volumes/Seagate/mtg-jamendo-dataset/04/1420504.mp3
101.6,99.38401442307692,0.11841560900211334,-24.464452743530273,0,1,0.5294616527619489,0.0,0.0005889652093173936,1.0,0.5587341836091596,0.3275543823838234,4,/volumes/Seagate/mtg-jamendo-dataset/04/1109904.mp3
120.0084126984127,139.6748310810811,0.07939443737268448,-24.85557746887207,9,1,0.5112905459449273,0.0,0.00012878578127129003,1.0,0.5507739097632568,0.06551983766257763,4,/volumes/Seagate/mtg-jamendo-dataset/04/1163804.mp3
231.53572916666667,104.16666666666667,0.14515721797943115,-12.81916332244873,7,0,0.5879123054522877,0.0,0.0008783008670434356,1.0,0.6005356420691796,1.0,4,/volumes/Seagate/mtg-jamendo-dataset/04/108304.mp3
33.28,117.45383522727273,0.06719359010457993,-31.510276794433594,0,1,0.5447056668887803,0.0,0.007151369238272309,1.0,0.6203718920571177,0.012645957758650184,4,/volumes/Seagate/mtg-jamendo-dataset/04/1127404.mp3
199.68,126.04801829268293,0.28489047288894653,-18.52450942993164,7,1,0.6006197994639497,0.0,5.396342930907849e-05,1.0,0.5763052015500033,0.1573573425412178,4,/volumes/Seagate/mtg-jamendo-dataset/04/1289104.mp3
151.67888888888888,105.46875,0.09286312758922577,-32.598636627197266,7,1,0.582299388299802,0.0,0.0005909180181333795,1.0,0.4912694499267046,7.5810754651683965e-06,4,/volumes/Seagate/mtg-jamendo-dataset/04/900504.mp3
227.34375,127.8409090909091,0.4358474910259247,-10.386061668395996,3,0,0.5966001132561991,0.0,8.365221765416209e-05,1.0,0.5367668759857583,0.3269125148653984,4,/volumes/Seagate/mtg-jamendo-dataset/04/948204.mp3
101.47650793650794,147.65625,0.1233300045132637,-24.273357391357422,6,1,0.5791457707728854,0.0,0.00028484129870776087,1.0,0.6166239379798355,0.012292497558519244,4,/volumes/Seagate/mtg-jamendo-dataset/04/1400504.mp3
300.0,107.666015625,0.23905591666698456,-10.263422012329102,0,1,0.6179893467729654,0.0,0.011126421857625246,1.0,0.581550445628831,0.9987577795982361,4,/volumes/Seagate/mtg-jamendo-dataset/04/106004.mp3
412.7098185941043,109.95678191489361,0.2564109265804291,-15.299275398254395,10,0,0.5679550706633025,0.0,0.00022437243751483038,1.0,0.40898566810058556,0.5437413230538368,4,/volumes/Seagate/mtg-jamendo-dataset/04/1121204.mp3
102.42718820861678,129.19921875,0.04781171306967735,-35.38901901245117,3,0,0.5359536772040361,0.0,0.006840350339189172,1.0,0.42360110062082346,4.257604473423271e-06,4,/volumes/Seagate/mtg-jamendo-dataset/04/1219604.mp3
242.39020408163265,99.38401442307692,0.22976890206336975,-10.021955490112305,9,1,0.6286099113749697,0.0,0.0025885571376420557,1.0,0.6423501880325514,1.0,4,/volumes/Seagate/mtg-jamendo-dataset/04/218704.mp3
231.4619954648526,126.04801829268293,0.0822926014661789,-24.69328498840332,0,0,0.5018387378888514,0.0,0.0008901309629436582,1.0,0.478976524380901,0.010774623369798064,4,/volumes/Seagate/mtg-jamendo-dataset/04/1375904.mp3
190.60380952380953,139.6748310810811,0.39292219281196594,-12.322092056274414,2,1,0.5620282836613655,0.0,0.0002795443288050592,1.0,0.5209446379316821,0.1440107449889183,4,/volumes/Seagate/mtg-jamendo-dataset/04/1257404.mp3
159.50843537414966,92.28515625,0.0434110201895237,-35.783782958984375,5,1,0.4921957065419691,0.0,0.001486089953687042,1.0,0.47952607165950334,8.835773769533262e-05,4,/volumes/Seagate/mtg-jamendo-dataset/04/1338304.mp3
218.5290702947846,72.78829225352112,0.14396490156650543,-23.165082931518555,9,1,0.5832726092143893,0.0,0.00030696618341607973,1.0,0.4706210034498647,0.05079240072518587,4,/volumes/Seagate/mtg-jamendo-dataset/04/674304.mp3
201.1092970521542,105.46875,0.20598798990249634,-12.177268981933594,9,1,0.5861662612001892,0.0,0.0015244048554450274,1.0,0.6775906121882891,1.0,4,/volumes/Seagate/mtg-jamendo-dataset/04/1208604.mp3
312.00528344671204,117.45383522727273,0.19281931221485138,-13.013737678527832,2,1,0.5541435039523425,0.0,0.0025717371026985347,1.0,0.5987796964003599,0.3478088974952698,4,/volumes/Seagate/mtg-jamendo-dataset/04/810904.mp3
155.24571428571429,114.84375,0.2601783275604248,-8.974519729614258,2,1,0.5899497997337539,0.0,0.0036547923227772117,1.0,0.8004136590510275,1.0,4,/volumes/Seagate/mtg-jamendo-dataset/04/275104.mp3
300.4731065759637,129.19921875,0.2089732587337494,-12.13026237487793,2,1,0.563888740195932,0.0,0.0012057839194312692,1.0,0.7108976016598492,0.127694895491004,4,/volumes/Seagate/mtg-jamendo-dataset/04/1289004.mp3
234.66666666666666,120.18531976744185,0.28821560740470886,-16.572509765625,9,1,0.5790289073316759,0.0,7.280923273356166e-05,1.0,0.7203244376286579,0.7267770171165466,4,/volumes/Seagate/mtg-jamendo-dataset/04/1208804.mp3
260.37333333333333,161.4990234375,0.2571899890899658,-9.63620662689209,9,1,0.5829520213530723,0.0,0.0061716847121715546,1.0,0.6078424084952975,1.0,4,/volumes/Seagate/mtg-jamendo-dataset/04/457904.mp3
223.92551020408163,135.99917763157896,0.0718795657157898,-26.788856506347656,2,1,0.5532338465712449,0.0,0.00046543197822757065,1.0,0.5513282974313235,4.154152065893868e-05,4,/volumes/Seagate/mtg-jamendo-dataset/04/1048304.mp3
140.88927437641723,161.4990234375,0.08961854130029678,-27.760448455810547,9,1,0.5668538563390173,0.0,7.59029462642502e-05,1.0,0.6451379065039627,0.0003899718285538256,4,/volumes/Seagate/mtg-jamendo-dataset/04/25804.mp3
360.7936734693877,161.4990234375,0.25787967443466187,-14.091520309448242,7,1,0.6054002059793742,0.0,0.00019424872880335897,1.0,0.6716694586144323,0.23756368085741997,4,/volumes/Seagate/mtg-jamendo-dataset/04/1079804.mp3
160.7997052154195,103.359375,0.14671416580677032,-12.959149360656738,9,1,0.47542848421168193,0.0,0.003373323124833405,1.0,0.7226654411764706,1.0,4,/volumes/Seagate/mtg-jamendo-dataset/04/74604.mp3
207.9,103.359375,0.14948931336402893,-19.946683883666992,11,1,0.5617590258159192,0.0,0.00025425739295315,1.0,0.5571600905822813,0.014415563782677054,4,/volumes/Seagate/mtg-jamendo-dataset/04/1337504.mp3
71.14303854875284,123.046875,0.020449234172701836,-40.32695388793945,1,0,0.6311580225083744,0.0,2.7579839638747217e-06,1.0,0.521740971551437,2.1699868284486e-05,4,/volumes/Seagate/mtg-jamendo-dataset/04/1125404.mp3
312.0,161.4990234375,0.16572847962379456,-17.894826889038086,4,1,0.5702808677159233,0.0,0.0003367940807947889,1.0,0.6930614724733122,0.9596120566129684,4,/volumes/Seagate/mtg-jamendo-dataset/04/679804.mp3
39.095986394557826,191.40625,0.05170471966266632,-27.8001708984375,0,1,0.6012866720677825,0.0,0.0030135749839246273,1.0,0.7950012568469125,3.203975893484312e-05,4,/volumes/Seagate/mtg-jamendo-dataset/04/394604.mp3
214.4825170068027,139.6748310810811,0.28553706407546997,-6.2387495040893555,10,0,0.5715633784011449,0.0,0.005223042564466596,1.0,0.6722349143718728,1.0,4,/volumes/Seagate/mtg-jamendo-dataset/04/1336604.mp3
268.08,105.46875,0.11311189085245132,-26.323280334472656,2,1,0.5775915516727205,0.0,0.0011895452917087823,1.0,0.5372980504838908,0.005583530873991549,4,/volumes/Seagate/mtg-jamendo-dataset/04/1390504.mp3
160.45698412698414,117.45383522727273,0.1658904254436493,-13.895753860473633,7,1,0.5868709021207954,0.0,0.002246796211693436,1.0,0.6532871667250876,0.4910228028893471,4,/volumes/Seagate/mtg-jamendo-dataset/04/1274104.mp3
202.73632653061225,120.18531976744185,0.20941267907619476,-15.654068946838379,4,1,0.5825586505076334,0.0,0.00014837091657682322,1.0,0.6257828274247096,0.32341860234737396,4,/volumes/Seagate/mtg-jamendo-dataset/04/1032804.mp3
346.0469841269841,99.38401442307692,0.1488538682460785,-17.92204475402832,4,1,0.5934365922046503,0.0,0.0015163294156081975,1.0,0.5245174495098182,0.014759213663637638,4,/volumes/Seagate/mtg-jamendo-dataset/04/1210204.mp3
132.92308390022677,129.19921875,0.19579192996025085,-11.362639427185059,1,1,0.5782181962731141,0.0,0.0017672666581347585,1.0,0.7260159716735101,0.4405812919139862,4,/volumes/Seagate/mtg-jamendo-dataset/04/1297204.mp3
57.7,147.65625,0.20986773073673248,-20.18956184387207,4,1,0.555759789428121,0.0,0.0010510112915653735,1.0,0.6748595394599037,0.028744731098413467,4,/volumes/Seagate/mtg-jamendo-dataset/04/1304004.mp3
90.0,99.38401442307692,0.08992168307304382,-30.237869262695312,9,1,0.5460933414266493,0.0,5.942157076788135e-05,1.0,0.6621154856286832,4.595533937390428e-05,4,/volumes/Seagate/mtg-jamendo-dataset/04/1116404.mp3
116.4712925170068,161.4990234375,0.061135489493608475,-24.353656768798828,8,1,0.5840709676866667,0.0,0.0006514708511531353,1.0,0.5735582949660875,0.04332659300416708,4,/volumes/Seagate/mtg-jamendo-dataset/04/1075204.mp3
220.07843537414965,109.95678191489361,0.2528814673423767,-5.939557075500488,6,1,0.5917521765565251,0.0,0.003884778474457562,1.0,0.7399135638297873,1.0,4,/volumes/Seagate/mtg-jamendo-dataset/04/1257004.mp3
156.8130612244898,139.6748310810811,0.5046465992927551,-2.8414692878723145,0,1,0.5878880656663232,0.0,0.004600068437866867,1.0,0.7495958351683517,1.0,4,/volumes/Seagate/mtg-jamendo-dataset/04/1294104.mp3
61.0,117.45383522727273,0.13876384496688843,-12.37990665435791,0,1,0.5768005572419548,0.0,0.0014775341260246933,1.0,0.7549076704545454,1.0,4,/volumes/Seagate/mtg-jamendo-dataset/04/963304.mp3
286.53820861678,126.04801829268293,0.26814723014831543,-10.313273429870605,0,1,0.6035394617729992,0.0,0.0015090092201717198,1.0,0.7284489048978926,0.848870575428009,4,/volumes/Seagate/mtg-jamendo-dataset/04/348704.mp3
65.02832199546485,135.99917763157896,0.02164454758167267,-44.0375862121582,9,1,0.49640195549617516,0.0,0.00042396128992550075,1.0,0.46947586296399957,0.0002946066888398491,4,/volumes/Seagate/mtg-jamendo-dataset/04/1162604.mp3
256.99185941043083,132.51201923076923,0.26228636503219604,-2.872187376022339,2,1,0.624637806327657,0.0,0.009903433034196496,1.0,0.7187680288461539,1.0,4,/volumes/Seagate/mtg-jamendo-dataset/04/220104.mp3
257.0,120.18531976744185,0.22752265632152557,-14.453699111938477,7,1,0.5726601362284407,0.0,0.00030937617702875286,1.0,0.6288145294605578,0.12154693715274334,4,/volumes/Seagate/mtg-jamendo-dataset/04/926204.mp3
169.61065759637188,151.99908088235293,0.16674727201461792,-7.782721996307373,2,1,0.5889848509738196,0.0,0.008446682011708617,1.0,0.8239981617647059,1.0,4,/volumes/Seagate/mtg-jamendo-dataset/04/165304.mp3
166.4,132.51201923076923,0.19475646317005157,-17.934171676635742,2,1,0.519199325667633,0.0,0.001043890864821151,1.0,0.6453583810850825,0.531623475253582,4,/volumes/Seagate/mtg-jamendo-dataset/04/1209404.mp3
94.32149659863946,120.18531976744185,0.1963377743959427,-20.498708724975586,7,0,0.5263156194289129,0.0,2.091955366267939e-05,1.0,0.44363865735931984,0.015203261282294989,4,/volumes/Seagate/mtg-jamendo-dataset/04/1276504.mp3
149.00834467120183,117.45383522727273,0.20364566147327423,-15.952058792114258,5,1,0.6389962801060307,0.0,0.003738788771443069,1.0,0.6398283895046907,1.0,4,/volumes/Seagate/mtg-jamendo-dataset/04/1247404.mp3
202.03102040816327,107.666015625,0.29841241240501404,-10.918147087097168,9,1,0.5747596545660658,0.0,0.00026459782384335995,1.0,0.6263570305457546,0.3853670507669449,4,/volumes/Seagate/mtg-jamendo-dataset/04/1078404.mp3
164.70133786848072,123.046875,0.2598574459552765,-17.687713623046875,5,1,0.5738475187711314,0.0,0.00019022122432943434,1.0,0.5979251987135535,0.4402273893356323,4,/volumes/Seagate/mtg-jamendo-dataset/04/1353304.mp3
367.1999546485261,101.33272058823529,0.054883234202861786,-30.981637954711914,9,1,0.5461412534601258,0.0,0.0002766116667771712,1.0,0.4966359840419444,0.005146809853613377,4,/volumes/Seagate/mtg-jamendo-dataset/04/794804.mp3
508.7866666666667,114.84375,0.09023088961839676,-22.796390533447266,6,1,0.588652592178268,0.0,9.5048353614402e-06,1.0,0.5618193124760791,8.738991709833499e-05,4,/volumes/Seagate/mtg-jamendo-dataset/04/124404.mp3
305.05333333333334,139.6748310810811,0.09200900793075562,-24.78074836730957,6,1,0.5961140821226385,0.0,0.0023723201011307538,1.0,0.6451492169648859,0.05318695679306984,4,/volumes/Seagate/mtg-jamendo-dataset/04/80704.mp3
204.37501133786847,129.19921875,0.14973951876163483,-17.565956115722656,9,1,0.5231254578432928,0.0,0.0005761203792644665,1.0,0.6884454464658347,0.19071856513619423,4,/volumes/Seagate/mtg-jamendo-dataset/04/764604.mp3
282.70666666666665,114.84375,0.29555612802505493,-17.336544036865234,10,0,0.5641732445909117,0.0,0.0007071871077641845,1.0,0.4682528548065841,0.18792575225234032,4,/volumes/Seagate/mtg-jamendo-dataset/04/174404.mp3
101.11483333333334,119.68085106382979,0.10562092065811157,-23.561716079711914,7,0,0.5767940787370238,0.0,3.5754887903749477e-06,1.0,0.4376909400253939,0.00046945355279603973,4,/volumes/Seagate/mtg-jamendo-dataset/04/1012004.mp3
288.62666666666667,86.1328125,0.1971292346715927,-13.146378517150879,2,1,0.5958419161958313,0.0,0.00041361335024703294,1.0,0.6064731655701971,0.37848860025405884,4,/volumes/Seagate/mtg-jamendo-dataset/04/1056504.mp3
148.15070294784582,147.65625,0.25182726979255676,-18.934555053710938,4,1,0.5592081964608528,0.0,0.00016301691721309908,1.0,0.618930443377889,0.13998769223690033,4,/volumes/Seagate/mtg-jamendo-dataset/04/718504.mp3
440.0937188208617,129.19921875,0.25838229060173035,-15.921440124511719,8,0,0.5715606789399299,0.0,0.00041927886195480824,1.0,0.49256276823808065,0.18701596185564995,4,/volumes/Seagate/mtg-jamendo-dataset/04/1366604.mp3
64.61537414965986,139.6748310810811,0.23377706110477448,-18.86943244934082,2,1,0.5455582968117421,0.0,6.303257214312907e-05,1.0,0.6195344639746171,0.15258228406310081,4,/volumes/Seagate/mtg-jamendo-dataset/04/1250204.mp3
199.15755102040816,117.45383522727273,0.06157825142145157,-26.578195571899414,9,1,0.5352035920963283,0.0,0.0007279026322066784,1.0,0.5856810554983127,0.015760603128001094,4,/volumes/Seagate/mtg-jamendo-dataset/04/1211604.mp3
301.30072562358276,129.19921875,0.3187921643257141,-4.124998092651367,9,1,0.614686371342594,0.0,0.0029598578112199903,1.0,0.7348454293714877,0.46898894011974335,4,/volumes/Seagate/mtg-jamendo-dataset/04/159204.mp3
137.04,120.18531976744185,0.20097702741622925,-10.668374061584473,11,1,0.5803062674731014,0.0,0.0028784211608581245,1.0,0.6405767186979795,1.0,4,/volumes/Seagate/mtg-jamendo-dataset/04/1115104.mp3
230.28,112.34714673913044,0.24116577208042145,-8.291345596313477,6,1,0.5992095125354064,0.0,0.010587420780211687,1.0,0.6209048219348324,0.5443979799747467,4,/volumes/Seagate/mtg-jamendo-dataset/04/373304.mp3
367.80408163265304,135.99917763157896,0.05706220120191574,-33.246665954589844,0,0,0.5485776036291398,0.0,0.0001151660289906431,1.0,0.43123003438531327,5.983563937661529e-06,4,/volumes/Seagate/mtg-jamendo-dataset/04/1377104.mp3
192.651179138322,95.703125,0.14872069656848907,-18.760488510131836,9,1,0.5613710902827925,0.0,0.0001292452470806893,1.0,0.5521036882073826,0.009658780763857067,4,/volumes/Seagate/mtg-jamendo-dataset/04/302304.mp3
233.68968253968254,114.84375,0.0729653462767601,-26.06992530822754,7,1,0.5129651662037331,0.0,0.005127610405907035,1.0,0.5894391542940309,0.011072320630773902,4,/volumes/Seagate/mtg-jamendo-dataset/04/843404.mp3
205.71429166666667,140.625,0.3310365676879883,-5.838859558105469,6,0,0.5857234639426523,0.0,0.001918777939863503,1.0,0.6812499999999999,1.0,4,/volumes/Seagate/mtg-jamendo-dataset/04/796004.mp3
222.8897505668934,103.359375,0.0924224853515625,-19.00568199157715,5,0,0.5593330808980487,0.0,0.0006973121780902147,1.0,0.4873230574110556,0.14127674512565136,4,/volumes/Seagate/mtg-jamendo-dataset/04/1178104.mp3
206.0,114.84375,0.23885488510131836,-6.922605991363525,9,1,0.585917345650458,0.0,0.0019992503221146762,1.0,0.7013493646251442,0.359848327934742,4,/volumes/Seagate/mtg-jamendo-dataset/04/1196904.mp3
250.65333333333334,93.96306818181819,0.1468878984451294,-18.821151733398438,7,1,0.5604029650303832,0.0,0.007185142720118165,1.0,0.7369363125712688,0.2212226204574108,4,/volumes/Seagate/mtg-jamendo-dataset/04/37704.mp3
364.6171428571429,120.18531976744185,0.04603605344891548,-26.865144729614258,5,0,0.6038322902540714,0.0,0.0019773433450609446,1.0,0.5039384483136865,0.03397456603124738,4,/volumes/Seagate/mtg-jamendo-dataset/04/543404.mp3
176.0130612244898,147.65625,0.24250462651252747,-0.9283304810523987,1,1,0.5724524534182576,0.0,0.02297072997316718,1.0,0.8239981617647059,1.0,4,/volumes/Seagate/mtg-jamendo-dataset/04/316204.mp3
120.0,120.18531976744185,0.12516933679580688,-13.265814781188965,10,1,0.5419993132856455,0.0,0.0033351208548992872,1.0,0.7603706395348837,0.024841143749654293,4,/volumes/Seagate/mtg-jamendo-dataset/04/267904.mp3
423.29600907029476,109.95678191489361,0.2965686619281769,-9.381416320800781,3,0,0.5885214814178306,0.0,0.0009472541569266468,1.0,0.5155888470383024,1.0,4,/volumes/Seagate/mtg-jamendo-dataset/04/1226704.mp3
223.99995464852609,120.18531976744185,0.22603732347488403,-8.145332336425781,3,0,0.5528759105648849,0.0,0.002808738383464515,1.0,0.6045394470513221,1.0,4,/volumes/Seagate/mtg-jamendo-dataset/04/1318704.mp3
206.4,126.04801829268293,0.2455783635377884,-10.460321426391602,2,0,0.5859747646070235,0.0,0.0014569996856153011,1.0,0.5614668207300315,1.0,4,/volumes/Seagate/mtg-jamendo-dataset/04/1083604.mp3
228.93943310657596,129.19921875,0.21199414134025574,-17.047622680664062,7,0,0.5819527035357697,0.0,0.0027353281038813293,1.0,0.6419100146296501,1.0,4,/volumes/Seagate/mtg-jamendo-dataset/04/1072904.mp3
229.4595918367347,123.046875,0.08185901492834091,-21.88913345336914,5,0,0.5506563010321983,0.0,0.0015670855063945055,1.0,0.5298732239728172,0.18041715025901794,4,/volumes/Seagate/mtg-jamendo-dataset/04/1235604.mp3
248.39832199546484,120.18531976744185,0.14443136751651764,-20.0033016204834,4,1,0.5301721884843601,0.0,0.0007091228035278618,1.0,0.5957531846435645,0.012621338246390224,4,/volumes/Seagate/mtg-jamendo-dataset/04/464804.mp3
107.80444444444444,143.5546875,0.09562577307224274,-27.547151565551758,0,0,0.572431598544187,0.0,0.00035034591564908624,1.0,0.4806863470186075,0.006719001685269177,4,/volumes/Seagate/mtg-jamendo-dataset/04/1119404.mp3
149.4726530612245,135.99917763157896,0.5504074692726135,-4.173812389373779,7,0,0.602117429527993,0.0,0.006890530698001385,1.0,0.5862736633123184,1.0,4,/volumes/Seagate/mtg-jamendo-dataset/04/1345604.mp3
144.58045351473922,120.18531976744185,0.13954827189445496,-16.906461715698242,4,1,0.5744542114729405,0.0,0.010092115262523293,1.0,0.6759516011716378,0.5082506313920021,4,/volumes/Seagate/mtg-jamendo-dataset/04/890104.mp3
207.87403628117914,126.04801829268293,0.23976632952690125,-8.718009948730469,2,0,0.5923574876252923,0.0,0.001675355772022158,1.0,0.6121183563800983,0.7453884184360504,4,/volumes/Seagate/mtg-jamendo-dataset/04/1147704.mp3
238.5,114.84375,0.19390909373760223,-21.912015914916992,5,0,0.5657609564873127,0.0,0.00025896893930621445,1.0,0.4517601718705469,0.027824067510664463,4,/volumes/Seagate/mtg-jamendo-dataset/04/1268904.mp3
194.63510204081632,107.666015625,0.14188571274280548,-22.383893966674805,8,0,0.5255988343505857,0.0,0.00015286302732420154,1.0,0.4436661540413407,0.0015939110016915947,4,/volumes/Seagate/mtg-jamendo-dataset/04/152804.mp3
367.033514739229,139.6748310810811,0.20879453420639038,-7.380108833312988,9,1,0.583675181421546,0.0,0.0010167021537199616,1.0,0.7045703125,0.8326607197523117,4,/volumes/Seagate/mtg-jamendo-dataset/04/1125104.mp3
86.25,129.19921875,0.1613198220729828,-17.054019927978516,0,0,0.5707394234406964,0.0,0.0026802754146046937,1.0,0.5589412587506224,1.0,4,/volumes/Seagate/mtg-jamendo-dataset/04/1341604.mp3
424.3069387755102,139.6748310810811,0.36647525429725647,-10.322797775268555,0,1,0.5857808846972978,0.0,0.00013862047126167454,1.0,0.6617700886612086,0.02849954878911376,4,/volumes/Seagate/mtg-jamendo-dataset/04/502604.mp3
361.985306122449,135.99917763157896,0.13326911628246307,-26.982595443725586,0,1,0.5535140751841017,0.0,0.003954254323616624,1.0,0.42781222620055054,0.005567269399762154,4,/volumes/Seagate/mtg-jamendo-dataset/04/1398804.mp3
62.48489795918368,129.19921875,0.14235828816890717,-20.768253326416016,0,1,0.5216714523987309,0.0,0.0005098761030239984,1.0,0.6920824846111437,0.0038392428541556,4,/volumes/Seagate/mtg-jamendo-dataset/04/47404.mp3
131.04147916666668,98.6842105263158,0.12863290309906006,-30.537378311157227,5,1,0.5860694024155482,0.0,0.0021226954995654523,1.0,0.48378571156354966,1.758225266712543e-05,4,/volumes/Seagate/mtg-jamendo-dataset/04/1110504.mp3
67.90625850340136,139.6748310810811,0.18228749930858612,-16.57187843322754,0,0,0.6092230874360782,0.0,0.005466726841405034,1.0,0.366441480410345,0.16383888199925423,4,/volumes/Seagate/mtg-jamendo-dataset/04/80804.mp3
303.93333333333334,120.18531976744185,0.13999344408512115,-16.746252059936523,3,0,0.545512458119864,0.0,0.001925251737702638,1.0,0.6179542003955225,0.05074776243418455,4,/volumes/Seagate/mtg-jamendo-dataset/04/11904.mp3
215.76,109.95678191489361,0.3055960237979889,-10.506882667541504,2,1,0.5630095572479163,0.0,0.004710154258646071,1.0,0.6109149091952472,0.33829372376203537,4,/volumes/Seagate/mtg-jamendo-dataset/04/1354104.mp3
372.19265306122446,129.19921875,0.2120063602924347,-8.805583000183105,6,0,0.589155626398932,0.0,0.0034125909442082047,1.0,0.6288277468838732,0.9764943271875381,4,/volumes/Seagate/mtg-jamendo-dataset/04/1051504.mp3
489.3333333333333,178.20581896551724,0.09846359491348267,-20.73575210571289,0,0,0.5947017703481119,0.0,0.0013742758892476559,1.0,0.646672926876833,1.0,4,/volumes/Seagate/mtg-jamendo-dataset/04/665104.mp3
173.86002267573696,109.95678191489361,0.1369122862815857,-18.61861801147461,11,1,0.5621320580723805,0.0,0.003222473314963281,1.0,0.592387382685568,0.12062367051839828,4,/volumes/Seagate/mtg-jamendo-dataset/04/1009604.mp3
395.42639455782313,120.18531976744185,0.15852123498916626,-24.057226181030273,1,0,0.6134155268887165,0.0,0.0002338168997084722,1.0,0.39323403585330186,0.00013317323464434594,4,/volumes/Seagate/mtg-jamendo-dataset/04/136304.mp3
327.9129791666667,119.68085106382979,0.07164441049098969,-20.122983932495117,2,1,0.603970041199273,0.0,3.2470677069795784e-05,1.0,0.6334724524563231,0.015714667970314622,4,/volumes/Seagate/mtg-jamendo-dataset/04/1075104.mp3
209.106625,119.68085106382979,0.07380358129739761,-33.900882720947266,0,0,0.5532750440115402,0.0,1.9697552602337964e-06,1.0,0.5578254148442957,6.28149194881189e-07,4,/volumes/Seagate/mtg-jamendo-dataset/04/1122004.mp3
292.0,120.18531976744185,0.20394064486026764,-18.968822479248047,9,1,0.5496773930065676,0.0,0.0014083270216360688,1.0,0.5732757131974123,0.0835777074098587,4,/volumes/Seagate/mtg-jamendo-dataset/04/34404.mp3
119.05353741496599,123.046875,0.07246788591146469,-34.00166702270508,4,1,0.5769719641836559,0.0,5.5087433793232776e-05,1.0,0.4882934815026314,1.8131931938114576e-05,4,/volumes/Seagate/mtg-jamendo-dataset/04/1384404.mp3
240.87149659863945,129.19921875,0.23530444502830505,-15.670350074768066,2,1,0.5296933191547846,0.0,0.0019684197613969445,1.0,0.6315053189784499,0.06572857033461332,4,/volumes/Seagate/mtg-jamendo-dataset/04/1119004.mp3
188.2,126.04801829268293,0.1773805469274521,-15.866511344909668,2,1,0.5439453379473177,0.0,0.013996968045830727,1.0,0.6711092613518941,0.05103562492877245,4,/volumes/Seagate/mtg-jamendo-dataset/04/1333704.mp3
294.93750566893425,161.4990234375,0.2548467516899109,-9.573315620422363,9,1,0.5636664989850955,0.0,0.0017184605821967125,1.0,0.7472524831916003,0.9113492071628571,4,/volumes/Seagate/mtg-jamendo-dataset/04/1165004.mp3
230.0,123.046875,0.18887676298618317,-27.284875869750977,2,1,0.5541960733442327,0.0,0.0015268935821950436,1.0,0.5920491564912901,7.402324172289809e-05,4,/volumes/Seagate/mtg-jamendo-dataset/04/1062504.mp3
148.56,143.5546875,0.18299821019172668,-4.929540634155273,11,1,0.6046967727295249,0.0,0.006168952211737633,1.0,0.7105409615256438,0.7041886448860168,4,/volumes/Seagate/mtg-jamendo-dataset/04/212204.mp3
243.01714285714286,107.666015625,0.22858308255672455,-15.953716278076172,9,1,0.5691289152115113,0.0,3.913899672625121e-05,1.0,0.6776523540824889,0.05294983275234699,4,/volumes/Seagate/mtg-jamendo-dataset/04/822004.mp3
367.04,99.38401442307692,0.1831212341785431,-14.46082878112793,4,1,0.5105809895426963,0.0,0.003934609238058329,1.0,0.7855031701646433,0.14686092734336853,4,/volumes/Seagate/mtg-jamendo-dataset/04/90404.mp3
203.090589569161,161.4990234375,0.053490184247493744,-27.781208038330078,2,0,0.5330618547743691,0.0,0.002518722089007497,1.0,0.5955601829060673,0.014876886270940304,4,/volumes/Seagate/mtg-jamendo-dataset/04/345904.mp3
340.54315192743763,126.04801829268293,0.2986486852169037,-10.666881561279297,9,1,0.5894872232493449,0.0,0.0008956812671385705,1.0,0.6852821210539668,1.0,4,/volumes/Seagate/mtg-jamendo-dataset/04/1336504.mp3
374.4598639455782,99.38401442307692,0.23076312243938446,-15.29124641418457,2,1,0.5915768198537656,0.0,0.00037588832492474467,1.0,0.5821296288572151,0.19507117569446564,4,/volumes/Seagate/mtg-jamendo-dataset/04/1178804.mp3
167.45165532879818,99.38401442307692,0.31458455324172974,-11.01054859161377,7,0,0.5807415712504248,0.0,0.0015951826935634017,1.0,0.476285926256483,0.49105875194072723,4,/volumes/Seagate/mtg-jamendo-dataset/04/811704.mp3
183.25673469387755,107.666015625,0.08492082357406616,-26.95467185974121,11,1,0.5583885832348414,0.0,0.0004777346912305802,1.0,0.5669640706140269,0.04073656164109707,4,/volumes/Seagate/mtg-jamendo-dataset/04/166604.mp3
242.75591836734694,123.046875,0.3036387264728546,-6.919257640838623,4,1,0.5898492017652386,0.0,0.003151475451886654,1.0,0.6996880740783546,1.0,4,/volumes/Seagate/mtg-jamendo-dataset/04/1080504.mp3
263.04,143.5546875,0.09620461612939835,-24.90875244140625,10,0,0.5424067781713358,0.0,0.0038165770238265395,1.0,0.4884061249024367,0.02684465842321515,4,/volumes/Seagate/mtg-jamendo-dataset/04/1051204.mp3
171.85845804988662,112.34714673913044,0.05311648175120354,-32.912662506103516,11,1,0.5022745648136442,0.0,3.4451589272066485e-05,1.0,0.4857413028395718,0.006516602588817477,4,/volumes/Seagate/mtg-jamendo-dataset/04/1217504.mp3
251.294126984127,84.72079918032787,0.16037219762802124,-14.768977165222168,7,0,0.5569875612729389,0.0,0.0007868438260629773,1.0,0.4608459938974354,0.1351859513670206,4,/volumes/Seagate/mtg-jamendo-dataset/04/1066804.mp3
90.84,123.046875,0.0673501119017601,-35.808021545410156,5,1,0.4604940344275754,0.0,0.002937795245088637,1.0,0.3551407019067189,1.4143907378638687e-06,4,/volumes/Seagate/mtg-jamendo-dataset/04/193604.mp3
208.04945578231292,139.6748310810811,0.4739486277103424,-6.975780010223389,9,1,0.6071334079257089,0.0,0.0011735918233171105,1.0,0.690057167417785,1.0,4,/volumes/Seagate/mtg-jamendo-dataset/04/259404.mp3
232.88163265306122,129.19921875,0.341852068901062,-5.020450592041016,9,1,0.5969096648495649,0.0,0.0019237587112002075,1.0,0.7131194684606559,0.7341645658016205,4,/volumes/Seagate/mtg-jamendo-dataset/04/378604.mp3
159.18666666666667,90.66611842105263,0.39656683802604675,-8.819802284240723,10,1,0.5929556092154719,0.0,0.0014656218700110912,1.0,0.5784210111067443,0.27151579037308693,4,/volumes/Seagate/mtg-jamendo-dataset/04/863504.mp3
158.77331065759637,151.99908088235293,0.1704656034708023,-14.154662132263184,2,1,0.5141265314017142,0.0,0.0019574895850382745,1.0,0.7943857370117726,0.61341293156147,4,/volumes/Seagate/mtg-jamendo-dataset/04/1347104.mp3
