duration,tempo,acousticness,dynamic_range,energy,brightness,fullness,density,instrumentalness,danceability,valence,tension,filename
261.2244897959184,135.99917763157896,0.614169664716012,0.26473907470703123,0.6759682893753052,0.7886434297113597,1.0,1.0,0.003501541152046462,0.7373759791249697,0.659571591932476,0.8114342657886147,/volumes/Seagate/mtg-jamendo-dataset/03/1345603.mp3
207.42965986394557,139.6748310810811,0.5281069164880217,0.8706970825195312,0.10671138763427734,0.4996582249549456,0.6618777522192455,0.2239463133423521,0.002910514883003565,0.843047914874574,0.567093288316805,0.6249974418849789,/volumes/Seagate/mtg-jamendo-dataset/03/1247103.mp3
371.41208616780045,156.60511363636363,0.5676576988231403,0.739593505859375,0.18748776614665985,0.587957930054636,0.8179819408346846,0.25965122812742303,0.0018509083116214728,0.29999999999999954,0.6229134478787403,0.6429129062370494,/volumes/Seagate/mtg-jamendo-dataset/03/1343403.mp3
193.1715192743764,112.34714673913044,0.5408957329549628,0.434338134765625,0.04055800288915634,0.12998017832139816,0.20137791491078616,0.1721312989318366,9.885640714509396e-05,0.37296157616230635,0.3495278035050014,0.644695320339096,/volumes/Seagate/mtg-jamendo-dataset/03/334703.mp3
202.10938775510203,107.666015625,0.601883924622768,0.7873956146240235,0.25289005041122437,0.6421282252373991,0.7371069596523075,0.8756606128873627,0.0005890998727527518,0.34496071609355555,0.5592983677773349,0.6791807445925738,/volumes/Seagate/mtg-jamendo-dataset/03/199503.mp3
296.58537414965986,123.046875,0.5780051874084418,0.6870186614990235,0.12105031311511993,0.8097466110212378,1.0,0.23874999283931614,0.003542095947031511,0.29999999999999927,0.6643767309461364,0.6107027665322159,/volumes/Seagate/mtg-jamendo-dataset/03/113803.mp3
274.2921315192744,105.46875,0.5401230613566437,0.6336885070800782,0.08966656774282455,0.2549644985711322,0.5353923450971145,0.11608191058631148,0.0020082033114762706,0.5132138753303529,0.4619723684922497,0.6398854906889669,/volumes/Seagate/mtg-jamendo-dataset/03/1408403.mp3
288.3134693877551,99.38401442307692,0.5799140267627576,0.6928980102539064,0.19749677181243896,0.7357451755510519,1.0,0.42110933672757844,0.0030592884996931266,0.8663602529066465,0.6713005721424896,0.6368387234239802,/volumes/Seagate/mtg-jamendo-dataset/03/81503.mp3
233.84616780045351,117.45383522727273,0.602967132886242,0.9019655303955078,0.17331857979297638,0.7175589862670179,1.0,0.15821908353131792,0.007901435472084073,0.3,0.6765267566784838,0.6270893373897747,/volumes/Seagate/mtg-jamendo-dataset/03/263203.mp3
208.0859410430839,90.66611842105263,0.5838080417133626,0.6574751739501953,0.18279911577701569,0.3756686403849999,0.6622685017375785,0.3113887361814926,0.0005488882650756111,0.29999999999956867,0.39304748277996426,0.6871981851237328,/volumes/Seagate/mtg-jamendo-dataset/03/653703.mp3
224.23510204081632,120.18531976744185,0.5536144365610434,0.36564038085937495,0.27063068747520447,0.5588872948667136,0.8545397124948121,0.5022369825044355,0.0010057760467730421,0.4039536063259666,0.5492023478943269,0.6875865779122082,/volumes/Seagate/mtg-jamendo-dataset/03/1287803.mp3
245.6,129.19921875,0.5034117737379717,0.2924756469726563,0.22080588340759277,0.31840287938088174,0.6150848635875772,0.2900812239509774,0.0006885530981055042,0.6504182772458214,0.5299242156943105,0.6735052748878713,/volumes/Seagate/mtg-jamendo-dataset/03/1294003.mp3
414.30204081632655,172.265625,0.5176500786132792,0.8805752563476562,0.2576839327812195,0.7161730302308811,1.0,0.16310461299983733,0.02218297670188913,0.3,0.7572150732294822,0.6413232011553426,/volumes/Seagate/mtg-jamendo-dataset/03/604203.mp3
146.19442176870749,143.5546875,0.5850647775701606,0.44414703369140623,0.19770291447639465,0.2624026334074561,0.5636457640659808,0.1897112797857114,0.0007241470689880341,0.5745466880643362,0.37899479503742345,0.6953740902040173,/volumes/Seagate/mtg-jamendo-dataset/03/1328103.mp3
169.5880045351474,126.04801829268293,0.5794464792488375,0.572431869506836,0.17294152081012726,0.6959776507279418,1.0,0.4199970614163973,0.00549403242905024,0.2999999999999997,0.6807170799021063,0.6261155315112246,/volumes/Seagate/mtg-jamendo-dataset/03/718303.mp3
96.13061224489796,114.84375,0.5611648372431903,1.0,0.05341792851686478,0.2815103819719386,0.452712740643465,0.27347822373284714,9.27214429025874e-05,0.2999999159368297,0.3677912186448956,0.6456722105370922,/volumes/Seagate/mtg-jamendo-dataset/03/238203.mp3
185.38145124716553,120.18531976744185,0.6054849868489338,0.4444287109375,0.2862320840358734,0.5517329448457039,0.8745083750891832,0.5854926316046728,0.0017826104619135268,0.29999999834117513,0.5196023173560917,0.6991230867816961,/volumes/Seagate/mtg-jamendo-dataset/03/1414803.mp3
98.4881179138322,123.046875,0.5476026450816569,0.27807777404785156,0.152468740940094,0.1222319634693607,0.16114894833839255,0.20255229355688184,5.6145239368485074e-05,0.7096706654628759,0.5794876673171279,0.6389912132750082,/volumes/Seagate/mtg-jamendo-dataset/03/150803.mp3
148.58750566893423,99.38401442307692,0.5822159007296883,0.4207732543945314,0.16073830425739288,0.44137345533769784,0.710683165814898,0.2992531809840327,0.000707767917870201,0.6242080413392139,0.44610038168850863,0.6686457131949597,/volumes/Seagate/mtg-jamendo-dataset/03/1287603.mp3
169.0,123.046875,0.6017664019605827,0.40654544067382803,0.2508018910884857,0.5732531518043529,0.9108964464575031,0.3244818937163748,0.0020991500315590598,0.6430814088350918,0.6263427905099946,0.6650201226898559,/volumes/Seagate/mtg-jamendo-dataset/03/1353303.mp3
210.83721088435374,117.45383522727273,0.5640350457517416,0.4072184753417969,0.07082423567771912,0.24349264683064398,0.3194874011321814,0.3822046975494258,3.5415437973818846e-05,0.7802671768072582,0.39092332285311004,0.6473120602733569,/volumes/Seagate/mtg-jamendo-dataset/03/155503.mp3
356.6250113378685,166.70866935483872,0.5670366531199369,0.49707652282714837,0.26352471113204956,0.28165102684910787,0.47725039083050136,0.3342678242200092,0.00014699946149060211,0.299999999919084,0.3479039666606012,0.7252881026754177,/volumes/Seagate/mtg-jamendo-dataset/03/1409403.mp3
184.5,156.60511363636363,0.521357904919579,0.4432676544189452,0.2465602606534958,0.46263111461407136,0.7589149431274851,0.3230497934226762,0.0011581323027553341,0.2999999999513496,0.6620876314650381,0.6563441675422508,/volumes/Seagate/mtg-jamendo-dataset/03/1179403.mp3
180.0,120.18531976744185,0.5383428650733821,0.6565267944335937,0.19756674766540527,0.5649629779697715,0.9267047902739802,0.30389576883384933,0.004018296583749602,0.7669582597316502,0.6068978423606599,0.6497444606874139,/volumes/Seagate/mtg-jamendo-dataset/03/1383803.mp3
155.0,112.34714673913044,0.522067839870067,0.7634796905517578,0.07273595035076141,0.20768103731122647,0.41706662898285984,0.1621089860812472,0.000314822686834916,0.49060153990711763,0.29494839019790703,0.6671952640866927,/volumes/Seagate/mtg-jamendo-dataset/03/1167103.mp3
444.26961451247166,107.666015625,0.5910060548435546,0.6098139801025391,0.12257911264896393,0.43152171288219654,0.6109484347882584,0.261944858558001,0.0008013541201041008,0.9704538142061983,0.5549293557192752,0.6331426094097721,/volumes/Seagate/mtg-jamendo-dataset/03/133103.mp3
258.54063492063494,105.46875,0.5176847804987132,0.583858856201172,0.11428159475326538,0.2755454723852402,0.6878212343384899,0.13232416494985372,0.0015603968578844034,0.2999999833677223,0.45953390152282225,0.6492345938066111,/volumes/Seagate/mtg-jamendo-dataset/03/181803.mp3
155.0,120.18531976744185,0.538054660538758,0.5351983642578125,0.046083901077508926,0.3101376108180066,0.4170365321808491,0.15567957821739853,0.0002853545090519223,0.29110073512231116,0.4053734924730583,0.6355155058932916,/volumes/Seagate/mtg-jamendo-dataset/03/1170403.mp3
279.22392290249434,123.046875,0.5901630270892869,0.5465573120117188,0.198415607213974,0.5828461916716606,0.8623687481442864,0.3954529551532262,0.0011578001225086274,0.2999999999928894,0.6565380841716053,0.6401220017627096,/volumes/Seagate/mtg-jamendo-dataset/03/1413903.mp3
213.81224489795918,123.046875,0.5552877801985965,0.8025877075195312,0.15273721516132355,0.5926964035972173,0.866590733503588,0.29742801255997575,0.003041585950230457,0.5119842718908858,0.546285464975294,0.6457283044630178,/volumes/Seagate/mtg-jamendo-dataset/03/1396603.mp3
168.2818820861678,120.18531976744185,0.5327347893570359,0.59845263671875,0.21085324883460999,0.4480246979633974,0.8290800239893404,0.2869002767985596,0.0017343998884499702,0.5430485586345398,0.47718345532445683,0.6804704785155683,/volumes/Seagate/mtg-jamendo-dataset/03/1347103.mp3
128.6035827664399,139.6748310810811,0.502684358170111,0.5346685180664061,0.07780137658119202,0.44750584201024823,0.8310323448387033,0.1908965401832406,0.001617935279152099,0.5534723861683339,0.5173756046995712,0.6245333746293149,/volumes/Seagate/mtg-jamendo-dataset/03/1321603.mp3
442.200022675737,99.38401442307692,0.5693009401682154,0.563123161315918,0.12110214680433273,0.4669713611972389,0.806238838087651,0.2826402016383113,0.0011399161896725753,0.36418246421999784,0.4535849457493152,0.6528797836996967,/volumes/Seagate/mtg-jamendo-dataset/03/1305603.mp3
185.52809523809523,151.99908088235293,0.564386637939687,0.4765753173828125,0.14121980965137482,0.27649939237975235,0.4849473904551907,0.22634653040729769,0.00033002298097787393,0.3400987818527933,0.48639461706116455,0.653560208062262,/volumes/Seagate/mtg-jamendo-dataset/03/38403.mp3
193.86666666666667,139.6748310810811,0.5887262695575666,0.3282142333984375,0.13873390853405,0.6196703274710585,0.9038890804350557,0.5761548449666185,0.0012082897524598338,0.29999999959409274,0.6162294989740852,0.626698307277441,/volumes/Seagate/mtg-jamendo-dataset/03/168403.mp3
1477.5968934240364,105.46875,0.5372011651722981,0.44293951416015614,0.16230806708335876,0.26889836532093847,0.5027252422108947,0.20831108053360725,0.0003821035632281078,0.5476449079928607,0.3830827938720748,0.6818143453755943,/volumes/Seagate/mtg-jamendo-dataset/03/36603.mp3
360.05986394557823,120.18531976744185,0.6012498327428413,0.24608709716796873,0.20138125121593475,0.5474416914455462,0.7846037515126689,0.7146906922588718,0.0004943048661057518,0.48395183838799594,0.5427821203699427,0.663940826363748,/volumes/Seagate/mtg-jamendo-dataset/03/1179203.mp3
185.15591836734694,129.19921875,0.593013510657586,0.5535396270751953,0.1185101568698883,0.515975840509823,0.766764752502822,0.42272426285614667,0.0013682036665626867,0.6856523037743945,0.5328837269231796,0.6360869110885239,/volumes/Seagate/mtg-jamendo-dataset/03/1131403.mp3
85.0,123.046875,0.492440035865092,0.9072747497558595,0.047428276389837265,0.3708146254013127,0.6171653184670793,0.260368018867296,0.0006380120929624622,0.2999103163191933,0.4812403797417342,0.6208261035519946,/volumes/Seagate/mtg-jamendo-dataset/03/1070703.mp3
215.09224489795918,139.6748310810811,0.5727597007029083,0.4804148559570312,0.22382643818855286,0.6415250847528066,0.9241848463428198,0.6319251928958001,0.0016424401187945658,0.8191218808084642,0.6992941362940407,0.6407186904890709,/volumes/Seagate/mtg-jamendo-dataset/03/23003.mp3
168.5681632653061,123.046875,0.574944569074505,0.4182642517089844,0.2641317546367645,0.619022625402075,0.9210432976608101,0.6817382248202647,0.00287764572457537,0.29999999973316016,0.6647796937773439,0.6621314929137664,/volumes/Seagate/mtg-jamendo-dataset/03/875003.mp3
109.71428571428571,105.46875,0.5241990727916996,0.5558790588378906,0.06244996190071106,0.1951084363426564,0.2470162664829888,0.12673274992193367,0.0001847437492033822,0.47712124351527874,0.3870724944946155,0.6450674873853329,/volumes/Seagate/mtg-jamendo-dataset/03/646803.mp3
1099.969954648526,109.95678191489361,0.5668164065404229,0.3894242095947265,0.10714589804410934,0.4509279426870725,0.8108678092494438,0.23297424844973771,0.001733282770414041,0.9034161334324124,0.5444905509000608,0.6296744131158671,/volumes/Seagate/mtg-jamendo-dataset/03/1088103.mp3
448.05224489795916,126.04801829268293,0.5699505899311837,0.8970094451904298,0.22492972016334534,0.46778086037387384,0.7723191057458237,0.3024141241334679,0.0013304843644659965,0.29999999999998667,0.4958115947867166,0.681812380301461,/volumes/Seagate/mtg-jamendo-dataset/03/518603.mp3
472.3636507936508,109.95678191489361,0.569227517982004,0.8060309906005858,0.14806555211544037,0.43201343419603927,0.759518772995985,0.13941553813257307,0.006691854983239725,0.3,0.5412531970565196,0.6450529593502546,/volumes/Seagate/mtg-jamendo-dataset/03/251903.mp3
884.1404081632653,161.4990234375,0.570013977271849,0.5477808685302733,0.1431637555360794,0.3634958393509179,0.6561264222708013,0.20768577407653424,0.0010541367308923872,0.2999999998728234,0.3709325975724102,0.6773524324785066,/volumes/Seagate/mtg-jamendo-dataset/03/1106003.mp3
143.5626984126984,129.19921875,0.6182768170008824,0.6793325805664062,0.20176461338996887,0.523751943642081,0.8515618489940947,0.20564805939180208,0.005749042706679045,0.39142340558257327,0.6036734728303003,0.6519005662543288,/volumes/Seagate/mtg-jamendo-dataset/03/1121403.mp3
235.01,129.19921875,0.5695440862241116,0.25372509765624995,0.17710793018341064,0.7029323372748959,0.987516273544936,0.8488814561612988,0.0031958680748047593,0.7002154901081233,0.6213098249667257,0.6394968898726827,/volumes/Seagate/mtg-jamendo-dataset/03/362403.mp3
176.82666666666665,123.046875,0.5972904955011933,0.4038511657714844,0.18682488799095154,0.6139700671784613,0.8752763151392476,0.49641440515252105,0.0025442715345253544,0.2999999990663386,0.6049737817816185,0.6462622033204188,/volumes/Seagate/mtg-jamendo-dataset/03/1236303.mp3
213.51022675736962,117.45383522727273,0.5620117672826789,0.3258917236328125,0.26566627621650696,0.5911111583001729,0.7492055494187372,0.6208948968941596,0.0004573358807258921,0.42196441200588775,0.6756894026000035,0.6605019789179418,/volumes/Seagate/mtg-jamendo-dataset/03/973503.mp3
514.9466666666667,126.04801829268293,0.5154902588897485,0.7368579330444337,0.040366001427173615,0.3495904836373109,0.5809025643943952,0.12144091274524144,0.0013192323544210707,0.29758033211388174,0.5469045199168477,0.6051508565304129,/volumes/Seagate/mtg-jamendo-dataset/03/270103.mp3
612.989387755102,126.04801829268293,0.5974551786099207,0.4497107543945313,0.2368485927581787,0.655288578769775,0.8199869828556635,0.411638247028884,0.0024518755337365333,0.8441500424850203,0.6840844122315208,0.6484486109466402,/volumes/Seagate/mtg-jamendo-dataset/03/1397903.mp3
240.0,105.46875,0.5799410592950016,0.668127571105957,0.09201142191886902,0.4428749155762146,0.6881127830368412,0.4519991693724987,0.00037086462211297343,0.3912484444943623,0.5721089340175298,0.6187023250872868,/volumes/Seagate/mtg-jamendo-dataset/03/1398803.mp3
143.25551020408165,99.38401442307692,0.5550643297145361,0.49741373443603515,0.06612005084753036,0.42451307317256914,0.7484470508423194,0.2169221646835593,0.001322009171347304,0.3485489861156925,0.4291440907728051,0.6379744001505498,/volumes/Seagate/mtg-jamendo-dataset/03/128303.mp3
204.06666666666666,109.95678191489361,0.5268030019053478,0.633901885986328,0.11180651932954788,0.34517275305396844,0.6029233309208066,0.2712877277262276,0.00025611975818011425,0.3249868034829379,0.4314547346308284,0.6539594000324715,/volumes/Seagate/mtg-jamendo-dataset/03/1051203.mp3
81.52229024943311,99.38401442307692,0.5432491683994265,0.7105663604736329,0.12681803107261658,0.34624201813197664,0.675822305593482,0.1743892018811957,0.0019084761257046232,0.3395296147319559,0.4883278013049526,0.6479889309251514,/volumes/Seagate/mtg-jamendo-dataset/03/1265903.mp3
306.61986394557823,90.66611842105263,0.570268635226203,0.2422174072265625,0.209178626537323,0.40466586235626384,0.7629604225748168,0.42068280862279295,0.0012379782602133047,0.29999999999999905,0.4942157204941942,0.6764611614545974,/volumes/Seagate/mtg-jamendo-dataset/03/372603.mp3
217.96,87.5926906779661,0.5746008251684493,0.34289993286132814,0.08429908007383347,0.27196148669995707,0.6110690975184863,0.3188810680053109,0.00021017522514301724,0.5381850809270099,0.34437802662072653,0.6614720635024347,/volumes/Seagate/mtg-jamendo-dataset/03/1219603.mp3
268.4210625,127.8409090909091,0.60006017245962,0.7307833099365234,0.17508116364479065,0.7405494649710779,1.0,0.23397188313230238,0.006001300316788929,0.4204296846564794,0.5310043659725192,0.6568283457176208,/volumes/Seagate/mtg-jamendo-dataset/03/1136903.mp3
117.92430839002267,103.359375,0.5272476389291547,0.7759414138793946,0.022237177938222885,0.2020953804007077,0.35988192854399287,0.11528724206320623,0.0012533052996699574,0.29999034109076217,0.3665874007553835,0.6346879039066835,/volumes/Seagate/mtg-jamendo-dataset/03/1193303.mp3
231.09333333333333,123.046875,0.5944381715509528,0.19543698120117195,0.24358810484409332,0.57429689617152,0.7680198585287245,0.7906641914949669,0.0005400978541744088,0.5679568609529189,0.560521667759911,0.6755873841918915,/volumes/Seagate/mtg-jamendo-dataset/03/400403.mp3
412.60408163265305,139.6748310810811,0.6072616458791325,0.30163882446289064,0.46650171279907227,0.5468455159582636,0.8319699245070348,0.582960251842874,0.0006406260044074469,0.8218689425411496,0.638306267127065,0.7402793631822531,/volumes/Seagate/mtg-jamendo-dataset/03/454903.mp3
309.2133333333333,135.99917763157896,0.5643851059234105,0.9132554092407227,0.09672413021326065,0.8344019192657923,1.0,0.4720231063540642,0.012697974455673522,0.4535484168086668,0.7555109501841235,0.5837184968399491,/volumes/Seagate/mtg-jamendo-dataset/03/271103.mp3
573.3496145124717,120.18531976744185,0.5838123762516034,0.619225128173828,0.07775483280420303,0.26317036435530516,0.5253654551139126,0.17024533468985595,0.0004554027762312245,0.29987542652866184,0.33727590568254784,0.6605365586730035,/volumes/Seagate/mtg-jamendo-dataset/03/1395103.mp3
168.0,151.99908088235293,0.5451744412044197,0.8503160095214843,0.055417947471141815,0.12089012534924193,0.21638690478334882,0.11762734889459323,0.00036780002000383436,0.2999936708336283,0.270495223018848,0.6658514164858415,/volumes/Seagate/mtg-jamendo-dataset/03/1210603.mp3
375.7030625,85.22727272727273,0.5911862468524014,0.6777419281005856,0.11599075794219971,0.43285537920256095,0.7009912983235013,0.18825808801482957,0.0004983338034249073,0.29999999999999893,0.5154344138317549,0.638669790092841,/volumes/Seagate/mtg-jamendo-dataset/03/1137203.mp3
384.41938775510204,135.99917763157896,0.6234203493455277,0.5503322296142579,0.13186627626419067,0.12868884763039795,0.22944627697039877,0.19282818401994117,0.00012293589667837566,0.47664630860903,0.3021490665902912,0.6870420461370504,/volumes/Seagate/mtg-jamendo-dataset/03/1150403.mp3
308.0108616780045,120.18531976744185,0.60892241194844,0.683250473022461,0.07649659365415573,0.7354937390181493,1.0,0.17158486021347208,0.004867006638829979,0.6312545180150166,0.6966238757523875,0.5882139985650185,/volumes/Seagate/mtg-jamendo-dataset/03/1234703.mp3
274.05061224489793,120.18531976744185,0.5993767736513749,0.72378759765625,0.14487794041633606,0.8588546654573666,1.0,0.4823225753121755,0.006122514072183395,0.6393984532645297,0.8003279493586981,0.5920904686781413,/volumes/Seagate/mtg-jamendo-dataset/03/1381003.mp3
558.332902494331,123.046875,0.6263020462668683,0.8823666381835937,0.005663780961185694,0.312253600812868,0.8750166632199674,0.0586212825177471,0.007151069214660456,0.22665587581637814,0.4622443327694049,0.6095900945921459,/volumes/Seagate/mtg-jamendo-dataset/03/1400803.mp3
185.76,120.18531976744185,0.5822416234253966,0.23021316528320312,0.2401382178068161,0.8768567174120746,1.0,0.6891971690793717,0.012701404394965839,0.6801661755058629,0.7378360787066542,0.6388825426691229,/volumes/Seagate/mtg-jamendo-dataset/03/953503.mp3
213.01333333333332,123.046875,0.5583323723239657,0.4491739959716796,0.20335839688777924,0.5769036334565919,0.9237020325637163,0.31796700112194054,0.002874822638807486,0.60789619832966,0.5364953101722469,0.6659099608451511,/volumes/Seagate/mtg-jamendo-dataset/03/1194603.mp3
123.21573696145124,126.04801829268293,0.616339640139177,0.7247084197998048,0.0673942044377327,0.47363646177973395,0.7701853861041825,0.3305233112634528,0.0005574116327417206,0.6746655698941079,0.5107131001246176,0.6221192935726603,/volumes/Seagate/mtg-jamendo-dataset/03/1346603.mp3
755.8791836734694,139.6748310810811,0.5578960834312652,0.46446569824218753,0.13676302134990692,0.4292973088302264,0.5931983729502748,0.3269976964748836,0.0004497501327846831,0.6058169663797812,0.6328496436052464,0.6226647589649172,/volumes/Seagate/mtg-jamendo-dataset/03/1146203.mp3
85.49984126984127,120.18531976744185,0.5622774385723623,0.917077941894531,0.1907871663570404,0.6359365872330007,0.9549065806313667,0.3010607189574951,0.003399771906155883,0.8370954742777599,0.5770467309290132,0.653274033702732,/volumes/Seagate/mtg-jamendo-dataset/03/153403.mp3
470.24111111111114,135.99917763157896,0.5645067334222187,0.3006892852783203,0.1023828312754631,0.18131037904758326,0.3445757200406002,0.17365511626674632,0.0002066134085651524,0.2997945266792475,0.3435828029221297,0.6681412586747408,/volumes/Seagate/mtg-jamendo-dataset/03/1066203.mp3
114.12897959183674,166.70866935483872,0.5762706423499817,0.9818485260009766,0.323562353849411,0.4037010204096003,0.7387889603592392,0.2693054077321365,0.0017277290542334013,0.29999999510566133,0.5432172632251586,0.7078389947407562,/volumes/Seagate/mtg-jamendo-dataset/03/1400603.mp3
73.85095238095238,129.19921875,0.4041310686757512,0.7198051452636719,0.07809838652610779,0.1554216062723637,0.1833396608220797,0.1594480082515021,0.00014091057321443634,0.35529930318697583,0.34643165358231826,0.6588290884329352,/volumes/Seagate/mtg-jamendo-dataset/03/1345303.mp3
269.9504761904762,135.99917763157896,0.5863054269631154,0.3018497009277344,0.10718552768230438,0.596571418542668,0.7440112921510419,0.9815054986090889,0.00047757817969938866,0.8790348869074104,0.6254196053056716,0.6135028689044952,/volumes/Seagate/mtg-jamendo-dataset/03/1393403.mp3
172.95780045351475,114.84375,0.6147452027483532,0.30622998046875005,0.2733417749404907,0.6031575951390954,0.832774606488103,0.9197263341944737,0.0008867474971031596,0.29999999985104614,0.5728737703146188,0.6838282849156528,/volumes/Seagate/mtg-jamendo-dataset/03/429203.mp3
595.2,99.38401442307692,0.559753234339059,0.9942734680175781,0.023971987888216972,0.2624715353621956,0.5097113510322103,0.130088532203714,0.0009352867041860433,0.29999999711364655,0.38077646667367293,0.6324746223050235,/volumes/Seagate/mtg-jamendo-dataset/03/1150903.mp3
228.80943310657597,151.99908088235293,0.590785496638054,0.4762982788085938,0.24236178398132324,0.6128452744112362,0.8293539417391389,0.6403955602801247,0.0013961175705538896,0.8813504081941099,0.724458958318578,0.6423584505695608,/volumes/Seagate/mtg-jamendo-dataset/03/1325603.mp3
151.77496598639456,120.18531976744185,0.5485778611068393,0.917980224609375,0.0425623282790184,0.2889564292638391,0.47524112043195904,0.045138649198776845,0.0023472544049887973,0.2844269348465747,0.44075872578165515,0.6271706930241157,/volumes/Seagate/mtg-jamendo-dataset/03/702503.mp3
117.89167800453515,120.18531976744185,0.5492571727257469,0.5115078430175782,0.14333513379096985,0.568852168771325,0.8880356141785135,0.30130393534363703,0.002452778280104352,0.3889155901099137,0.6299221810814816,0.6256162119484528,/volumes/Seagate/mtg-jamendo-dataset/03/1357303.mp3
272.7857142857143,139.6748310810811,0.6145376560353836,0.1106890869140625,0.3336881697177887,0.6814791185514879,0.866558828847482,1.0,0.0009026819979842654,0.5621408411821892,0.6757991967317247,0.684967901752059,/volumes/Seagate/mtg-jamendo-dataset/03/159203.mp3
190.3542857142857,114.84375,0.5368782720628424,0.6817303466796875,0.07619809359312057,0.502369431640549,0.7323530337850118,0.16881660607286728,0.0019696571587462077,0.6877444617938537,0.7021335292238033,0.5870046078487627,/volumes/Seagate/mtg-jamendo-dataset/03/296703.mp3
192.6018820861678,172.265625,0.555668417662534,0.7515988998413086,0.1747485101222992,0.38371351338121173,0.7170933358725354,0.16792954909657595,0.0018858726153536981,0.29999999999999744,0.6650024511112764,0.6299089734217724,/volumes/Seagate/mtg-jamendo-dataset/03/480703.mp3
136.74666666666667,90.66611842105263,0.620687116673192,1.0,0.05639483034610748,0.44857249659205856,0.673619371418722,0.06296861508389259,0.007387644060431546,0.6690682929167318,0.5398857696092726,0.6123249850027441,/volumes/Seagate/mtg-jamendo-dataset/03/6703.mp3
63.99466666666667,93.75,0.5799465340373963,0.2584236602783204,0.21419686079025269,0.39233139757723806,0.6835167151905163,0.7370715447154472,0.0003907526681144424,0.8987887248163302,0.48928467231097617,0.6792539354222957,/volumes/Seagate/mtg-jamendo-dataset/03/697303.mp3
171.5461224489796,139.6748310810811,0.5599758057753008,0.2861346435546875,0.13501153886318207,0.6873967483706036,1.0,0.38577323807888864,0.004639745779596515,0.6100564955706311,0.7109171768003262,0.6064207186306804,/volumes/Seagate/mtg-jamendo-dataset/03/1374703.mp3
300.56489795918367,114.84375,0.6056319593418495,1.0,0.15427842736244202,0.3516676289433571,0.7433985967694292,0.20921589261471818,0.002530463096115881,0.29999999999999954,0.416094249084694,0.6723213840335404,/volumes/Seagate/mtg-jamendo-dataset/03/210603.mp3
369.08408163265307,129.19921875,0.6008930973211748,0.5052467346191406,0.23468704521656036,0.5488075080857415,0.930195511337552,0.19561419054786944,0.003445430018951647,0.3,0.5188947536905398,0.6807083855398537,/volumes/Seagate/mtg-jamendo-dataset/03/1414203.mp3
250.85809523809525,132.51201923076923,0.5564026660831112,0.8457284393310546,0.21681775152683258,0.6170901874084328,0.8582634240207783,0.39141871574213705,0.0027360120062253244,0.4858127760937883,0.5803663786193668,0.6619811148257864,/volumes/Seagate/mtg-jamendo-dataset/03/1081703.mp3
180.3890022675737,129.19921875,0.4976574560613397,1.0,0.07065251469612122,0.6828313051680607,0.9300443383268475,0.22763170700313,0.00454387171326351,0.44704736497685,0.6220295607092503,0.6010289931487536,/volumes/Seagate/mtg-jamendo-dataset/03/1392203.mp3
132.3653514739229,109.95678191489361,0.526952441017597,0.6734939880371092,0.196466863155365,0.9232310741942651,1.0,0.27193988217728166,0.009433072613864247,0.8027482374433217,0.7599135638297871,0.6187453579699739,/volumes/Seagate/mtg-jamendo-dataset/03/1064503.mp3
331.18174603174606,129.19921875,0.5984035806422086,0.3332785034179688,0.34255337715148926,0.5595875733223743,0.8028145503517301,0.6163617957430363,0.001285824302636777,0.7722541588888319,0.6364917610061351,0.6960208635733091,/volumes/Seagate/mtg-jamendo-dataset/03/1234503.mp3
278.24256235827664,126.04801829268293,0.5752604544727034,0.37403236389160155,0.23407360911369324,0.5209226076732709,0.7809259142007904,0.5990549620091878,0.0007614590211245288,0.9391240041176709,0.5438631979076308,0.6754938596994033,/volumes/Seagate/mtg-jamendo-dataset/03/347603.mp3
301.8604535147392,129.19921875,0.5932635067043988,0.8468296813964844,0.16554439067840576,0.597552995103742,0.7889364201368276,0.20010524923525455,0.002679607880663076,0.3,0.6113728389118918,0.6373214128618477,/volumes/Seagate/mtg-jamendo-dataset/03/322103.mp3
495.39984126984126,120.18531976744185,0.6177623211615808,0.211019287109375,0.20523957908153534,0.3304618901653426,0.6618224274237375,0.3293013876448905,0.0006239780951174483,0.8259176959800913,0.4233459876357329,0.6892170509422062,/volumes/Seagate/mtg-jamendo-dataset/03/1178803.mp3
209.37501133786847,109.95678191489361,0.54044071664453,1.0,0.12625445425510406,0.21293175338741807,0.3898401396189132,0.18503722436725337,0.00041404483810567863,0.2999993118022205,0.3789767454536032,0.6696562544411168,/volumes/Seagate/mtg-jamendo-dataset/03/1127403.mp3
151.51562358276644,126.04801829268293,0.5834417584452947,1.0,0.08717260509729385,0.3258000770847143,0.5362867216157258,0.10780969965856274,0.0011980720658356328,0.28097608439850247,0.5942052499527355,0.6125410878444787,/volumes/Seagate/mtg-jamendo-dataset/03/1261203.mp3
104.57142857142857,139.6748310810811,0.5976210906779521,0.23935636901855467,0.2846251428127289,0.5746889199779037,0.838563397874794,0.5880615604557466,0.001345635789225005,0.2999999999994873,0.6052082126495334,0.6814234088826758,/volumes/Seagate/mtg-jamendo-dataset/03/31503.mp3
360.1,132.51201923076923,0.6065958661000698,0.7235890045166016,0.14995191991329193,0.5729120438714351,0.9340635634756399,0.1251889404472921,0.0022391797562963307,0.7468250219955019,0.4948445350052588,0.6550137841677333,/volumes/Seagate/mtg-jamendo-dataset/03/45103.mp3
150.0,123.046875,0.5117768880852358,1.0,0.052945371717214584,0.35768890695271477,0.5795223157022152,0.13922260817035415,0.0012335414014512072,0.2859207894791522,0.506502348580101,0.6177598641021771,/volumes/Seagate/mtg-jamendo-dataset/03/1389203.mp3
148.8,99.38401442307692,0.5788680546772558,0.35281411743164043,0.1971787065267563,0.45227781930399724,0.7257391287836236,0.3886218189637619,0.0008619282727956874,0.3,0.4475888447794716,0.681466565393738,/volumes/Seagate/mtg-jamendo-dataset/03/1196203.mp3
300.92308390022674,129.19921875,0.5515642080326165,0.7384010467529296,0.18090279400348663,0.80608378048629,1.0,0.21324130532971997,0.012093191313036572,0.43228279922970464,0.6531960946542245,0.6344857869104102,/volumes/Seagate/mtg-jamendo-dataset/03/1371703.mp3
79.71428571428571,105.46875,0.4906905460258498,0.6370771789550782,0.04972419515252113,0.46559666184570386,0.7238737154188936,0.2561909734431551,0.0007637869417937416,0.29999561115808804,0.4898805517563874,0.6199245999036301,/volumes/Seagate/mtg-jamendo-dataset/03/275803.mp3
166.55802721088435,166.70866935483872,0.5174473834962436,0.40235069274902335,0.08749327808618546,0.17142532803235175,0.20741847790752277,0.17846783639649316,9.00536064045097e-05,0.5660956528008281,0.4782772585574101,0.6358421283995448,/volumes/Seagate/mtg-jamendo-dataset/03/1241403.mp3
142.34666666666666,126.04801829268293,0.5983595004427824,0.22222442626953126,0.24894733726978302,0.42625608735757176,0.6503846070031186,0.7817935512362219,0.0002452223183811561,0.3700581775124269,0.539383039975776,0.6817444334219667,/volumes/Seagate/mtg-jamendo-dataset/03/7203.mp3
157.83735416666667,127.8409090909091,0.5619127791499885,0.3967728118896484,0.23381802439689636,0.3288296112500604,0.6212329300199639,0.35027640518329767,0.00027028408449563063,0.29999999973828945,0.44306830188786617,0.6955608284053094,/volumes/Seagate/mtg-jamendo-dataset/03/1115703.mp3
173.62501133786847,156.60511363636363,0.5744522590076601,0.21184280395507812,0.2820737659931183,0.49977692548853775,0.8465631469798905,0.6019567646027514,0.0009196287266665603,0.5443736973248658,0.5840485136199195,0.6847368530335387,/volumes/Seagate/mtg-jamendo-dataset/03/564203.mp3
278.2884353741497,120.18531976744185,0.5683857437936862,0.28328829956054696,0.20834945142269135,0.20234659704966884,0.4731036140594528,0.17678561616654964,0.00029173061933532145,0.41720283400736025,0.3832309968177432,0.6983596031486203,/volumes/Seagate/mtg-jamendo-dataset/03/965603.mp3
198.9,99.38401442307692,0.5512248562697328,0.43469113159179684,0.1444086730480194,0.40325633768416697,0.7549894757704307,0.24106905918463806,0.001403112855721304,0.6964039666084689,0.5294316774964157,0.6461007867980039,/volumes/Seagate/mtg-jamendo-dataset/03/1388303.mp3
417.1134240362812,117.45383522727273,0.529949125681161,0.5955182876586913,0.07124944776296616,1.0,1.0,0.6733468291596744,0.0034423033396708885,0.29999994194675506,0.6849076704545455,0.5886682671037587,/volumes/Seagate/mtg-jamendo-dataset/03/253303.mp3
369.0,120.18531976744185,0.5078528625562349,0.5657038574218749,0.16577266156673431,0.6975421064451761,1.0,0.24017744777246414,0.0058728428659457444,0.7833774461301766,0.6629942807439313,0.6270793020152381,/volumes/Seagate/mtg-jamendo-dataset/03/1053503.mp3
288.8817006802721,114.84375,0.5857830726480577,0.6218632659912109,0.13295987248420715,0.5825663430398708,0.9268017601910165,0.26017939566929327,0.0013580741865451891,0.29999999999996413,0.5354432874111954,0.6407768966120755,/volumes/Seagate/mtg-jamendo-dataset/03/633103.mp3
150.0,107.666015625,0.5668989427808435,0.3280096893310547,0.11391990631818771,0.2054751543402316,0.3886814468609293,0.21405534999622441,0.00019017266696279755,0.5384426709228346,0.4753945692303752,0.6459322524284725,/volumes/Seagate/mtg-jamendo-dataset/03/1299803.mp3
225.1528798185941,139.6748310810811,0.601427903683241,0.6190014953613282,0.18670876324176788,0.4424512829763349,0.7677883623013309,0.353037021759307,0.0017393970194557488,0.29999999999999755,0.5086784134936699,0.6654794720683025,/volumes/Seagate/mtg-jamendo-dataset/03/243403.mp3
293.472335600907,105.46875,0.5694403571145326,0.5161010131835936,0.1717355102300644,0.45851014288876923,0.891454729123616,0.13116929982497072,0.005878453044211982,0.4654889437569909,0.4382791006328854,0.6741689635562461,/volumes/Seagate/mtg-jamendo-dataset/03/1121103.mp3
342.6742857142857,90.66611842105263,0.6003967967582504,0.6675227355957031,0.15526562929153442,0.42853663308779094,0.7211628351812662,0.31094222563041457,0.0004962334630767326,0.9274312758108025,0.4260004206214049,0.6706955424206714,/volumes/Seagate/mtg-jamendo-dataset/03/218703.mp3
212.42696145124717,161.4990234375,0.5920233230489206,0.1761214599609375,0.2988085150718689,0.5160728397355965,0.7828527849243314,0.6860202325584496,0.000697165625743235,0.4682186820912979,0.6935108132081722,0.6688689027842384,/volumes/Seagate/mtg-jamendo-dataset/03/1119003.mp3
172.10206349206348,172.265625,0.5132999516723276,0.537440673828125,0.13143290579319,0.3424699498760166,0.5666749792178877,0.24305674384320744,0.0005079586691519422,0.5679253594256155,0.6619884326002103,0.6149181595655063,/volumes/Seagate/mtg-jamendo-dataset/03/1318103.mp3
207.41224489795917,87.5926906779661,0.544741400302245,0.5485604095458985,0.13431289792060852,0.5725859630456941,0.825135884101928,0.3712687677643596,0.001435994448141153,0.9394500630942324,0.4878992854303525,0.6507727861653486,/volumes/Seagate/mtg-jamendo-dataset/03/1074803.mp3
149.0,90.66611842105263,0.5199377424227847,0.4054923706054689,0.10157649219036102,0.30363129704047503,0.5013221441972919,0.40892104432965787,0.0004483848278144904,0.40938792715168065,0.46596117664492315,0.6433753018595454,/volumes/Seagate/mtg-jamendo-dataset/03/1385303.mp3
312.4395238095238,103.359375,0.5541296221203935,0.38397720336914076,0.12887980043888092,0.23237106236455324,0.4743048028841084,0.2852010890055393,0.00016846950591634213,0.7409803878472863,0.3666692268932526,0.6730628827793466,/volumes/Seagate/mtg-jamendo-dataset/03/1194703.mp3
30.137097505668933,117.45383522727273,0.589072097910781,1.0,0.11106570810079575,0.41044833350425386,0.6002374422323857,0.3225994964109888,0.0002530339219143338,0.2998070800191461,0.6082506408924349,0.6183335267377994,/volumes/Seagate/mtg-jamendo-dataset/03/1274103.mp3
192.16,151.99908088235293,0.53499297161385,0.7683370208740233,0.18977844715118408,0.7838600853926931,0.9923528480023891,0.3853225312098457,0.004607693967964758,0.806076723305843,0.7442386213439853,0.6194725167056292,/volumes/Seagate/mtg-jamendo-dataset/03/1319503.mp3
223.7098866213152,105.46875,0.600202295851535,0.7677661743164063,0.2961027920246124,0.6185639460291079,0.8535914821770703,0.46038765665564174,0.0013747034939046187,0.43246559598099543,0.48936361885167634,0.7087242813585253,/volumes/Seagate/mtg-jamendo-dataset/03/193603.mp3
202.40963718820862,109.95678191489361,0.49512822587747674,0.476727035522461,0.07441480457782745,0.40957894991667704,0.6912020148209537,0.15005420831380667,0.002825641956114284,0.5590464555528657,0.5334610315390971,0.6200971233401984,/volumes/Seagate/mtg-jamendo-dataset/03/1418303.mp3
236.93213151927438,120.18531976744185,0.5503410874931849,0.31343783569335937,0.2000102698802948,0.45674270129364475,0.8828932279389533,0.3122787811570785,0.0028488153129663397,0.6117673412255811,0.47847914842846345,0.6763078674712135,/volumes/Seagate/mtg-jamendo-dataset/03/941403.mp3
212.75827664399094,120.18531976744185,0.4888523820521111,0.3497297668457031,0.07403476536273956,0.23071592632516044,0.44372470247736806,0.12139064051341157,0.0009219884941451854,0.3583817547397769,0.49545141706182483,0.6275622321182213,/volumes/Seagate/mtg-jamendo-dataset/03/1347803.mp3
480.0,114.84375,0.5497152043392888,0.7187346649169923,0.09966235607862473,0.49252972680305357,0.8747679904613215,0.2290750302046364,0.0013388688332874692,0.3,0.566609451492027,0.6225565578898995,/volumes/Seagate/mtg-jamendo-dataset/03/950503.mp3
87.25197278911564,117.45383522727273,0.5970197615016435,0.48912960052490234,0.07445553690195084,0.09803275415413275,0.24747209551162866,0.17799491166811615,0.00012475368165252448,0.46548645320647064,0.24044701383623146,0.678714590517456,/volumes/Seagate/mtg-jamendo-dataset/03/1384403.mp3
264.25333333333333,117.45383522727273,0.561516174483894,0.3828448486328125,0.19672800600528717,0.8749786749096343,0.9394146426688926,0.7422814591926069,0.001784074448404913,0.5767088140618033,0.6849076704545455,0.6338405480709942,/volumes/Seagate/mtg-jamendo-dataset/03/1160603.mp3
291.95521541950114,107.666015625,0.507950526241711,0.8764817199707033,0.03349617123603821,0.16858629475701997,0.31741949173607914,0.06387126622290201,0.0029092849601119147,0.29957337560148795,0.36386381770071763,0.6392858581048302,/volumes/Seagate/mtg-jamendo-dataset/03/1048303.mp3
219.42857142857142,139.6748310810811,0.5657646161955289,0.2889909362792969,0.2013178914785385,0.28299024568701575,0.47297519278147027,0.33097642272121364,0.00017624606274332046,0.48318056886231553,0.46913271608431295,0.6786478977154112,/volumes/Seagate/mtg-jamendo-dataset/03/1378003.mp3
276.1404081632653,120.18531976744185,0.575123086312149,0.6119483642578126,0.07181668281555176,0.2857574179962352,0.5358686234280303,0.1561880053528305,0.00055373796541467,0.2999962527053295,0.41857522980491163,0.6421389598526164,/volumes/Seagate/mtg-jamendo-dataset/03/387403.mp3
274.2857142857143,126.04801829268293,0.5448258435966953,0.4488626861572266,0.18883633613586426,0.553200782337046,0.875483149559393,0.4014248461285933,0.0012572721282270243,0.299999999996509,0.5486020521613737,0.6582606705766364,/volumes/Seagate/mtg-jamendo-dataset/03/1153403.mp3
167.44489795918366,99.38401442307692,0.5633689449985532,1.0,0.13997675478458405,0.3323988603841855,0.5982465272384152,0.13659449760967832,0.0006316532607724632,0.29999999998709,0.4019496958376103,0.6700016925549281,/volumes/Seagate/mtg-jamendo-dataset/03/1209403.mp3
39.99868480725623,139.6748310810811,0.549086631278423,1.0,0.05089432746171951,0.43756467056525034,0.627099789812099,0.14314652548730944,0.0023981835780571142,0.2988380974920703,0.5998850146741042,0.5983449549513982,/volumes/Seagate/mtg-jamendo-dataset/03/893403.mp3
116.63414965986395,105.46875,0.5484795012965957,1.0,0.0448647104203701,0.20933672891948518,0.42713745273298614,0.07401068635947632,0.0012081358129956905,0.29963584411668576,0.46393986209699584,0.623363323331934,/volumes/Seagate/mtg-jamendo-dataset/03/1110303.mp3
181.0,147.65625,0.5454963680757954,0.7441315460205078,0.05161137506365776,0.2505788235055552,0.3470692841361432,0.24486140378048,8.916675507349557e-05,0.2999997776147467,0.34007984386709134,0.6505641262494986,/volumes/Seagate/mtg-jamendo-dataset/03/1357103.mp3
528.770612244898,143.5546875,0.5922423753616615,0.5545335998535156,0.21486979722976685,1.0,1.0,1.0,0.01606672822827241,0.3,0.827109375,0.611931252002716,/volumes/Seagate/mtg-jamendo-dataset/03/18503.mp3
254.65333333333334,166.70866935483872,0.5664908471617671,0.49495263671875,0.19393564760684967,0.559243694651611,0.838221447680228,0.42482767822891354,0.0013405716940500855,0.299999994273496,0.6458244093693889,0.6406519512645881,/volumes/Seagate/mtg-jamendo-dataset/03/434903.mp3
223.21632653061224,123.046875,0.5791171188374022,0.17621435546875006,0.14554463326931,0.6879957112379759,0.8772800900267161,1.0,0.0005184698911750454,0.7537077552109325,0.6538394669926739,0.6216281745784168,/volumes/Seagate/mtg-jamendo-dataset/03/230903.mp3
70.06185941043084,95.703125,0.5653821549206097,0.748055130004883,0.11583742499351501,0.7146701631310736,0.8790258569100892,0.26329419847636754,0.0016336271112960864,0.9211370809420658,0.6893690476178969,0.603827663474086,/volumes/Seagate/mtg-jamendo-dataset/03/219003.mp3
291.3175510204082,90.66611842105263,0.5625535535890183,0.790180679321289,0.17394429445266724,0.4667359903010344,0.7439445984394902,0.21431513793079987,0.0023759379905534486,0.45976752407962185,0.43251031487555935,0.6761178830278483,/volumes/Seagate/mtg-jamendo-dataset/03/116103.mp3
207.69489795918366,120.18531976744185,0.5566420270321439,0.4098230056762695,0.06922207772731781,0.6782297318805772,1.0,0.2619913018582394,0.008523221824495372,0.729752268643145,0.550073143075179,0.6149053193667986,/volumes/Seagate/mtg-jamendo-dataset/03/408503.mp3
202.92024943310656,139.6748310810811,0.5458969895631925,0.5577014007568359,0.11615794152021408,0.4621668693647912,0.8572452758317225,0.18887919859231775,0.0016320711508999543,0.7840260343435745,0.4208438499896616,0.6576480889493448,/volumes/Seagate/mtg-jamendo-dataset/03/3103.mp3
45.062290249433104,126.04801829268293,0.5301838164864145,1.0,0.09030772745609283,0.3961350690045009,0.676745010800656,0.20903230670637463,0.0012417430930543535,0.3,0.48585326709640864,0.6353401284649117,/volumes/Seagate/mtg-jamendo-dataset/03/1163803.mp3
239.11111111111111,129.19921875,0.5741996013407265,0.28152984619140625,0.1559145450592041,0.2702474365817225,0.566078708344942,0.24176515449365021,0.00019107304531076552,0.6491393240281915,0.37694309679123,0.6807406168630675,/volumes/Seagate/mtg-jamendo-dataset/03/1268903.mp3
243.4612244897959,143.5546875,0.6012632865918699,0.51462646484375,0.08950874954462051,0.5148583418172861,0.8639997254744795,0.3154867755820756,0.0018003567639616632,0.2999997881342728,0.5534093834789746,0.6215412731402684,/volumes/Seagate/mtg-jamendo-dataset/03/1143803.mp3
222.01469387755103,161.4990234375,0.52952148501707,0.3734522399902343,0.18531714379787445,0.4501324428409232,0.7467908602813481,0.24940315773497118,0.0011493397206309738,0.29999999995379173,0.5702868040090399,0.6526568109654268,/volumes/Seagate/mtg-jamendo-dataset/03/1008803.mp3
192.0,120.18531976744185,0.5949324690589162,0.630069351196289,0.2174426019191742,0.32766964973258933,0.5656322684332848,0.5485760805122866,0.0002126270716341976,0.29999999995011034,0.532258831857528,0.6718275703193971,/volumes/Seagate/mtg-jamendo-dataset/03/760903.mp3
180.0,120.18531976744185,0.5843932150555882,0.88766650390625,0.10029704123735428,0.40673845423621724,0.5945830175576121,0.20014787686576554,0.0005707547941783804,0.8928396744584968,0.48941564950373556,0.6382238049447004,/volumes/Seagate/mtg-jamendo-dataset/03/1154903.mp3
256.0,120.18531976744185,0.5398699483869918,0.6357987213134766,0.11638325452804565,0.3841179448278885,0.5296258426700914,0.272099158159964,0.00035157361744946486,0.5355639969298417,0.5091078544162925,0.640076400746838,/volumes/Seagate/mtg-jamendo-dataset/03/34403.mp3
285.0454648526077,120.18531976744185,0.4881081249946029,1.0,0.12888294458389282,0.3689227514259961,0.619775159863533,0.20565569145427523,0.0006976434312563088,0.29992138125326684,0.5881556944617843,0.6287667211578446,/volumes/Seagate/mtg-jamendo-dataset/03/1182603.mp3
118.4,151.99908088235293,0.5380855331179903,0.5902323913574219,0.18557770550251007,0.41938313126138144,0.7950031741226123,0.17075083879576905,0.0031246881535851047,0.6803886789504446,0.518452940406848,0.6631173858995341,/volumes/Seagate/mtg-jamendo-dataset/03/1279603.mp3
177.0078231292517,156.60511363636363,0.5779028440985202,0.48822653198242194,0.1437014937400818,0.3249346999818545,0.4869914780839072,0.2838127292534157,0.00027895915340432403,0.2999995388527561,0.370044269971627,0.677723683752104,/volumes/Seagate/mtg-jamendo-dataset/03/1282103.mp3
288.0,123.046875,0.5514384180138495,0.4296975402832031,0.1929006427526474,0.497812397585965,0.7431953225696568,0.47619249877345793,0.00040172385390034777,0.29999999999999977,0.5367248765788389,0.6620992560751853,/volumes/Seagate/mtg-jamendo-dataset/03/1280403.mp3
252.22798185941042,161.4990234375,0.5945396064551893,0.4657963562011719,0.19583216309547424,0.7032590810826075,1.0,0.41499338771349603,0.00626341743062418,0.8150080902994317,0.6540422135917303,0.6396911359960247,/volumes/Seagate/mtg-jamendo-dataset/03/1274503.mp3
289.79660416666667,130.8139534883721,0.5733334586036589,0.5688600769042967,0.29049867391586304,0.4781225177132238,0.7333525215684161,0.23717903026135417,0.0009948596007389476,0.7794940877795816,0.6004259445149365,0.6844943337067234,/volumes/Seagate/mtg-jamendo-dataset/03/1159203.mp3
215.48315192743763,92.28515625,0.6123892503628743,0.7343375396728515,0.12925870716571808,0.5174436447859416,0.8059093806412128,0.38331119144390086,0.0009924246208327444,0.8233241149386208,0.478390178292143,0.6508550989212298,/volumes/Seagate/mtg-jamendo-dataset/03/1132203.mp3
338.88,125.0,0.5983547676811612,0.5892597961425782,0.2559156119823456,0.582822175959275,0.885989340349109,0.35785357255542904,0.001487690903440108,0.29999999999968496,0.5467856489794319,0.682772490517758,/volumes/Seagate/mtg-jamendo-dataset/03/887203.mp3
204.01331065759638,123.046875,0.5034911073360023,0.48653997802734383,0.13788461685180664,0.5716745385672443,0.85253638201168,0.3344687595854505,0.0015898223546843935,0.654018045951736,0.5670320428177058,0.6362320535031092,/volumes/Seagate/mtg-jamendo-dataset/03/1306203.mp3
185.33333333333334,89.10290948275862,0.5332265123070281,0.48965518188476564,0.24483181536197662,0.22961829688723231,0.49109054116503087,0.12376169552224212,0.002113357774839088,0.3449011321659372,0.3385343426791506,0.7204325849944815,/volumes/Seagate/mtg-jamendo-dataset/03/37703.mp3
184.2561678004535,120.18531976744185,0.5606315389457932,0.2634471130371094,0.18341250717639923,0.642620358124994,1.0,0.36950566380466904,0.003601837628302815,0.3078115069978518,0.5529466486088517,0.6554391728617334,/volumes/Seagate/mtg-jamendo-dataset/03/436603.mp3
282.7733333333333,129.19921875,0.5355861355967827,0.5866150512695313,0.03863783925771713,0.23358233299046693,0.35772122484236746,0.09423604372760072,0.0009182833010412704,0.2805376740892578,0.5138012406290128,0.6111493740069756,/volumes/Seagate/mtg-jamendo-dataset/03/153603.mp3
141.2789569160998,112.34714673913044,0.5456326915701795,0.5825805358886719,0.15447749197483063,0.31604726431105595,0.4903763370157621,0.15997707088583749,0.0006919782986748791,0.2999999999999999,0.5390834194726162,0.6477952132164159,/volumes/Seagate/mtg-jamendo-dataset/03/18403.mp3
247.17333333333335,143.5546875,0.5666296844352079,0.3303804626464844,0.17321054637432098,0.439467221019336,0.757725331598514,0.3498889894488424,0.0012198205592070226,0.768527547088343,0.6239681292332278,0.6375621708481101,/volumes/Seagate/mtg-jamendo-dataset/03/1126703.mp3
440.0753287981859,117.45383522727273,0.5901667247983554,1.0,0.06222636625170708,0.47222655555935944,0.6438717337968543,0.13354966363276613,0.0014095247106483038,0.8406253123104623,0.5324073144723368,0.6159200289561473,/volumes/Seagate/mtg-jamendo-dataset/03/1375803.mp3
232.0457142857143,120.18531976744185,0.5260347128985092,0.49389895629882824,0.08725643903017044,0.2709125299569369,0.46816867953971786,0.22602301251911303,0.00033683572068871244,0.4726654426823411,0.5105584137599963,0.629300635298862,/volumes/Seagate/mtg-jamendo-dataset/03/438203.mp3
223.3208163265306,129.19921875,0.5576161477351849,0.3972383117675781,0.19614996016025543,0.6648378791759395,0.8817854307500693,0.7589986255445835,0.0017217280649596712,0.3217688318072371,0.6166541925793871,0.6472831471418146,/volumes/Seagate/mtg-jamendo-dataset/03/1051503.mp3
349.5,135.99917763157896,0.5810023359452001,0.3478053741455078,0.2439461499452591,1.0,1.0,0.8008552465274853,0.021944962122022876,0.41468942708401396,0.7219983552631579,0.6434209429276617,/volumes/Seagate/mtg-jamendo-dataset/03/365703.mp3
271.57759637188207,129.19921875,0.5643469408050132,0.8120698242187501,0.10565299540758133,0.5286912453171879,0.8983663465812184,0.09899715558373094,0.0025677337000208768,0.46306943765394565,0.5414801883839524,0.6297390406699388,/volumes/Seagate/mtg-jamendo-dataset/03/506003.mp3
254.22367346938776,139.6748310810811,0.6194551294532493,0.11073806762695311,0.4368176758289337,0.5391989994712205,0.8524337031942212,0.7687509049718317,0.0005093246493494653,0.4264278711669387,0.5783222692115593,0.7415899094561043,/volumes/Seagate/mtg-jamendo-dataset/03/1299903.mp3
170.7208163265306,105.46875,0.5419033745592868,0.7362906188964845,0.07907348871231079,0.3625204787632476,0.7516849883480597,0.09578955225118385,0.002642210775005172,0.668922432357136,0.501439567476429,0.6281785424411461,/volumes/Seagate/mtg-jamendo-dataset/03/1181303.mp3
188.17451247165533,109.95678191489361,0.586411340450534,0.42377111816406254,0.11757651716470718,0.2362647186286458,0.4008221047049035,0.3498583292329315,6.784484161186833e-05,0.29769767590284163,0.5758175311439897,0.6271640399504966,/volumes/Seagate/mtg-jamendo-dataset/03/1336203.mp3
342.0,117.45383522727273,0.5818377860632125,0.25863661193847653,0.2928616404533386,0.46060337880402413,0.6948628491840086,0.35290276855514835,0.0007004979089693742,0.299999999999961,0.5918055999881945,0.687069070565563,/volumes/Seagate/mtg-jamendo-dataset/03/1315103.mp3
216.86061224489796,117.45383522727273,0.5288166265511667,0.526281768798828,0.1710534393787384,0.29616969321327913,0.45304599022053227,0.25901553720821213,0.00015901514990195986,0.29982699308331084,0.45041018589767706,0.6714972009968104,/volumes/Seagate/mtg-jamendo-dataset/03/1311203.mp3
127.20625850340136,99.38401442307692,0.5189557372625457,0.8961991271972655,0.0573483482003212,0.5300709693515647,0.8116492265383816,0.10198224990372566,0.0042863680147183295,0.2999999999999996,0.5128689450397994,0.6180716163441557,/volumes/Seagate/mtg-jamendo-dataset/03/1165503.mp3
171.36326530612246,132.51201923076923,0.605737632605077,0.8373876190185547,0.04132575914263725,0.2550111782519463,0.5159092195072625,0.10003849960591604,0.0018010223783471093,0.2999224216468867,0.6007422748658116,0.594728818318187,/volumes/Seagate/mtg-jamendo-dataset/03/543403.mp3
230.8,129.19921875,0.5557221443072294,0.308481903076172,0.12374628335237503,0.3212537707259084,0.5703016645526062,0.3353368994454532,0.00027416032763410536,0.3905411102384364,0.45287694871769435,0.6539732722633161,/volumes/Seagate/mtg-jamendo-dataset/03/134103.mp3
240.16319727891155,117.45383522727273,0.5210557671651523,0.4084174346923828,0.2180168181657791,0.42904867950965453,0.6347543963340898,0.5055812461827606,0.00024295615885891643,0.5900612076009509,0.49102137148527536,0.6802817802426254,/volumes/Seagate/mtg-jamendo-dataset/03/956103.mp3
248.11102040816326,178.20581896551724,0.5600195601608673,0.36371841430664065,0.08971170336008072,0.31910073701517894,0.6258978822155673,0.1770890801416554,0.0022282491107071902,0.5155843836043161,0.624396684556735,0.6074168762982821,/volumes/Seagate/mtg-jamendo-dataset/03/399203.mp3
1724.6302040816327,120.18531976744185,0.6290254451271979,0.26566593933105487,0.21303758025169373,0.6772911130568428,1.0,0.402068084094687,0.002702461788605859,0.9522631464262701,0.6656637883373627,0.6435607712231373,/volumes/Seagate/mtg-jamendo-dataset/03/117803.mp3
245.12501133786847,123.046875,0.5923168688212257,0.7149444274902345,0.20841015875339508,0.7663950214460092,0.9925189409468369,0.5078576923876655,0.0033293487609382597,0.3,0.746095468146858,0.6258085635218507,/volumes/Seagate/mtg-jamendo-dataset/03/22803.mp3
136.6442403628118,129.19921875,0.6170197226521781,0.19816252136230475,0.2881609797477722,0.2025044588544809,0.4443845577904606,0.34392316140663526,0.00010519003632591469,0.8250247351249878,0.39540005335529393,0.7246579420381392,/volumes/Seagate/mtg-jamendo-dataset/03/1302903.mp3
224.00639455782314,132.51201923076923,0.5670965209339222,0.2543623962402344,0.28268587589263916,0.6783754195192497,0.8373361973967791,0.7530612631858373,0.001631387694906243,0.39836919244922925,0.653153145754541,0.6711362861704419,/volumes/Seagate/mtg-jamendo-dataset/03/810903.mp3
80.69333333333333,103.359375,0.5889054757551808,0.32774505615234373,0.20317789912223816,0.6806224010625509,0.9506964867977741,0.7675365186970817,0.00206809860762423,0.29999998129527944,0.595351823156229,0.6540736790527599,/volumes/Seagate/mtg-jamendo-dataset/03/213203.mp3
137.81739229024944,107.666015625,0.6057168842419842,0.4516554260253906,0.1516074389219284,0.3929843084167224,0.6309231543089517,0.4330171292615125,0.0001930045226266661,0.8280400887395041,0.4530193378999223,0.6639748104319098,/volumes/Seagate/mtg-jamendo-dataset/03/201903.mp3
297.12433106575963,132.51201923076923,0.5881394819154002,0.7509784088134766,0.06521641463041306,0.5081423696795447,0.7789426882865351,0.34236876889927026,0.0010379134204224947,0.7574276093943535,0.6418575675730981,0.595106395752329,/volumes/Seagate/mtg-jamendo-dataset/03/1379103.mp3
160.33680272108845,151.99908088235293,0.6146413428823179,0.39961135864257813,0.09738153964281082,0.44672481974223366,0.6598598893235892,0.4537143422263272,0.0002754198919109209,0.6328943227261729,0.6688807154892731,0.6012812111735573,/volumes/Seagate/mtg-jamendo-dataset/03/1103303.mp3
176.45820861678004,107.666015625,0.5149364008836448,0.6280484924316407,0.0830080658197403,0.18039086844022809,0.30285799804460806,0.1239805571290794,0.001027579894263434,0.2999925042534061,0.30857538634662274,0.668167826425782,/volumes/Seagate/mtg-jamendo-dataset/03/26403.mp3
72.0,79.50721153846153,0.5898798467094275,0.5375135803222656,0.2070125937461853,0.9292242626289171,1.0,0.6364831171691272,0.007167485534485678,0.9304126872097274,0.5995129202854848,0.6546219496915298,/volumes/Seagate/mtg-jamendo-dataset/03/1250203.mp3
317.9066666666667,151.99908088235293,0.5352213229525169,0.4008576507568358,0.07905101031064987,0.40746100350740355,0.7158481444491024,0.2419817173375327,0.0010507667234729153,0.46783086334211665,0.5356454656874666,0.6213292705743406,/volumes/Seagate/mtg-jamendo-dataset/03/26003.mp3
231.7268253968254,120.18531976744185,0.5758537339286272,0.45925347900390634,0.14681939780712128,0.6296764218932669,0.926927475183356,0.5725182071459993,0.0021797859502279953,0.3927402822607736,0.6702499290481554,0.6188049974009326,/volumes/Seagate/mtg-jamendo-dataset/03/181603.mp3
236.08,166.70866935483872,0.5913458301105405,0.35892276000976564,0.23876206576824188,0.4728758732290487,0.8925823845108316,0.30828020893929126,0.0023014645571278365,0.6479295187189388,0.39249339174988057,0.707455665326591,/volumes/Seagate/mtg-jamendo-dataset/03/47003.mp3
262.24,120.18531976744185,0.5666737352558564,0.3449189453124999,0.10407695919275284,0.3545115359618517,0.5649376336985169,0.2834764411926039,0.00032083025071685003,0.2999999999999996,0.46727924607437715,0.6440118560945156,/volumes/Seagate/mtg-jamendo-dataset/03/1079803.mp3
243.9710430839002,120.18531976744185,0.541577349577232,0.6228244476318361,0.16431327164173126,0.30733501011199715,0.48460933270312445,0.23195709248422072,0.0008173358673628171,0.3570455752927001,0.4313198515482261,0.672888807481378,/volumes/Seagate/mtg-jamendo-dataset/03/710603.mp3
172.5387755102041,126.04801829268293,0.6044066439733766,0.29010530090332026,0.21463628113269806,0.6106941554410612,0.8812200866432134,0.5740099976696174,0.0017036919339407615,0.9015398418931861,0.6156566370090677,0.6541377338059577,/volumes/Seagate/mtg-jamendo-dataset/03/39103.mp3
68.50299319727891,99.38401442307692,0.5361132125280543,0.4225627899169922,0.08367501944303513,0.10638725483457043,0.25674591930085683,0.11930759978672487,0.0008883808010303284,0.2972771198471495,0.5965595125422822,0.6108111044910363,/volumes/Seagate/mtg-jamendo-dataset/03/1357403.mp3
123.12,114.84375,0.5378306854911261,0.3614367065429688,0.16258379817008972,0.39859746712261596,0.45052298136988517,0.37308034636216236,8.730066337608652e-05,0.8028958899484373,0.5075359952872547,0.6570229682837814,/volumes/Seagate/mtg-jamendo-dataset/03/1269103.mp3
128.0,120.18531976744185,0.5383547265340898,0.51666015625,0.15109729766845703,0.20276462489840616,0.4740492516506782,0.1493060747766919,0.0012038766294967546,0.6618136310868435,0.37891169670384406,0.6786126878198757,/volumes/Seagate/mtg-jamendo-dataset/03/1104703.mp3
110.442947845805,156.60511363636363,0.5139648330543911,0.7884071044921878,0.08161155879497528,0.15765881514136393,0.2859750832661169,0.106323823881569,0.0002807046813109701,0.2995892955146225,0.5525164738549169,0.6188768663952078,/volumes/Seagate/mtg-jamendo-dataset/03/1195903.mp3
282.48138321995464,101.33272058823529,0.5077487596084409,0.47625732421875,0.16519594192504883,0.5854164625924686,0.8956524702354489,0.47845396468020823,0.0036683155891067847,0.44589794492287105,0.5954272212367574,0.6403850948456661,/volumes/Seagate/mtg-jamendo-dataset/03/38003.mp3
334.2365306122449,172.265625,0.5555996683492213,0.4574808044433593,0.23130901157855988,0.4943236942741997,0.8002504908150374,0.5024786736804114,0.0006374856309953945,0.40004429695329335,0.44057314076365633,0.6951566160155503,/volumes/Seagate/mtg-jamendo-dataset/03/174903.mp3
248.5760090702948,139.6748310810811,0.5241610694487742,0.6188746643066406,0.13360001146793365,0.227172378377881,0.4826090288331011,0.18481200112547574,0.0007720041047515326,0.8533427507509297,0.44012329684116847,0.6600713447602224,/volumes/Seagate/mtg-jamendo-dataset/03/1388603.mp3
160.92,120.18531976744185,0.517174775516689,0.4277323150634766,0.05023784562945366,0.16544754000529585,0.22501499839640424,0.21756076445404812,8.189189995597288e-05,0.2972442080628898,0.37793671422956815,0.6424982815806897,/volumes/Seagate/mtg-jamendo-dataset/03/1390503.mp3
328.0,75.99954044117646,0.5336159842650059,0.7626878967285157,0.05891501531004906,0.12504584711395564,0.20326320230597705,0.10924657179461503,0.00035122562804436715,0.5104371472823506,0.361239823737473,0.6489614407641231,/volumes/Seagate/mtg-jamendo-dataset/03/1117703.mp3
128.45278911564625,120.18531976744185,0.57251188637038,0.6310236968994145,0.06835857778787613,0.30809542234839665,0.6108726250040659,0.11461937773467205,0.000760154751215971,0.2989956763454764,0.37064358841583844,0.6504803703204677,/volumes/Seagate/mtg-jamendo-dataset/03/1379503.mp3
793.0919047619047,123.046875,0.5315039141914828,0.5075183868408204,0.0999147891998291,1.0,1.0,0.7695183362420344,0.0031644807515512066,0.5060659166162556,0.69609375,0.5967505741119384,/volumes/Seagate/mtg-jamendo-dataset/03/262003.mp3
164.93333333333334,82.03125,0.5966767086249227,0.6711974029541016,0.12064245343208313,0.40364732565929334,0.70892510986414,0.17328661412186025,0.0018366438477551764,0.6768845828917331,0.38774923716111037,0.6658814358033278,/volumes/Seagate/mtg-jamendo-dataset/03/565803.mp3
185.79244897959182,105.46875,0.5807630396473227,0.3962187805175781,0.25057706236839294,0.8876224966296719,1.0,0.5186643358028906,0.00988295105232657,0.8385160323768264,0.6343815417421733,0.6633314341041867,/volumes/Seagate/mtg-jamendo-dataset/03/1135703.mp3
232.8992290249433,126.04801829268293,0.5653260634956843,1.0,0.13477453589439392,0.4839669587876679,0.780145969856051,0.12787048283223973,0.003679961245903147,0.3,0.5190011000198831,0.6447186129180051,/volumes/Seagate/mtg-jamendo-dataset/03/944903.mp3
296.3009297052154,129.19921875,0.5984868926705179,0.3050333099365235,0.2611105442047119,0.537481916747743,0.8067001195528951,0.5740996290144705,0.0010450519732151812,0.6225549828466408,0.6451400679853253,0.6649717823166311,/volumes/Seagate/mtg-jamendo-dataset/03/1149703.mp3
315.6923129251701,129.19921875,0.597717359166056,1.0,0.27739065885543823,0.36827186247112154,0.5855976367531529,0.14308817514476999,0.004019863470550642,0.3,0.46307407207832024,0.7072458227722938,/volumes/Seagate/mtg-jamendo-dataset/03/1083603.mp3
179.5,95.703125,0.5775960781418681,0.8364198303222656,0.12358726561069489,0.49416853394946103,0.7541136433438785,0.24867321553365587,0.0016024614157066285,0.3,0.4737028705839308,0.649750841503064,/volumes/Seagate/mtg-jamendo-dataset/03/659903.mp3
185.5477551020408,120.18531976744185,0.5545722214889539,0.8201598052978513,0.0694601908326149,0.32122599788048367,0.6560268243590125,0.1686433823417198,0.0005957939380913954,0.603656173873647,0.5235952118760471,0.620286626324532,/volumes/Seagate/mtg-jamendo-dataset/03/1060603.mp3
187.2369387755102,79.50721153846153,0.5847294390793157,0.775184226989746,0.1608692705631256,0.3858165202495999,0.6418070618716445,0.3364187112853272,0.0007823990923214113,0.3480770056750071,0.3698040885823414,0.6839521196862569,/volumes/Seagate/mtg-jamendo-dataset/03/1121503.mp3
175.67331065759637,129.19921875,0.5739137674342967,1.0,0.1028476133942604,0.39464132173245176,0.6635169730000225,0.2998420404505393,0.000618050946162588,0.29999966022267216,0.4250610670405898,0.6520129274138158,/volumes/Seagate/mtg-jamendo-dataset/03/824303.mp3
62.25086167800453,123.046875,0.6299230686910064,0.6651893157958984,0.02154705487191677,0.1415897280826909,0.49129096734739147,0.10722427925510139,0.0005716638688961593,0.9153383838122664,0.3143431863382287,0.6448883024862443,/volumes/Seagate/mtg-jamendo-dataset/03/1125403.mp3
194.45333333333335,120.18531976744185,0.5821215615604973,0.4494765930175781,0.1481282263994217,0.3540081856591541,0.6467223483726887,0.29439456887852056,0.0016652801405596042,0.2864435090226921,0.4540217229626421,0.6625218169112633,/volumes/Seagate/mtg-jamendo-dataset/03/1603.mp3
239.91392290249433,129.19921875,0.525680824802671,0.30423391723632814,0.15093807876110077,0.4923527391875462,0.8571495822353875,0.2961399326066815,0.0017153166539866033,0.5071268337856831,0.5447747717948299,0.6453827539950303,/volumes/Seagate/mtg-jamendo-dataset/03/1296703.mp3
148.0,120.18531976744185,0.6215202949891967,0.6025288238525391,0.22955673933029175,0.4989408524831229,0.8211440543419356,0.34327412430070325,0.0020016419498212253,0.3,0.5876914941533503,0.6651021273282349,/volumes/Seagate/mtg-jamendo-dataset/03/197103.mp3
149.4204081632653,135.99917763157896,0.5684976348382502,0.6666943359375,0.12871968746185303,0.6638248653912521,0.988066164581576,0.13150569156223765,0.005673643198724424,0.8776565792921256,0.7010742847742837,0.6061242305314104,/volumes/Seagate/mtg-jamendo-dataset/03/1193203.mp3
393.695873015873,117.45383522727273,0.55208703566177,0.8533924865722656,0.06699936091899872,0.15056029974080137,0.2237670905580742,0.12106798930629747,0.0003709735728053372,0.2912923576086862,0.4679757401807143,0.6305246218946967,/volumes/Seagate/mtg-jamendo-dataset/03/1150103.mp3
76.01337868480725,120.18531976744185,0.45233794797265336,0.5936295013427734,0.052331674844026566,0.24207520276915578,0.3703286891036671,0.14985994606433542,0.00040289328334918795,0.29999999926453036,0.522219736691742,0.6143954556055011,/volumes/Seagate/mtg-jamendo-dataset/03/1338303.mp3
149.33333333333334,135.99917763157896,0.5373356462357051,0.44943206787109374,0.1365896612405777,0.19729395093306715,0.532177011010264,0.09330334879963897,0.007080977451006305,0.3,0.39666365125946595,0.6698395477947148,/volumes/Seagate/mtg-jamendo-dataset/03/1400503.mp3
294.312925170068,132.51201923076923,0.6116234214699392,0.7809822082519531,0.2576676607131958,0.7274818451200114,1.0,0.4932292082575277,0.0037760255966307354,0.3,0.707042196393054,0.6513519185781397,/volumes/Seagate/mtg-jamendo-dataset/03/872003.mp3
253.08,129.19921875,0.5267568909627105,1.0,0.054680999368429184,0.3378302101780754,0.5225790151267479,0.1561848328240611,0.0004670157889953218,0.5771417580654723,0.561598089381071,0.6073655418964203,/volumes/Seagate/mtg-jamendo-dataset/03/80703.mp3
202.0,170.45454545454547,0.5596412626530493,0.3427340698242187,0.24793224036693573,0.9055021221102552,1.0,0.7132246689453904,0.0034207516417875485,0.9109066543793625,0.6230769230769231,0.6646402219167122,/volumes/Seagate/mtg-jamendo-dataset/03/1036003.mp3
266.7944444444444,161.4990234375,0.5413797884317696,0.563750244140625,0.16979527473449707,0.49165991913359486,0.9686968959446682,0.14024475153367721,0.0020308509541617087,0.2999998703042931,0.6531103432788296,0.630504230248653,/volumes/Seagate/mtg-jamendo-dataset/03/1095103.mp3
134.81795918367348,129.19921875,0.5954788682153198,0.27205154418945315,0.07338543981313705,0.16710665245124715,0.38530797421601537,0.1909113630015143,0.0005213762834943967,0.8810529262308302,0.4655462162267789,0.6333095150873735,/volumes/Seagate/mtg-jamendo-dataset/03/1414003.mp3
288.0816326530612,120.18531976744185,0.575198542744046,0.4078824310302734,0.2789423167705536,0.4313529432724733,0.7724931285675326,0.28823205625463205,0.0013332848654474638,0.9005099105268579,0.5583708806725797,0.6887450579028833,/volumes/Seagate/mtg-jamendo-dataset/03/679803.mp3
223.81910416666668,108.17307692307692,0.5828349285959931,0.39718450927734383,0.1432666778564453,0.6087756804787603,0.8444128410992006,0.5837999683847391,0.0005695733328118392,0.808223923188776,0.5507643746979494,0.6414231290887304,/volumes/Seagate/mtg-jamendo-dataset/03/1046003.mp3
160.8081859410431,105.46875,0.567572938915989,0.6765643310546875,0.26243162155151367,0.6334283179254218,0.8884221734491853,0.3386540727005711,0.0018341317283263822,0.29999999964280144,0.6593872013014078,0.6625979434982634,/volumes/Seagate/mtg-jamendo-dataset/03/1366203.mp3
256.5,87.5926906779661,0.5771735399578484,0.39540284729003905,0.259771466255188,0.8107670401514155,0.950304246655246,0.9014004464295571,0.002057653776842453,0.43733850896017523,0.7116750250374747,0.6511827228443727,/volumes/Seagate/mtg-jamendo-dataset/03/1086703.mp3
272.61333333333334,117.45383522727273,0.5718019003252939,0.5622030639648438,0.21332794427871704,0.37416568047142057,0.6707375218803402,0.29878500624791604,0.0010812396584437792,0.47646329929007564,0.366797496234522,0.7034385606934338,/volumes/Seagate/mtg-jamendo-dataset/03/338003.mp3
224.87501133786847,101.33272058823529,0.526503544494618,0.6288905487060547,0.15115121006965637,0.24193501387641986,0.5415956023831163,0.1944704534293665,0.0003629790400380184,0.49170018993707054,0.450506678028384,0.6643131000193996,/volumes/Seagate/mtg-jamendo-dataset/03/1337503.mp3
49.13333333333333,132.51201923076923,0.5498235652902532,1.0,0.07897395640611649,0.5439503969425985,0.803483347720643,0.43541426529577204,0.0021326721342871586,0.3320584934502649,0.5666729126558365,0.6150960417750346,/volumes/Seagate/mtg-jamendo-dataset/03/1269903.mp3
444.1027664399093,95.703125,0.6289845772668015,1.0,0.0340447872877121,1.0,1.0,0.06214577015580884,0.01697435962971129,0.3,0.64140625,0.5839748734235765,/volumes/Seagate/mtg-jamendo-dataset/03/311903.mp3
565.5692290249433,120.18531976744185,0.5388767979436309,0.5513443603515625,0.08609861135482788,1.0,1.0,0.2310300578526672,0.008862985047251342,0.2999999999998897,0.7803706395348837,0.5749213721807612,/volumes/Seagate/mtg-jamendo-dataset/03/102903.mp3
341.25,139.6748310810811,0.5555431269971038,0.7632604064941407,0.37653011083602905,0.2446481513414404,0.590562573201275,0.10215622933285094,0.000596638189212335,0.29999999952212086,0.3077389902946655,0.7740030418420373,/volumes/Seagate/mtg-jamendo-dataset/03/1170703.mp3
238.4,147.65625,0.5555058132693965,0.2703237915039063,0.18112555146217346,0.3791380909526322,0.5867448762513126,0.3649374357877983,0.0003045319290085167,0.29999999796771454,0.5383731652235488,0.6575305654816727,/volumes/Seagate/mtg-jamendo-dataset/03/1066803.mp3
231.53918367346938,103.359375,0.5988627980201668,0.20741316223144535,0.2686828076839447,0.7373872234181992,0.9736642909280436,0.7566393218083806,0.002695690009402112,0.5243610653173842,0.5999193797646231,0.6767419348132955,/volumes/Seagate/mtg-jamendo-dataset/03/842403.mp3
151.82367346938776,105.46875,0.5919571325223891,0.585149383544922,0.20787233114242554,0.6845159429842163,0.9239381858578732,0.5537875933890093,0.0015795903271192064,0.8192084463414893,0.6144377031531499,0.6519464985806432,/volumes/Seagate/mtg-jamendo-dataset/03/75003.mp3
232.01562358276644,120.18531976744185,0.5766705396204979,0.8162089538574219,0.09004790335893631,0.620578784017754,1.0,0.1000374671247338,0.02536538544824514,0.6463060362239785,0.6082956043346687,0.6107581243422834,/volumes/Seagate/mtg-jamendo-dataset/03/1404703.mp3
272.41,129.19921875,0.5803553926672799,0.4505973052978516,0.17370720207691193,0.6106356441493294,0.8816356850839582,0.8323636416555097,0.0009938134658261395,0.7636108063375489,0.5804389510720663,0.646446802533275,/volumes/Seagate/mtg-jamendo-dataset/03/945203.mp3
115.99766439909297,143.5546875,0.5548544062712557,0.5827347564697266,0.1538192331790924,0.4714910945696968,0.7780225696014058,0.5533426741393115,0.0009164223084027141,0.605460848108947,0.5789666705890256,0.6395815898266681,/volumes/Seagate/mtg-jamendo-dataset/03/1082103.mp3
653.4825623582766,93.96306818181819,0.5359601155499305,0.3681287536621094,0.08413403481245041,0.35439779429158463,0.6330396976573831,0.26799065936899175,0.0008746023951526933,0.7086002754098599,0.48808739164256587,0.632670774203969,/volumes/Seagate/mtg-jamendo-dataset/03/1086303.mp3
380.7051700680272,120.18531976744185,0.5424677647673114,0.40706065368652344,0.12734264135360718,0.29776825206543894,0.45087581152283124,0.25254404703110217,0.00015542462502189793,0.2999999999383212,0.45087140922893926,0.6556690690415108,/volumes/Seagate/mtg-jamendo-dataset/03/136303.mp3
190.5,120.18531976744185,0.5962692222065289,0.4507267150878906,0.22330768406391144,0.671346939393373,0.937517608749652,0.4136977179388468,0.0027916698736028304,0.8177915183780176,0.6729594992651515,0.6457988664099779,/volumes/Seagate/mtg-jamendo-dataset/03/993603.mp3
252.55827083333332,86.53846153846153,0.5937301460214184,0.5116949768066407,0.1812840700149536,0.45598487215513905,0.6284106191928263,0.36266102731979255,0.0002758922455630272,0.8804977671687628,0.44572246254541054,0.6761177726963011,/volumes/Seagate/mtg-jamendo-dataset/03/1046903.mp3
229.5249886621315,123.046875,0.5848019455883366,0.8228007888793946,0.24067632853984833,0.6423479934258538,0.8653557401086025,0.5420516426712066,0.001039730756269258,0.4938487232723645,0.7012206525673892,0.6463993477608675,/volumes/Seagate/mtg-jamendo-dataset/03/1311303.mp3
475.66367346938773,132.51201923076923,0.5872308012245164,0.36514068603515626,0.2820436358451843,0.404216570143916,0.7718837002305755,0.13737676440980562,0.0044094373675765495,0.5275187944623011,0.5451408955166286,0.6925075298009407,/volumes/Seagate/mtg-jamendo-dataset/03/1414103.mp3
135.69333333333333,120.18531976744185,0.541199650255577,0.6232717208862306,0.14938437938690186,0.25870104470611655,0.5920864545815692,0.1385874192417489,0.0007793969710939159,0.4464561468176384,0.48630909199199973,0.6565165581808847,/volumes/Seagate/mtg-jamendo-dataset/03/1135203.mp3
235.3127664399093,120.18531976744185,0.5351968307143683,0.6078747863769531,0.05405770614743233,0.16892602342143612,0.23976026116763266,0.19031538008902216,7.78316282199325e-05,0.7611643702122426,0.3587386910638686,0.647713036000302,/volumes/Seagate/mtg-jamendo-dataset/03/903603.mp3
152.61333333333334,95.703125,0.5993240277290266,0.21833473205566406,0.21725332736968994,0.6243303082158517,0.7933922438205637,0.9919586037485204,0.0008338678866946889,0.35569745177716755,0.5548738413881711,0.6672364295754541,/volumes/Seagate/mtg-jamendo-dataset/03/373403.mp3
143.75,120.18531976744185,0.575682342550871,0.7246161727905274,0.11201810836791992,0.5661057691429743,0.9102562833608395,0.30576131362993486,0.0036508305178110188,0.4324097231390005,0.614636211075796,0.617399276797292,/volumes/Seagate/mtg-jamendo-dataset/03/588703.mp3
113.24,109.95678191489361,0.5795000063550623,1.0,0.13724665343761444,0.3167588448295414,0.644460142229769,0.06180228749181074,0.005273760938507081,0.2999999960615985,0.40451433636457673,0.6685059279646258,/volumes/Seagate/mtg-jamendo-dataset/03/1045703.mp3
305.31201814058954,139.6748310810811,0.5982244243617638,0.6570478668212891,0.0961717739701271,0.3779643081410395,0.6865853230081898,0.19986755925054117,0.0012394809303602303,0.3,0.4831131217811737,0.637999214273011,/volumes/Seagate/mtg-jamendo-dataset/03/1107103.mp3
128.37340136054422,95.703125,0.554679808033177,0.5200310668945316,0.08892139792442322,0.41617155255762744,0.8009172727223318,0.1367137355584082,0.006031807160720654,0.7361112954119378,0.5067346681290071,0.6306647696269909,/volumes/Seagate/mtg-jamendo-dataset/03/966303.mp3
492.9423129251701,129.19921875,0.5643503487698736,1.0,0.15344516932964325,0.7058543751255814,0.9534750965815042,0.1993887934357334,0.005583585231340203,0.8231366467645688,0.6436433565378191,0.6265115896511076,/volumes/Seagate/mtg-jamendo-dataset/03/1097203.mp3
300.06857142857143,120.18531976744185,0.603660154339044,0.5778081512451172,0.23002566397190094,0.24447207389402137,0.49268908932127337,0.21991023756093786,0.0005921039731944387,0.726992963717839,0.4780268916809109,0.6872038606937022,/volumes/Seagate/mtg-jamendo-dataset/03/1391103.mp3
200.58351473922903,123.046875,0.5698650145911885,0.5623434753417967,0.27558955550193787,0.7287466750927519,1.0,0.3226401376706943,0.0062886034127672095,0.709704959744138,0.6237274116141036,0.6744667576578769,/volumes/Seagate/mtg-jamendo-dataset/03/1420503.mp3
270.16777777777776,132.51201923076923,0.5948009361782685,0.42517593383789065,0.22491072118282318,0.5907239661748156,0.9737594995329514,0.43639723260710755,0.002567630853250014,0.2999999999997914,0.5494674737388594,0.6710743648780444,/volumes/Seagate/mtg-jamendo-dataset/03/115203.mp3
155.0037641723356,143.5546875,0.563086690721238,0.4056038665771484,0.06757747381925583,0.49067834390983434,0.9548257818737113,0.1460495331490653,0.004185657892496074,0.6276206169898045,0.6222197688991499,0.5998839367951021,/volumes/Seagate/mtg-jamendo-dataset/03/1115403.mp3
228.0,120.18531976744185,0.5628838252712511,0.2508594665527344,0.18283939361572266,0.10127219339320895,0.19393007129793516,0.1447776264004302,0.00047396504503395196,0.7146100407690813,0.34910011372907934,0.6960021589558444,/volumes/Seagate/mtg-jamendo-dataset/03/1062503.mp3
185.07755102040815,120.18531976744185,0.531743918438168,0.8223049697875976,0.1328677386045456,0.22798765490132056,0.44285256531681505,0.1352928756987984,0.000917149738681081,0.8803660757580172,0.4850333838884286,0.6508257091199506,/volumes/Seagate/mtg-jamendo-dataset/03/1231903.mp3
92.33333333333333,126.04801829268293,0.542526932732567,0.7936978302001952,0.03824860602617264,0.20890339816024783,0.3041397346115357,0.17985236434786078,0.00012563413873537953,0.2999957867747376,0.42592713728851095,0.6285840707117201,/volumes/Seagate/mtg-jamendo-dataset/03/1057703.mp3
186.92,129.19921875,0.49586703678866917,0.696194450378418,0.052867989987134933,0.14335320255228773,0.2606629296595298,0.17516921678533556,0.000155902641403215,0.33833221593324375,0.3339570353445675,0.6522410693264551,/volumes/Seagate/mtg-jamendo-dataset/03/1374303.mp3
373.68163265306123,129.19921875,0.5713958622708635,0.4204683837890626,0.21396245062351227,0.9005635653521836,1.0,0.6241930729494638,0.0029072769079415573,0.9622978153862621,0.7083984374999999,0.6353467947244644,/volumes/Seagate/mtg-jamendo-dataset/03/1197003.mp3
316.17445833333335,133.92857142857142,0.5511490191269952,0.8684014892578125,0.05638943985104561,0.27229127184464635,0.48459726050839397,0.13008832227179298,0.0008532387971774485,0.2941694586415568,0.4590681355215489,0.6284865712420666,/volumes/Seagate/mtg-jamendo-dataset/03/729303.mp3
330.0,129.19921875,0.5863679014031249,0.7752869033813475,0.17867793142795563,0.7048903898431754,0.8401596014660989,0.6240212668099099,0.0023585690825263404,0.2999999999998241,0.7459959692702682,0.6151248614600104,/volumes/Seagate/mtg-jamendo-dataset/03/1341603.mp3
217.74485260770976,97.50884433962264,0.545799642477902,0.562349060058594,0.24816057085990906,0.5888601790827781,0.9160103643140761,0.36349747384437325,0.0023443255683078495,0.2999999999999999,0.4956558310405823,0.6902066393014508,/volumes/Seagate/mtg-jamendo-dataset/03/1138103.mp3
275.9777324263039,120.18531976744185,0.506699992101788,0.6697117614746094,0.18044842779636383,0.6340732631198418,0.8942139253422632,0.3925906848988981,0.0013932265468214531,0.2999999999999996,0.5891211693966035,0.6471372001273703,/volumes/Seagate/mtg-jamendo-dataset/03/860803.mp3
376.6595918367347,117.45383522727273,0.5884683055307962,0.6291344604492188,0.09937243908643723,0.24271894189790777,0.483274957465361,0.15477306164733193,0.0013995814781251066,0.3,0.39652433762461164,0.6564692105461951,/volumes/Seagate/mtg-jamendo-dataset/03/74703.mp3
155.50666666666666,147.65625,0.5549481571795496,0.3264241027832031,0.24267882108688354,0.5342705549052047,0.7907044221651117,0.654443321588871,0.000956651510568789,0.6023177454441255,0.6105526017694691,0.6652538552373842,/volumes/Seagate/mtg-jamendo-dataset/03/1354103.mp3
69.1025850340136,129.19921875,0.5732595829385987,1.0,0.13067837059497833,0.43844989639981324,0.6227196115976705,0.2946667595350571,0.0005267897178334791,0.6623579210524029,0.6201523935733281,0.6230137346995266,/volumes/Seagate/mtg-jamendo-dataset/03/80803.mp3
191.564693877551,147.65625,0.5260669737008572,0.42432174682617185,0.18323788046836853,0.3056269263600071,0.5470784613362039,0.22055071311273078,0.00037805724375587465,0.5485920249992096,0.4899441450422168,0.6679768079601693,/volumes/Seagate/mtg-jamendo-dataset/03/1324903.mp3
114.0,161.4990234375,0.5441509037874809,1.0,0.22856929898262024,0.2532406480577035,0.5281188587777511,0.10358104416074711,0.0017055048382423911,0.29999999999999993,0.5741122360661062,0.667462500420522,/volumes/Seagate/mtg-jamendo-dataset/03/1304003.mp3
151.2192290249433,90.66611842105263,0.5889605995912002,0.6274537658691406,0.1979133039712906,0.46999572239902665,0.806956162730928,0.33717822199335235,0.0015537016704060868,0.6264424368890859,0.5240054116837045,0.6664477070929238,/volumes/Seagate/mtg-jamendo-dataset/03/938303.mp3
208.3265306122449,95.703125,0.5584369015192923,0.6191481475830077,0.20185501873493195,0.6034685815290569,0.8561655054493132,0.4254762785033111,0.0013917986775688219,0.37692711716176047,0.5307467904760282,0.6665184486493698,/volumes/Seagate/mtg-jamendo-dataset/03/1393203.mp3
215.01333333333332,114.84375,0.5034316873071525,0.6663555450439453,0.11788006871938705,0.33723700080019714,0.6780455368888072,0.1144700521519254,0.004149132373078092,0.5778447280229246,0.4985763010234834,0.6427215645342828,/volumes/Seagate/mtg-jamendo-dataset/03/1166103.mp3
275.8791836734694,90.66611842105263,0.5721088308613593,1.0,0.11589553952217102,0.5610022205695084,0.762030155334567,0.11956053836513619,0.00308360508668024,0.33651278646804506,0.6028114911438899,0.6211600959992035,/volumes/Seagate/mtg-jamendo-dataset/03/279603.mp3
267.61333333333334,135.99917763157896,0.5671145772598765,0.6376885986328125,0.17146942019462585,0.876614652930129,1.0,0.4099222191302213,0.013211190342659372,0.3,0.7759867159904581,0.6065316480719737,/volumes/Seagate/mtg-jamendo-dataset/03/11703.mp3
167.61904761904762,126.04801829268293,0.5713228681590503,1.0,0.09633735567331314,0.9291488204194833,1.0,0.28601285902040346,0.012887315260463928,0.6239309713665802,0.7020960365853659,0.5942622407253195,/volumes/Seagate/mtg-jamendo-dataset/03/136803.mp3
221.16,93.96306818181819,0.5990251861953592,0.6613755645751954,0.23694777488708496,0.5741587250689988,0.8360120333147196,0.28635119390563984,0.0014637807501305979,0.8602032598044036,0.5072089278671066,0.6838594133859293,/volumes/Seagate/mtg-jamendo-dataset/03/1115103.mp3
246.31655328798186,139.6748310810811,0.5919886429238616,0.5938066864013671,0.20030660927295685,0.6582820909586965,0.9750642119447188,0.3095130688297833,0.0022307333725033475,0.40233838911252984,0.6238694640425791,0.6473364865297486,/volumes/Seagate/mtg-jamendo-dataset/03/1208603.mp3
60.81306122448979,139.6748310810811,0.574867707117384,0.4914656677246093,0.09918363392353058,0.7000934064649144,1.0,0.3006270978915172,0.005906131554479057,0.3,0.7139188777314353,0.592922332666184,/volumes/Seagate/mtg-jamendo-dataset/03/759303.mp3
166.31231292517006,120.18531976744185,0.5721223577430279,0.45529449462890625,0.22512094676494598,0.49457880607529425,0.8223950563600035,0.3055929851445111,0.001948685561991784,0.7432093095149874,0.48816326044725006,0.6834108887459306,/volumes/Seagate/mtg-jamendo-dataset/03/74603.mp3
238.9594784580499,161.4990234375,0.5894688272415887,0.8699150390624999,0.15237873792648315,0.8485229113046913,1.0,0.20339043705259965,0.012382046468963414,0.44650746544963726,0.7554558188379062,0.6037651818859526,/volumes/Seagate/mtg-jamendo-dataset/03/1295503.mp3
449.9866666666667,161.4990234375,0.5770052058873283,1.0,0.09973958134651184,0.38439534618545657,0.508631068141745,0.10474193562596634,0.0014110568867803806,0.2999999997685635,0.6606356742102777,0.6037791144426887,/volumes/Seagate/mtg-jamendo-dataset/03/373003.mp3
178.57142857142858,109.95678191489361,0.5761562068270791,0.6409963989257812,0.23863452672958374,0.7095561400153131,0.9937037678102336,0.41929209461784495,0.0038730297951993353,0.6753064605450241,0.5803865884149171,0.6698311119396667,/volumes/Seagate/mtg-jamendo-dataset/03/1288103.mp3
277.9733560090703,143.5546875,0.5767922209575298,0.5244927368164062,0.1408064216375351,0.8458633434470306,0.9895875691123833,0.4284274746017727,0.003690271084895706,0.6243423576280842,0.737109375,0.6032684367895127,/volumes/Seagate/mtg-jamendo-dataset/03/950103.mp3
124.4,135.99917763157896,0.5724851733867042,0.812925811767578,0.184756800532341,0.5671972251099016,0.776093947897566,0.762447901847194,0.0006380301035067683,0.9387344382755941,0.6004859708616785,0.6464152540193071,/volumes/Seagate/mtg-jamendo-dataset/03/297803.mp3
43.14605442176871,89.10290948275862,0.5452843797289688,0.3310757141113281,0.2132265567779541,0.41687939426654064,0.7713938138507287,0.416844163599021,0.0015808972303162998,0.915522080516441,0.492262891351765,0.6783089821697105,/volumes/Seagate/mtg-jamendo-dataset/03/1002003.mp3
254.7983673469388,112.34714673913044,0.5274598406904586,1.0,0.0853758454322815,0.6394237237284163,0.9664077367238737,0.12106838314476004,0.004532095024294233,0.29999999979942943,0.6698760911290509,0.5967600861298111,/volumes/Seagate/mtg-jamendo-dataset/03/19203.mp3
441.4285625,140.625,0.5895043957403132,0.4666710510253907,0.3182549774646759,1.0,1.0,0.6423343769006993,0.005753489810608725,0.9224512388544167,0.73125,0.6683217918872832,/volumes/Seagate/mtg-jamendo-dataset/03/796003.mp3
105.32571428571428,161.4990234375,0.6096775311768468,0.6198880615234376,0.17488470673561096,0.3110386576513025,0.5175395026656329,0.22833171591938556,0.0004658233366761906,0.2999999995844664,0.5195799181933175,0.6590425107861564,/volumes/Seagate/mtg-jamendo-dataset/03/1075203.mp3
220.0,86.1328125,0.5422588965960808,0.3772292938232422,0.15666203200817108,0.3006054044148932,0.599408884185575,0.24059540510972394,0.0009337309959951421,0.7619789111831999,0.34200470697443575,0.6879973901280545,/volumes/Seagate/mtg-jamendo-dataset/03/579303.mp3
276.0,132.51201923076923,0.5251028320715552,0.4176974792480468,0.18858246505260468,0.4183586722065246,0.5927952196439158,0.4015358682169668,0.00016677465385160612,0.2999999994210129,0.536213330101379,0.6606470213986618,/volumes/Seagate/mtg-jamendo-dataset/03/975403.mp3
238.6525850340136,120.18531976744185,0.5805062127220597,0.29900039672851564,0.24548102915287018,0.4910407667914266,0.8579056487920537,0.35288729419693493,0.0013883794538686383,0.4288618878132079,0.7095183031341936,0.6464695098681945,/volumes/Seagate/mtg-jamendo-dataset/03/926203.mp3
160.0,120.18531976744185,0.5925257996017615,0.4239826507568359,0.18589673936367035,0.5971118000922364,0.9284713175611333,0.45855499042582937,0.002423403686706211,0.889290918973477,0.6363417627185871,0.639654473627204,/volumes/Seagate/mtg-jamendo-dataset/03/1163003.mp3
186.18920634920636,120.18531976744185,0.574912309496336,0.33914930725097664,0.32127419114112854,1.0,1.0,1.0,0.026682309429819723,0.8489089026619616,0.6903706395348838,0.6775845809038296,/volumes/Seagate/mtg-jamendo-dataset/03/969703.mp3
308.33108843537417,97.50884433962264,0.5820155946430654,0.3656356658935547,0.26883843541145325,0.5045793404583927,0.8742276950599207,0.45826768471766355,0.0014699011584101637,0.29999998999502814,0.5488003486135776,0.6870217670254076,/volumes/Seagate/mtg-jamendo-dataset/03/1165403.mp3
395.07249433106574,92.28515625,0.5905646713813018,0.5002153015136719,0.3182361125946045,0.39080642482388356,0.6266783542082168,0.4843980277940838,0.00023414009811580525,0.6633008737470438,0.41654726220893895,0.7312555480922698,/volumes/Seagate/mtg-jamendo-dataset/03/320003.mp3
270.30827664399095,120.18531976744185,0.5720660705179765,0.3904555816650391,0.06250963360071182,0.33619845310173824,0.5962850686176805,0.2549738477670822,0.0005797932997375124,0.5544505046535536,0.44867243150561104,0.6327689817951341,/volumes/Seagate/mtg-jamendo-dataset/03/345903.mp3
244.78666666666666,151.99908088235293,0.538813988100357,0.75086669921875,0.11190412938594818,0.47168071242501436,0.836798023221167,0.08255203965366664,0.0055246554621725475,0.9445266587094026,0.548806067372738,0.6305242731043939,/volumes/Seagate/mtg-jamendo-dataset/03/75203.mp3
196.07036281179137,117.45383522727273,0.6033255607849068,0.2624975585937499,0.2660778760910034,0.6571195680761773,0.8218409010976904,1.0,0.0007873025977716961,0.7662577018312182,0.5541001573046054,0.6849680039318402,/volumes/Seagate/mtg-jamendo-dataset/03/1196903.mp3
162.9461224489796,143.5546875,0.5554185458896097,0.6838616180419922,0.250445157289505,0.6091681448080585,0.8492262089135764,0.4304992736447741,0.0014540148797465937,0.8069067272702328,0.6120560192188997,0.6677490527804418,/volumes/Seagate/mtg-jamendo-dataset/03/1179603.mp3
276.0,99.38401442307692,0.5432955098597212,1.0,0.12373124808073044,0.20037800375992582,0.40827554012151884,0.08160005252936052,0.0015272617244461897,0.29999999999998606,0.3441451984780337,0.6757142096134562,/volumes/Seagate/mtg-jamendo-dataset/03/1114503.mp3
252.94347916666666,100.44642857142857,0.5902158630216698,0.6383356170654296,0.09778802841901779,0.6292366187160261,0.8082103185694374,0.2106624264353464,0.002123482605481154,0.4898592661077788,0.6336793653234871,0.608467817166149,/volumes/Seagate/mtg-jamendo-dataset/03/400703.mp3
248.57809523809524,123.046875,0.5947111035991406,0.27653961181640624,0.2311553657054901,0.5602937263300715,0.7118994559541945,0.8833556036274949,0.0003530670629443753,0.35452849043648427,0.592876335399846,0.6646406645740073,/volumes/Seagate/mtg-jamendo-dataset/03/1317903.mp3
340.8195918367347,151.99908088235293,0.6062848534126422,0.19250106811523438,0.39124003052711487,0.43608400000306474,0.7147006072792376,0.6075194666648942,0.0005232903185572322,0.9167284274775915,0.3688863015214167,0.767069150685478,/volumes/Seagate/mtg-jamendo-dataset/03/294403.mp3
406.0,120.18531976744185,0.5899562379900174,0.6123521118164063,0.1241655945777893,0.5299278005623265,0.7586994605013114,0.4784662812027034,0.0007896245790122366,0.2999995595573859,0.6298094511370753,0.6187377238205891,/volumes/Seagate/mtg-jamendo-dataset/03/455503.mp3
329.22122448979593,114.84375,0.5526896358804443,0.3427242736816407,0.14882086217403412,0.34959410546273884,0.6625412142964119,0.18484238846690756,0.0009872327745994096,0.874110585247305,0.4363053218659139,0.6663144460094695,/volumes/Seagate/mtg-jamendo-dataset/03/81203.mp3
82.34945578231293,101.33272058823529,0.5983382893540572,0.7322924194335934,0.18519161641597748,0.5902611289228157,0.7760721169160427,0.634730221826397,0.0005006530719185775,0.6223865983419979,0.5549105119703444,0.655686879515683,/volumes/Seagate/mtg-jamendo-dataset/03/1371803.mp3
188.74666666666667,120.18531976744185,0.5747252095650264,0.7282402191162112,0.1771555095911026,0.5392183044523235,0.8845643958312838,0.14862566721373943,0.003469864164235753,0.4645922451223975,0.5216565632922013,0.6594446707943566,/volumes/Seagate/mtg-jamendo-dataset/03/195303.mp3
249.46938775510205,139.6748310810811,0.6043685069047897,0.23384025573730466,0.47446438670158386,0.428472221045428,0.7170235009442522,0.5294206182009699,0.000496273974511579,0.2999999999841466,0.5085534636830594,0.7690964864759583,/volumes/Seagate/mtg-jamendo-dataset/03/1294103.mp3
181.0,107.666015625,0.5883506390783992,0.36245040893554686,0.18219301104545593,0.5530986461243891,1.0,0.3124989244889563,0.0030298365727850773,0.9717857711131597,0.5919697307517213,0.6471955378260199,/volumes/Seagate/mtg-jamendo-dataset/03/492103.mp3
170.05714285714285,105.46875,0.5524917651951666,0.9369415969848633,0.058097511529922485,0.35854115736046505,0.6410073931177399,0.18816919982416647,0.0007152355996331567,0.5118588734498596,0.41944942245555866,0.6370252196596604,/volumes/Seagate/mtg-jamendo-dataset/03/1211603.mp3
274.2857142857143,139.6748310810811,0.5966778773499684,0.851580696105957,0.24051061272621155,0.4347675971690435,0.5998240177828537,0.33813801661253723,0.00041478310132235985,0.2999999999999161,0.5569978771262465,0.6751842451561869,/volumes/Seagate/mtg-jamendo-dataset/03/1385203.mp3
202.90909297052156,135.99917763157896,0.5451649402627893,0.3929485855102539,0.08550766110420227,0.35137624530300676,0.5816296627622666,0.16591896711964033,0.0014179820525722362,0.29999999997818766,0.5737944250066347,0.6160238729961859,/volumes/Seagate/mtg-jamendo-dataset/03/303803.mp3
312.6073469387755,120.18531976744185,0.5926333286879506,0.24776351928710938,0.16148008406162262,0.5233862113529524,0.7351767738907756,0.6554681937668371,0.0006448126485462832,0.7955613491266513,0.6296708941854965,0.6321986514250849,/volumes/Seagate/mtg-jamendo-dataset/03/422703.mp3
300.16,95.703125,0.6112540408872846,0.29366799926757814,0.2582867443561554,0.38360485493371904,0.6542521003158626,0.33665121404056925,0.0004542112125674312,0.7378656777177197,0.3960163811760885,0.7137799517329982,/volumes/Seagate/mtg-jamendo-dataset/03/1417803.mp3
146.99603174603175,109.95678191489361,0.5556981695944242,0.2903691711425781,0.15643639862537384,0.715272396590051,1.0,0.46133235222732893,0.004980345504378483,0.7829956061191999,0.6803913009442484,0.6202388433162849,/volumes/Seagate/mtg-jamendo-dataset/03/1394403.mp3
400.8933333333333,107.666015625,0.5550950307796102,0.4383099365234375,0.13290122151374817,0.42160245908118876,0.7959185610181124,0.23231723209473848,0.0017085223778388608,0.3,0.4461787521912016,0.658608689306709,/volumes/Seagate/mtg-jamendo-dataset/03/146403.mp3
271.63312925170067,151.99908088235293,0.5607573890496069,0.21949978637695314,0.22955107688903809,0.5407602617616779,0.7645233767621288,0.5970523633945148,0.0008174986373687392,0.6134950337631709,0.6106535776640517,0.6605076721472434,/volumes/Seagate/mtg-jamendo-dataset/03/1027903.mp3
440.0753287981859,117.45383522727273,0.5901786623298511,1.0,0.062226030975580215,0.4722296665052145,0.643931520021715,0.13346794457259967,0.0014107425689101824,0.8406253123104623,0.5323973230985248,0.6159219065315039,/volumes/Seagate/mtg-jamendo-dataset/03/1378903.mp3
223.33333333333334,178.20581896551724,0.5222835193465583,0.30996585083007816,0.1812589317560196,0.15085987667523384,0.35523910800452924,0.16527398293684553,0.0005863699809362083,0.4127163104064623,0.48182850887116896,0.6688875136579332,/volumes/Seagate/mtg-jamendo-dataset/03/1375003.mp3
284.8478911564626,156.60511363636363,0.5634711375595537,0.6024264068603515,0.1367485076189041,0.6135941625235011,0.8562267937291047,0.3595790980530551,0.001424308628321901,0.8189243620085247,0.6568220474022779,0.6178650532623499,/volumes/Seagate/mtg-jamendo-dataset/03/28103.mp3
185.7158276643991,99.38401442307692,0.5280179428334046,0.48506967163085934,0.1747332066297531,0.5376763638579749,0.8325879652282729,0.4024132573638045,0.0017209131850250846,0.549870227810276,0.5915768716000456,0.644588580066702,/volumes/Seagate/mtg-jamendo-dataset/03/1036803.mp3
71.62063492063493,87.5926906779661,0.5711129753799078,0.6819098663330078,0.10848168283700943,0.727185839895773,0.9907478807183143,0.33490584314175126,0.004311137791231722,0.6657884220974029,0.5497302988391963,0.6291073460534842,/volumes/Seagate/mtg-jamendo-dataset/03/1320003.mp3
858.6438095238095,120.18531976744185,0.5446402176083001,0.4803212814331055,0.09149083495140076,0.17902419848633377,0.37354716705830104,0.17564148142089872,0.00022358173859432094,0.2786641768983084,0.38725514593261035,0.6554856713959822,/volumes/Seagate/mtg-jamendo-dataset/03/25003.mp3
144.94224489795917,90.66611842105263,0.5360224258288591,0.5087637939453125,0.20064593851566315,0.25076802215937927,0.5902731861882031,0.155982300712074,0.0012908224075286858,0.3504353507031924,0.5032622118779677,0.6715800954900453,/volumes/Seagate/mtg-jamendo-dataset/03/1361403.mp3
412.94367346938776,126.04801829268293,0.5612830811697467,0.2376634216308594,0.14602355659008026,0.6228219141134008,0.9689417784265392,0.641733518293883,0.0031288043644392533,0.9124829504373443,0.4962676233972013,0.6533149556929887,/volumes/Seagate/mtg-jamendo-dataset/03/1337403.mp3
82.0,120.18531976744185,0.560205967165752,0.6709321594238281,0.13592027127742767,0.5243535497112788,0.828661031981926,0.37841793199186413,0.0018519903200867299,0.7862951681477319,0.6335421980656342,0.622222858046747,/volumes/Seagate/mtg-jamendo-dataset/03/1405303.mp3
568.6334693877551,139.6748310810811,0.604448418947627,0.6982432556152344,0.2133113443851471,0.5183681409412846,0.7992310809154433,0.21259444689834717,0.0013112559416942333,0.3023597229516616,0.6355701025558165,0.6496780634674896,/volumes/Seagate/mtg-jamendo-dataset/03/1361703.mp3
230.68,132.51201923076923,0.5354412841840244,0.48905949401855475,0.22969461977481842,0.4713613832872113,0.8015939992130614,0.4764594252887672,0.0009686292782381027,0.43251047421752353,0.6107482760642924,0.6605404079060762,/volumes/Seagate/mtg-jamendo-dataset/03/1159703.mp3
283.26666666666665,139.6748310810811,0.5249266071730138,0.593067642211914,0.1419399231672287,0.6953477737717313,0.9673483303553764,0.32330393388773426,0.005017988207752155,0.4823782810484456,0.6298149302162472,0.6251353862969529,/volumes/Seagate/mtg-jamendo-dataset/03/11903.mp3
426.1447845804989,123.046875,0.547789953306849,0.5078500747680664,0.07936690002679825,0.25518984794039823,0.475437589245582,0.2509332560769622,0.00024027755580493428,0.6752207042236287,0.4248325650251339,0.6436055710046207,/volumes/Seagate/mtg-jamendo-dataset/03/1118703.mp3
105.01333333333334,135.99917763157896,0.5376474249014496,0.7922214508056641,0.16110436618328094,0.32905274033024584,0.6018036775136293,0.20981865047480897,0.0013609327606058095,0.2999876547221343,0.403681082664836,0.6772613552930139,/volumes/Seagate/mtg-jamendo-dataset/03/114903.mp3
387.24097505668936,129.19921875,0.5803526818227581,0.43535708618164065,0.1240844652056694,0.7802839935630637,0.9611965252220086,0.3633452402279982,0.005236102732718174,0.29999999999999394,0.6797325406539199,0.608723899343257,/volumes/Seagate/mtg-jamendo-dataset/03/1378203.mp3
195.13469387755103,97.50884433962264,0.5804288809239984,0.57332568359375,0.19663168489933014,0.6888160647089655,1.0,0.24450203735735598,0.006096213997925446,0.885570169435081,0.5323710199147923,0.6643132025808004,/volumes/Seagate/mtg-jamendo-dataset/03/82803.mp3
371.8309791666667,140.625,0.5820895610571565,0.5309886474609375,0.20979933440685272,0.7327894666833906,1.0,0.4089761135132866,0.003406402981123111,0.6670511628698482,0.7209028089757816,0.6313471985913107,/volumes/Seagate/mtg-jamendo-dataset/03/629103.mp3
240.0,120.18531976744185,0.5400800925345541,0.4530483093261719,0.09307478368282318,0.280718630119737,0.47919625960334855,0.28101803783130713,0.0001484264074677406,0.7403721617445936,0.4304643206383716,0.647414057998142,/volumes/Seagate/mtg-jamendo-dataset/03/1046703.mp3
344.32,161.4990234375,0.6283882781576976,0.8367894744873045,0.27318698167800903,0.3512414314496137,0.6060294568639197,0.2179434167394476,0.0008236030336510081,0.29999999999996635,0.6070541636810274,0.6769364806678777,/volumes/Seagate/mtg-jamendo-dataset/03/191403.mp3
88.55616780045351,117.45383522727273,0.6171880825390028,0.6845740203857421,0.14773257076740265,0.3041412729122962,0.549394738312134,0.3560067530407868,0.00018208463146017476,0.5404463375309485,0.3049349860389087,0.6921967282684832,/volumes/Seagate/mtg-jamendo-dataset/03/818603.mp3
148.36773242630386,126.04801829268293,0.5431125187228429,0.49424369812011726,0.08262641727924347,0.31750897291613217,0.5205814024282641,0.25999656475437993,0.00022898058915150665,0.6352631718762449,0.553230435159665,0.6190994231885947,/volumes/Seagate/mtg-jamendo-dataset/03/1349403.mp3
75.69231292517007,129.19921875,0.643063673900047,0.6932265396118162,0.09866157174110413,0.1410967412745019,0.4686605743835386,0.06779365554391739,0.004540860150267512,0.5745768153339391,0.354634986219699,0.6645911685828576,/volumes/Seagate/mtg-jamendo-dataset/03/1370403.mp3
240.0266439909297,132.51201923076923,0.5742484350509629,0.24898254394531252,0.22462718188762665,0.888257545807331,1.0,1.0,0.005114677818537112,0.8727412733301942,0.8050240384615384,0.6198609777872379,/volumes/Seagate/mtg-jamendo-dataset/03/1388003.mp3
300.37333333333333,90.66611842105263,0.5701941169588698,0.9846807250976561,0.20691853761672974,0.5343376044641308,0.8052428654775483,0.290897658638396,0.0018948671141175452,0.38093564601821145,0.476230344573142,0.6792446046273943,/volumes/Seagate/mtg-jamendo-dataset/03/92403.mp3
216.16326530612244,109.95678191489361,0.6025313964148333,0.8835909118652343,0.10505399107933044,0.3267521777675754,0.558043902026242,0.14363114521096337,0.0010442955985665134,0.7413574517360961,0.5077494906431833,0.6362695386599223,/volumes/Seagate/mtg-jamendo-dataset/03/250003.mp3
97.5,120.18531976744185,0.5163131232406563,0.4961210327148437,0.08418384194374084,0.3145128961143218,0.508490898794199,0.14273956052254022,0.0009911904610651685,0.2999999990244379,0.459094448315613,0.6384872934366241,/volumes/Seagate/mtg-jamendo-dataset/03/1173503.mp3
87.88704166666666,156.25,0.5220187192129937,0.464582763671875,0.11376413702964783,0.4383797120532895,0.6789939819395293,0.43102178546057307,0.00046626103342883846,0.2999961416437289,0.572243664170786,0.6265063564965161,/volumes/Seagate/mtg-jamendo-dataset/03/47403.mp3
288.09369614512474,120.18531976744185,0.5560481478767518,0.5403412170410161,0.007835578173398972,0.534054858639862,0.91842435256881,0.28341473243465054,0.0017110987291604545,0.5349509110350809,0.5977449223995641,0.5832718236625107,/volumes/Seagate/mtg-jamendo-dataset/03/318603.mp3
202.5,161.4990234375,0.4710394352401832,0.3855687866210937,0.1634729504585266,0.3088546239200795,0.5046448397772781,0.24722522870223543,0.0003638835140781445,0.6312462164197641,0.6149518796731888,0.6358598862304319,/volumes/Seagate/mtg-jamendo-dataset/03/1369703.mp3
318.0104081632653,120.18531976744185,0.5483002572813231,0.39810244750976564,0.17749865353107452,0.4102237822152513,0.6016175564275764,0.3913806060519717,0.000290437452561671,0.2999999999999952,0.4497685209410524,0.6739458110829764,/volumes/Seagate/mtg-jamendo-dataset/03/235303.mp3
141.17646258503402,135.99917763157896,0.5956147282481599,0.6561632232666015,0.16676411032676697,0.39052949192039665,0.6299523937335375,0.22130776636713734,0.0009483157333687615,0.2999999987950273,0.4924644620528788,0.6615421873070604,/volumes/Seagate/mtg-jamendo-dataset/03/891603.mp3
275.1216326530612,129.19921875,0.5247910019500437,0.5633124618530274,0.08359017968177795,0.47810492988061176,0.8282566500002302,0.1668960435068103,0.003883197588524991,0.37169395142964023,0.38772898373381237,0.6525466679386775,/volumes/Seagate/mtg-jamendo-dataset/03/986803.mp3
1122.208798185941,123.046875,0.43871523994015615,0.7498205795288087,0.05669835954904556,0.2643528811379064,0.38270247164879684,0.08713796914505459,0.0010151356788186303,0.2693559277793094,0.5073563714554625,0.6189401351465639,/volumes/Seagate/mtg-jamendo-dataset/03/433603.mp3
176.79560090702947,109.95678191489361,0.5174007707789217,1.0,0.07134602218866348,0.22873244217884786,0.41624368599370487,0.07684464433296816,0.0018272592257965185,0.5420959419439656,0.38630112864869803,0.6484243422581792,/volumes/Seagate/mtg-jamendo-dataset/03/1217503.mp3
357.44759637188207,129.19921875,0.5709764782790752,0.4475744476318359,0.2774876654148102,0.6976124229364163,0.9282625972734622,0.44810379083393276,0.0028007717913640525,0.6979958603423466,0.6209689286094938,0.6757017738274329,/volumes/Seagate/mtg-jamendo-dataset/03/1196503.mp3
164.0338775510204,132.51201923076923,0.5794226082471917,0.29208584594726567,0.2009551078081131,0.6306006493692117,0.8732121899102526,0.7634241285437838,0.0011512028381482605,0.29999999902271984,0.6124995102294908,0.6498439367650226,/volumes/Seagate/mtg-jamendo-dataset/03/1066503.mp3
192.0,129.19921875,0.5933816139736448,0.8539055328369141,0.18554440140724182,0.7397596343762207,1.0,0.28912482413008916,0.005285510733564228,0.9661982703340524,0.7416803557838605,0.618459913349835,/volumes/Seagate/mtg-jamendo-dataset/03/1297203.mp3
157.29507936507937,120.18531976744185,0.5756894377704944,0.44695257568359376,0.19324776530265808,0.5736926720268852,0.8082616850637581,0.4341038579032923,0.0012876463396523097,0.29999999999399174,0.6196759955620299,0.645633996396551,/volumes/Seagate/mtg-jamendo-dataset/03/1248603.mp3
203.8247619047619,129.19921875,0.581519816254449,0.5851924743652342,0.19751694798469543,0.7916606381605444,1.0,0.6276393127888674,0.003107281551291329,0.4452532254056646,0.739778287494798,0.6231504437755307,/volumes/Seagate/mtg-jamendo-dataset/03/1068103.mp3
252.63160997732427,86.1328125,0.5569483147509803,0.7807959823608399,0.1656711846590042,0.3571842751849103,0.6803400697352238,0.1361119081779053,0.0015887589636808957,0.7423161708973967,0.36971293891341506,0.6856990386945585,/volumes/Seagate/mtg-jamendo-dataset/03/1264203.mp3
353.1034693877551,87.5926906779661,0.6068793735172948,0.6133239593505858,0.26687803864479065,0.7846455867351743,1.0,0.7776896711559343,0.0021655248010806513,0.29999999999996774,0.5971602975640402,0.6766440343993165,/volumes/Seagate/mtg-jamendo-dataset/03/1337903.mp3
188.9991836734694,139.6748310810811,0.5832820451798908,0.8003072204589844,0.1688363254070282,0.31294309902968653,0.5757600901284688,0.13173218673218673,0.0014041484016474926,0.8662581486354552,0.5490471014427718,0.6509716568579758,/volumes/Seagate/mtg-jamendo-dataset/03/1271903.mp3
230.26938775510203,126.04801829268293,0.5685738901405009,0.5991198043823242,0.11835426092147827,0.19774558291327776,0.33873359839733874,0.3008261251312725,7.955088987013995e-05,0.2985570978304205,0.33972049988658304,0.6746634339544156,/volumes/Seagate/mtg-jamendo-dataset/03/169203.mp3
426.858231292517,139.6748310810811,0.5668999574184408,0.7190795135498047,0.1453101933002472,0.27985442369698166,0.5255756699063945,0.20391363676467567,0.0004856514469739057,0.5215105549903238,0.5591875407442938,0.6404741614392302,/volumes/Seagate/mtg-jamendo-dataset/03/1307203.mp3
272.1259863945578,126.04801829268293,0.5821561254603895,0.7170796508789062,0.1876942366361618,0.7250263963503836,1.0,0.6789286981568139,0.005495864469798957,0.9512360761410774,0.6158411980716348,0.6444016855746914,/volumes/Seagate/mtg-jamendo-dataset/03/1358803.mp3
248.18748299319728,120.18531976744185,0.5831069386622199,0.46729516601562493,0.26208484172821045,0.6241140270799438,0.8833568637714801,0.5341102888996895,0.001165325725112519,0.29999999358111434,0.683994950240009,0.6575515529741539,/volumes/Seagate/mtg-jamendo-dataset/03/1417903.mp3
144.44414965986394,151.99908088235293,0.5136097413530158,0.3610465087890624,0.09413132071495056,0.1260615817186973,0.17509938009974196,0.1575536832365591,0.00013404615795442124,0.8517005620432262,0.3678467319730264,0.660317929062777,/volumes/Seagate/mtg-jamendo-dataset/03/151103.mp3
210.03863945578232,126.04801829268293,0.5529077310304685,0.5142048645019531,0.10067114233970642,0.19546326011048828,0.2939968291398428,0.20921496093139133,7.026080113280221e-05,0.4836559013309055,0.276091785933271,0.6810232540556401,/volumes/Seagate/mtg-jamendo-dataset/03/1392703.mp3
258.02666666666664,139.6748310810811,0.5552312920967734,0.7897072296142578,0.2146943062543869,0.5597378404109827,0.8384517124610801,0.29119569809871326,0.003597995249594961,0.39210822187429767,0.6648336336541092,0.6443232235207574,/volumes/Seagate/mtg-jamendo-dataset/03/462203.mp3
331.8666666666667,95.703125,0.5640818403021601,0.42478070068359375,0.18184737861156464,0.6005138263466688,0.8282383838697338,0.6464625400495739,0.0013411609419342523,0.6992997975269621,0.6187225550539578,0.6417205452893717,/volumes/Seagate/mtg-jamendo-dataset/03/12303.mp3
105.0,123.046875,0.5928164413041042,1.0,0.09482730180025101,0.7192150712391528,1.0,0.18051153709237225,0.012718398183640161,0.29999999999998567,0.5994172330560841,0.6142543820368735,/volumes/Seagate/mtg-jamendo-dataset/03/1028803.mp3
159.77333333333334,99.38401442307692,0.5938319414252295,0.4241060028076172,0.22268305718898773,0.6957971233748322,0.9896997314039351,0.7285802900174039,0.0027685547236934744,0.4561743322124178,0.5647683378834385,0.6672122330113478,/volumes/Seagate/mtg-jamendo-dataset/03/415103.mp3
289.710875,106.13207547169812,0.5575709860176469,0.5720562744140625,0.11416371911764145,0.4884020148507071,0.8286984879618796,0.23519339512087362,0.0007117555518937097,0.7143879509104676,0.5601727181478443,0.6290643952527821,/volumes/Seagate/mtg-jamendo-dataset/03/1076603.mp3
154.84614512471654,135.99917763157896,0.5247362199727753,0.6124397430419922,0.13836035132408142,0.35705637262429846,0.8011951150416649,0.08035614364240808,0.007044812202091876,0.49110780050079134,0.460118840869375,0.6577859583027943,/volumes/Seagate/mtg-jamendo-dataset/03/1397803.mp3
320.39183673469387,90.66611842105263,0.5596980465422279,0.4885216064453125,0.06024407967925072,0.5948405878781914,0.7480427482259572,0.6661277250885347,0.0005757203847640818,0.6308080843194241,0.7137918353702891,0.5789295016104724,/volumes/Seagate/mtg-jamendo-dataset/03/142203.mp3
189.50063492063492,120.18531976744185,0.5691275409585925,0.27271228027343747,0.15748918056488037,0.3546141346884706,0.6888249909183611,0.3274535557338665,0.0005150450135835581,0.29999999999651544,0.44074510092402647,0.6685470848185517,/volumes/Seagate/mtg-jamendo-dataset/03/1242003.mp3
167.83780045351475,161.4990234375,0.5443698837628353,0.5989884338378906,0.1537076234817505,0.3974060438212554,0.6608456251850554,0.42484542048159635,0.0006734402598483353,0.29999999999990273,0.479304909312378,0.6594737625909546,/volumes/Seagate/mtg-jamendo-dataset/03/992503.mp3
90.0,93.96306818181819,0.5448681234446084,0.43554791259765635,0.07956792414188385,0.15149887695688735,0.3394710948037181,0.16295715975735608,0.00011664298835813574,0.3774891090216364,0.5047930850641702,0.6276858356782442,/volumes/Seagate/mtg-jamendo-dataset/03/1116403.mp3
160.0069387755102,126.04801829268293,0.5322592753906228,1.0,0.06821572780609131,0.138951343522915,0.38073900570238706,0.07872021123345757,0.0018696297791097975,0.2933057973404317,0.5341629677896498,0.6177250684522628,/volumes/Seagate/mtg-jamendo-dataset/03/1157603.mp3
191.43603174603174,84.72079918032787,0.5679324437789832,0.5149046020507815,0.1761251986026764,0.4932147466309807,0.7915028843350091,0.2856304794474957,0.001160381440099164,0.5858614584702304,0.4418235294161813,0.6750403656137273,/volumes/Seagate/mtg-jamendo-dataset/03/1070603.mp3
46.148866213151926,126.04801829268293,0.559632327293009,1.0,0.10878992080688477,0.7630495263466687,1.0,0.5091247123791993,0.009462322740932559,0.3,0.6760816886122846,0.6039480337680215,/volumes/Seagate/mtg-jamendo-dataset/03/1167303.mp3
62.04371882086168,105.46875,0.5507547525157381,0.8759984893798829,0.15153685212135315,0.2861189775193374,0.5411449897005312,0.2883743640055671,0.00033376520727337086,0.3,0.3845897376562609,0.6776353192324349,/volumes/Seagate/mtg-jamendo-dataset/03/1001903.mp3
100.24326530612245,120.18531976744185,0.5925598782242651,1.0,0.04348247870802879,0.7145494930147461,1.0,0.016967813916703153,0.04591983868859811,0.5661240127560927,0.6055627771921603,0.5945411368964583,/volumes/Seagate/mtg-jamendo-dataset/03/1404303.mp3
61.26369614512472,120.18531976744185,0.5391289911603858,0.6076021728515626,0.1139129102230072,0.2394726345673202,0.45626419236699456,0.17637238453112217,0.0003756206448437521,0.783372382656389,0.4176650998159027,0.657475627717102,/volumes/Seagate/mtg-jamendo-dataset/03/1352903.mp3
246.3057142857143,151.99908088235293,0.5736834068781521,0.7328353500366211,0.06905702501535416,0.5847037088698216,0.9432802472176144,0.1449278961115403,0.0030124595795650477,0.6079305557438368,0.6908192664867568,0.5866966757081761,/volumes/Seagate/mtg-jamendo-dataset/03/74103.mp3
136.88401360544216,114.84375,0.5215877722675796,0.6908894348144531,0.061164651066064835,0.24856017073494924,0.3123566825660316,0.1275797373358349,0.00015463016340690633,0.2681614620192417,0.45699767955411463,0.6306197384729605,/volumes/Seagate/mtg-jamendo-dataset/03/390003.mp3
368.5760090702948,139.6748310810811,0.5491466884754502,0.3205060424804687,0.08449141681194305,0.28568765595690354,0.49880255772109194,0.2522051248168638,0.00027852659504525745,0.2999999999999509,0.561115390625984,0.6181938319271028,/volumes/Seagate/mtg-jamendo-dataset/03/1366703.mp3
400.82603174603173,97.50884433962264,0.5751701477338939,0.461259490966797,0.1718752235174179,0.3785235094571052,0.660396694015717,0.19746214302114057,0.001485881650648323,0.29999999999934707,0.3988680231850857,0.6821014758292533,/volumes/Seagate/mtg-jamendo-dataset/03/1247403.mp3
265.58666666666664,143.5546875,0.5935383245338157,0.33598434448242187,0.24585643410682678,0.5733687155332189,0.821451016335622,0.7766646480068577,0.0008793568828012899,0.541249922792939,0.6925481203585407,0.6499986922067496,/volumes/Seagate/mtg-jamendo-dataset/03/604303.mp3
158.4065306122449,129.19921875,0.5214975950792157,0.9159623413085938,0.04324007406830788,0.1872780101874677,0.38823896967492993,0.12410406742396482,0.0009776909645331665,0.29999956205058,0.5019511096003805,0.6151762047445147,/volumes/Seagate/mtg-jamendo-dataset/03/1235603.mp3
235.2,147.65625,0.5674573871823945,0.5050968627929687,0.21312956511974335,0.7940258350483287,1.0,0.45129933218479235,0.004383529211253704,0.629214497117994,0.7112950616578902,0.6344676311115295,/volumes/Seagate/mtg-jamendo-dataset/03/1138703.mp3
131.4753514739229,139.6748310810811,0.5624497852639154,0.3761058349609375,0.12547118961811066,0.3463567335709538,0.5986059924843407,0.40005125720131374,0.00040583301071809766,0.3527652950012216,0.49158859376130243,0.6468519095102593,/volumes/Seagate/mtg-jamendo-dataset/03/1162103.mp3
172.28655328798186,105.46875,0.5372243929365794,0.53039794921875,0.09203016757965088,0.2500175295082823,0.437315926287504,0.19126454539478008,0.0003476672621077177,0.29999868322785095,0.3163741153280977,0.6698560372630548,/volumes/Seagate/mtg-jamendo-dataset/03/1132803.mp3
114.49469387755101,139.6748310810811,0.5172031314034224,0.24875718688964837,0.07456889003515244,0.5103423138791592,0.6535190521034145,0.637112147637396,0.0003271031526273573,0.6582055355559836,0.6058127977958133,0.6056822408534923,/volumes/Seagate/mtg-jamendo-dataset/03/1306703.mp3
150.96308390022676,120.18531976744185,0.5896941492167378,0.314326629638672,0.13643711805343628,0.5718753915334149,0.8114197020612712,0.3673422455981078,0.0013765947592669033,0.299999999997654,0.6411391508372561,0.6208895323317858,/volumes/Seagate/mtg-jamendo-dataset/03/890103.mp3
30.52952380952381,109.95678191489361,0.5556592377415461,0.5559202728271484,0.14827220141887665,0.6266581797866507,0.9128778505708137,0.4514476490772512,0.0024441824923498137,0.43907224561411806,0.637300913553066,0.6259178098001824,/volumes/Seagate/mtg-jamendo-dataset/03/1088603.mp3
176.31655328798186,147.65625,0.6009857440961797,1.0,0.17938610911369324,0.7466702491423349,0.9402530161714583,0.18140482794174095,0.006984799350528909,0.6616279619934835,0.705838216566383,0.623411355967653,/volumes/Seagate/mtg-jamendo-dataset/03/147203.mp3
560.5,120.18531976744185,0.5714235766843534,0.43465692901611325,0.06577566266059875,0.2409196753960231,0.42174767753058207,0.28490197524701955,9.563073183036027e-05,0.2999918883097358,0.4116390724650963,0.6413514240647963,/volumes/Seagate/mtg-jamendo-dataset/03/1081003.mp3
58.87700680272109,120.18531976744185,0.5978173838769738,0.44510317993164067,0.24205282330513,0.24174919286578833,0.5260991758863661,0.09720416249903824,0.007764058757390215,0.3,0.5469408116849999,0.6777508540528469,/volumes/Seagate/mtg-jamendo-dataset/03/1349103.mp3
379.200022675737,99.38401442307692,0.5515558113731902,0.6373579711914062,0.27282068133354187,0.47262734173296084,0.821009361464509,0.2692304475552256,0.0016367547223638367,0.3,0.536488217478448,0.6909178017843856,/volumes/Seagate/mtg-jamendo-dataset/03/326903.mp3
239.9998125,95.33898305084746,0.50052619363345,0.727991897583008,0.13826115429401398,0.2999100186868511,0.6204303884868981,0.07928303523035231,0.0040091175968114245,0.29999999999918936,0.3642634568845188,0.6769213241689414,/volumes/Seagate/mtg-jamendo-dataset/03/1110503.mp3
292.0761678004535,120.18531976744185,0.5482446315414802,0.8990263824462889,0.13882902264595032,0.6179093376573286,0.8794844921798253,0.22153705653440986,0.003708885791564831,0.2999999977280828,0.5716331758482143,0.6356518129828993,/volumes/Seagate/mtg-jamendo-dataset/03/464403.mp3
229.9375,110.29411764705883,0.5858258219017021,0.6901536865234377,0.17338891327381134,0.3962224027668278,0.6870998317266627,0.14825131783349194,0.00104989967295417,0.3,0.4332593379109533,0.6757681411963815,/volumes/Seagate/mtg-jamendo-dataset/03/108303.mp3
319.0,93.96306818181819,0.530973873716236,0.6090595092773438,0.19945845007896423,0.4328199026536487,0.643533849489298,0.40130326295074287,0.0006526161125209567,0.5974591892707255,0.4610289839972418,0.6795992452289787,/volumes/Seagate/mtg-jamendo-dataset/03/1403903.mp3
166.66122448979593,156.60511363636363,0.530986767408311,0.677877311706543,0.14455829560756683,0.4912308444376994,0.7207092218895186,0.2565290963581132,0.001702393914684911,0.2999999999609951,0.5164008110026617,0.6487608242181917,/volumes/Seagate/mtg-jamendo-dataset/03/1031803.mp3
346.1224489795918,120.18531976744185,0.5584544700501188,0.5530899047851563,0.1890513151884079,0.7217167076647544,0.922830368050982,0.47277738554060145,0.002081776123741152,0.8048416338976208,0.6181260929495797,0.644433254877911,/volumes/Seagate/mtg-jamendo-dataset/03/243803.mp3
162.06367346938777,95.703125,0.5713741844211953,0.40656211853027346,0.26871392130851746,0.2666121807691115,0.571353321773538,0.1746540638758823,0.001189317384471981,0.6996458603672895,0.42826298822146847,0.7110844140267726,/volumes/Seagate/mtg-jamendo-dataset/03/1294203.mp3
348.76081632653063,166.70866935483872,0.586621505302503,0.6100681152343751,0.16920535266399384,0.4757903016081924,0.7152310131301506,0.25439186775356437,0.0010105872683154157,0.29999999999991533,0.6001660230498082,0.6408807223490761,/volumes/Seagate/mtg-jamendo-dataset/03/23103.mp3
196.05632653061224,139.6748310810811,0.5100480210416705,0.35912854003906247,0.03911405801773071,0.1882348185375541,0.3430871459016886,0.18504839196553272,0.0002779875824968329,0.29998996212949874,0.28672225125314,0.6567366106357551,/volumes/Seagate/mtg-jamendo-dataset/03/1221303.mp3
209.28138321995465,139.6748310810811,0.5991563758665563,0.12009536743164062,0.38017264008522034,1.0,1.0,1.0,0.006589881920349936,0.8977055564151686,0.8193496621621621,0.6729922179982468,/volumes/Seagate/mtg-jamendo-dataset/03/242903.mp3
239.1157596371882,114.84375,0.5717510257237743,0.55899658203125,0.2673843801021576,0.79998504986575,1.0,0.5914802305917797,0.004911487093951059,0.44393385542781016,0.7347664943227445,0.6493050779722278,/volumes/Seagate/mtg-jamendo-dataset/03/1155003.mp3
238.55369614512472,129.19921875,0.5829665822547401,0.7559755783081055,0.22003935277462006,0.6400857314872619,0.8224576925023067,0.3156991126072444,0.0012594841204541466,0.3667918071552001,0.7422203581017649,0.6307700953785103,/volumes/Seagate/mtg-jamendo-dataset/03/1211803.mp3
252.5257142857143,129.19921875,0.5723254905512014,0.8156189727783203,0.15624845027923584,0.713580680710274,1.0,0.42118097177477687,0.004165004583715383,0.3,0.732786121311999,0.609692217838125,/volumes/Seagate/mtg-jamendo-dataset/03/1133503.mp3
161.73684807256237,95.703125,0.5444912150236065,1.0,0.1564210206270218,0.4061966546020519,0.6914436221682073,0.09409301242535072,0.01290811738937043,0.3,0.41345122503788645,0.6736213224181505,/volumes/Seagate/mtg-jamendo-dataset/03/1281203.mp3
155.85333333333332,120.18531976744185,0.6237346891286846,0.2233013916015625,0.31839224696159363,0.7601561188818833,0.9457121915392315,1.0,0.0037651630521346874,0.7197517786102422,0.7704096692553546,0.6605392750551028,/volumes/Seagate/mtg-jamendo-dataset/03/78103.mp3
218.26360544217687,126.04801829268293,0.5259715194984875,0.40063327026367185,0.18576622009277344,0.5971304843438459,0.9397139717259472,0.2821715101193565,0.0032868020943663664,0.6151404446863751,0.569847257861013,0.6529063876611959,/volumes/Seagate/mtg-jamendo-dataset/03/1249603.mp3
346.5,161.4990234375,0.5965448224587898,0.5160375213623047,0.10052451491355896,0.39601603134181085,0.7578087193572222,0.23213406053513727,0.00048171107835335566,0.6939588281716699,0.5506876472626372,0.6260512959163538,/volumes/Seagate/mtg-jamendo-dataset/03/827703.mp3
151.42858333333334,165.44117647058823,0.5733401533019773,0.5467789001464843,0.2308385968208313,0.5734921779192866,0.8734607832047326,0.5674702831412339,0.0010270218512005384,0.29999999997262755,0.47363529852051134,0.688374835151397,/volumes/Seagate/mtg-jamendo-dataset/03/100603.mp3
178.39904761904762,93.96306818181819,0.5021695472041396,0.9281205749511717,0.04340363293886185,0.22163399452892227,0.36340217279216946,0.05249132207597211,0.0031195668670844627,0.29532546428581075,0.46669688151415045,0.6222859315551601,/volumes/Seagate/mtg-jamendo-dataset/03/1109903.mp3
264.6,139.6748310810811,0.5943512831413569,0.210091552734375,0.25800198316574097,0.5058012797204525,0.724261190696879,0.8529158386226485,0.00032690082214997774,0.5071346508395327,0.5575520014612149,0.6813703136474238,/volumes/Seagate/mtg-jamendo-dataset/03/311503.mp3
666.8196825396825,117.45383522727273,0.5342865014242554,0.7481559371948242,0.059159453958272934,0.3539752671943639,0.6045169731761689,0.2239342538630484,0.00026679320503105234,0.500170876520696,0.5390548073739705,0.6134864419501841,/volumes/Seagate/mtg-jamendo-dataset/03/1161503.mp3
195.73956916099775,129.19921875,0.538116988894854,0.29103337097167975,0.075237937271595,0.2802080223043146,0.693662467130932,0.11800480282382896,0.002604125354076861,0.6964979690103354,0.41024131737174885,0.6450373939434245,/volumes/Seagate/mtg-jamendo-dataset/03/25803.mp3
529.4714375,125.0,0.5584972601613625,0.6632252731323242,0.08246847242116928,0.3876506717690738,0.5839840144011511,0.4664109617042018,0.000303971809720319,0.3705706868425898,0.4925221658634679,0.6311842168989273,/volumes/Seagate/mtg-jamendo-dataset/03/1030903.mp3
193.8557596371882,99.38401442307692,0.5571892512125995,0.49102458190917986,0.25229203701019287,0.5839747406678973,0.9055606696058236,0.41576645662252526,0.0013577074466265568,0.29999988182294796,0.7116905302664566,0.6484870272703781,/volumes/Seagate/mtg-jamendo-dataset/03/1243203.mp3
234.38201814058957,147.65625,0.5779858025931798,0.28723419189453125,0.26615390181541443,0.7848273022815144,1.0,0.6110775780830922,0.004758786024891543,0.7275642191145408,0.6421721383490095,0.6673809769837473,/volumes/Seagate/mtg-jamendo-dataset/03/1336603.mp3
192.93242630385487,95.703125,0.5382235621468143,0.6711721954345703,0.123201385140419,0.35368202361341516,0.6037496156756379,0.28361283239742974,0.000791998121428845,0.7999228219218014,0.40268120965831833,0.6638162567188871,/volumes/Seagate/mtg-jamendo-dataset/03/1323603.mp3
204.094693877551,120.18531976744185,0.5497945330025726,0.4516011505126952,0.22601714730262756,0.789852844084707,0.928601129778321,0.9388667832070813,0.0027875122616476725,0.40253559190437155,0.6878338505560606,0.6437994029177337,/volumes/Seagate/mtg-jamendo-dataset/03/316203.mp3
247.24,126.04801829268293,0.6016384963937171,0.37840431213378906,0.13451361656188965,0.13422518612154677,0.3962488825617974,0.1528414817393854,0.0003214079474265914,0.2882619436866317,0.33470963433474654,0.681482975095331,/volumes/Seagate/mtg-jamendo-dataset/03/1049703.mp3
129.0487074829932,120.18531976744185,0.5305577230167935,0.8400498580932617,0.030798690393567085,0.1675450117407297,0.36951418085896637,0.1413063130271461,0.0001789794718829884,0.2992329124219848,0.4255701828473672,0.6259734919722107,/volumes/Seagate/mtg-jamendo-dataset/03/1377103.mp3
206.0,133.92857142857142,0.5171812467993371,0.6979880981445312,0.037771862000226974,0.10469264462517028,0.19765462147676396,0.10662576578647265,0.0005301968167115243,0.28196350848804025,0.21026911296012935,0.6715440477280559,/volumes/Seagate/mtg-jamendo-dataset/03/1012003.mp3
332.3077097505669,129.19921875,0.5871285704627953,0.44323861694335936,0.310514360666275,0.7559032568827707,0.962678424080962,0.7174015779566663,0.00251305718682661,0.8438332448245132,0.725931728716902,0.6665988240964785,/volumes/Seagate/mtg-jamendo-dataset/03/1285503.mp3
154.30530612244897,126.04801829268293,0.5175660830406263,0.6488348388671875,0.06325913220643997,0.20836287078391666,0.3257892819280227,0.15925172177761956,0.00031136743013917623,0.27544695054039686,0.4818528233544562,0.6264027229234272,/volumes/Seagate/mtg-jamendo-dataset/03/783503.mp3
128.3478231292517,114.84375,0.5561574114786986,0.4060873413085937,0.11638578027486801,0.4248686385987879,0.720994395651256,0.3932338308457711,0.0008744749561216639,0.6357947635198938,0.47432442163522387,0.6470339965719076,/volumes/Seagate/mtg-jamendo-dataset/03/1197103.mp3
164.5595238095238,105.46875,0.5820414400276119,0.6208734588623047,0.14140218496322632,0.7307763106705985,1.0,0.1604535270694883,0.005246949927463194,0.656600487738983,0.669520724939944,0.6170006415987727,/volumes/Seagate/mtg-jamendo-dataset/03/1420603.mp3
244.92408163265307,99.38401442307692,0.5597694069640288,0.33518203735351565,0.15857219696044922,0.38159333820630637,0.7974411063299761,0.19696176892564776,0.0018217775455002284,0.8659800580645598,0.3999496667850604,0.6770960575487497,/volumes/Seagate/mtg-jamendo-dataset/03/81803.mp3
189.48056689342403,123.046875,0.5476713561722693,0.7124594116210937,0.03822493925690651,0.0983329643872288,0.33676305188146555,0.08541830740285222,0.004427756016895152,0.6526390250910663,0.3450157377826163,0.6447578305759631,/volumes/Seagate/mtg-jamendo-dataset/03/1227103.mp3
182.86861678004536,103.359375,0.5505797357703446,0.2844784545898438,0.25980260968208313,0.6033256556339573,0.9652712245580943,0.5324347970163722,0.00228153608458993,0.922444631280902,0.5173334341175237,0.6900622526620451,/volumes/Seagate/mtg-jamendo-dataset/03/414103.mp3
42.545419501133786,109.95678191489361,0.5134133358756536,0.34884036254882816,0.18514735996723175,0.18869283844555734,0.4391908953441849,0.177495757495092,0.0005661805174337559,0.3472972307775953,0.4404479070530456,0.6785634681775943,/volumes/Seagate/mtg-jamendo-dataset/03/1366003.mp3
154.96875283446713,161.4990234375,0.5395371718921207,0.4388004302978517,0.1594647467136383,0.36231553106013026,0.7561103498536207,0.14321502444871617,0.0026016877109988797,0.29999999999997323,0.5161334485239477,0.6541806191121202,/volumes/Seagate/mtg-jamendo-dataset/03/1083303.mp3
118.0,129.19921875,0.5526301790916772,1.0,0.017361842095851898,0.18593031482390854,0.36609099527283845,0.06852401109607319,0.0014360360806637683,0.2997528664259261,0.5042493674333483,0.605400389667837,/volumes/Seagate/mtg-jamendo-dataset/03/1042003.mp3
192.17333333333335,112.34714673913044,0.6004601781427179,0.9146678314208987,0.1058756485581398,0.5756859378532133,0.9892474651381419,0.1136279180105883,0.006482772370584557,0.2999999999999917,0.5307250272222555,0.6319702280364793,/volumes/Seagate/mtg-jamendo-dataset/03/3903.mp3
146.526125,95.33898305084746,0.554609728230841,0.3171956787109375,0.11316530406475067,0.3438894815385328,0.6906915410555321,0.21636953430027858,0.0012673176976429367,0.7252910989898452,0.377779998280206,0.6651835098072691,/volumes/Seagate/mtg-jamendo-dataset/03/1112003.mp3
115.19548752834467,99.38401442307692,0.5832657381639945,0.550791473388672,0.13869203627109528,0.4938586098742377,0.7999152107028853,0.39525025624135113,0.000976923715081711,0.931957489299768,0.5573354806823441,0.6384620369211255,/volumes/Seagate/mtg-jamendo-dataset/03/1164203.mp3
139.92977324263038,143.5546875,0.5491483948007156,0.7137418518066405,0.06825753301382065,0.1893850669892747,0.3288501293316977,0.23260153832767066,3.899013692173722e-05,0.2998807133444963,0.45656199299285916,0.6332603132864036,/volumes/Seagate/mtg-jamendo-dataset/03/1151403.mp3
219.6140589569161,120.18531976744185,0.5876109438795631,0.40713264465332033,0.2974572777748108,0.5044658336366087,0.7717605991456518,0.6473144427997463,0.00041630137338721204,0.299999980305772,0.5253721130271667,0.7020101973934986,/volumes/Seagate/mtg-jamendo-dataset/03/1257403.mp3
183.0661224489796,126.04801829268293,0.521706820486331,0.49858251953125,0.04542742669582367,0.21847618244705455,0.3377566932720397,0.2111298951787159,0.00021516332669614037,0.7780203258884251,0.5247740223461792,0.6113990691412607,/volumes/Seagate/mtg-jamendo-dataset/03/389703.mp3
233.61412698412698,172.265625,0.5681601811564632,0.5804786376953125,0.259089857339859,0.19813683763582052,0.4278240547558113,0.14598510064218026,0.0014449920065132062,0.6483654004205726,0.5743804753119469,0.6783962535799599,/volumes/Seagate/mtg-jamendo-dataset/03/299403.mp3
250.029410430839,120.18531976744185,0.5498214614826316,0.30874778747558596,0.2618267834186554,0.40626517744990054,0.7872678551317346,0.22928346863334903,0.0018713294106437767,0.3,0.5376316953578204,0.6867313029591519,/volumes/Seagate/mtg-jamendo-dataset/03/1147703.mp3
181.89473922902494,95.703125,0.5762450403330703,0.731872573852539,0.2916119694709778,0.7064625965155404,1.0,0.24327509231181155,0.013443096840074671,0.29999999999965365,0.69256198979936,0.6664679110496801,/volumes/Seagate/mtg-jamendo-dataset/03/1210703.mp3
382.92,126.04801829268293,0.5867275831232168,0.7683331756591799,0.1911187767982483,0.3953142606634918,0.7760796585428642,0.1498891487004737,0.004631079492856081,0.3,0.45855120489840995,0.6770925186676874,/volumes/Seagate/mtg-jamendo-dataset/03/1349703.mp3
146.52321995464854,97.50884433962264,0.5750194586077104,0.18849166870117187,0.1470656394958496,0.24234102993616474,0.4807508692066689,0.2841203491664106,0.0002287855342469923,0.37626479741875757,0.35255447102759996,0.6824327360129859,/volumes/Seagate/mtg-jamendo-dataset/03/1158503.mp3
741.1809523809524,120.18531976744185,0.5217593165408612,0.7070491027832031,0.09030468761920929,0.24780191110916172,0.4359953990845406,0.22901919822913708,0.00025012586790883293,0.2874081595972877,0.3515515624223866,0.6621993750584381,/volumes/Seagate/mtg-jamendo-dataset/03/1028503.mp3
486.71267573696144,120.18531976744185,0.502201241839111,0.8640106353759766,0.03598371520638466,0.572406392693521,0.9470896927761429,0.2656225673463261,0.021755429465613253,0.2954850069575028,0.5403139667164484,0.6048913441310089,/volumes/Seagate/mtg-jamendo-dataset/03/1118603.mp3
163.04,120.18531976744185,0.5411998172196807,0.38375132751464847,0.1757376492023468,0.474565435335276,0.6701386647948493,0.5598978124500699,0.0005606971426552643,0.299996280024124,0.7114187779158974,0.6209817981296654,/volumes/Seagate/mtg-jamendo-dataset/03/1333703.mp3
259.0933333333333,120.18531976744185,0.5524654410025787,0.6961107788085937,0.03365400433540344,0.26382613366933266,0.41867263038452696,0.13956614065401307,0.0005868367681122218,0.42201457244577867,0.4733414027646009,0.6174471610078252,/volumes/Seagate/mtg-jamendo-dataset/03/1171003.mp3
204.0,112.34714673913044,0.5481168823436706,0.8062409973144531,0.05783278867602348,0.15631486345556878,0.2510313680700414,0.14285892745110015,0.0002818514922343253,0.29997632120525464,0.3722577724773966,0.6463682494278892,/volumes/Seagate/mtg-jamendo-dataset/03/1137403.mp3
756.1919954648527,126.04801829268293,0.5260982355525595,0.32999105834960935,0.15605035424232483,0.3054842325910213,0.49870543942513745,0.30371566172480846,0.00016138747246208758,0.3077661935629131,0.542873651557235,0.64760339721579,/volumes/Seagate/mtg-jamendo-dataset/03/1089303.mp3
305.93634920634923,93.96306818181819,0.5178759228044016,0.3501746978759766,0.11041243374347687,0.24514633571510544,0.3168595856330942,0.37562882254505603,9.573821428350544e-06,0.5351744335259452,0.38752640378892156,0.6622431953898673,/volumes/Seagate/mtg-jamendo-dataset/03/1330503.mp3
37.000997732426306,120.18531976744185,0.5910313446891055,1.0,0.1424565613269806,0.4136910200794972,0.6498524254563214,0.6060608378982159,0.00032978336625659357,0.5213263920136973,0.5815320458447517,0.6349779529087627,/volumes/Seagate/mtg-jamendo-dataset/03/1397103.mp3
93.81818594104308,109.95678191489361,0.5885462446166849,0.4388758850097656,0.14084340631961823,0.6399566731197766,0.980139798916518,0.6845403702149878,0.0023127402442004487,0.386093243552404,0.5502508577284666,0.6406534547293692,/volumes/Seagate/mtg-jamendo-dataset/03/1087103.mp3
333.6881632653061,99.38401442307692,0.5317967114223099,0.5360729522705078,0.16865131258964539,0.3651923077134957,0.6269770827966024,0.2574997751230035,0.0006501194178449748,0.8897787565107675,0.4200029890268241,0.6767138747269076,/volumes/Seagate/mtg-jamendo-dataset/03/335303.mp3
226.66666666666666,107.666015625,0.5660245218654906,0.5403712005615235,0.12159877270460129,0.8054596337520518,0.9171070199301433,0.3331584391443177,0.0023964880746556267,0.2999999997659929,0.66533203125,0.6107091519236564,/volumes/Seagate/mtg-jamendo-dataset/03/1181203.mp3
248.88888888888889,135.99917763157896,0.5749738258457475,0.2985050201416015,0.19429156184196472,0.8177641165308331,1.0,0.5649066280755167,0.00503780293627016,0.6452602500462785,0.6635756380816344,0.6372298346467804,/volumes/Seagate/mtg-jamendo-dataset/03/1104503.mp3
235.2058276643991,129.19921875,0.5703378971009105,0.39660952758789064,0.15882040560245514,0.5335612514155933,0.8121166545473707,0.5450368941716961,0.0008175335654248244,0.29999999992847043,0.66047789005724,0.6250797680054359,/volumes/Seagate/mtg-jamendo-dataset/03/873803.mp3
157.97469387755103,105.46875,0.609359422377759,0.9065083618164061,0.17256903648376465,0.5357230493322579,0.8526639479253734,0.16940133037694013,0.003411121913063155,0.4850589527894664,0.517083835544463,0.6587080860252627,/volumes/Seagate/mtg-jamendo-dataset/03/362503.mp3
220.2,98.6842105263158,0.5526800749187422,0.769322006225586,0.046066004782915115,0.27113936899543994,0.5111741957473683,0.210405905454133,0.0003500595135748828,0.9149198922505033,0.4593147327357097,0.6247208151747075,/volumes/Seagate/mtg-jamendo-dataset/03/1168003.mp3
267.1804081632653,112.34714673913044,0.5749174503149772,0.5973527603149413,0.11870349943637848,0.4152420951500612,0.598913964443752,0.40465782227996955,0.00044445917866576916,0.7163057584370649,0.45133926891609577,0.6524654060138771,/volumes/Seagate/mtg-jamendo-dataset/03/373103.mp3
276.0,161.4990234375,0.532884021102656,0.5223143615722655,0.09842707216739655,0.1689031629741796,0.34928145374065067,0.13735668564358214,0.0004797316704005661,0.29999921634227406,0.5477720655846199,0.6258793328633387,/volumes/Seagate/mtg-jamendo-dataset/03/1394303.mp3
352.48072562358277,129.19921875,0.597358184908833,0.5561241149902344,0.1830776035785675,0.9590232488648035,1.0,0.6280819183146544,0.004846151526097963,0.8455491971457745,0.7983984375,0.6062282497882843,/volumes/Seagate/mtg-jamendo-dataset/03/1209803.mp3
347.0526530612245,95.703125,0.5839133953386024,0.5849342651367188,0.15648841857910156,0.520525199305639,0.8756870118373371,0.22531859567416468,0.0024937629642629087,0.29999999999991483,0.45974277345736014,0.6643872759970045,/volumes/Seagate/mtg-jamendo-dataset/03/1300203.mp3
254.93004535147392,126.04801829268293,0.5843064175546694,0.6715865478515625,0.26965418457984924,0.5179793486601424,0.7477632942120515,0.3217946012231777,0.0010093028001260918,0.4592070655555342,0.6155822792176572,0.6739590506052143,/volumes/Seagate/mtg-jamendo-dataset/03/934003.mp3
300.7131292517007,109.95678191489361,0.5924942981507013,0.1985010223388673,0.18267406523227692,0.4205065948636342,0.8101213693044147,0.2803582358269726,0.0011152495772842163,0.8011844084322337,0.43868070423070077,0.6780265226374795,/volumes/Seagate/mtg-jamendo-dataset/03/1257803.mp3
123.22666666666667,112.34714673913044,0.5016438611527003,0.6963030853271485,0.08223240077495575,0.3903039133453718,0.508851239102207,0.321952138684756,0.0003038746540859475,0.29995082408261936,0.42242206127818943,0.6451192520233462,/volumes/Seagate/mtg-jamendo-dataset/03/1389403.mp3
194.40224489795918,92.28515625,0.578235378614504,1.0,0.27068352699279785,0.7838421542343775,1.0,0.4538260419928774,0.007612369382060381,0.3,0.6619105072992633,0.6650639682575545,/volumes/Seagate/mtg-jamendo-dataset/03/1151903.mp3
152.4830158730159,161.4990234375,0.5666087769980326,0.19180433654785162,0.24047480523586273,0.5509248321335686,0.861699179763799,0.5629574331376023,0.0015709647331053152,0.7707819880865803,0.6832461094224397,0.6499217080004226,/volumes/Seagate/mtg-jamendo-dataset/03/1236403.mp3
229.12,86.1328125,0.5519349861828878,0.6675888671875001,0.16138790547847748,0.5031476212919084,0.7390411006615933,0.30928411204557954,0.0009869541303618968,0.6855785683735725,0.5541012104914596,0.64727940387396,/volumes/Seagate/mtg-jamendo-dataset/03/1225503.mp3
245.35267573696146,139.6748310810811,0.5707251886057172,0.4382431030273437,0.4884917736053467,0.5236647244143565,0.7549843582769532,0.6931528888468272,0.0006490870667181976,0.2999999999986187,0.5867968832860987,0.7584976618407051,/volumes/Seagate/mtg-jamendo-dataset/03/1294803.mp3
103.49092970521542,95.703125,0.5814309187799511,1.0,0.0854145959019661,0.3805609956377916,0.5909444137872492,0.4075403448672135,0.0005661442338342561,0.3905911981705537,0.4192830562209803,0.6468926432805118,/volumes/Seagate/mtg-jamendo-dataset/03/89803.mp3
355.344,102.27272727272727,0.5251010015004576,0.6182632369995116,0.15295471251010895,0.4672634013323523,0.8071787946507528,0.3332114089586594,0.0005922837928077991,0.2999999996956134,0.5574740033686669,0.6435688958299058,/volumes/Seagate/mtg-jamendo-dataset/03/156203.mp3
71.31727891156463,126.04801829268293,0.5043815804785018,0.3054606323242188,0.12974514067173004,0.29074252119296246,0.5976762498771103,0.22061438162810731,0.0008364675888574186,0.5341883773587504,0.38616248530597297,0.6694757535806283,/volumes/Seagate/mtg-jamendo-dataset/03/1380603.mp3
228.1534693877551,161.4990234375,0.5310635624364279,0.6723763427734377,0.2099081128835678,0.7231136542202319,0.9998346239518898,0.31116127943286354,0.004349522504511723,0.6049328075365124,0.7039560898888916,0.6347757026603061,/volumes/Seagate/mtg-jamendo-dataset/03/1367203.mp3
289.6666666666667,99.38401442307692,0.518985249317744,0.5125408477783203,0.1142730712890625,0.3635953539213704,0.6518673725956718,0.1733873600860257,0.0008261997288173612,0.7418436381864828,0.4020045896461357,0.6607373877348354,/volumes/Seagate/mtg-jamendo-dataset/03/496503.mp3
183.25403628117914,93.96306818181819,0.5410330852177607,0.26028108215332035,0.04525269567966461,0.5348619616263032,0.8952678965694733,0.5660100280445314,0.0008759954258090318,0.7775691358594485,0.581197375899132,0.6000514952648529,/volumes/Seagate/mtg-jamendo-dataset/03/1053403.mp3
485.2266666666667,95.703125,0.5563103062292547,0.6515634918212894,0.0721781924366951,0.23628910045233006,0.3300118505182045,0.20029365867664514,8.843108159719749e-05,0.5309263642421644,0.38061124409119307,0.6498619004589716,/volumes/Seagate/mtg-jamendo-dataset/03/1095603.mp3
248.41845833333332,122.28260869565217,0.5246485030544907,0.22235610961914065,0.2110401690006256,0.12096577821007809,0.30468302763914007,0.1440346008440763,0.00030638440668052095,0.4633974393993418,0.2809351283174987,0.7197874351767255,/volumes/Seagate/mtg-jamendo-dataset/03/1110703.mp3
332.0817233560091,129.19921875,0.5672012287348892,0.40698136901855464,0.22612802684307098,0.5040410674128375,0.7756351606425681,0.48042521769085683,0.000661642776954408,0.2999999999794064,0.5338683038082681,0.6746324289018519,/volumes/Seagate/mtg-jamendo-dataset/03/1314303.mp3
114.8353514739229,105.46875,0.5551248489925885,0.38721865844726566,0.16622915863990784,0.45539485182546524,0.7281567330750679,0.37965441401280164,0.0008550719408930046,0.48504878056951134,0.5602885364880081,0.6477847898127652,/volumes/Seagate/mtg-jamendo-dataset/03/1363603.mp3
210.0,120.18531976744185,0.5485002670157915,0.49757553100585944,0.16050119698047638,0.3368169230017147,0.5905740475027612,0.30665391959094296,0.0003350237262227707,0.29999999633768515,0.4613742590375238,0.6655055791054667,/volumes/Seagate/mtg-jamendo-dataset/03/186603.mp3
209.47698412698412,99.38401442307692,0.5697704295826915,0.47999890136718776,0.18737660348415375,0.6015805650541867,0.9913480712161222,0.3786758732188552,0.003111063881067756,0.2999999999998597,0.5993562570236006,0.6475843258495751,/volumes/Seagate/mtg-jamendo-dataset/03/350503.mp3
234.81333333333333,139.6748310810811,0.6087938225448495,0.38388259887695314,0.31923115253448486,0.8455062768390504,1.0,0.6240907018978229,0.007319037985099321,0.8321240682132868,0.6928944768499403,0.6763443195424265,/volumes/Seagate/mtg-jamendo-dataset/03/1103.mp3
185.22607709750568,139.6748310810811,0.5130822971089675,0.621771728515625,0.12120578438043594,0.4185967376289232,0.6479814465358055,0.22198469781626678,0.0008565135836330438,0.2999999999999842,0.6253450399648803,0.6185650743839809,/volumes/Seagate/mtg-jamendo-dataset/03/379203.mp3
190.96090702947845,97.50884433962264,0.5614365869232201,0.3656568603515625,0.06321167945861816,0.4108158297194844,0.6391270797297206,0.3780088937128656,0.0004344664835753756,0.29999999999955634,0.44057036364133717,0.6346421318768352,/volumes/Seagate/mtg-jamendo-dataset/03/1209203.mp3
216.02666666666667,120.18531976744185,0.6046453727930752,0.36203845214843755,0.1994827389717102,0.26159813258835746,0.5980913538281651,0.18440634065071237,0.0012462560412464987,0.5804466593554027,0.4170118781725143,0.6884114103953128,/volumes/Seagate/mtg-jamendo-dataset/03/17503.mp3
375.0922448979592,161.4990234375,0.605884941300985,0.19891668701171875,0.32680046558380127,0.42467607050507306,0.6001160672650662,0.6820502057936266,0.00015012766803753537,0.9683110999873303,0.6644145530296514,0.6847652570042381,/volumes/Seagate/mtg-jamendo-dataset/03/108603.mp3
499.13614512471656,147.65625,0.5694849790762383,0.42551000976562503,0.14064966142177582,0.6468918062036687,0.8515094398562792,0.2320495735834478,0.0064352731033269885,0.2999999999943543,0.6418424395707694,0.6222653901976855,/volumes/Seagate/mtg-jamendo-dataset/03/381503.mp3
81.0,120.18531976744185,0.48303292147751475,0.5237242736816405,0.14778569340705872,0.3390665104690575,0.48140563822765114,0.36208727631206367,0.00030065261770112234,0.299386515450278,0.48263696481948365,0.6566754566626444,/volumes/Seagate/mtg-jamendo-dataset/03/1275303.mp3
179.77469387755102,132.51201923076923,0.5795124852492863,0.5083703308105468,0.3298885226249695,0.4266549414889163,0.6315658395884483,0.4788429400600109,0.00035291732565716785,0.96222267759317,0.4276036987906116,0.7332391283868668,/volumes/Seagate/mtg-jamendo-dataset/03/311403.mp3
308.2105442176871,126.04801829268293,0.5602930288880559,0.4533372802734374,0.12769940495491028,0.4634687296191043,0.6894087238919198,0.5118044811606772,0.00032393866687391293,0.29999999999971816,0.5898188216367632,0.6280080214564151,/volumes/Seagate/mtg-jamendo-dataset/03/1238103.mp3
316.62503401360544,109.95678191489361,0.5425520586381056,0.5124286651611328,0.1058904305100441,0.3454116405994991,0.6023496828571315,0.22626655409997923,0.0010790006711414606,0.2999999204924074,0.5060361438289984,0.6369133262178162,/volumes/Seagate/mtg-jamendo-dataset/03/49403.mp3
256.36337868480723,109.95678191489361,0.5702095409856225,0.6599089965820313,0.2671778202056885,0.4170034017524732,0.7428952731953906,0.39073740669478063,0.0011304724583483642,0.29999999994007537,0.39234113961595546,0.7177157873508567,/volumes/Seagate/mtg-jamendo-dataset/03/683803.mp3
270.9677551020408,92.28515625,0.572183590209332,0.490675064086914,0.25818905234336853,0.7305419374331875,1.0,0.5228066545446945,0.003062536889248793,0.46190491423651747,0.5502436928389096,0.6828993202758308,/volumes/Seagate/mtg-jamendo-dataset/03/1337803.mp3
240.9012244897959,161.4990234375,0.5243917660949047,0.3966936645507812,0.14044339954853058,0.4150343768664591,0.6980051208790926,0.40598037026153394,0.00035973195719456657,0.29999999965425556,0.5657787608205305,0.637403871673365,/volumes/Seagate/mtg-jamendo-dataset/03/167303.mp3
124.42666666666666,123.046875,0.5663900935330425,0.7120441894531251,0.037940479815006256,0.11957583630608222,0.2056373681365978,0.129804887151316,0.00024473449990231624,0.6140190195968139,0.3659038584572352,0.6404778010419552,/volumes/Seagate/mtg-jamendo-dataset/03/1028903.mp3
367.5,107.666015625,0.5863649206319681,0.5919552307128906,0.1659994274377823,0.7423781728322157,1.0,0.3092073286310673,0.004260188269117766,0.3,0.7725163474972038,0.6052565243781609,/volumes/Seagate/mtg-jamendo-dataset/03/1208803.mp3
90.0,120.18531976744185,0.5465556780844929,0.982731887817383,0.07468942552804947,0.23637047163738667,0.44907663105054935,0.22682423418661432,0.00018705655029007924,0.29992967862334474,0.49603006076917877,0.627682181036262,/volumes/Seagate/mtg-jamendo-dataset/03/1119403.mp3
190.71231292517007,114.84375,0.5478424024439781,0.3953281249999999,0.048788946121931076,0.21317398735408366,0.28556062115156683,0.18365748240181615,9.413066185047602e-05,0.37895158958972053,0.5589552884011921,0.6057729629236568,/volumes/Seagate/mtg-jamendo-dataset/03/259903.mp3
75.15392290249433,120.18531976744185,0.5537622125118694,1.0,0.08658990263938904,0.32690545935740767,0.5758278509660694,0.18194805488369992,0.0007359655554504618,0.29445528692838563,0.5412214123370349,0.6229280824827731,/volumes/Seagate/mtg-jamendo-dataset/03/988503.mp3
263.9977777777778,139.6748310810811,0.5750796587233666,0.5841455078125,0.23542076349258423,0.6998671476166592,0.8902229337054579,0.5299091814964941,0.0026576355275060156,0.3,0.6328785250975949,0.6581757698378113,/volumes/Seagate/mtg-jamendo-dataset/03/82603.mp3
103.939410430839,132.51201923076923,0.5374085024705972,1.0,0.1556626558303833,0.1542743814915501,0.314632275082998,0.10955532005895285,0.0006596578838848252,0.7717548629602462,0.3319128331119628,0.6896559894765454,/volumes/Seagate/mtg-jamendo-dataset/03/1415803.mp3
153.00024943310657,109.95678191489361,0.5101677726710934,0.4554431457519531,0.14813904464244843,0.41550166814728984,0.6363287548561579,0.4350839010325,0.00046006591853354144,0.29996911896388073,0.5854648151070356,0.6362370930498743,/volumes/Seagate/mtg-jamendo-dataset/03/80503.mp3
129.58984126984126,99.38401442307692,0.5506521064565565,0.5468411331176758,0.08501649647951126,0.1551288296356607,0.3406437513950493,0.17852513536782025,0.000212342887282492,0.2999999999919315,0.4158279516622541,0.6474403484001733,/volumes/Seagate/mtg-jamendo-dataset/03/373203.mp3
277.62895691609975,132.51201923076923,0.5851173360234153,0.6367145996093749,0.26133042573928833,0.3258999990171417,0.6137166488051637,0.17947090724200432,0.0008322967053399139,0.6060552215226545,0.448302793626061,0.7044183945409316,/volumes/Seagate/mtg-jamendo-dataset/03/1203203.mp3
219.69333333333333,120.18531976744185,0.5374824604996434,0.5955565643310545,0.08098739385604858,0.5441414613219695,0.881636919353837,0.2383123905223093,0.002928875408464155,0.7951802877513807,0.5294213095788337,0.6232711998724108,/volumes/Seagate/mtg-jamendo-dataset/03/170003.mp3
207.1219954648526,120.18531976744185,0.5565918900505076,0.606045150756836,0.11773194372653961,0.28071650904589396,0.4748592025024001,0.35171412517891787,0.00013251065460441163,0.8177567714299365,0.5215491064494036,0.6380736784516736,/volumes/Seagate/mtg-jamendo-dataset/03/1412203.mp3
305.9060090702948,107.666015625,0.571948351439874,0.47942092895507815,0.11725190281867981,0.18622800563595232,0.352705018551333,0.19791133833005187,0.0001904783272756991,0.2999999999943409,0.4409107637967922,0.6540285322553663,/volumes/Seagate/mtg-jamendo-dataset/03/182903.mp3
585.0,107.666015625,0.5754009744063898,0.4787759475708008,0.07776433974504471,0.6781341348789394,0.9308695430376969,0.3353410703671219,0.002869030451880301,0.6133898160421036,0.634550325292133,0.6010850972497895,/volumes/Seagate/mtg-jamendo-dataset/03/1375903.mp3
256.10448979591837,126.04801829268293,0.5440630711929217,0.45478793334960943,0.24212434887886047,0.5732334198954989,0.8282687928258503,0.624876500895562,0.0009535764240054844,0.34997084708648707,0.5742333045380483,0.6723181046887801,/volumes/Seagate/mtg-jamendo-dataset/03/1080503.mp3
199.22666666666666,143.5546875,0.5054473107365489,0.8527249221801757,0.03377528488636017,0.13868774388406768,0.3033989679692885,0.09875575643868326,0.000595259167350542,0.3276032444254585,0.2760357762181792,0.6569519473154539,/volumes/Seagate/mtg-jamendo-dataset/03/965303.mp3
151.7191836734694,172.265625,0.5998602726970428,0.7666798400878906,0.24838455021381378,0.5815387512767554,0.8994335316516153,0.2579293020721163,0.004871529598354614,0.9617200886389963,0.6392474905393664,0.6615689399690996,/volumes/Seagate/mtg-jamendo-dataset/03/290003.mp3
246.0,123.046875,0.5633338881831792,0.3366027221679687,0.14439518749713898,0.22213726505775971,0.41959859368572405,0.2073153465500392,0.00026174256622938074,0.2957020205860987,0.47660224536016765,0.6566618184269365,/volumes/Seagate/mtg-jamendo-dataset/03/1054103.mp3
52.29714285714286,120.18531976744185,0.5824929114368171,0.7665586853027344,0.1321541965007782,0.06370558443972121,0.26574300436074355,0.03557781326980861,0.15938812683374876,0.7357608766066353,0.2729001579023831,0.6929954791598035,/volumes/Seagate/mtg-jamendo-dataset/03/1044303.mp3
119.97972789115646,114.84375,0.5489703172851021,0.5913447265625,0.13633714616298676,0.49312515203812435,0.816907259989358,0.2219764711435213,0.0014221413031245999,0.7087918192719502,0.4897969583651189,0.6511219809456514,/volumes/Seagate/mtg-jamendo-dataset/03/1317803.mp3
203.86297052154194,143.5546875,0.5935979212277809,0.348417465209961,0.20163558423519135,0.44898454501527424,0.7291668562636228,0.433997722095672,0.0007234788762125765,0.4069178712921498,0.5703125091360794,0.6585263084974531,/volumes/Seagate/mtg-jamendo-dataset/03/40303.mp3
249.00024943310657,107.666015625,0.5824683123767095,0.2621364288330077,0.17598679661750793,0.2161756584410558,0.3999946334468611,0.27299560593517164,0.00011211046833042447,0.29999999955745305,0.3707059886527155,0.6892140490517598,/volumes/Seagate/mtg-jamendo-dataset/03/365603.mp3
378.44551020408164,123.046875,0.5409728226376838,0.6974779510498047,0.05641335994005203,0.28691529508533753,0.42365989865203335,0.22650281299266656,0.00015660288798806415,0.27827046527431554,0.49918969874584485,0.6204708698292498,/volumes/Seagate/mtg-jamendo-dataset/03/768503.mp3
222.59997732426305,112.34714673913044,0.5914530864906684,0.7789290084838868,0.1542443186044693,0.5249014397989312,0.7258811024526971,0.33149005131440695,0.0008984831986303984,0.8985742109079542,0.6237053572945578,0.6307868832386974,/volumes/Seagate/mtg-jamendo-dataset/03/494203.mp3
332.76367346938775,105.46875,0.5641047166880845,0.24544091796875,0.1708766371011734,0.4085774694399698,0.8327922935073715,0.3208847951992184,0.0011221578101048436,0.7318132138126756,0.4244961051247158,0.6766163683314793,/volumes/Seagate/mtg-jamendo-dataset/03/361003.mp3
89.35498866213152,99.38401442307692,0.5457651743942888,0.22176342773437507,0.18024244904518127,0.4492040770822635,0.7742957438725097,0.39960326639774124,0.0005052878024136613,0.6423658085200665,0.53577445789488,0.6577323900772892,/volumes/Seagate/mtg-jamendo-dataset/03/36703.mp3
246.4666439909297,126.04801829268293,0.5754469960261954,0.2829381713867188,0.22344374656677246,0.7310921155846618,0.9419571617327954,0.7184088953330063,0.0010491021701560365,0.7190885670088766,0.6635889732433194,0.6477219541153741,/volumes/Seagate/mtg-jamendo-dataset/03/1373103.mp3
347.5562811791383,79.50721153846153,0.5547128708685648,0.5286276550292969,0.20097941160202026,0.48821904615498435,0.8639624663103146,0.2679263852464158,0.0016673440881393897,0.37648873381200737,0.4243910067964154,0.6874743868174442,/volumes/Seagate/mtg-jamendo-dataset/03/1312103.mp3
179.6961224489796,123.046875,0.5576799987329945,0.26915884399414064,0.25257161259651184,0.23615435490942574,0.4095877559375114,0.292427962269027,7.013735079375596e-05,0.40099276555372665,0.41754653145251475,0.7074164742442414,/volumes/Seagate/mtg-jamendo-dataset/03/1193603.mp3
179.29598639455781,139.6748310810811,0.47711285667058145,0.49523789978027344,0.13726234436035156,0.36855836913662654,0.5450232990247614,0.2064579503603894,0.0005507536913640032,0.9380168112629517,0.6036085518878819,0.6286927335921503,/volumes/Seagate/mtg-jamendo-dataset/03/1375203.mp3
90.44197278911565,101.33272058823529,0.5089104430426536,0.5294253540039062,0.14360986649990082,0.4597693400745301,0.8299297487327957,0.18386067726676497,0.0024054207534082543,0.4849761141297787,0.4396697156524898,0.6637656088094663,/volumes/Seagate/mtg-jamendo-dataset/03/1105603.mp3
317.9246485260771,151.99908088235293,0.5878231225238593,0.5689033813476562,0.4022360146045685,0.5081684534654309,0.792179598701945,0.29857135731742945,0.0023243859259473427,0.9695330837358467,0.5547236703162082,0.733860231194403,/volumes/Seagate/mtg-jamendo-dataset/03/321103.mp3
406.3333333333333,139.6748310810811,0.5736147931714901,0.7562539672851563,0.1477702111005783,0.6177686225466499,0.8628596410952113,0.2909448980772273,0.0025959278740033047,0.29999999999999555,0.6053909951860358,0.632119076959001,/volumes/Seagate/mtg-jamendo-dataset/03/101903.mp3
375.92603174603175,99.38401442307692,0.5623536964828486,0.4725768127441407,0.14943619072437286,0.5298252299399928,0.7036748615885242,0.26560297684508655,0.0013333052099152014,0.34823294648611935,0.5813415600224738,0.6375287166562794,/volumes/Seagate/mtg-jamendo-dataset/03/168803.mp3
223.84984126984128,112.34714673913044,0.4649484062214738,0.8163507843017578,0.11112835258245468,0.20864828743465952,0.3392420641685449,0.08256656053412875,0.003217453356683147,0.29999999999999866,0.2692203258554752,0.6861621417585887,/volumes/Seagate/mtg-jamendo-dataset/03/409703.mp3
244.27798185941043,90.66611842105263,0.5800694892062628,0.6164810180664062,0.22992633283138275,0.5663535354913687,0.8282102871993113,0.3164676166508825,0.0013280554699912214,0.29999999999816684,0.6757496757533087,0.6476235446686361,/volumes/Seagate/mtg-jamendo-dataset/03/1072903.mp3
149.6758276643991,97.50884433962264,0.5901313214100349,0.8935968780517578,0.08681055903434753,0.5762269307004799,0.7746149829555604,0.3504541129332801,0.0018110997352727962,0.7011898025100336,0.5200724829236276,0.6272373046676396,/volumes/Seagate/mtg-jamendo-dataset/03/320803.mp3
146.4250566893424,109.95678191489361,0.47869994252494796,0.5265927124023438,0.12994244694709778,0.1626418251803109,0.27118039947375305,0.14209497363347534,0.00033354628642681564,0.29999999999646315,0.4482467306962992,0.6571299347616953,/volumes/Seagate/mtg-jamendo-dataset/03/535703.mp3
182.49333333333334,156.60511363636363,0.585505046698023,0.44462667846679693,0.30772697925567627,0.615286733583524,0.9847726927340877,0.2619657118385548,0.002660614748740806,0.7558772652208112,0.6263366458815671,0.68551438335573,/volumes/Seagate/mtg-jamendo-dataset/03/661603.mp3
265.14285714285717,93.96306818181819,0.5679449462411141,0.4623734283447265,0.19814826548099518,0.5710615912678422,0.8803408931353983,0.7176150574886955,0.0019520253842190052,0.515562996577346,0.5757172574505756,0.6561899240830431,/volumes/Seagate/mtg-jamendo-dataset/03/275103.mp3
100.38857142857142,132.51201923076923,0.5621342702258336,0.28461328125,0.32861220836639404,0.653940631971292,0.8907106869782956,0.6595819218282388,0.0015216313554042356,0.299999999989571,0.637387343318881,0.6908229263481256,/volumes/Seagate/mtg-jamendo-dataset/03/192603.mp3
246.10356009070296,129.19921875,0.5785592396683196,0.5983541107177733,0.2250089943408966,0.311078550212648,0.5696743655440029,0.22164470187017182,0.00056747442235127,0.29999986434563425,0.43867975436842754,0.6932672870890373,/volumes/Seagate/mtg-jamendo-dataset/03/1366603.mp3
111.59825,140.625,0.5229926056890275,0.6045509185791016,0.05966969579458237,0.6722462776812573,0.9836003187705322,0.13928104377096528,0.003140544552220383,0.8107218855977429,0.7234959983305218,0.5767818908199452,/volumes/Seagate/mtg-jamendo-dataset/03/95403.mp3
183.9560544217687,120.18531976744185,0.6015294836436096,0.3174012145996094,0.28116703033447266,0.6397733722486392,1.0,0.47644390397832664,0.00565717931910214,0.2999999999999994,0.5420970519801297,0.6928007205243842,/volumes/Seagate/mtg-jamendo-dataset/03/1288403.mp3
264.04,120.18531976744185,0.577144567547934,0.38089776611328124,0.15186254680156708,0.5464487058557064,0.8274213841083293,0.5456707665612469,0.0007724005984124194,0.5170969446563224,0.546590746529633,0.6453523675426376,/volumes/Seagate/mtg-jamendo-dataset/03/287503.mp3
377.1239909297052,120.18531976744185,0.6001595177297359,0.2776614990234375,0.2830687165260315,0.4680591539598684,0.7054863835188663,0.5321790084569564,0.0004905955020317708,0.7784044204133699,0.5079271416712197,0.7003193096151274,/volumes/Seagate/mtg-jamendo-dataset/03/1226703.mp3
400.3333333333333,123.046875,0.5205471495682813,0.8427155532836913,0.05713048577308655,0.3322820654457658,0.5101809820954691,0.22488466941394664,0.00030120202480541026,0.668339004741394,0.530834907536712,0.6143999933709687,/volumes/Seagate/mtg-jamendo-dataset/03/480403.mp3
209.35111111111112,123.046875,0.5348883269663589,0.5247587585449218,0.20808537304401398,0.1976233759369305,0.4362717568543497,0.1782950769118405,0.0006642298397243383,0.38555612012407176,0.31283445665468035,0.7123438429649089,/volumes/Seagate/mtg-jamendo-dataset/03/1333003.mp3
