duration,tempo,acousticness,dynamic_range,energy,brightness,fullness,density,instrumentalness,danceability,valence,tension,filename,genre
331.8,109.9567819148936,0.5853930543851307,0.7175890197753907,0.2870036363601684,0.4342670687362026,0.7818689178127506,0.2663989164822541,0.0013133594862473,0.3,0.5490895018101394,0.6935034087276328,485800.mp3,instrumentalpop
91.3,92.28515625,0.5633946234338749,0.8946859893798828,0.1900943219661712,0.5123738765494495,0.8162232297686571,0.2623390318338585,0.0015255812541805,0.5290140107876021,0.4640873226549742,0.6756164913768268,1277700.mp3,classical
108.0,123.046875,0.500672145310733,0.3402732391357422,0.0775875747203826,0.27613695700886,0.4859030577001008,0.300475849647242,0.0001420193241133,0.5180001080593941,0.5726883738391761,0.6133938521315025,1048300.mp3,classical
214.49249433106576,139.6748310810811,0.6049329775482568,0.8319609680175781,0.2727237641811371,0.6857138378934975,0.9480761178592536,0.4640744579029011,0.0032440095277733,0.3,0.7250891627383782,0.6531627225575336,634500.mp3,acid
180.0051700680272,109.9567819148936,0.56488390570484,0.5688937683105469,0.202501967549324,0.2949546590405031,0.5575567802565529,0.2312012647375748,0.000382095109187,0.7311876380981115,0.3980185116437666,0.6932970059890033,1202100.mp3,chillout
291.5938541666667,112.5,0.56696033811494,0.2801767883300781,0.2344455868005752,0.7046847255500427,0.9629434669931668,0.942001771921732,0.000887299721256,0.9556675742169638,0.6850718114287551,0.6473860489624561,1102300.mp3,poprock
189.0,105.46875,0.582745857237714,0.5234590606689454,0.1812155395746231,0.933106148042289,1.0,0.647525319110685,0.0082534018202438,0.8362508362053196,0.6609375,0.6330500942468644,1420600.mp3,house
677.8571655328798,139.6748310810811,0.5671102663669778,0.4359561920166016,0.1644850671291351,0.384202429087264,0.7094611802194707,0.1850949901956115,0.0010924569691378,0.2999989958208244,0.4924731329789633,0.6607199975706959,881100.mp3,classical
203.6639909297052,120.18531976744184,0.5174531266653973,0.3035421447753907,0.167758360505104,0.5067980928300547,0.7589918189600153,0.4339856213930093,0.0006073757593401,0.4631642295357214,0.4828737776991087,0.6638182542420157,1089300.mp3,newage
205.3757596371882,139.6748310810811,0.5666776538535692,0.5436355743408202,0.2458693981170654,0.5516301900697287,0.8368532978492137,0.2741165602724427,0.0020665016675567,0.742509613355256,0.5677504593086221,0.6749628914604191,1197000.mp3,electronic
245.8122448979592,129.19921875,0.5650337614234775,0.2951939086914062,0.2176533788442611,0.7007173652068902,0.9821616177433692,0.5525454070013236,0.0023439401613321,0.7020997581492053,0.6211115223961589,0.6541329119047024,1051500.mp3,house
202.6354648526077,97.50884433962264,0.5622690520243385,0.7803498916625977,0.0960165932774543,0.6044292701246656,0.8398743612593029,0.2439600119617559,0.0015376802703292,0.3,0.6306553610001447,0.6084349013798546,1357700.mp3,chillout
221.9998185941043,161.4990234375,0.5508348036386694,0.7050034637451172,0.1365010142326355,0.2044126700153033,0.4592752501206983,0.2250359055206491,0.0003137154381248,0.2999998945062784,0.4688444461602817,0.6553714758916924,682600.mp3,ambient
419.9820181405896,123.046875,0.5775378211458742,0.4442408752441406,0.3159372210502624,0.6254046301387036,0.9059494149255686,0.4814746742629832,0.0035277375250748,0.8944969878276772,0.5573789305132523,0.702261613475444,1234500.mp3,dance
265.844716553288,129.19921875,0.5853744359103688,0.4290168304443359,0.2339902222156524,0.8132277304879588,1.0,0.5799910099721138,0.0085965248266411,0.7547520633816134,0.6876525447091448,0.6467059710558059,1333800.mp3,90s
461.4,123.046875,0.5938797862130551,0.3747124633789063,0.0708119645714759,0.2919975539285049,0.6247991914337983,0.2142790510991014,0.0004698089869136,0.9425139235994924,0.5167326870076157,0.6221457698442082,141800.mp3,ambient
225.14068027210885,92.28515625,0.5132987180819355,0.7914169921875,0.0769837871193885,0.1709152567404509,0.3422456830958845,0.1251321510275898,0.0002542821603356,0.5102264272858812,0.4154940194138035,0.6446153594802193,1110300.mp3,ambient
262.75,126.04801829268293,0.573081251657808,0.9272615203857424,0.1049371808767318,0.4409519839657345,0.736094754884991,0.1399477536662959,0.0025840471728022,0.899096668745526,0.5000474420329898,0.6377678967090255,206000.mp3,ambient
60.08163265306123,120.18531976744184,0.6009609814681569,0.7332594299316406,0.2562175691127777,0.7608079042356442,0.8963980170729866,1.0,0.0020722627536845,0.2999999987210949,0.7505084069867622,0.6421366434832476,953500.mp3,hiphop
459.4978684807256,117.45383522727272,0.613960873482025,0.4316484680175781,0.1161163002252578,0.1192559219628362,0.3103268705875175,0.1682245248345656,0.0004101318642576,0.2999965379164007,0.4320554078224969,0.6553907865165935,1400800.mp3,darkambient
84.12517006802722,151.99908088235293,0.5652254858579939,0.3001866149902343,0.1890766024589538,0.5464847167768541,0.926598800633666,0.3640400422773204,0.0015037168006086,0.7946920730995656,0.5948708245360654,0.6490934119780103,965600.mp3,classical
182.32589569161,156.60511363636363,0.532745351597098,0.6606277618408204,0.0463742278516292,0.1907840623296893,0.2786137681958084,0.2132618942235267,7.820907426664041e-05,0.6645322520202093,0.5730641650322392,0.6020818890201387,816200.mp3,newage
590.4503854875284,161.4990234375,0.5619633454107178,0.3083210754394531,0.11422810703516,0.2200378132903167,0.4118076647348188,0.247094108992134,0.0001531320089346,0.5149082936430469,0.408145155254353,0.659493087481787,1085700.mp3,newage
75.16072562358276,139.6748310810811,0.5371499278476893,0.4160302124023438,0.1044302508234977,0.2535677177159056,0.5361278883967758,0.2325512180052291,0.0003391159245942,0.483991489839748,0.4448475514884201,0.6486253799987752,1162100.mp3,folk
315.6114285714286,123.046875,0.5549603754038147,0.5116553649902345,0.2180006802082061,0.4934924594249208,0.7924557889536239,0.1592120834211836,0.003505410232055,0.7904598935126194,0.5827953031034254,0.6619211842542692,1414200.mp3,dance
291.9183673469388,120.18531976744184,0.5813149819844536,0.6008976135253907,0.1943707019090652,0.5093788956752938,0.9107041853743104,0.2424970705322707,0.0028860127239414,0.3,0.5829182495174798,0.6533898027837676,415600.mp3,chilloutlounge
299.88,132.51201923076923,0.5864378851156402,0.5165408630371094,0.1614497005939483,0.6151070012682469,0.7635924144963643,0.5028178616280936,0.001425294571162,0.2999999738869094,0.634670364187524,0.6311878193763165,1169400.mp3,metal
152.52027210884353,129.19921875,0.5713421533777263,0.3664260559082031,0.2089128345251083,0.5951330030234707,1.0,0.2871161293436652,0.0054008597328581,0.5112580107447072,0.6295834789821959,0.6492919246325998,1169700.mp3,easylistening
153.15591836734694,143.5546875,0.5491555195525144,0.6966579437255858,0.0577692650258541,0.2663487880794133,0.4857220223581643,0.157024582525995,0.0008035795878964,0.402849470149906,0.4577712775705659,0.6292426798951943,142200.mp3,pop
225.00575963718825,151.99908088235293,0.5766301465727715,0.27888671875,0.2555772066116333,0.7271325034173226,0.9976740506515678,0.6347415937912539,0.0042045205914656,0.2999999979060064,0.6812650641455812,0.6557547815510718,810900.mp3,indie
202.15625,114.79591836734694,0.4974566427830591,0.7767788085937497,0.0176002755761146,0.2055852736065085,0.2848027313737525,0.0892876216262822,0.0006311609374519,0.4721444399608904,0.4874708306044136,0.6088419330865186,920000.mp3,newage
209.1447392290249,114.84375,0.5510606798972373,0.5211858825683595,0.1707014292478561,0.7866790275322489,1.0,0.4314101392471043,0.0100295974417506,0.6582362395546826,0.7125744391790656,0.618937626693415,1150900.mp3,popfolk
171.0,161.4990234375,0.5356501065361181,0.6221672210693359,0.14987413585186,0.5251910748574093,0.7430392255210786,0.2964197062705232,0.0011275593040577,0.2999999999619512,0.6169424889251185,0.630566191121646,1066800.mp3,rock
184.0162811791384,123.046875,0.52093433821476,0.5771570663452149,0.0276976414024829,0.3157133754350457,0.5944952742997521,0.2157993383088405,0.0004653004888798,0.4754931803834012,0.4382465368792662,0.6223218435290406,1266900.mp3,asian
257.62666666666667,129.19921875,0.5192989465327447,0.2508250427246093,0.1412875056266784,0.4992462481411314,0.7815021706683323,0.4673861409426585,0.0006881077671526,0.812384626306137,0.6318008802695895,0.6245033259716863,366100.mp3,alternative
192.24,143.5546875,0.5762488820297189,0.482783447265625,0.2550646364688873,0.553307495433793,0.8295248042613851,0.4743122522716259,0.000902500890235,0.6692141594064818,0.5948666756656227,0.6728499339956749,947800.mp3,reggae
107.66390022675736,129.19921875,0.5447683013515563,0.4978755798339843,0.0466462410986423,0.1806286852291893,0.2842132729989678,0.1789492786021239,0.0001136795104727,0.8096261498687549,0.3021517938090394,0.6563622880337034,259900.mp3,classical
225.4933333333333,123.046875,0.5698994218544039,0.1905652465820312,0.1515136957168579,0.2740655698030933,0.6657954529511726,0.2905926215211284,0.0003805357769675,0.6284721387973143,0.53427797502498,0.6476893354530728,1062500.mp3,ambient
235.9368480725624,95.703125,0.5692226172948853,0.4588527221679688,0.2241510301828384,0.4058520978987891,0.721773333427333,0.33038542874357,0.0007538238275841,0.2999999642884436,0.7001739216089607,0.6406595865440298,1223700.mp3,americana
72.1675283446712,143.5546875,0.6335983187816634,0.3137718200683593,0.1094321832060813,0.4831075099451093,0.7258731859697176,0.7718625419844932,0.0002280295901091,0.8831559565261123,0.5696861627481017,0.625458353404569,1346600.mp3,darkambient
242.38666666666663,129.19921875,0.5778168137431263,0.3500364685058594,0.2276631146669387,0.5656889480100181,0.8124126298981929,0.543728840487945,0.0008300708650821,0.6057940493144311,0.6689596287096843,0.6481667955381611,1160600.mp3,funk
225.90907029478456,132.51201923076923,0.6036047326115888,0.9066820373535156,0.2318026274442672,0.7595277344716643,0.9796109285675448,0.5316870117156899,0.0032806791544853,0.7138246243790849,0.6681324795759858,0.649822449964739,322100.mp3,electronic
123.82040816326533,120.18531976744184,0.5528908966686243,0.4811160278320312,0.1001878157258033,0.1937771086471522,0.2823375914940595,0.2706516718270501,5.806123673667939e-05,0.2979716792283311,0.3922419314222015,0.6576192273768489,477400.mp3,indie
206.0,166.70866935483872,0.5912842098434408,1.0,0.0907637625932693,0.6774817520526326,0.9677731711279408,0.119300512437045,0.0103302543339955,0.2999999999999956,0.6815114165799703,0.5963726712175829,1028800.mp3,chillout
183.82367346938776,126.04801829268293,0.5695300164831482,0.5179845581054688,0.2417114377021789,0.387072612671861,0.7896190422897494,0.2256819995255655,0.0012249554915881,0.2999999991746728,0.4533817750326351,0.6963397625662573,1062600.mp3,ambient
142.718231292517,161.4990234375,0.5736430297824133,0.3860517883300781,0.1010995507240295,0.4828702462917918,0.7256847322074211,0.4529895062230538,0.0010230951449437,0.3,0.599302327642815,0.6165353727320877,1238100.mp3,electronic
134.33950113378685,132.51201923076923,0.4755799709090715,0.4826942443847655,0.0529608130455017,0.1366657546615449,0.3616167340216122,0.0521591225245124,0.0166986365367675,0.2999888772934784,0.5679658546112409,0.6054727217741325,117300.mp3,ambient
156.0,135.99917763157896,0.5533116580797226,0.4902429809570311,0.1721529960632324,0.2694023852329001,0.5837404665529138,0.1249600212010157,0.0023533771074814,0.8683908042139497,0.3440625740244093,0.6931625637778818,11700.mp3,ambient
203.5225850340136,117.45383522727272,0.5572620029991366,0.7391741561889649,0.1567326784133911,0.3253952549061325,0.4953753743957697,0.1526169771680603,0.0003031225766031,0.2999999999230777,0.4503243655808219,0.6663588911126564,1412200.mp3,electronic
221.7273469387755,166.70866935483872,0.5555643442667615,0.2782025451660156,0.2178281992673874,0.5349729028673591,0.7749005364485136,0.6810883981922179,0.0003237400227507,0.2999999808009403,0.6580749152032004,0.6468031686956194,604700.mp3,pop
166.47836734693877,166.70866935483872,0.5754303465028953,0.3852085571289062,0.2600184679031372,0.6232611675143905,0.8369598476604084,0.4271395040310236,0.0013949900289023,0.7720379657270258,0.515262855851178,0.6905540772748938,1012600.mp3,hiphop
247.25149659863945,105.46875,0.5308746391847987,0.4683003540039063,0.1060712859034538,0.3463017601407834,0.6226828874512392,0.2343847810924932,0.0007163824491736,0.5535924239051834,0.5089669868933214,0.6363922655465791,1098500.mp3,jazz
152.0,161.4990234375,0.5692953034051348,0.6947500610351562,0.1378019005060196,0.3137284320683917,0.5930987984319014,0.1498890675151309,0.0024307679696447,0.2999999999999992,0.5089111472401083,0.6478264547341454,925400.mp3,chillout
651.1333333333333,97.50884433962264,0.5301108164479924,0.611296745300293,0.0826921612024307,0.2652610965360971,0.3235811906640075,0.2098636887873764,0.0001436741094922,0.2999999999550896,0.4874370830001767,0.6322817614328398,1095600.mp3,classical
220.0,143.5546875,0.6043061556339973,0.7026511688232421,0.2127394080162048,0.6644286571158377,0.921763323867512,0.4704385095565995,0.0023250536940461,0.7143820425043439,0.7289930481839726,0.6307875772490392,902200.mp3,dubstep
199.90777777777777,132.51201923076923,0.5320682867450539,0.2063677368164062,0.1980472207069397,0.7339804054592686,1.0,0.6354341984676598,0.0041296122521902,0.4443276782596558,0.6329865046377559,0.6446996985269471,402800.mp3,alternative
238.0,120.18531976744184,0.5866990942420891,0.3208021240234375,0.2341683059930801,0.3831960027125478,0.5794863568643934,0.5470346222486615,0.0001350418480122,0.2999999997300573,0.4858122183380207,0.6871381464899048,501500.mp3,instrumentalrock
127.71428571428572,139.6748310810811,0.6118711757462865,0.5244197082519532,0.3108963668346405,0.7662060845761229,1.0,0.5981026115142526,0.0056906434034468,0.582212728813347,0.685523824145662,0.6748179272313382,1288400.mp3,dance
232.4210657596372,95.703125,0.5919964795395198,0.6175466003417971,0.1554058492183685,0.6687746203337465,0.9792738293550768,0.411633732121537,0.0029545235474035,0.4042528877603397,0.536159942702068,0.6487141171781992,127600.mp3,easylistening
749.6442403628118,123.046875,0.566690927326198,0.9282428741455078,0.0088319350033998,0.3435657382829508,0.6289717102323833,0.0964875918331269,0.0003351454152592,0.2633360084691619,0.3857021838999437,0.6260390598212352,1118600.mp3,ambient
251.0984353741497,99.38401442307692,0.5879853818523397,0.7686116180419922,0.1397916972637176,0.7381506708064999,0.9434877558822988,0.3395638896281694,0.0033492205439453,0.6438928028535491,0.601140749416167,0.6300968611317049,381100.mp3,hiphop
318.61551020408166,151.99908088235293,0.6041847999814604,0.7672519302368164,0.1228233724832534,0.3016144782337547,0.4697126502210707,0.2370764767988738,0.0003408663022231,0.2999999999999957,0.5099569075005421,0.6422250325938629,362500.mp3,electronic
96.99854875283448,129.19921875,0.5559110944686356,0.8226541595458986,0.0454288944602012,0.2582379585146469,0.465165067736815,0.2459324779962342,9.50212735315694e-05,0.299999999851968,0.5269144137010734,0.6109715192654579,95400.mp3,soundtrack
188.57111111111112,139.6748310810811,0.5785939698015393,0.4015108337402344,0.1864860951900482,0.4609510941754586,0.7218023490451042,0.5420730581128381,0.0003765103685011,0.316272511233637,0.5461653269514865,0.6579019288781202,25400.mp3,electronic
159.5034240362812,109.9567819148936,0.5199147743131733,0.533634796142578,0.0744413211941719,0.1699878185775499,0.2354280332229241,0.1802903963969401,5.393444440126471e-05,0.2990865469701722,0.2613882466552689,0.6745212262988481,390000.mp3,easylistening
151.694126984127,135.99917763157896,0.5430156361437455,0.4720439910888672,0.1865896135568618,0.709114788770924,1.0,0.4588920041963316,0.002891421132504,0.341523762566785,0.7364997912196651,0.6198723026365373,1347100.mp3,pop
106.99755102040815,147.65625,0.507385373063303,0.1578197021484374,0.1080956608057022,0.3604444701205069,0.8312147099144084,0.0628832724260843,0.0253520745917287,0.4820453797755185,0.4543795464522271,0.6480385285996073,131600.mp3,blues
135.47102040816327,139.6748310810811,0.5658293723345406,0.6015581970214844,0.3447373211383819,0.6157427098647529,0.8632920212251334,0.3237575481419396,0.0015621371310493,0.9438424181053766,0.6129087174081516,0.7015236921281871,1154900.mp3,ambient
324.27222222222224,143.5546875,0.5398911431068439,0.5016731262207031,0.1291909962892532,0.2756139605244194,0.5499836019832032,0.1401563609277566,0.0008895724603521,0.8721107064324458,0.4493891134640503,0.6566309359713212,1066200.mp3,ambient
338.0244897959184,120.18531976744184,0.5538610270294579,0.3982337951660156,0.0944230407476425,0.5698423621540093,0.8831362524448205,0.2494258458177383,0.0027320675571207,0.6462711465761424,0.5683011077073619,0.6203320731276789,338200.mp3,ambient
192.0,112.34714673913044,0.584186819810617,0.6617857513427734,0.2690749168395996,0.1812220518642795,0.3642580243425248,0.1803444543092184,0.000228646983905,0.2999999882466737,0.5720349155162573,0.6824599869590044,1231100.mp3,ambient
316.0,120.18531976744184,0.5867487924179633,0.339682632446289,0.1484166234731674,1.0,1.0,1.0,0.0044213371983078,0.9145386080178952,0.6903706395348838,0.6153558565433636,287500.mp3,alternative
281.8533333333333,143.5546875,0.5481676631030572,0.3421364440917969,0.1524237096309662,0.539654506101496,0.7268048196124706,0.5477305127707948,0.0005109499633671,0.440560872100957,0.6030495148533181,0.6342626324964843,488400.mp3,reggae
592.3526530612245,120.18531976744184,0.5878752142459679,0.5106044921874999,0.2338480502367019,0.5474930860358957,0.9349652869896607,0.2245153931685136,0.0023776742818851,0.944366954735277,0.5822235590694642,0.6677405862713198,1414100.mp3,electronic
90.08,89.10290948275862,0.5840875031362426,1.0,0.1653406172990799,0.7414149535319465,1.0,0.1501475862806056,0.0139275857447676,0.6116458740106319,0.6329321256965513,0.6329361970883586,195300.mp3,electronic
238.5530385487528,82.03125,0.5363954246025571,0.3565925140380859,0.0670549571514129,0.3792890045565304,0.7666691310480057,0.0772029323368958,0.0055576006248591,0.914506834616072,0.354846160476416,0.6531705524792255,1071300.mp3,jazz
261.8181859410431,109.9567819148936,0.5948353114494317,0.8206317672729493,0.0761619284749031,0.8311836727698264,1.0,0.3436666695506969,0.0048155515423051,0.9034055227746902,0.7599135638297871,0.5754355814850076,1288900.mp3,computermusic
75.02582766439909,80.74951171875,0.588120088285741,1.0,0.0869772881269455,0.3523162221313142,0.5608372822405467,0.2909454568783658,0.000414843865016,0.3,0.3780052799605807,0.6557107677335843,802300.mp3,chillout
60.4650566893424,129.19921875,0.5472556182282137,0.2324428405761719,0.1649992018938064,0.3725100619400383,0.6968117935292247,0.2723644349133067,0.0009593324128379,0.921537360109451,0.5460518486703618,0.650189342947698,1366000.mp3,downtempo
162.2280045351474,107.666015625,0.5877407789166083,0.8929391479492188,0.1749749183654785,0.1473086331932492,0.3287711011355674,0.1191023747936062,0.00040052756542,0.2979919079068225,0.4212094430324614,0.6787490820050799,824300.mp3,orchestral
352.1131972789116,120.18531976744184,0.5282453033228489,0.4579803466796876,0.2033814340829849,0.3382521636844312,0.7089873758927936,0.1673972186324125,0.0013694297031537,0.6074222457294025,0.421046176695152,0.6890080809308442,74000.mp3,easylistening
229.92589569161,117.45383522727272,0.5695140800139096,0.2606440124511719,0.1576049923896789,0.5713820425075912,0.8698975141536708,0.6105036299037567,0.0011199947234051,0.2999999936371936,0.5502728454654372,0.6466832281671969,941400.mp3,indie
308.96,143.5546875,0.595716966424009,0.3044982604980468,0.2996691465377807,0.8119323783015019,1.0,0.9257804108177864,0.0056503316813462,0.2999996879098871,0.7215736277924433,0.6635661671951124,1100.mp3,rock
160.2,105.46875,0.5790136565259244,0.4398537597656248,0.1534371227025985,0.6083169166281934,0.881568706086735,0.5287088672031731,0.0018124668110572,0.2999999999985618,0.6284145302884709,0.6295544581152412,5700.mp3,pop
210.21895691609976,135.99917763157896,0.5272231553538482,0.3872574157714843,0.1106437221169471,0.1743565184123159,0.2679721060781166,0.2340469323950985,2.972356918953587e-05,0.299999994608668,0.5201718285420253,0.635797374253696,1396500.mp3,classical
217.86122448979592,126.04801829268293,0.610091301207959,0.4760355377197265,0.1929848194122314,0.8345463224339855,1.0,0.5346651832712508,0.0073367102559644,0.8650406166267322,0.7514133150077786,0.6191918719868476,1381000.mp3,dance
234.0,156.60511363636363,0.5110467233002107,0.6760112762451171,0.062698096036911,0.1501143408463846,0.2844271452776686,0.1393399774442277,0.0004612788239861,0.8063504150871532,0.2274401267500958,0.6770832892232688,1221300.mp3,classical
245.3412244897959,120.18531976744184,0.5473843919323242,0.5368568725585938,0.1813338100910186,0.5290900408865592,0.8267130825933579,0.3712203893759551,0.0013863514145478,0.2999999989493649,0.5338004271527709,0.6585200862022125,1380500.mp3,singersongwriter
235.1281632653061,90.66611842105264,0.5459469987842844,0.2718607482910156,0.3061323463916778,0.4501871236461636,0.6802427296122603,0.4366832736613546,0.0006402448859134,0.8664326838123317,0.5175353163575567,0.7067005814294928,311400.mp3,hiphop
336.0130612244898,161.4990234375,0.5774865434213952,0.815778175354004,0.1065835207700729,0.2629243552412699,0.4891228803445974,0.1475607227912511,0.0013979220400069,0.2999999503250073,0.5827900120177237,0.6218120650736816,478300.mp3,soundtrack
245.45455782312925,109.9567819148936,0.58553112853812,0.4900994720458985,0.1335348039865493,0.6096097644581939,0.8412713079712154,0.7189201473889679,0.0008622498987402,0.6925565574642611,0.579104264466259,0.632251676541906,1032700.mp3,alternative
240.9534693877551,87.5926906779661,0.5965384202352884,0.1928628845214844,0.2674968242645263,0.5245235758247129,0.7576142664805395,0.7682464995211262,0.0003784329724319,0.8898897011826596,0.4778954128693255,0.7007197741613643,310400.mp3,metal
108.59102040816326,99.38401442307692,0.5458189593365282,0.4441692199707031,0.0282353311777114,0.3927078494319999,0.5810283330231407,0.3189056983578174,0.0003242752067156,0.6816404332127368,0.6271643733252333,0.5847318445589295,296700.mp3,pop
266.6230625,130.8139534883721,0.5582341880602218,0.4821453857421875,0.2121568322181701,0.2547028082510237,0.5575742185012659,0.162424036626348,0.0008085917774924,0.5920652879226134,0.4102476375840672,0.6943269320817278,1115700.mp3,indie
312.0,120.18531976744184,0.6036721099479807,1.0,0.2289807200431823,0.5066944922760362,0.7461354196602504,0.2061593670189883,0.0024089836588551,0.3,0.5172703029914422,0.6789789986172572,1045800.mp3,drumnbass
208.28,132.51201923076923,0.4973213117013548,1.0,0.0981266275048255,0.2556014405755684,0.54544588180787,0.0946912472469206,0.0020654723939489,0.8948793364437908,0.4303916919269189,0.6492472475163534,1045700.mp3,folk
888.4128798185941,123.046875,0.4478743909026402,0.9550511016845704,0.0229709465056657,0.1694220722678781,0.2685071224067621,0.0624787642769399,0.0019136470056085,0.2154551521986877,0.4565686343334744,0.6169558138753448,433600.mp3,easylistening
105.0008843537415,123.046875,0.6298399967155113,0.640490905761719,0.0226796604692935,0.1437913184297321,0.4598769898418277,0.1090757594143105,0.0002850775010365,0.910471195472108,0.2613019617246248,0.6559042854240207,1125400.mp3,ambient
196.0,161.4990234375,0.5917290841431784,0.5916681213378907,0.1380322873592376,0.231702140832813,0.4736361548473189,0.1463940491445428,0.0007651616560248,0.2999999999212234,0.4010711780216957,0.6694773878449864,303800.mp3,electronic
269.3104535147392,90.66611842105264,0.5710892784303362,0.8490805664062501,0.1729518473148346,0.6004854862247417,0.840231097158447,0.347483326796884,0.0021151087209293,0.2999999999999966,0.5067548242748049,0.6609117001783795,913700.mp3,80s
53.813310657596375,132.51201923076923,0.5413170363483629,0.6261647033691407,0.1112655103206634,0.2571397363035277,0.5352395834872317,0.2601801384709274,0.0002743365034443,0.3458866699620443,0.4438916296377888,0.651277257787881,1281100.mp3,classical
115.48904761904762,120.18531976744184,0.5692877074923782,0.5189362945556641,0.0719209238886833,0.1947500244249536,0.3644755329869008,0.1981636215638392,0.0002207671350307,0.2708359243826341,0.4662653169727442,0.6326384692053773,702500.mp3,soundtrack
150.0,120.18531976744184,0.6239797989816034,0.2451789245605469,0.1867963075637817,0.5822620970528688,0.887410444759819,0.6157283092954768,0.0017379624018407,0.6115790008712135,0.6557748344637356,0.6360917038302143,1079300.mp3,blues
137.22666666666666,139.6748310810811,0.6092973478153002,1.0,0.0514461286365985,0.3021912245415056,0.5427364649388318,0.117072758037225,0.0020126767657253,0.2949288575997288,0.5676049423880631,0.6049996178315629,167300.mp3,classical
271.7885714285714,97.50884433962264,0.557930900574751,0.2343729553222656,0.2415907979011535,0.5156720177360812,0.7849759580925453,0.5558593888373741,0.0011241964130214,0.4693170953797052,0.568006260912817,0.6733714350618519,1027900.mp3,alternative
192.0,99.38401442307692,0.5333762220595177,0.5226167755126953,0.2058901637792587,0.3539728229375222,0.6311760834113669,0.3386934451035162,0.000445369563742,0.8456234630319939,0.4988980402515647,0.6743408509102202,1171700.mp3,pop
252.0,151.99908088235293,0.5426508781126483,0.7901380920410156,0.0851020291447639,0.6201160030518813,0.8773210702006429,0.2900710829645844,0.0024136435827905,0.5173921823172115,0.636719570444842,0.6032928164031466,1379100.mp3,poprock
315.8933333333333,126.04801829268293,0.5238520451089426,1.0,0.0199073869735002,0.1640882584632813,0.3290721098733686,0.0847902729459137,0.0013795186287648,0.2999317007390439,0.3479426344054183,0.6375781324293764,202200.mp3,electronic
275.7315192743764,126.04801829268293,0.5621422791780297,0.3086046905517578,0.216149091720581,0.4679969802366798,0.7271360132749373,0.3170783055198973,0.0006816525768696,0.4492382383876894,0.6179381270392726,0.6542260476115547,1208600.mp3,blues
167.9273015873016,139.6748310810811,0.6030409690861502,0.3475184020996093,0.3390312194824219,0.6118773825573948,0.8646367644427653,0.7835765051048367,0.0015216568956956,0.8594053339725596,0.6153077143777294,0.698989696138126,6500.mp3,alternative
198.76278911564623,99.38401442307692,0.5430112509602145,0.7383949279785156,0.1256809383630752,0.5182294128780753,0.7826309326798836,0.2797586619557784,0.0015396324685096,0.3,0.5620271243626936,0.6328397129381683,1101300.mp3,ethno
183.61,129.19921875,0.582532917629823,0.6568609161376954,0.1394584625959396,0.6961348238210928,0.8559288235263695,0.6868965091800776,0.000882820814831,0.3,0.6532525300542299,0.6195545405236923,945200.mp3,dance
267.1460090702948,166.70866935483872,0.5990315388635604,0.2382673645019531,0.1493182331323623,0.6505129632702531,0.8876326061969609,0.9466079319434716,0.0011739754531182,0.9284947958381176,0.7078000387484442,0.6121945561779616,209800.mp3,punk
436.92,191.40625,0.5401896999777048,0.5151211242675783,0.1197318434715271,0.3987971706148274,0.6967360502560743,0.2864103165663638,0.0006667486753759,0.5157142503295291,0.6091878296564837,0.621265897718453,1315900.mp3,folk
193.2280208333333,100.44642857142856,0.5992602400386913,0.3915963745117187,0.1899366378784179,0.4031416941422034,0.6840336643659335,0.3499485699206738,0.0003716095204664,0.5759366817556089,0.4200746891536508,0.6843622518055003,175300.mp3,electronic
218.98374149659864,114.84375,0.5763877279987832,0.6582466125488281,0.2265342772006988,0.6688046547424835,1.0,0.4073377625940399,0.0061918728982256,0.2999999999999927,0.5717988874490075,0.66719256230245,124700.mp3,ambient
280.5466666666667,129.19921875,0.5867463408409002,1.0,0.2406954318284988,0.7762183248508605,0.941519208253624,0.4830679323553012,0.0026923202425349,0.4876708875930892,0.7819597303824853,0.6302584093817626,400000.mp3,dance
73.6130612244898,126.04801829268293,0.6146105671656645,1.0,0.034992653876543,0.3487753495325051,0.6241540840483049,0.0472503759890145,0.0018545771288814,0.7357608766066353,0.4356078296556385,0.6254757894644278,1044300.mp3,ambient
184.08489795918368,161.4990234375,0.5648212838989876,0.1787745666503906,0.1595195084810257,0.5808727604464965,0.9862207897515992,0.490728138613374,0.004439153200945,0.5376261176707491,0.6095071545612015,0.635525592140929,840600.mp3,8bit
277.4533333333333,95.703125,0.5945808902016132,0.7933069763183593,0.1798108071088791,0.3105797534743204,0.5500735403994698,0.3581687619537506,0.0005160590308296,0.2999999998830545,0.4675620257686763,0.6712194854054612,1417800.mp3,blues
430.0,123.046875,0.5706684184118082,0.5906284408569336,0.1461676806211471,0.5607427848437313,0.8532840348459401,0.4819801416870478,0.0014954884109593,0.7552392345128787,0.5475980792702233,0.6431007491695684,1054100.mp3,electronic
254.65605442176872,135.99917763157896,0.5885046263156366,0.4365349731445313,0.2529886662960052,0.6088940036625071,0.693646680367318,0.5099407895834144,0.0003798781773259,0.2999999999987193,0.6710197462517274,0.6568719706162164,1218700.mp3,80s
220.17163265306124,132.51201923076923,0.5967486596113178,0.5074407043457031,0.3559857010841369,0.8981678490501841,1.0,0.6803073698018814,0.0124694192832859,0.2999999999998864,0.7677151800381269,0.674611816382664,383000.mp3,dance
181.12,117.45383522727272,0.5926645610172037,1.0,0.1180469393730163,0.4260660152441011,0.6543731605135491,0.2198380028797403,0.0007429747629638,0.2999999999996879,0.5819904565751983,0.6260988068592462,88000.mp3,african
84.92789115646258,129.19921875,0.5347149463395718,0.69559814453125,0.1817276328802108,0.6009634991168298,0.819444452920379,0.2516722452626385,0.002389203949735,0.8684211146354446,0.6835740603912223,0.6287071357586315,1165500.mp3,electronic
272.0533106575964,135.99917763157896,0.5554850659659518,0.4649577636718749,0.2678268253803253,0.5750985481921864,0.8646475763587325,0.4039298342029637,0.0024224720150587,0.8543796226234046,0.6578557171943821,0.6648465136980407,82600.mp3,dance
272.01421768707485,120.18531976744184,0.551728651422069,0.8821990585327149,0.2440634369850158,0.7114919510000007,1.0,0.2601430311358171,0.0068616527143572,0.642889094286424,0.5852992100713756,0.6708029953003306,1385200.mp3,electronic
76.87056689342404,139.6748310810811,0.634990675743412,0.4086986694335937,0.1851075589656829,0.2886444049064385,0.5730182892828469,0.425357455930343,0.0001593528960275,0.3658702895988236,0.5509101553304058,0.6564566901615647,818600.mp3,classical
415.0,97.50884433962264,0.5696020802816414,0.3252848052978516,0.1791546642780304,0.7493730166714341,1.0,0.377295634647165,0.0054911996284878,0.7144625933322657,0.5701655333082742,0.6504625724784361,1410600.mp3,atmospheric
106.8241723356009,132.51201923076923,0.5317047059992068,0.6476858596801758,0.1129789501428604,0.2897286518953086,0.5079191123788734,0.2581013671471207,0.0001946450555957,0.325829226393295,0.4761003063944508,0.6454523607725395,1226800.mp3,ambient
182.8924036281179,123.046875,0.5751243488808275,0.6004036865234375,0.2317555397748947,0.5417777952189433,0.7557164222408704,0.4102679304055958,0.0007814165773414,0.4457908491032392,0.633847287468726,0.6566625368252169,1420700.mp3,chillout
192.0054375,119.6808510638298,0.5609730539109272,0.7586121368408203,0.0965206325054168,0.5592338185966781,0.97919884639682,0.1404236350013075,0.0030149577441414,0.7512775873852897,0.5933311300387312,0.6160812016942039,1079400.mp3,ambient
270.0,161.4990234375,0.5761438939451816,0.6205886840820313,0.1744169145822525,0.5549169922410354,0.8813593453662223,0.2578364251134771,0.0017109238058285,0.3,0.6120526310044453,0.6403795630487219,1080900.mp3,classical
250.29018140589568,139.6748310810811,0.6069194140805247,0.533908966064453,0.238820880651474,0.8440916375502173,0.9829574648747044,1.0,0.0043569554776066,0.2999999997019459,0.8193496621621621,0.6221055846020982,1368400.mp3,dubstep
90.0,126.04801829268293,0.562859813393352,0.5664809112548829,0.0685543715953826,0.1624967629972899,0.3885906527366455,0.159484885096529,0.0001418592698998,0.7290002616213043,0.5559354763449752,0.6134924785053427,1116400.mp3,classical
281.08653061224487,103.359375,0.5476538113198108,0.6698545837402343,0.1628374904394149,0.5846262497606245,0.7791952703498604,0.4671873599079637,0.0015415977304245,0.2999999999895814,0.5329160383756814,0.6520382888830532,1336900.mp3,chillout
114.75591836734694,101.33272058823528,0.6106098225906422,0.2020753479003907,0.2101530581712722,0.5955883354917315,0.8088755881564301,0.8162981605536844,0.0009056102335392,0.9160902605678468,0.6264139018197626,0.6503723205777054,39100.mp3,metal
347.0628571428571,129.19921875,0.5566775510064484,0.2409776153564453,0.2407173216342926,0.5664785523448151,0.8709264405290045,0.6727856311813938,0.0007710687629216,0.8024711537616473,0.5697323093684845,0.6727117739146484,1399700.mp3,club
140.21739229024942,92.28515625,0.5984701148464013,0.8382775955200197,0.0925586596131324,0.3498058021877754,0.6560397142697995,0.2195045214237537,0.0009874745810332,0.6136116127290367,0.3812393875501728,0.6570732399506932,1075200.mp3,chillout
166.92619047619047,126.04801829268293,0.5608098105523306,0.3703924407958985,0.1971484273672104,0.5783985397665234,0.9235994910356224,0.3736674255044122,0.0018860021123955,0.7535609273622585,0.5467654124071608,0.6616203513707635,992500.mp3,60s
152.3402267573696,114.84375,0.5725628051251705,0.4852113189697264,0.2725283205509186,0.6737308579888031,0.956805344215778,0.4531972000104089,0.0021256667974963,0.8097143904680346,0.6641543794491899,0.6652793195084927,1353300.mp3,chillout
248.0,129.19921875,0.5478949327419788,1.0,0.1007787957787513,0.2673025494656015,0.4939813153179008,0.137649991265139,0.0023919798900527,0.2980518216626942,0.3770495378357668,0.6608704589131972,1182600.mp3,newage
192.01562358276644,161.4990234375,0.6038772939289967,1.0,0.2670610249042511,0.8916345299469873,1.0,0.2795470867823135,0.0114091299690905,0.2999999999999544,0.772998046875,0.6415423595905304,1273900.mp3,gangstarap
215.2280498866213,139.6748310810811,0.5339227670978834,0.2474612426757812,0.1139226704835891,0.4547046844576239,0.8594746050175621,0.3449869030218432,0.0034471206584462,0.3643965442914803,0.4639598425300703,0.6482201928680781,1073700.mp3,ambient
176.7338775510204,139.6748310810811,0.5983305125118943,0.8230482177734376,0.1339333355426788,0.5345677250102382,0.6623687948836772,0.3169337795985855,0.001029833171298,0.9255821305577464,0.5778343939878677,0.6326491219977908,133100.mp3,electronic
313.84616780045354,117.45383522727272,0.5621014035159198,0.8509389343261717,0.1181232929229736,0.5676276278292305,0.9010463036073983,0.1798957552332153,0.0060338415451343,0.3,0.5110827129429631,0.6403078428636779,810100.mp3,ambient
243.75,135.99917763157896,0.5300249145976399,0.2910821228027344,0.2654664218425751,0.2390325925051666,0.5372163538001126,0.2231585917669131,0.0005874159568978,0.5567557289599164,0.3587673337210761,0.7238144451191117,1418300.mp3,70s
237.72,84.72079918032787,0.5591157508407135,0.4111753845214844,0.1992250978946685,1.0,1.0,0.646622339538496,0.0362146802550345,0.8450492327045103,0.7094415983606557,0.6298327155699496,451400.mp3,blues
146.14655328798185,99.38401442307692,0.5754709445029947,0.8105259704589843,0.088685318827629,0.3109650668989676,0.7075011804136672,0.0774005180674572,0.0051832460884013,0.3244011401745954,0.363004294925491,0.6593258557928483,1170600.mp3,soundtrack
174.29333333333332,172.265625,0.5654482107318408,0.4530350341796875,0.2435161918401718,0.3851048845118367,0.7509122007118372,0.2419119689764805,0.0016536935833068,0.76615530457333,0.5431489574648006,0.6790360375695018,11100.mp3,reggae
167.38666666666666,129.19921875,0.5498789981886064,0.5315281677246094,0.2453259378671646,0.6450406840059544,0.97272726406272,0.4087431361204997,0.0033080776928438,0.650029067308421,0.5907149703408561,0.6701743435640081,1159700.mp3,folk
232.97537414965987,107.666015625,0.5952583792703771,0.5532109375,0.1913523375988006,0.3362547792478362,0.5095977365469211,0.3283162381631291,0.0001525604920577,0.2999999999692675,0.4445222669935881,0.6799823881368506,1394400.mp3,alternative
209.26691609977323,112.34714673913044,0.5686691431348658,0.5761501770019531,0.1663634926080703,0.4844436107644798,0.8702445829621975,0.1520895774838469,0.0041027509588426,0.6707401869230112,0.5019007261731349,0.6595107121042784,718300.mp3,bossanova
257.0883900226757,161.4990234375,0.5594092966169084,0.6053793869018554,0.0553982891142368,0.4250652025700013,0.7763328975389403,0.2389746052446073,0.0009249207870718,0.7314447301352756,0.399225251501085,0.6400983337809083,201900.mp3,easylistening
80.16,117.45383522727272,0.5440430164885444,0.5633826751708985,0.0872853472828865,0.5260508812279987,0.7653445540040341,0.4982695466346409,0.0006273902497961,0.2996642412995721,0.6820223777621514,0.595018249469409,1194700.mp3,baroque
200.88,123.046875,0.5848508591788664,0.5699862365722655,0.1127795204520225,0.4893378690403218,0.7922458213257322,0.2103636335444438,0.0023251627899299,0.8341781157217725,0.4702726905811809,0.6465460892464919,394600.mp3,electronic
385.4933333333333,114.84375,0.5665775096971992,0.2376672210693359,0.1649042516946792,0.7531538805127144,1.0,0.4812679048366197,0.0080778321203552,0.8497469246658584,0.6794398280218059,0.6234775650057234,1158200.mp3,ambient
221.70122448979592,105.46875,0.5996888163472289,0.5159650421142579,0.0896364673972129,0.3034052704891238,0.613733101649246,0.1459181848835664,0.0012471206344881,0.299999999999999,0.3809539282802722,0.6560783426069422,514000.mp3,ambient
103.88897959183672,139.6748310810811,0.540682612050996,0.537833236694336,0.0296214409172534,0.1607743993866965,0.2334564418184935,0.1854110964844144,8.209677308860537e-05,0.2999209210813839,0.3279781133683728,0.6450680960565367,501300.mp3,classical
164.9273015873016,161.4990234375,0.6095506529047403,0.507433090209961,0.2076100707054138,0.5417928761123721,0.7876239905185585,0.5201299347922382,0.000838659392701,0.308437869631788,0.6256557636505238,0.6496084727238443,133600.mp3,pop
96.01340136054422,90.66611842105264,0.6121233702766621,0.1994485473632812,0.4096851944923401,0.0587254968276147,0.1657971585578496,0.1005314536821305,0.0014021197924473,0.5835888844117441,0.3474556880214999,0.7779955324129424,1406400.mp3,ambient
107.00625850340136,151.99908088235293,0.5395141717941655,0.8439859619140624,0.0640795603394508,0.2053377090277998,0.3112022625607337,0.2147124745631746,8.182195385569505e-05,0.299999679699983,0.4690837799256919,0.6292518857370639,757500.mp3,classical
262.28680272108846,139.6748310810811,0.5312083260469819,0.6741597366333008,0.1026080921292305,0.2693074604632594,0.4603099962665801,0.2451377133282664,0.0003690908370183,0.2999999999984696,0.471755129493363,0.6425878872678503,1307200.mp3,chillout
66.5,109.9567819148936,0.5359088549036943,0.6863765945434571,0.1170417293906211,0.2995143024222485,0.4636788553339603,0.3578340032702003,6.144693639955155e-05,0.2999989034482792,0.5139318915303214,0.6393486442745594,319100.mp3,pop
183.6922902494331,129.19921875,0.5578122371626475,0.3643044891357421,0.249106615781784,0.4927215414620579,0.7509494674683976,0.3675203714494482,0.0010983312265394,0.3997346592328158,0.5331637896048647,0.6830456237604694,260300.mp3,fusion
370.0,117.45383522727272,0.5270410733043753,0.5586809005737305,0.0660351663827896,0.3088657586839214,0.3295381510021674,0.2187233195833684,0.0001721600433736,0.680228092627253,0.4068567361035512,0.6424013126770941,1119900.mp3,ambient
143.96081632653062,123.046875,0.5677565861312619,0.7615120620727539,0.050303366035223,0.7011076725802724,0.9811650277758198,0.2857584579071597,0.0012795260232469,0.6167382581863999,0.7803009566066066,0.562049020451359,1372100.mp3,ambient
239.5,147.65625,0.5664260102572729,0.4845519104003906,0.0845740213990211,0.4720148381721105,0.8673968078685608,0.1478614642659103,0.0029402657963395,0.640266757994957,0.5376995109633582,0.6229067455109759,1355200.mp3,country
454.6711337868481,120.18531976744184,0.5937341064580753,0.222675048828125,0.2107825428247451,0.2771471997310813,0.5850297359379444,0.2596467671389683,0.0004622476414484,0.9724762200765285,0.4968531643067879,0.6765110825555507,1194000.mp3,70s
197.5,178.20581896551724,0.603229721394074,0.6208465423583985,0.2801462411880493,0.4548160350215227,0.7524652320962238,0.417669306601366,0.0014544176206031,0.5405009990615364,0.6888180768643778,0.6630890314548222,565800.mp3,funk
239.676485260771,120.18531976744184,0.5477953162764264,1.0,0.0398001596331596,0.3008184989754979,0.5546909733113652,0.0996667237682306,0.001225190090335,0.2863634171432723,0.4117719354198856,0.6319736703839602,794600.mp3,orchestral
206.117641723356,172.265625,0.5127997025407596,0.8293852844238282,0.1839514225721359,0.6431554467124081,0.9932137046365904,0.1351250285061147,0.00694576481559,0.4020736353386017,0.754656828051877,0.6152911465155936,1222000.mp3,ethno
192.9230612244898,129.19921875,0.6162458316122947,0.6581058731079102,0.1334668695926666,0.3197377505244,0.6938403682684329,0.1764020207297993,0.0008359457252837,0.2999999990972102,0.3007134222940055,0.687905388594559,704400.mp3,techno
195.00514739229024,129.19921875,0.5657001872463113,0.6593757781982421,0.1548919975757599,0.4132450758631444,0.6388452257941317,0.168099704215474,0.000898786921262,0.2999992918241843,0.5980175405181517,0.6361576110236432,1225500.mp3,hiphop
114.27136054421769,112.34714673913044,0.5297010823677002,1.0,0.0577915608882904,0.1631875100588737,0.2499308411622374,0.2042575756449426,6.795736080595797e-05,0.2999986525652335,0.2900353878510302,0.6627978843495785,1377100.mp3,classical
186.32818594104307,129.19921875,0.5499377810753094,0.741832794189453,0.1977325081825256,0.5332948112757494,0.8012736153810279,0.4913735222466562,0.0012114835737362,0.8020013312177645,0.559288971780399,0.6593259085896294,1359900.mp3,chanson
177.23077097505669,129.19921875,0.5579465062582025,0.6147013854980469,0.1714190393686294,0.677215420091012,0.8903347623602421,0.4275367227666774,0.0015010048676493,0.9647116637558796,0.729088425309665,0.6158931691107736,1297200.mp3,dance
310.1558276643991,143.5546875,0.5535317117188787,0.4406719665527344,0.100390188395977,0.3817362372601567,0.7520127038725344,0.2502507497843086,0.0010049675889491,0.6324795443748572,0.583144410475436,0.6195115857274646,94700.mp3,instrumentalpop
486.9543537414966,109.9567819148936,0.5501249391466383,0.3758157958984377,0.123771995306015,0.625874420528252,0.9409165069233008,0.2657366007176988,0.0022395778392267,0.2999999999806155,0.5024275866857952,0.6440724009730063,89400.mp3,ambient
137.2473469387755,105.46875,0.5824005191563367,0.2092007598876953,0.1239171028137207,0.2748595782202725,0.556515110181668,0.2626025888071434,0.0005136809353278,0.8765368226824478,0.3708216658289642,0.6704458238471467,32200.mp3,instrumentalpop
382.5,71.77734375,0.5246783459193508,0.5288800430297852,0.0671696662902832,0.1400084133100674,0.3014438670681921,0.1236472690714887,0.0008792508876126,0.2999999999445461,0.3520170541656307,0.6537776690313758,1081000.mp3,pop
386.1681632653061,120.18531976744184,0.5556849769968671,0.6766518630981446,0.1131369844079017,0.5686619682846513,0.7789323399352079,0.346865902788064,0.0017916570983502,0.3517237879704004,0.6490720845609951,0.6109148974746457,1031800.mp3,asian
142.4242403628118,99.38401442307692,0.5786659403756775,0.3688741149902345,0.2746578752994537,0.3902554379092082,0.7999296952231951,0.323630782444114,0.0014156148133096,0.7251728606553691,0.3980879495701954,0.7192592451937643,317200.mp3,pop
185.04539682539684,109.9567819148936,0.5934615684185318,0.4491544494628906,0.1925151795148849,0.7789720707879582,0.9639080274980916,0.7627197593263341,0.0031352776738421,0.4952341861342027,0.6617147505618479,0.636962514512989,1283000.mp3,poprock
129.79591836734693,97.50884433962264,0.5535056866630823,1.0,0.1359946876764297,0.1951500453332703,0.4087940255297957,0.1021074217897814,0.0014424762229106,0.3,0.3496939242969994,0.6790193027041148,1109900.mp3,electronic
525.4944444444444,123.046875,0.571375156339339,0.6810359497070314,0.0830534100532531,0.2574837349443001,0.3983595737632985,0.2242567153595005,0.0002280008864087,0.2687884636648057,0.519094077199348,0.6260804121793015,1129800.mp3,ambient
209.97333333333333,99.38401442307692,0.5759364109606432,0.2538478851318359,0.1060804948210716,0.5821403848594666,0.7609276875572162,0.697473318535021,0.0007068990772422,0.7018274140374017,0.5321253269713379,0.6317639127413182,1393400.mp3,alternative
224.4231746031746,120.18531976744184,0.5914746157344359,0.5005928039550781,0.1696490496397018,0.585871997104178,0.8484795883932208,0.3856600859733702,0.0017364461652881,0.2999999999999677,0.541551589754361,0.6527633399194204,1375800.mp3,80s
167.66666666666666,143.5546875,0.595495975821618,0.3367834167480468,0.2280233204364776,0.6864837737414319,0.9920455246174172,0.6331651247546959,0.002789970750571,0.2999998118742418,0.6524878647845478,0.6515908224002224,245200.mp3,electronic
116.0997732426304,156.60511363636363,0.4962517619550226,0.5582272338867188,0.1495235562324524,0.2720052426484171,0.5206461984293774,0.1983596762274992,0.0002725124565187,0.7417374742116609,0.495995684520173,0.6546293433396482,1375200.mp3,classical
206.76024943310657,114.84375,0.5556475746786005,0.3966900177001953,0.0769228190183639,0.4659113212294016,0.7233053598709458,0.2476199345630943,0.0014261691197824,0.4107264953132636,0.5072434061748893,0.6262435336116332,1269900.mp3,folk
156.6,99.38401442307692,0.5677226385453258,0.6053339233398438,0.1960183233022689,0.4446765902384254,0.9114423494924184,0.191418843538276,0.0024546306516663,0.8048505509664996,0.5404778918729928,0.6624710180142183,1282300.mp3,easylistening
431.2956689342404,99.38401442307692,0.582620155616234,1.0,0.1955079734325409,0.2417921674103351,0.4057633735943446,0.1712132224285983,0.0002470004744981,0.2999999398853749,0.4757249279778703,0.6752378848401406,1083100.mp3,downtempo
172.756462585034,123.046875,0.5358840691823215,0.5737942504882813,0.0743529722094535,0.2901665631451722,0.5034599074802794,0.2591564624066373,0.0001932847968869,0.2930634703785446,0.6051807670115437,0.6057309165930945,291000.mp3,classical
512.0522448979592,120.18531976744184,0.5395391034370447,1.0,0.0414321832358837,0.2112976217581847,0.4365308474703243,0.1023225617359903,0.0012413850370139,0.2998070257714926,0.4796739731004927,0.6189807913448196,25000.mp3,alternative
178.7234240362812,93.9630681818182,0.5300808415295535,0.6351527404785157,0.2057898789644241,0.3245532526508175,0.5433496605987395,0.1518085918809038,0.0025917285772102,0.4434723075186677,0.3819991257800759,0.6976845312711775,1337800.mp3,hiphop
233.44619047619048,99.38401442307692,0.5729789253644428,0.2153182067871093,0.2252435982227325,0.4374035555687485,0.826463133035481,0.2771179532961034,0.0014372593005168,0.6965835174549488,0.415471955475187,0.6979933042651463,298400.mp3,psychedelic
330.9043990929705,120.18531976744184,0.4946141142825409,0.3164066619873047,0.1608090251684188,0.2000487416162349,0.2974514358721257,0.2356421714522387,5.527006512741912e-05,0.5543962608994152,0.4114008332694982,0.6756110824067312,1330500.mp3,atmospheric
171.29979591836735,132.51201923076923,0.5699692212153358,0.5809294738769532,0.2364272773265838,0.4563934479123539,0.750845674431898,0.3495208734533973,0.0006862863855869,0.5945751259930481,0.5476768099618228,0.6755784578452056,1288500.mp3,ambient
360.0044671201814,139.6748310810811,0.6011879484426115,0.3155175170898437,0.3679015040397644,0.8129267283415775,0.9792707996286452,1.0,0.0044549026226291,0.299999990815664,0.8111282524000769,0.6702188909742998,1226100.mp3,electronic
221.59673469387755,129.19921875,0.5745347500135224,0.3462723693847656,0.1654556542634964,0.5995263480978062,0.9450816385534158,0.3717797964902686,0.0027235244712705,0.957343802245078,0.6412472191464456,0.6313145917055696,1371500.mp3,pop
137.35637188208617,99.38401442307692,0.5381415037038944,0.4220436859130859,0.0905799269676208,0.2268871510126371,0.4051995993399462,0.2080911866510263,0.0004246297659195,0.2999999999923051,0.3530684104417609,0.6619950916199913,1052800.mp3,ambient
345.50666666666666,129.19921875,0.5626339182924718,0.4141385192871094,0.1789236813783645,0.5425968382795561,0.9166925449325964,0.2312367230527144,0.0028388521849007,0.5861117887060783,0.5286060806846403,0.6586913091592832,1126700.mp3,jazz
333.93333333333334,89.10290948275862,0.5464297155226137,0.3560308532714843,0.086824744939804,0.2746397881120201,0.6599710833257021,0.2203028450338044,0.0005746154406427,0.3696820781695109,0.3511743951894511,0.6610220291404393,1219600.mp3,pop
65.13777777777777,139.6748310810811,0.6012210674349203,0.5485824584960938,0.0928940698504448,0.6932829206449299,0.9259222064694936,0.4787886164372248,0.0019511744478372,0.7914054406132696,0.7202695697204718,0.5893879512020658,1167300.mp3,electronic
150.3956462585034,97.50884433962264,0.5862490786700223,0.5648910675048829,0.0817006826400756,0.5428617522552991,0.8079266052500863,0.290700831207463,0.0013626200199555,0.3,0.4790420265404456,0.6336038404423381,1404900.mp3,folk
247.0,139.6748310810811,0.6041666673973636,0.4359780273437501,0.2767496109008789,0.8721951310037385,1.0,0.6011468860164513,0.006519632689475,0.4469858440913274,0.7075958431257345,0.6581106912991694,365700.mp3,electronic
70.0,120.18531976744184,0.5588315659050751,0.2744352264404297,0.1562818586826324,0.327978862974381,0.6696655515692245,0.2573660154511993,0.0004094518585401,0.4668374168782208,0.4304002135392584,0.670181426417896,1279600.mp3,indie
295.43467120181407,143.5546875,0.5597009011557639,0.5894547119140626,0.2320146858692169,0.7350586194414742,1.0,0.2323620494820895,0.0125526719514487,0.9394867685823204,0.6161362108149016,0.6602980447499378,950100.mp3,90s
104.04571428571428,120.18531976744184,0.5502311094097934,0.4402320709228515,0.0740832835435867,0.4815529412169528,0.8615605453818471,0.2246874336629998,0.0029770158358513,0.3,0.5781519433157454,0.6110395934125422,374600.mp3,pop
489.9275963718821,143.5546875,0.6017159714945721,0.3863341979980469,0.2221553921699524,0.580004275135271,0.8408451148953351,0.4443774242714109,0.0012617616123178,0.3,0.5796166883778839,0.6640526035056061,1088100.mp3,psychedelic
222.7733333333333,117.45383522727272,0.5903943640186238,0.4816541442871093,0.2398332953453064,0.4643095999736653,0.7030489717249666,0.6527126186369478,0.0006609606481731,0.2999994542929183,0.5418580746705391,0.6779683713902025,1352700.mp3,alternative
280.6521768707483,151.99908088235293,0.6100636371268462,0.6294825286865234,0.295154720544815,0.6264839749606651,0.866792894451965,0.5724882811002348,0.0011341275159393,0.7900330248964866,0.6335490401433267,0.6795458913674681,130500.mp3,hardstyle
282.26666666666665,126.04801829268293,0.5618513807383978,0.5267250061035155,0.1940123736858368,0.6702598711414292,1.0,0.3287870686464031,0.0053479085037165,0.2999999999999296,0.5733454481996418,0.6551753648869729,101900.mp3,ambient
711.0269387755102,178.20581896551724,0.5741374997706785,0.5445855712890625,0.1512139290571212,0.8387005659994818,0.9943757719071062,0.5940961296522489,0.002457564169152,0.7614391393117343,0.8964116379310345,0.5751546868743568,1397900.mp3,pop
226.0,126.04801829268293,0.5344442571850214,0.7381143493652345,0.166589543223381,0.513987026483452,0.7439642359431916,0.3644531646426034,0.001546540745706,0.2999470664264164,0.6554075483613725,0.6288907258881427,1036200.mp3,alternative
240.372970521542,139.6748310810811,0.5536764968012745,0.7735572509765626,0.3086617290973663,0.6422663379164155,0.897933719032957,0.194679734481479,0.0045215008879473,0.8338364282141977,0.5983326542119012,0.6914516916326716,146600.mp3,dance
207.934693877551,90.66611842105264,0.5973180931700185,0.5627223205566406,0.2874217927455902,0.5251238753420039,0.8443923820012317,0.2697151634572568,0.0021307400155709,0.633767902643836,0.4437482056427115,0.7147222042598702,501200.mp3,electronic
232.09333333333333,135.99917763157896,0.5256670795616241,0.4867027282714843,0.1161452010273933,0.1898704182327829,0.3392256184463874,0.2044788447484294,5.76699109829905e-05,0.5508822927513942,0.4324973024411576,0.6553128118816302,1041500.mp3,easylistening
212.92408163265307,120.18531976744184,0.5771530031845369,0.3282205200195316,0.3538061380386352,0.4226451012037963,0.6938349446077295,0.4394276139053648,0.0008425046999828,0.9567760438565176,0.4731949422008819,0.7327312212537322,1415500.mp3,progressiverock
51.0,99.38401442307692,0.5361235425941584,0.4301696472167968,0.1469794809818267,0.2549527210204513,0.4798809938494195,0.2369434743744204,0.0009776984237517,0.6230586105714175,0.3726084847386443,0.6783909162057288,490800.mp3,electronic
88.7998125,100.44642857142856,0.5391389638757731,0.52570703125,0.0962518453598022,0.2789847838041266,0.4241227115384959,0.1743276935472057,0.0002554307156574,0.2999999999999999,0.3895327514797747,0.6567441140335739,1112000.mp3,alternative
124.78312925170069,117.45383522727272,0.5318369835694119,0.2997752685546876,0.0742752328515052,0.5065237244022396,0.7544526843493266,0.4519179972223986,0.0008181107180201,0.8560092601989636,0.6075532539428031,0.6052284330379812,1235600.mp3,blues
334.4952380952381,126.04801829268293,0.509095225857513,0.5418518829345703,0.2015032619237899,0.9664298531313548,1.0,0.787691104316291,0.0194387846363527,0.6090540618881493,0.64140625,0.6442599242925644,38000.mp3,chanson
336.48326530612246,135.99917763157896,0.5486610295410882,0.3863241271972656,0.1394039988517761,0.3113764204457439,0.676904204035577,0.1865445092707836,0.0012323505220366,0.624133146074599,0.45792801369607,0.6585998368474254,81800.mp3,electronic
287.4739682539683,139.6748310810811,0.5770817361894566,0.3954998779296875,0.2155967652797699,0.4614312437661607,0.8245118504693766,0.4023916446102792,0.0010958787452543,0.6631769866072001,0.5252326058729767,0.6725683143261219,926200.mp3,folk
141.18666666666667,129.19921875,0.5795736936862732,0.2851220703125,0.2135850042104721,0.6037780620860363,0.8532931277331048,0.8286946877362861,0.0010662354947547,0.7856177750071401,0.6788057818133436,0.6411294451531012,1319500.mp3,pop
225.65462585034007,161.4990234375,0.5530965599776532,0.6125359497070312,0.1945491880178451,0.4084893425949248,0.7002055618816786,0.3040140943159701,0.002050531877808,0.3,0.6437289158622094,0.6412919245139824,1248600.mp3,downtempo
151.90666666666667,117.45383522727272,0.5645696565736613,0.8125084533691406,0.0401238538324832,0.1613055667097933,0.2408085442045507,0.208908729973811,9.647133422254202e-05,0.4950171328949611,0.3100265996774244,0.6524392674442091,1028900.mp3,classical
136.5,120.18531976744184,0.5619737760100894,0.3047498016357422,0.0734733641147613,0.2283735782918033,0.434384375454335,0.1647596447047988,0.0002600536375004,0.299999999999978,0.4032152059705917,0.6458073698871958,895500.mp3,ambient
169.0122448979592,123.046875,0.5811406251573503,0.5452560119628908,0.1714859306812286,0.4403977797989117,0.6910064173301077,0.3409031661411544,0.0005564517722036,0.943357399969392,0.5835854094967124,0.6450178531458999,348700.mp3,electronic
221.9690022675737,135.99917763157896,0.5696377907709986,0.5258452758789063,0.262407898902893,0.4874982186314068,0.7048492812862537,0.4345502303289155,0.0004363802943859,0.2999999999999953,0.5549575455419887,0.6834753344966438,1155000.mp3,dance
284.29061224489794,109.9567819148936,0.5323416942752301,0.2912354736328125,0.0719995871186256,0.3119491342139989,0.4991822951614325,0.2143660100381785,0.0005049455907975,0.8891107821465289,0.5158112485017375,0.6227576016623577,349400.mp3,soundtrack
190.8420861678005,99.38401442307692,0.5852840613663807,0.418944778442383,0.1941663324832916,0.6852261406418636,1.0,0.5569471688146739,0.0037539250435505,0.6504029689902204,0.5632350144491918,0.6572528768041466,220600.mp3,pop
405.605328798186,99.38401442307692,0.5316282683022259,0.3740005111694336,0.0842746272683143,0.6263036539511824,0.8808020034687783,0.3725835953688138,0.0034312055837661,0.7853136435383447,0.6383195575660882,0.6026749543033756,1388600.mp3,experimental
95.43959183673468,109.9567819148936,0.5290690729447616,0.7394373321533203,0.0948883295059204,0.3301886260197116,0.497216222577481,0.1676818142710073,0.0002555229096661,0.2999999999999934,0.5424138700427799,0.6256770246135754,166300.mp3,easylistening
359.04,126.04801829268293,0.6035820417513416,0.5271795654296875,0.2743740677833557,0.590533674101503,0.8470448445606363,0.353102054786958,0.0034017424834089,0.6824537833571922,0.5597538758044944,0.6868238892411092,1335500.mp3,drumnbass
253.038375,95.33898305084746,0.600768530324624,0.2645225524902343,0.3479405343532562,0.5842278134684387,0.906944650427185,0.6797548535279645,0.0008247719822597,0.7862988863657716,0.583529436525037,0.708552705062165,768200.mp3,baroque
337.02666666666664,120.18531976744184,0.5922959989702046,0.5444741592407226,0.1013571321964263,0.6329650976932915,0.9613230286493272,0.519369365584803,0.0016211874490113,0.6221682979562618,0.6668736932597912,0.6031138289387553,398700.mp3,heavymetal
105.44,73.828125,0.5520249801281573,0.9957372817993164,0.1533785313367843,0.3907624643732109,0.6671044992663079,0.1315161052953846,0.0011417161220157,0.4072730769877333,0.3541480361618449,0.6843866640488734,80800.mp3,electronic
110.21061224489796,132.51201923076923,0.5697287618153069,0.5631590728759767,0.0475533418357372,0.1818554171996442,0.3918259907054529,0.1485592721723067,0.0010490493449912,0.6873110207604456,0.2941276612978812,0.6582936708012892,543400.mp3,ambient
183.41333333333333,109.9567819148936,0.5788037785750615,0.7586547241210938,0.1464139521121978,0.2246006323433654,0.4915558980735607,0.1729017875062913,0.0005300095625502,0.5603388050821407,0.367615102529472,0.6791860022544969,4400.mp3,alternative
126.86222222222224,139.6748310810811,0.6047496133199142,0.5135440216064455,0.1505612581968307,0.5609665488200241,0.7722341977899609,0.2576362354033496,0.0012182366927382,0.814496909913479,0.610530590208356,0.6320959349091879,38400.mp3,alternative
52.17392290249433,114.84375,0.4993678297351435,1.0,0.0421511530876159,0.4543682026488564,0.5220349370395264,0.3002062370423437,0.0003389920180005,0.864797507788162,0.5212279262741412,0.6109288298567135,1223300.mp3,orchestral
221.30938775510205,120.18531976744184,0.4864624848532264,0.4688520202636719,0.1008492857217788,0.3064346409284432,0.6209205337623296,0.1399249983686953,0.0013682569042828,0.6680369801181396,0.5103915258397533,0.6342274376918897,511100.mp3,alternative
203.2895918367347,126.04801829268293,0.5639902070344125,0.3359819793701172,0.2670627236366272,0.6641411024882116,0.8593998012598161,0.6983034085052443,0.0015653571567222,0.9187272777437038,0.5464473577918059,0.6868531089508246,1086700.mp3,funk
215.99972789115645,90.66611842105264,0.5793260062327557,0.2594753723144532,0.1144923046231269,0.4621908483672258,0.8718340813596475,0.190438185381585,0.0018399657041982,0.6821669485266911,0.4206040402400122,0.6570964216163233,827700.mp3,alternative
315.042358276644,109.9567819148936,0.5656079049639778,0.8551371002197266,0.0981728881597518,0.6718061300578658,0.9311288198461776,0.146895313219052,0.0141766420944119,0.7527140775674902,0.6638764719154506,0.6025669453544206,1326800.mp3,hiphop
168.17632653061224,99.38401442307692,0.569400787683438,0.7451903152465821,0.1070867925882339,0.4559494197968531,0.8209801749738357,0.1371982368173812,0.003814486867602,0.663431873579425,0.5072500116904037,0.6371012429936835,387400.mp3,darkwave
263.9992970521542,107.666015625,0.5833499076159298,0.6038261260986328,0.1985835582017898,0.4469656793089326,0.7459962459502093,0.3363828646202029,0.0010197916973056,0.5172716138380966,0.555543614816789,0.6603813579892865,1211800.mp3,pop
339.2608843537415,114.84375,0.5939390103466344,0.778579963684082,0.107128232717514,0.4752560561934189,0.7528465404466804,0.2996888411838057,0.0013352872306848,0.6998871196337133,0.4763326630435467,0.6432996311695957,1398800.mp3,atmospheric
75.67566893424036,112.34714673913044,0.6040722617262673,0.4290087585449217,0.1120215952396392,0.5812490092775638,0.9226014971409102,0.2882770438380868,0.0021605096899475,0.4259103124198324,0.5371544979375507,0.63289687469876,891600.mp3,electronic
126.73596371882086,129.19921875,0.5524149412394177,0.4032317810058593,0.1663479059934616,0.1823238828875135,0.3183002527444925,0.2388090179335428,7.039247037850801e-05,0.2968994772391624,0.4987127083501187,0.6601427044876224,36700.mp3,celtic
389.94666666666666,161.4990234375,0.5996510432304996,0.3589820404052734,0.1648779064416885,0.1393745718998374,0.3258103489354852,0.1132358536875829,0.0013324621919165,0.8034370527567315,0.5193472894130473,0.6554865884363984,373000.mp3,easylistening
226.64854875283447,123.046875,0.4893004058459091,0.5642684478759766,0.1389936208724975,0.5814789824277965,1.0,0.152634301263615,0.004657862586935,0.3566334522042644,0.5434750582830326,0.6413426918574926,1266300.mp3,ambient
263.7628571428571,139.6748310810811,0.5768178586087181,0.6211254425048827,0.0928951278328895,0.2683709811319295,0.4751429312307113,0.2579465559610039,0.0001870262976184,0.2999993446749144,0.5507372638978933,0.6232947932402616,1103300.mp3,orchestral
95.84,114.84375,0.6137992762175783,0.4142626647949218,0.1560920774936676,0.2089095811266739,0.3290446626469549,0.4142760485145735,1.3840091742492553e-05,0.2965738018911747,0.4567457269745818,0.664844002502804,9600.mp3,classical
249.04111111111112,147.65625,0.5835275486547417,0.3380253601074219,0.2719593942165375,0.7077303729645592,0.9859883857473952,0.675767688356106,0.0025951634997449,0.386882247631356,0.6702278868754692,0.6638598045428596,1149700.mp3,rock
186.5404081632653,129.19921875,0.5652702479180892,0.5836628723144531,0.1834557205438614,0.6891378915717957,0.9437366066819772,0.5726248808417882,0.0022659141736542,0.5359828726069967,0.6331383074748819,0.6394163979008137,19200.mp3,ambient
134.63444444444443,129.19921875,0.5652024522276415,0.4818464355468749,0.1069294288754463,0.4543324210705558,0.7136821850904097,0.4770884816720893,0.0009187507165317,0.2999999976338764,0.3836692452041527,0.6617607453543302,1084200.mp3,classical
168.4160090702948,143.5546875,0.5982396081163444,0.5324887695312499,0.1719576865434646,0.3367894878241103,0.6167993167205885,0.1798384968064197,0.0008559132570178,0.2999999973125704,0.4854688621202587,0.6648109947315956,1283300.mp3,chillout
177.58621315192744,103.359375,0.5206253665023721,0.4945530395507812,0.0727570578455925,0.3884657141586477,0.6217223840253716,0.188913177619715,0.0004578483816248,0.4497531797864653,0.4469786972851676,0.6367968013673797,431500.mp3,classical
226.7167346938776,90.66611842105264,0.5718779763562574,0.646918975830078,0.1943196952342987,0.6051053721373756,0.7764125376547462,0.3938040187448167,0.0027688177100168,0.6269736354944696,0.5124746395887853,0.6674601623665906,412700.mp3,easylistening
184.0878004535148,151.99908088235293,0.5886881929509484,0.1909442138671875,0.1712140887975692,0.5479943570623955,0.8256598718042334,0.7794674045624229,0.0009668181930096,0.9083996927352048,0.5306715168717961,0.6555027685927658,1009700.mp3,rock
258.0451247165533,132.51201923076923,0.5961405089369853,0.5659349060058596,0.2893978953361511,0.7843465720390101,1.0,0.4105668013084504,0.0055574246629643,0.425082012040821,0.6731209810928099,0.6695590461024524,263200.mp3,electronic
198.8933333333333,143.5546875,0.5881885700380711,0.7921823425292968,0.1009381413459777,0.4651010689154977,0.8187481253680384,0.3564805270980564,0.0009211054200412,0.2999999976912354,0.5416570682809991,0.6280063172283522,3100.mp3,electronic
296.9948299319728,135.99917763157896,0.5855275362309755,0.440866943359375,0.3127884268760681,0.5054423643906234,0.6837317693617782,0.5973716275353669,0.0003136702050139,0.9591567804301462,0.5785534480490124,0.696893144065582,997000.mp3,pop
257.97333333333336,105.46875,0.5795477614090832,0.435003601074219,0.1388407498598098,0.4126152527358583,0.7230634398258335,0.2336062874580141,0.0016420692482926,0.3,0.4216810321167953,0.6656464635261725,111600.mp3,easylistening
105.64732426303856,139.6748310810811,0.5807050538180063,0.3069008483886719,0.3836923539638519,0.7507323965661117,1.0,0.8177362637362637,0.0017143040325517,0.6409660758245419,0.7015470556031407,0.6978198363063585,1383900.mp3,dancehouse
293.84,178.20581896551724,0.564853762522024,0.6074848632812501,0.1208585873246193,0.1952376888623267,0.3463320857726423,0.2206439178575902,0.0002288686349024,0.6588402193738816,0.5153681178274939,0.6404354678713642,14300.mp3,instrumentalpop
272.48,139.6748310810811,0.5854224933748284,0.2423633422851563,0.3029952943325043,0.6252177069898349,0.7989115964850283,0.970012990117119,0.0007431425679596,0.4939210606599501,0.6518653176724032,0.6787052424252209,474700.mp3,heavymetal
54.0,143.5546875,0.560234108761611,0.688707504272461,0.0465746968984603,0.2201653697260272,0.352464457857253,0.1318708973848122,0.0005237800143483,0.2976266221563312,0.4731377676921474,0.6221393373450163,893400.mp3,choir
236.1730612244898,126.04801829268293,0.5584108194353297,0.4322561950683594,0.1874434947967529,0.4635732030984881,0.8755390085757776,0.3339898784624183,0.0016567976730908,0.7016233084677017,0.5815755755623179,0.6511645430143675,192600.mp3,instrumentalrock
156.0,123.046875,0.5517544625954209,0.3303117065429687,0.0830224901437759,0.1798573822253884,0.2431161019966224,0.269243098325156,3.2535551146225513e-05,0.2966064534368064,0.5245343266486667,0.6249812311220261,1221000.mp3,atmospheric
391.7139229024944,139.6748310810811,0.5700945158009263,0.5177058105468751,0.1479140371084213,0.4346189092769233,0.828994042034915,0.1989580291179319,0.002005700593473,0.5924017316238464,0.5854666410281476,0.6361557251534021,1406200.mp3,hardcore
211.98666666666668,143.5546875,0.5783426690019151,0.2629437255859375,0.1783424019813537,0.8444626404794473,1.0,0.9398394464777068,0.0072311282849691,0.2999999721813055,0.71945600227615,0.6203120642580573,208300.mp3,rock
224.6259410430839,178.20581896551724,0.5624561813843714,0.3855652618408202,0.1493992209434509,0.346119570478429,0.8553217474990273,0.1460885854465325,0.0035863476701511,0.6760984302693953,0.3584695242828826,0.6820898146830658,1115400.mp3,jazz
199.7061224489796,126.04801829268293,0.5991367331769896,1.0,0.2376162260770797,1.0,1.0,0.3870344060957177,0.0062332940758789,0.920397635026315,0.7020960365853659,0.6451226340706755,332400.mp3,electronic
143.76,120.18531976744184,0.5465762180287653,0.2929211425781251,0.1044085249304771,0.2949074538854541,0.4544002478601678,0.3449343415343222,0.000284258499047,0.6100844831870569,0.4988669101032928,0.6378136869543132,433300.mp3,ambient
118.25861678004536,120.18531976744184,0.4790347241800202,0.6646442794799805,0.0721798911690712,0.4495452085126256,0.8278370990443085,0.1810141131059847,0.0038768124193776,0.7269196486803262,0.6039008706681157,0.6052045866872425,1082100.mp3,classical
274.9932199546485,99.38401442307692,0.5725469381513146,0.3322371673583984,0.2580391466617584,0.3185873048293586,0.5772339258795325,0.2434709811085276,0.0008252642034278,0.7198841291842355,0.4674947275256289,0.6993951472931073,1096800.mp3,alternative
248.88920634920635,129.19921875,0.5974594671832116,0.5359472808837891,0.2515581250190735,0.7685253027350616,0.9871072934825516,1.0,0.0027120641845635,0.6075519656228008,0.748244789145259,0.6409119671778146,1339600.mp3,club
29.997687074829933,161.4990234375,0.548100000839,0.3047826690673829,0.1980984658002853,0.4435292943310092,0.7262068990291461,0.5368496564222608,0.0008398612446213,0.9861232601664286,0.6583171236746641,0.6396520229531699,1056400.mp3,chillout
222.8128798185941,143.5546875,0.5939429843889327,0.4747899322509765,0.1844938397407531,0.6133326623888152,0.8908246930988821,0.4945193119084171,0.001420463786354,0.4091788908161199,0.6194074087714431,0.6425363005523825,1317900.mp3,alternative
221.0465306122449,120.18531976744184,0.5591016653573642,0.3245051574707032,0.1579432189464569,0.3858907958553491,0.6769907619408807,0.3449889833982373,0.0005026839018106,0.6630757505162747,0.4632268875237997,0.6642141813159645,1205700.mp3,ambient
237.99142857142857,123.046875,0.5736922603816069,0.5848680114746094,0.1324058026075363,0.2057270015684003,0.3493324895549028,0.2922484023610908,9.1061827161332e-05,0.2998794548191307,0.3419457693686355,0.679276935064986,1209800.mp3,ambient
340.03591836734694,132.51201923076923,0.6171623663344181,0.3052520751953125,0.4631931483745575,0.5052908616964713,0.8054142352815428,0.7214733909092651,0.0004773523279142,0.6771292581796033,0.6071854059820064,0.7453124522184393,422700.mp3,electronic
276.53333333333336,161.4990234375,0.5594460629339203,0.5277611389160156,0.119968295097351,0.4058594805542171,0.6245602470618269,0.1539396198361832,0.0009228104565138,0.3168578806715366,0.6764900392032979,0.6078905783943869,449900.mp3,electronic
121.57512471655328,126.04801829268293,0.5394708406211393,0.5028892211914061,0.1025211438536644,0.2548953105006922,0.4697954811369937,0.3074260746427174,0.0001505452818324,0.2859453150918916,0.5262506301539862,0.6316574857565219,1380600.mp3,darkambient
35.02730158730159,129.19921875,0.5621285860529842,1.0,0.0722076147794723,0.3325513781272156,0.5273854262862058,0.1864019137209265,0.0004898467360942,0.3346759495173932,0.471495653407715,0.6316956106390671,1270100.mp3,classical
310.84,126.04801829268293,0.5575976114579062,0.6519083938598632,0.1517458409070968,0.3559003104365102,0.5716718611850262,0.3028793860807809,0.0004375367643058,0.2999997028251033,0.4853340155867022,0.6575616996092144,1227500.mp3,soundtrack
271.80389583333334,90.7258064516129,0.598746756939506,0.4828374176025391,0.1370629519224167,0.4159392363468883,0.6172613249273152,0.3179677285353027,0.0002639524680974,0.2999999734252768,0.5190481120432208,0.6455330402834258,400700.mp3,easylistening
240.0,120.18531976744184,0.5116981639901785,1.0,0.0320949181914329,0.3611139042253516,0.5769908567657773,0.169758787661406,0.0007700775625331,0.4180226424184324,0.7290168696377709,0.5657507966213616,153600.mp3,classical
211.09657596371883,117.45383522727272,0.5243531384506368,0.2428554077148437,0.219689279794693,0.5490824433499366,0.8469049342546565,0.4472660740466504,0.0016426519033675,0.4377542822429917,0.6331082235801558,0.6524664960100583,1036800.mp3,alternative
200.38530612244892,99.38401442307692,0.6275821782157716,1.0,0.1136908829212188,0.3485646374175158,0.684759044214771,0.0851010372212644,0.0015545281001924,0.7791616073385579,0.3833456267687541,0.6642595924978879,1030300.mp3,electronic
345.5565208333333,133.92857142857142,0.568891934140922,0.776512794494629,0.0946661159396171,0.5966151756913729,0.8595111071137447,0.4160572368163489,0.0007866103364587,0.2999999955476937,0.6304238930959665,0.607995023119069,1156400.mp3,electronic
346.749387755102,120.18531976744184,0.52813231233269,0.4391834106445313,0.0340132005512714,0.2710068285531172,0.4339618398615473,0.2641473132513492,9.770402423419963e-05,0.2999551447201284,0.4641539287252535,0.619413966453407,1348600.mp3,ambient
65.35251700680273,95.703125,0.4912172860085341,0.7314389953613281,0.1905429810285568,0.2236623926282001,0.3926582871318104,0.2528638713283562,0.0001306275716974,0.4549493093411061,0.349203083489118,0.6987548564724568,847200.mp3,classical
44.30770975056689,129.19921875,0.5610566457407913,0.3605364074707031,0.3070220351219177,0.5550516747885442,0.8554703879671341,0.4686939685744774,0.000883143498889,0.929628366373211,0.5269416769660645,0.7051395972506775,1250200.mp3,easylistening
210.48888888888888,132.51201923076923,0.5820364025639437,0.4485787963867187,0.0894654840230941,0.251735681293029,0.4410213218543581,0.257964058323502,0.0001986849848836,0.4750742583523745,0.5281301194660873,0.6265815503550964,1143800.mp3,ethno
74.67410430839003,114.84375,0.5814745026329589,0.4107242584228516,0.1544273197650909,0.5292526928933692,0.9328416084129416,0.3900907050115277,0.0018688703677554,0.2999999999966486,0.5844015196658456,0.6387135311822636,1357300.mp3,middleeastern
287.6020634920635,139.6748310810811,0.5586042848140205,0.5317288970947266,0.1999263018369674,0.892683326483735,1.0,0.4394318132588721,0.0094144690988709,0.7830484887233871,0.8028510857704699,0.6114032515072143,1403900.mp3,blues
203.29138321995464,114.84375,0.5252790676620028,0.2573817443847656,0.1900275647640228,0.1187260276458501,0.2470003823047755,0.1703623227769026,0.0001658728137332,0.404607733279781,0.4121576368708452,0.6859783959408792,587000.mp3,atmospheric
134.20426303854876,143.5546875,0.6138021573213939,0.5444216003417969,0.2264917343854904,0.632859196448951,0.9159642059990888,0.8132255886572706,0.0018137477385372,0.5004196522702178,0.6364317108769436,0.6542506822033878,101000.mp3,punk
185.5477551020408,120.18531976744184,0.5264533809194043,0.9665312118530272,0.1238895058631897,0.3069803552954701,0.6213777270659836,0.1089179595337437,0.0022520291730535,0.7479299904715533,0.5126156046844614,0.6420771011738561,1060600.mp3,folk
152.08489795918368,123.046875,0.5661015436401651,0.2528542022705078,0.1323882192373275,0.1352462589702241,0.4798897483149876,0.1043921057531186,0.0014489640399439,0.3115244828206971,0.3983288701141321,0.6679939849026115,389700.mp3,classical
147.0,108.17307692307692,0.5799490308449173,0.2743011779785156,0.1776320934295654,0.1474659176222306,0.3464126245969195,0.2264491330154921,0.0001652509721189,0.7181929532606504,0.4179709939078209,0.6803533548530794,1012000.mp3,ambiant
193.5461678004535,161.4990234375,0.5234124508907559,0.3153706359863281,0.0755885764956474,0.2776357079910969,0.500344692799355,0.2993584594834611,0.0001630535746742,0.362471942355154,0.6073191763876203,0.605748052260909,1289300.mp3,ambient
102.9360544217687,105.46875,0.5862099547836598,0.5777137756347658,0.1476555168628692,0.5870993031601771,0.9657017255147526,0.4111996523145562,0.0035803741275556,0.3686218183981137,0.5895910307142014,0.6352377799277926,1195900.mp3,pop
64.00580498866213,95.703125,0.5844425122326744,0.456433364868164,0.1275584548711776,0.3634710533932378,0.6100971884428132,0.4798119199907995,0.0002348693465272,0.6891886842567589,0.4126200997306997,0.663397023807484,1346500.mp3,classical
361.8461678004536,129.19921875,0.5633824621112831,0.5101116943359375,0.2856708467006683,0.744784218542688,1.0,0.3997927764435022,0.0034915001862001,0.2999999999964508,0.6175799853556643,0.6793255077411078,1371700.mp3,ambient
211.0,99.38401442307692,0.5726473555626579,0.1980770874023437,0.2579359412193298,0.4563520879666727,0.8042320152590784,0.3870725668467139,0.0011612449294813,0.6075574415717635,0.4312221959547409,0.7066124996480105,1236400.mp3,pop
183.81691609977324,89.10290948275862,0.5560578051215745,0.4058418884277344,0.2357618957757949,0.7431435265053268,0.9550961317192036,0.6348170616172151,0.0025657078878539,0.6509381956372537,0.6867904091830824,0.6475162006426697,698500.mp3,pop
117.0,120.18531976744184,0.5889866133887814,0.4084367980957031,0.2095078974962234,0.6422073736484093,0.8492801681558466,0.7595356221472515,0.0008341943164047,0.3584667643623069,0.8243742786863596,0.6105479873613685,184600.mp3,alternative
201.8753514739229,107.666015625,0.5830350018658816,0.4530227966308594,0.2073663175106048,0.6765547242592045,1.0,0.4220245767930104,0.0024224350513512,0.530416885896862,0.5677847191941501,0.6610949304649877,1046600.mp3,reggae
359.41877551020406,143.5546875,0.5748378103586879,0.5486612243652343,0.2584197223186493,0.5179702610947742,0.8307019689709405,0.1462848958226645,0.0037871578454087,0.88470610515099,0.6235882983031206,0.6683134403740896,248500.mp3,electronic
238.9420408163265,129.19921875,0.5547218657986365,0.7457598876953125,0.2876555323600769,0.4730224224523647,0.8692094738439734,0.1852769722488537,0.0037663223212097,0.5406207167557111,0.4843056202655619,0.7066948675965153,954500.mp3,dubstep
204.8086394557824,129.19921875,0.52233268756007,0.6068558502197265,0.0334710776805877,0.2764833665102941,0.5550544754180468,0.177080277236648,0.001261293852254,0.34170680260421,0.4338347924802932,0.6252826294689529,13400.mp3,folk
156.44444444444446,114.84375,0.6139701750759282,0.8170441055297851,0.1483983844518661,0.2982636036729174,0.5337769542123973,0.2132640502718473,0.0002143640590534,0.299730495025797,0.5240041934150756,0.6486225797196568,635300.mp3,classical
271.296,100.44642857142856,0.5589522861485938,0.5085929565429688,0.1707966774702072,0.4538294658214566,0.7998578038264025,0.1644793279857312,0.0027306265731945,0.3,0.5233872604077356,0.6568093518077275,74800.mp3,chillout
89.07197916666667,96.98275862068964,0.5833144974335246,0.5861882019042969,0.1553130596876144,0.678142173674373,1.0,0.3023023385544596,0.002884170361317,0.8724777153431942,0.5139157986030334,0.6531295417669346,1110000.mp3,electronic
357.4073469387755,90.66611842105264,0.5886180565054564,0.365810272216797,0.1614494025707245,0.5949280579418874,0.989510455487134,0.275582739455785,0.002146210905701,0.2999999875588311,0.5699342544744019,0.6441349340305804,1069400.mp3,ambient
256.0,120.18531976744184,0.5536392824505242,0.5594965362548828,0.0610601566731929,0.18170899583397,0.2296613370682988,0.2295260101029653,5.2187308014143976e-05,0.2931537069107319,0.5706899571583757,0.6078436649706744,1105300.mp3,easylistening
90.04408163265306,99.38401442307692,0.5196344955882854,0.4941223526000977,0.0605983398854732,0.1502724611857776,0.2454538978889704,0.1269670058742877,0.0005003357571262,0.3612148718245662,0.4185605107619896,0.6381033002063724,128300.mp3,electronic
135.81820861678003,109.9567819148936,0.5726520204004524,0.6375822143554687,0.1717915087938308,0.4898835081514103,0.7572153852252514,0.6025509789246111,0.0004606412199314,0.585979959351691,0.5980064691927103,0.6422436493272371,1155900.mp3,classical
106.8241723356009,132.51201923076923,0.5306780178105189,0.6482504959106444,0.111028678715229,0.2882066250920209,0.5077576770915274,0.2562804480468191,0.0001894923977593,0.335082710596052,0.4755506364003231,0.6448601970574179,1163000.mp3,easylistening
282.28222222222223,166.70866935483872,0.5815862627187715,0.5176951293945311,0.1851495206356048,0.415766399609243,0.6864529810187568,0.1730989071838567,0.0011478464937183,0.3,0.4104063880276083,0.6845725498232961,39700.mp3,electronic
212.26303854875283,123.046875,0.5595574014925719,0.5967753906250001,0.1443369537591934,0.272898396338,0.4745037929704715,0.3378132157955611,9.36909572717794e-05,0.697611921594905,0.4286857985252373,0.6662241436482622,1274300.mp3,blues
383.9352380952381,129.19921875,0.5743382139543916,0.3611836547851563,0.1660258322954177,0.4386134522315062,0.6645778760286437,0.4684893094470709,0.0004390559127682,0.6072353474605072,0.5209674612303138,0.6555758073802876,822300.mp3,electronic
205.70666666666668,135.99917763157896,0.5394045419852287,0.5197070770263672,0.0706017985939979,0.2521518206656787,0.5016246648605392,0.162402767320184,0.0002617563454594,0.2992910077597889,0.442206744973711,0.6369752984990971,1135200.mp3,ambient
129.24,132.51201923076923,0.5039183985871394,0.3562631072998046,0.1509405821561813,0.4227601012307937,0.634236693455457,0.4261785404415308,0.0003858583274495,0.358181861247946,0.5281000071035998,0.6487186081555053,80500.mp3,pop
162.4597052154195,129.19921875,0.5854288413516882,0.8168976898193359,0.172876626253128,0.5114096811512999,0.8170682801793674,0.2583371967777131,0.0014484898701302,0.2999999999962667,0.5393318657197957,0.6543692123071669,518600.mp3,easylistening
222.4326530612245,151.99908088235293,0.583207392679423,0.4850092468261718,0.1919620633125305,0.8716860568833777,1.0,0.875000604695749,0.0034703605677906,0.40853400923169,0.8439981617647059,0.6003067104395697,268400.mp3,electronic
225.97659863945577,126.04801829268293,0.5886030796916274,0.60591015625,0.1051762327551841,0.7739959822746649,1.0,0.3908576369092743,0.0101574783736724,0.5132968229405841,0.6282003293220259,0.6122233779274612,1372200.mp3,electronika
269.33036281179136,120.18531976744184,0.5779446025662667,0.3281194458007812,0.2746316492557525,0.6645954567076592,0.9057788439691452,0.5684504904017099,0.0016903427768219,0.4034265084714151,0.7173450378772711,0.6553983861566166,1343400.mp3,hardcore
262.82666666666665,123.046875,0.5508453966233399,0.3817312011718749,0.0538552924990654,0.1191065611446256,0.1805219018437899,0.1865905910262777,5.687293383541991e-05,0.199797731017598,0.6179394311282873,0.595800019074006,1339700.mp3,ambient
438.2805442176871,139.6748310810811,0.5518586878656184,0.8494627380371094,0.1516187340021133,0.7101843316107708,0.9952772545768048,0.3210566542898879,0.0054972860846431,0.3,0.7329677044583147,0.6079892033490979,1235700.mp3,eurodance
472.4007936507937,126.04801829268293,0.5729059765452647,0.5610206527709961,0.0158103220164775,0.8377981026849284,1.0,0.3674327604912815,0.0026677359743433,0.4955649463876955,0.6947137136866193,0.5667489731886082,1300500.mp3,darkambient
332.88126984126984,139.6748310810811,0.5741127433018498,0.5794821166992188,0.1153469383716583,0.4032711380801371,0.8189108701649731,0.2459980622545387,0.0010420361177365,0.2999999878020247,0.586482828312999,0.6242283321511972,922900.mp3,ambient
345.2307709750567,129.19921875,0.6028728933964054,0.6753020477294922,0.2112535089254379,0.3437643119928626,0.6186286207896061,0.4276094673779668,0.0003663490535892,0.2999999997201006,0.4624593476250989,0.6835593936881378,760900.mp3,celtic
165.4421768707483,120.18531976744184,0.6008414375087794,0.4267735290527343,0.1239277571439743,0.3201907687263552,0.5655851739207083,0.18929026803425,0.0005415837294691,0.3,0.4146558386238825,0.6616828248470542,1088000.mp3,alternative
97.46666666666668,156.60511363636363,0.5638174263506546,0.3320841979980469,0.1253971308469772,0.2931527426640192,0.5937766624118183,0.3478340440860339,0.0002121440385936,0.4906570505056974,0.4914925135521193,0.646844464394488,1075700.mp3,blues
163.76471655328797,112.34714673913044,0.5859518001831484,0.4330984878540039,0.0718433409929275,0.4384778448528785,0.5486580990403134,0.4806371964187528,0.0002394728604458,0.5961334085734651,0.4685308136900316,0.6321574400194476,1014400.mp3,alternative
182.6155328798186,120.18531976744184,0.5891799468803549,0.6655891036987305,0.1164216771721839,0.597232226837273,0.8768832061176691,0.4513761183384243,0.0006351267684742,0.827721031130555,0.5653945730520532,0.6288328891715755,1132200.mp3,easylistening
132.0,99.38401442307692,0.5748398975698222,0.6157511901855469,0.2611182928085327,0.5031546367332509,0.8110259593040654,0.5509801145504858,0.0009872237362547,0.2999989490906806,0.5659127957966169,0.6808200262517484,1294600.mp3,hardrock
160.15628117913832,95.703125,0.5435253477419218,0.4629735107421875,0.1759357452392578,0.7000339425788215,1.0,0.3406189941565962,0.0079540714439361,0.5865102198896641,0.6180972406283951,0.6397174201604539,1066500.mp3,pop
174.0,120.18531976744184,0.5913948941291911,0.5369950637817383,0.0742466077208519,0.3795924736567991,0.690017982158156,0.2023670969295761,0.0003866194776284,0.5916622379781306,0.5604742270118337,0.6146339333771399,1037900.mp3,ambient
71.64263038548752,132.51201923076923,0.5544740533174073,0.5292025756835937,0.1104595959186554,0.3057098554688206,0.6368216162844318,0.1732794226337985,0.0009538427338989,0.3894081634144611,0.4489604466347718,0.6499733652037616,1162600.mp3,pop
341.84868480725623,129.19921875,0.5993821095591794,0.5262199096679688,0.2675641179084778,0.8629198376952883,1.0,0.5381875261442375,0.0072424827218165,0.2999999999884984,0.7649299541518084,0.6433370916166903,1291200.mp3,african
70.0,129.19921875,0.5882785792300824,1.0,0.0238610915839672,0.1942523164589,0.4224737241169657,0.0906896412247704,0.0028264860754181,0.2993107313850702,0.4072251722946586,0.6271449585112965,1042000.mp3,classical
703.7999092970522,123.046875,0.5714447710726691,0.7517259979248047,0.0525611788034439,0.2878106019873275,0.5315351234862524,0.1356475116688614,0.0005029424589976,0.297920395036885,0.412380436958135,0.6364459369776129,116600.mp3,alternative
160.76,123.046875,0.5448840501091539,0.402402099609375,0.1811098456382751,0.5246277576109653,0.743023571582743,0.4771642003991355,0.0009748873528785,0.2999999546641581,0.5486958664943495,0.6554603711309092,1333700.mp3,country
284.0,120.18531976744184,0.5973313804501716,0.5127852325439455,0.1756387650966644,0.3638453831458288,0.7206706630057403,0.2215103166484203,0.0010167696110955,0.2999999999625574,0.5279360421237282,0.6576427470100535,373300.mp3,ambient
83.87632653061225,84.72079918032787,0.6020850435065818,0.529552490234375,0.1025243327021598,0.5004376321056395,0.6756182268259888,0.5849121444847667,0.0002982671774414,0.9145394629954706,0.547693172260768,0.627370125320624,1093500.mp3,hiphop
183.2048526077097,126.04801829268293,0.6069122662813954,0.2260341033935547,0.1784448325634002,0.6411655604801296,0.9446782244335494,0.9224903397322948,0.0014086087828941,0.647096933178462,0.6493657145895871,0.6343669968049066,699100.mp3,8bit
218.6886167800453,143.5546875,0.6198959984849246,0.2989535827636719,0.2613989412784576,0.705299112517616,1.0,1.0,0.0018037141318899,0.6181122039800646,0.7628561019535268,0.6415323984695394,31800.mp3,alternative
69.38122448979591,135.99917763157896,0.5617986560279956,0.9020746002197269,0.1736269742250442,0.5895581719643904,0.903589314060538,0.3295543485801262,0.0043305610103779,0.8215994018522863,0.6719569454873993,0.6281143216235361,1002000.mp3,chillout
230.4522448979592,151.99908088235293,0.5641006890694931,1.0,0.3005249500274658,0.4944383085948505,0.7774218529017375,0.4290778398967869,0.0015006979919003,0.2999999971450744,0.5636144592377258,0.6954660901623425,1400600.mp3,orchestral
273.3913151927438,114.84375,0.5842089671258384,0.3604039459228515,0.3105392754077911,0.1993069187653527,0.4131774727763774,0.2374460883219329,0.0002769722685944,0.517995621722261,0.3578948827059254,0.7402151626056197,1114500.mp3,artrock
42.0124716553288,99.38401442307692,0.4683290761867892,0.94739697265625,0.0718376711010932,0.1765272570732642,0.2670880888166074,0.0824186711057494,0.0009779789316712,0.824754057447429,0.4368871000397255,0.6384841415884486,151100.mp3,classical
199.74666666666667,123.046875,0.5371475229860505,0.6842340698242189,0.0398816354572773,0.2632535440441055,0.5882180120016176,0.1282131541454909,0.0010653182917964,0.8477197367545865,0.3357095485546184,0.6472154790536961,970600.mp3,newage
352.0,161.4990234375,0.4939116311671183,0.4753830718994141,0.076801411807537,0.1912200500914094,0.3135800318483054,0.2122050167366675,6.16691748660954e-05,0.3489149438387601,0.5720729430207456,0.6132339196465642,460300.mp3,classical
476.65632653061226,139.6748310810811,0.5872530803121878,0.4423623657226562,0.2476994842290878,0.6268455371390682,0.8967676343457159,0.619828122920746,0.0017379988661255,0.6029447526337718,0.5996142668197127,0.669248960958529,18500.mp3,electronic
579.7104535147392,120.18531976744184,0.5954645682691877,0.33363330078125,0.1582257896661758,0.6503353480962506,0.9990161848157584,0.3544999079254005,0.0035858989669777,0.2999999999999032,0.6527002272711507,0.6264212388255931,1178800.mp3,electronic
228.528866213152,120.18531976744184,0.5196051480074784,0.4715062866210938,0.1756846755743026,0.4121454231897716,0.7764251183386669,0.1684634295032241,0.0019016362325556,0.5774784426231703,0.4524767724196818,0.6727511287228126,103300.mp3,chanson
146.0,120.18531976744184,0.588747641325542,0.7253826141357422,0.0301934946328401,0.263420568894947,0.5363822773427389,0.1028715167876869,0.0013647382833485,0.3,0.4971128726211761,0.6114470835435872,7400.mp3,choir
198.53061224489795,99.38401442307692,0.5803683604414009,0.6568467712402344,0.0883116349577903,0.3962378255123486,0.6442057531239811,0.2447798659613401,0.0015521910453678,0.5887680895398109,0.4196230742066105,0.6478675737434824,759300.mp3,soundtrack
388.94666666666666,139.6748310810811,0.584977675069303,0.7750645751953126,0.2394870072603225,0.7672913896794411,0.9829887919582592,0.3858352832229892,0.0047926255802975,0.2999999999999551,0.7222512616434665,0.6417650702850228,85800.mp3,club
102.24761904761904,123.046875,0.5146916731462488,0.260035888671875,0.0787571966648101,0.3956124844413264,0.6617271011662278,0.4508564417993448,0.0003391888928703,0.4523831130694838,0.4957425746864434,0.629204075862043,275800.mp3,soundtrack
672.7333333333333,135.99917763157896,0.6757501916213806,1.0,0.2169615477323532,0.3323515001982924,0.5195607098290277,0.4961675600706305,0.0011055141443916,0.457831123742199,0.4814267019099405,0.6818208168016591,604300.mp3,alternative
151.50666666666666,132.51201923076923,0.507787927981133,0.6849173126220705,0.1231318265199661,0.3334682590810373,0.6188943702620517,0.1931370899915895,0.0023047301712439,0.4531179779690514,0.3763296036830946,0.6690615368105689,117100.mp3,chanson
423.9843990929705,120.18531976744184,0.6056021519670617,0.4299981994628906,0.2640156745910644,0.6073560753422287,0.9448309243593516,0.3634746763963162,0.0032662314401343,0.6422243596690523,0.5422284948836258,0.686599943876058,1413400.mp3,deephouse
122.75045351473923,109.9567819148936,0.5479824554684561,0.5589087219238285,0.1014392897486686,0.1187499443615774,0.299569348359566,0.1117665106472307,0.0011148369826914,0.5724094254187768,0.3400118053676403,0.6685157832359927,86200.mp3,blues
275.90637188208615,126.04801829268293,0.5794009220569984,0.9826277465820314,0.1405878365039825,0.7300595762575283,1.0,0.1001961277344732,0.0119341503494697,0.755938378611996,0.6143569052315909,0.6277402400951155,45100.mp3,electronic
218.3033106575964,120.18531976744184,0.5642136042911755,0.2259919738769531,0.2764650583267212,0.5883707847852738,0.7201885392604512,0.8146857700229843,0.000324484576664,0.8591721244356143,0.5978020809782242,0.6799670048019748,973500.mp3,classicrock
199.06666666666663,112.34714673913044,0.5007530167026244,0.93125146484375,0.0313681550323963,0.1360763219419308,0.3243867660378817,0.1072450986946447,0.0007363676972437,0.2965849843949518,0.450941929863925,0.6211041498388776,1374300.mp3,classical
180.73033333333333,165.44117647058823,0.577695324757842,0.3476161804199219,0.1242230013012886,0.4188263790772992,0.7750536074632858,0.1373626753264699,0.0015317532024096,0.4110299710287851,0.3897109322370521,0.6667780940210535,1076600.mp3,chillout
253.52,178.20581896551724,0.5702595523938321,1.0,0.1656433790922165,0.3013418385021442,0.4531091570282088,0.2645967852727022,0.0004257310588677,0.299999998980975,0.5659647796300009,0.6464386605471978,37700.mp3,electronic
216.0,166.70866935483872,0.5641546314327275,0.4761693115234375,0.1729795783758163,0.6470558350857464,0.8333727514609506,0.7976450075707422,0.0006735882488196,0.8244904963472028,0.7825510611535138,0.6057624359845911,1007900.mp3,blues
241.3951020408164,139.6748310810811,0.553966147852761,0.3037215576171874,0.2518565952777862,0.669676160822617,0.9097339628110797,0.5880506221019504,0.0020732194861333,0.6992129241969562,0.6397909371643826,0.6627101868671266,307100.mp3,alternative
350.1714285714286,126.04801829268293,0.5778527473555839,0.5719674530029297,0.231624573469162,0.1920289257111681,0.3270583503062204,0.2818443818016855,0.0001193847753805,0.2999991685110441,0.3911851368588909,0.7051478190771201,221400.mp3,chillout
93.70122448979592,120.18531976744184,0.5070404840484537,0.985837173461914,0.1141294762492179,0.1726088916470592,0.2762560060436048,0.1257322965993877,0.0004125820093008,0.4896621324161,0.385671251548061,0.6639523611401064,1009600.mp3,classical
354.0897959183674,129.19921875,0.6114929613945612,0.2453443298339843,0.3880367577075958,0.4735911325808496,0.7316542019033908,0.3454146037575002,0.0002349173746495,0.7231996869347508,0.5304710785811283,0.7335990170585088,1295900.mp3,synthpop
528.0156235827665,123.046875,0.5756380284053211,0.4567904052734374,0.144254058599472,0.1564499618999743,0.2849354430339764,0.1270650191990046,0.0009430962967633,0.2999911328002719,0.4063157907345785,0.6706683029488942,1327700.mp3,ambient
160.0331746031746,132.51201923076923,0.5681892768553811,0.4695532531738282,0.1494386494159698,0.6320632342628203,0.985016265809554,0.3953254244185532,0.0032681383282305,0.8857157689590349,0.5860917093322853,0.6365795719232922,1210700.mp3,folk
95.82875283446712,129.19921875,0.5301221905926512,1.0,0.0950202345848083,0.2571831221779053,0.5125911315347351,0.134986334963289,0.000225363851966,0.294913716220561,0.4641954625553788,0.6413681919394553,1416200.mp3,ambient
256.0133333333333,95.703125,0.5653946678592455,0.456398910522461,0.206165000796318,0.567677967385846,0.7837589939741498,0.4405330195148496,0.0012225326897098,0.7530068908729488,0.5132924292500984,0.6715609144366548,985000.mp3,alternative
364.3297959183673,143.5546875,0.5880205116428634,0.3250442504882812,0.4257623851299286,0.6404989728133361,0.8715807112841701,0.7373024379362687,0.0008249953966487,0.2999999999961284,0.6168640047190601,0.7299016577029622,454900.mp3,electronic
165.91097505668935,166.70866935483872,0.5453914974623384,0.5243850708007812,0.1643399000167846,0.3637216485081362,0.65906603095,0.2161042853168717,0.0007722597697735,0.2999999999999941,0.6353482384687876,0.6320927163122849,1324900.mp3,easylistening
246.15383219954649,156.60511363636363,0.5682698864274884,0.5140906219482423,0.183161586523056,0.8743521641863943,1.0,0.5562583833554589,0.0053959914630336,0.5096892924470087,0.7632102272727272,0.6132961256937547,1138700.mp3,hiphop
233.2473469387755,105.46875,0.5566156961666535,0.472117919921875,0.3032341301441192,0.5234692972313887,0.8359359604448993,0.3070461109269895,0.0021983627077637,0.2999999999998525,0.482672674417971,0.7126297519682887,506100.mp3,blues
166.6884126984127,156.60511363636363,0.5195718271662614,0.3584664306640626,0.161139577627182,0.1957993581154952,0.443787342341888,0.185562905357428,0.0005062335567047,0.7217791834115254,0.2961002593062426,0.698790196084537,1398500.mp3,folk
63.03578231292517,132.51201923076923,0.5739480766352505,0.3333771514892578,0.1047368794679641,0.2754272825435734,0.4703774612206803,0.368818218568926,0.0001235733640831,0.6191964399068601,0.4431630586830672,0.6490726648718537,1314100.mp3,classical
226.5,161.4990234375,0.5196111143136217,0.4764698333740235,0.1198159456253051,0.2606694777463684,0.5534367664070262,0.120219024640272,0.0015991199227251,0.2999999999851088,0.5760710876820432,0.6279195228887012,1398100.mp3,chillout
295.4950113378685,95.703125,0.564808650227211,0.4077901611328126,0.1938444077968597,0.6092421183242434,0.8651300334182429,0.6942999352200029,0.0012132576570075,0.619280136156664,0.5392669128588976,0.66193060423509,159200.mp3,metal
198.2933333333333,117.45383522727272,0.6028158040356979,0.1921912384033203,0.2842381596565246,0.6251362829419386,0.7445508146341654,1.0,0.0004035670152076,0.7573927194661554,0.6375298397269953,0.6748197695309498,12100.mp3,metal
189.25714285714287,101.33272058823528,0.5550460051342757,0.1808488159179687,0.2274855375289917,0.4089517988324259,0.7520198909486318,0.3988629256921939,0.0013050770143807,0.8474804081794822,0.4211957026024644,0.6976556529899441,308500.mp3,pop
165.756462585034,156.60511363636363,0.5863392788724067,0.248724365234375,0.2339745461940765,0.3992734675535574,0.5913343322382811,0.528696715738694,0.0001946817391429,0.3391127042302697,0.6426550490874018,0.6556998268123871,1189900.mp3,indie
358.08653061224487,117.45383522727272,0.5735332446112632,0.6595203323364258,0.0922432616353035,0.3150142192288421,0.6502420738012743,0.1804729385641671,0.0012339131988449,0.812159779766922,0.4214733199965504,0.6489129101893991,1346200.mp3,electronic
217.4378004535148,139.6748310810811,0.6017586142342868,0.5295197906494141,0.1076997891068458,0.4711322901321446,0.7979173872791077,0.1791063552154022,0.0020841789723307,0.5923689272457133,0.6248433664360815,0.6138032507912482,506000.mp3,electronic
193.67290249433103,95.703125,0.473990414913638,0.3127327728271484,0.122164137661457,0.319915235241755,0.4023025993150839,0.3407905702363581,0.0001600708378728,0.9555833338054658,0.5224461833571058,0.6394898528867035,1251300.mp3,classical
107.36907029478458,135.99917763157896,0.5782146077428946,0.2438105163574219,0.2966904640197754,0.5670538863313663,0.7653356299913164,0.8886002178218344,0.0004644606170155,0.7057307667097339,0.6066962035363326,0.6854693263398527,1131100.mp3,alternative
401.9097278911565,126.04801829268293,0.5743453677025117,0.2831878967285156,0.3169535100460052,0.440530626262421,0.6648177922545487,0.5242181918612762,0.0003431905480264,0.3579930112764647,0.502365315988079,0.7136302004189461,1314300.mp3,atmospheric
65.82478458049887,117.45383522727272,0.5876815079341977,0.5476993408203126,0.1925016343593597,0.5946204875509777,1.0,0.3243601324902138,0.0025946220391966,0.9304766155116726,0.5329267349679513,0.6627152413757792,1274100.mp3,chillout
268.0,120.18531976744184,0.5144870028176675,0.4456028900146485,0.1255864351987838,0.2463498618629354,0.4910500526965554,0.161305898711387,0.0010207631527883,0.2999323048119697,0.3720861404033363,0.670793888590895,399500.mp3,electronic
223.05959183673468,143.5546875,0.5396287986247168,0.4080331420898437,0.1095913127064704,0.2098135232060883,0.3769528844216549,0.1643013559162812,0.0003218353955995,0.964144688677274,0.5405362930061491,0.6313456139730995,1090200.mp3,easylistening
182.4,99.38401442307692,0.5718634392167214,0.4783152770996093,0.1567865461111068,0.4114942738725649,0.7458418183652771,0.1773779750400139,0.0017557169166155,0.6459924433527234,0.5055687423082483,0.6553294081383487,409700.mp3,easylistening
33.103469387755105,114.84375,0.5592346635121355,0.6829856567382813,0.1000842601060867,0.294876317362458,0.6742375771418317,0.1358669996237129,0.0007594307361211,0.8502121187151612,0.3277894362418987,0.6704724463898115,1416000.mp3,ambient
246.25575963718825,126.04801829268293,0.614134241823302,0.2696754455566406,0.3199171721935272,0.5494169453482891,0.7943861915558444,0.8609708952211864,0.0005592680496624,0.4676146449644383,0.5870926883048013,0.6977516443287095,429200.mp3,grunge
240.0272108843537,109.9567819148936,0.53447022617763,0.514056182861328,0.1198350861668586,0.3604649423998136,0.6389948709342271,0.250535405668446,0.0004501050713805,0.2999999999999211,0.5004401209986644,0.6430526068203363,1393100.mp3,electronic
292.9509523809524,120.18531976744184,0.5840585420835733,0.7515086669921874,0.2635021209716797,0.5729911594724245,0.8196883820723282,0.3629037854996312,0.0012559481395533,0.5446295316883359,0.5455923713267603,0.6857422892844526,934000.mp3,poprock
155.5524036281179,123.046875,0.5467662728032427,0.7379546966552735,0.0693694800138473,0.2016501242526779,0.296462756055619,0.2254358261173476,9.528283407384588e-05,0.417824925773975,0.3489477237547883,0.6551834680540275,903600.mp3,classical
272.3404308390023,139.6748310810811,0.6107848829867331,0.3544906463623046,0.3103456199169159,0.77567730075183,1.0,0.4139564431708772,0.0083042600791896,0.9542659468863,0.6251096190775688,0.686702499354576,863700.mp3,atmospheric
234.4533333333333,123.046875,0.5409224118621263,0.6059914703369139,0.1008800417184829,0.3976603542149957,0.7443949850289547,0.2165819841907257,0.0010514515739224,0.2999999933784259,0.4612670127614736,0.6440634124663592,1051200.mp3,indie
207.4122448979592,126.04801829268293,0.5911140139708052,0.4802339172363281,0.1350609511137008,0.3687110210416863,0.718074157842369,0.3444351309067776,0.0006848939902219,0.8763862753271923,0.4599184039931623,0.6566382616022999,1330200.mp3,80s
195.55705215419505,97.50884433962264,0.5643430093562227,0.6432568969726563,0.1283214837312698,0.5915739030626309,0.8480968714278586,0.4821559098991607,0.0010641436695721,0.2999999999998556,0.5234344474945053,0.6415088446443561,1178100.mp3,fusion
288.0,147.65625,0.5845038410933604,0.228134765625,0.2381662279367447,0.5819962729725585,0.7473698511252266,0.9465766448691214,0.0004573725187499,0.2999954766255668,0.6425798600811289,0.6572238700410022,1196900.mp3,heavymetal
264.3466666666667,139.6748310810811,0.6062154822945424,0.7972499847412109,0.140294536948204,0.3772512968656359,0.6587601876054597,0.1432645370416987,0.0023132008195382,0.2999999999977882,0.4059280806368709,0.6693204171739793,3900.mp3,electronic
176.16979591836736,135.99917763157896,0.5961561281241763,0.2647141418457031,0.2944790124893188,0.6451704059500853,0.8625592467580582,0.7296487322698597,0.0011866354838557,0.6965512123277369,0.6293357981839577,0.6801452848593632,1340000.mp3,alternativerock
294.41333333333336,107.666015625,0.585820519936119,0.2337242736816406,0.2530999183654785,0.3813698760609825,0.5670903382987652,0.7758313544332651,0.0001303568745025,0.5621167455683065,0.4439458571737889,0.7023267991768145,7200.mp3,punk
400.0,120.18531976744184,0.5757923938226954,0.4760348510742187,0.1581130027770996,0.6006681669388092,0.7452207854239583,0.3976554104659872,0.0006220383257899,0.7542962863421985,0.678358190136481,0.6212490429724596,1300000.mp3,electronicambient
183.68,151.99908088235293,0.5881779746184341,0.4365269470214843,0.1481274217367172,0.5850096969302053,0.8600737491410425,0.5763956827988734,0.001043234887519,0.7589254596693077,0.7199561839762093,0.6093346350299763,436400.mp3,rock
133.3333560090703,120.18531976744184,0.53764524968802,0.4930198669433594,0.1402279287576675,0.1645344813949292,0.3535882454628955,0.1381250199093197,0.0004068253348113,0.2999989659935473,0.3735561380126974,0.6757708267502208,1400500.mp3,electronic
297.0,120.18531976744184,0.5984179361618774,0.7323752517700196,0.084867849946022,0.5761069174707659,0.7922345286825925,0.3453674553945133,0.0007361463797457,0.7428418929153093,0.6645287814924821,0.5976466696820716,1053500.mp3,funk
155.22387755102042,132.51201923076923,0.5834154238779807,0.9575717544555664,0.1719229519367218,0.6403774423583021,0.8279681837699768,0.3394895744021015,0.0025998532900485,0.7121841379451587,0.7057715199607998,0.6207379587050599,719800.mp3,dancehall
181.5131292517007,126.04801829268293,0.5261474994771949,0.5318620910644531,0.2314830869436264,0.5054526706749927,0.8188427662389539,0.3792448150257006,0.0016695921000782,0.6739023427961593,0.5228008880764676,0.678773733684412,1257400.mp3,poprock
187.63755102040813,172.265625,0.534893596776906,0.6478138427734376,0.1441187709569931,0.4702748688824051,0.8307927793458064,0.1890402359041533,0.0030042084245071,0.9471785398302,0.5770260863580843,0.6364775402729007,1294200.mp3,flamenco
226.25333333333333,143.5546875,0.5800866293014992,0.1906207122802733,0.2421177178621292,0.5626471290210514,0.7619718889568022,0.8425617766029878,0.0003433049883899,0.549939636622682,0.6100143966846553,0.6651594990934355,400400.mp3,rock
175.06666666666666,161.4990234375,0.5778094492084065,0.5848795166015626,0.1511862576007843,0.4941494142258804,0.7791975198942112,0.309581246087678,0.0020593460021125,0.8383778205971781,0.5091636545969518,0.652594321816892,1166100.mp3,folk
200.54807256235827,129.19921875,0.5537400120995384,0.5539185638427734,0.2384375631809234,0.3434487608314359,0.5920137226987666,0.2799698969549612,0.0003469674445876,0.2998932105554441,0.4664131288475776,0.6925548969756169,1231600.mp3,atmospheric
124.89142857142858,135.99917763157896,0.593438224850412,0.5920838317871094,0.395781397819519,0.3612999103290403,0.6686793560283173,0.3029654618910941,0.0005538199303772,0.6096720133499658,0.475115992958822,0.7474581046232625,1296300.mp3,drone
395.1107029478458,135.99917763157896,0.6002037253517147,0.4160670776367187,0.1972883939743042,0.5898153375814869,0.8882747743474007,0.7948209432729024,0.000768457120071,0.2999999999996778,0.4552184443497061,0.6799801329608083,872000.mp3,atmospheric
130.75560416666667,133.92857142857142,0.4610041346711144,0.4344881286621094,0.0505888424813747,0.546851712879226,0.6944868173503302,0.3354580706260607,0.0008706703717146,0.7544213594366795,0.7208505556953929,0.5740418721542163,1162700.mp3,easylistening
357.1332426303855,126.04801829268293,0.5929952530079268,0.6182917785644532,0.1502630412578582,0.6586940081004282,0.9412340317858544,0.4997576119904757,0.0017991148046169,0.794130563425677,0.6822264381748564,0.6176494072178578,224800.mp3,electronic
163.83077097505668,129.19921875,0.5814404594939051,0.3947084197998046,0.2588997185230255,0.4299907633791435,0.7675186360341668,0.2930375808860129,0.0006999327022485,0.5985292788687987,0.4906798341448142,0.6950679318393264,1032000.mp3,alternative
356.181768707483,109.9567819148936,0.5126515558331524,0.5902123718261718,0.0707444325089454,0.3578093805708942,0.5863138375414303,0.2401574446332161,0.0005074911216166,0.6454861691334348,0.4544727320945975,0.6345734492843008,633200.mp3,classical
145.71875283446713,139.6748310810811,0.5635256399373736,0.291981231689453,0.1067733019590377,0.431627764738875,0.7142686503610267,0.5216916165337562,0.0003776761251992,0.2999999990428232,0.6119234517574929,0.616053698353755,1345300.mp3,dubstep
94.74718820861678,117.45383522727272,0.5468163237504456,0.8454653930664062,0.2322102338075637,0.7549594945763702,0.9001833869896627,0.4230985561908063,0.002889782554385,0.9229018515491634,0.6143338959515472,0.6607289049804135,1311300.mp3,hiphop
143.4,132.51201923076923,0.5784497985499858,0.5044469299316405,0.1234346702694892,0.3793119726850136,0.6221597203000003,0.3653240711487426,0.0003348752538941,0.4548353722605329,0.5092766114462446,0.6425811590077672,1284300.mp3,ambient
214.0,120.18531976744184,0.5852176383569763,0.3043715820312499,0.2346047461032867,0.5361333716194165,0.8559941207023188,0.5245004650990469,0.0018131597274976,0.7614017391405303,0.526993427999332,0.6790590229973168,347600.mp3,pop
228.5817006802721,103.359375,0.5526983109006489,0.5375582885742187,0.1683316677808761,0.3523254707123834,0.6498734439060523,0.1531279691891845,0.0015785578667517,0.5788069773303031,0.4915520437218258,0.6622889916567503,588700.mp3,chillout
255.56251700680272,107.666015625,0.5629423312578312,0.7837264709472656,0.2145554423332214,0.5559051931861075,0.8336200773743139,0.2808205350940076,0.0023721298505634,0.786837420609437,0.6059666114601971,0.6560466369479203,1249300.mp3,classicrock
354.9295918367347,139.6748310810811,0.502691020561606,0.8879046478271485,0.0571465790271759,0.3687291429858226,0.5707942993548376,0.1212884099271452,0.0013251527150021,0.2999999620433348,0.5313268391183033,0.6143074006261227,865000.mp3,soundtrack
217.8509523809524,129.19921875,0.570308578231167,0.4713937377929687,0.2259484082460403,0.7138684035447317,0.8565069728639677,0.5620783373301359,0.0010003624613546,0.963919887305338,0.6496668598290286,0.6514080550027688,397700.mp3,electronic
259.41761904761904,123.046875,0.5406321738929878,0.5507104492187501,0.1458533257246017,0.1728560436574587,0.3197969474456547,0.177711388481081,0.000279794478207,0.299999999982956,0.3893887004422232,0.674629457172412,1366700.mp3,chillout
720.0,95.703125,0.5789789019178975,0.315339126586914,0.1658863127231598,0.5712090894941714,1.0,0.1985247709481738,0.0028215801292535,0.4908438779614149,0.4705057140760874,0.66561792976512,1417200.mp3,classical
251.2995691609977,178.20581896551724,0.6163179461091686,0.8633725738525391,0.1748768240213394,0.5176527420825763,0.8392296573544406,0.1399285171822429,0.0018347251408397,0.8787777997394837,0.6322242105353197,0.6365108145406183,860000.mp3,hardcore
227.4481632653061,99.38401442307692,0.5997329528457158,0.3144651794433594,0.2455657124519348,0.4654138988220154,0.7653152268570246,0.3296448966735597,0.0009442583260206,0.9018972399558656,0.5380592304575074,0.6807918103911951,279600.mp3,alternative
85.33333333333333,178.20581896551724,0.5111691345255633,0.922976531982422,0.137952372431755,0.8173327107858153,1.0,0.2015567817220819,0.0148252327136693,0.3,0.798716755857167,0.5899195029039984,1168500.mp3,80s
169.47575963718822,95.703125,0.5095274203276274,0.5182177276611328,0.0907793864607811,0.1171516189841215,0.1600846176270868,0.1052750293224264,0.0008053005115407,0.2962793914554575,0.3172226282526751,0.6692360534753462,1022300.mp3,celtic
121.6232879818594,99.38401442307692,0.5533218528551627,0.4288158416748047,0.1076246723532676,0.1949032238831385,0.2774520224059404,0.3004977695825068,4.66322697101733e-05,0.7095269682592067,0.354318101295079,0.6678812617881607,752300.mp3,classical
110.96,139.6748310810811,0.5077598753324364,0.5714623718261721,0.1290404647588729,0.4091407634419363,0.7169332444434967,0.1974236879845257,0.0013930405434263,0.7192947044570124,0.5234265172371786,0.6417692638657586,170000.mp3,folk
150.09378684807257,92.28515625,0.5160657227895454,0.3688184814453125,0.0865359231829643,0.4845041994516988,0.8071319590617925,0.2907707950928995,0.0020901854770901,0.7306710365285993,0.6316743297714636,0.6048180663915744,1105600.mp3,60s
159.06666666666666,161.4990234375,0.573159484561995,0.4772683715820312,0.2637666463851928,0.7633652576785278,1.0,0.3630705253844743,0.0068833179715589,0.7658093012736205,0.8023144241321986,0.6344931078722297,1236300.mp3,groove
282.352947845805,84.72079918032787,0.5639762338652246,0.5646488494873048,0.2466067522764206,0.572704259647078,0.9063489021609828,0.3923076460205391,0.0019134119605596,0.2999999999999999,0.5571779933120018,0.6773428321571111,166400.mp3,electronic
273.01839002267576,107.666015625,0.5638542228062571,0.3159373474121094,0.132143422961235,0.3335077417565906,0.5811802656487554,0.2978416355859425,0.0005864281412434,0.890640667440213,0.4968518517859966,0.6482012619088453,399200.mp3,easylistening
347.53845804988663,129.19921875,0.5113880933545403,0.82584716796875,0.1132379025220871,0.765126751347628,1.0,0.2541374604325632,0.0098150081504196,0.8675767231972795,0.6353579807423688,0.6136940487594775,1395500.mp3,folk
268.44444444444446,135.99917763157896,0.6119071744612609,0.4100490264892578,0.2061885893344879,1.0,1.0,0.6896114143219108,0.0155823840975832,0.8539999514406267,0.7219983552631579,0.629828221107784,1365200.mp3,electronic
239.01907029478457,120.18531976744184,0.5740895285607363,0.5608780975341796,0.1764122247695922,0.8694763030552957,1.0,0.6112296056902671,0.0052293697855719,0.9204483474920776,0.7803706395348837,0.6074342730100765,1388000.mp3,electronic
211.2066458333333,130.8139534883721,0.553282094362018,0.6039602661132812,0.1727016121149063,0.4404613354596879,0.821873240768867,0.1976591475424375,0.0021201640195863,0.3448116507804269,0.5717072657015217,0.647831127221062,1069500.mp3,ambient
58.1740589569161,120.18531976744184,0.5951670415163282,0.6911543273925781,0.1787689924240112,0.6231379769264616,0.9275115490846256,0.2847102228755275,0.0025017027188414,0.5571617899781187,0.5283105247189039,0.6586947323288633,1349100.mp3,downtempo
121.64,101.33272058823528,0.6308333227519096,0.2619076080322266,0.287517786026001,0.6620343877476758,0.9191534748000008,0.9247296309573136,0.0028038515716152,0.6928105975661711,0.5738469360901026,0.6887370157513398,45500.mp3,hardcore
269.53333333333336,90.66611842105264,0.5475836300768376,0.3811141967773437,0.2009464502334594,0.5853937971194673,0.9295520150334688,0.371478879158192,0.0022209349088716,0.7376986051930066,0.5748300271610185,0.6573747166518418,1194600.mp3,bossanova
195.0078231292517,161.4990234375,0.5892910545120338,0.440775146484375,0.2835516333580017,0.2393118571755076,0.4577220893731019,0.2313244089754703,0.0003666966395451,0.2999999999992624,0.4084144603228152,0.7203956959443175,1070600.mp3,hiphop
73.51351473922902,109.9567819148936,0.5356712816358379,0.6628210983276367,0.0919739678502082,0.7570059818979433,1.0,0.2702687086883503,0.0036229059708506,0.533719968306639,0.6262200170091846,0.607866625024238,1275300.mp3,folk
215.7538095238096,114.84375,0.5347418980354648,0.4340916137695312,0.1945746093988418,0.6199213203031952,0.9070726484810524,0.3441504887498293,0.002375251077771,0.7222488138194119,0.6405693090866414,0.6419329975662548,1333600.mp3,electronic
300.0304761904762,117.45383522727272,0.5251914256694972,0.2715412292480469,0.1133942753076553,0.1914710128258209,0.3447231362573248,0.2575376829881753,7.630584967699753e-05,0.2933388902664425,0.3524053920041385,0.6703408607099283,1393000.mp3,ambient
211.2,126.04801829268293,0.544853570457266,0.4727558898925782,0.15042145550251,0.6094566779232331,0.6011577431681486,0.4118653066477895,0.0006556834321119,0.8989850214234858,0.569072838835647,0.6403371562137743,1190000.mp3,alternative
207.53333333333333,123.046875,0.5633480727062844,0.2824239349365234,0.1158287450671196,0.2476967561339986,0.3470671915442649,0.3375107106407828,0.000118354990925,0.2992049221034901,0.4950441307103161,0.6426895220820998,1277800.mp3,blues
54.680680272108845,129.19921875,0.560533825577249,1.0,0.0099572595208883,1.0,1.0,0.0687535601470664,0.0029568935803122,0.2994210882413106,0.6796875,0.5676471134275198,1100200.mp3,classical
245.63045351473923,129.19921875,0.5811173120793298,0.5576560058593751,0.2467924356460571,0.4969924967944399,0.7970637667143297,0.4127979322994062,0.0008937882599879,0.3,0.3868575860985327,0.7114737596128741,1368300.mp3,club
335.05333333333334,123.046875,0.5965631447406277,0.6468035736083985,0.1888962388038635,0.6320596225900714,0.9910631401425638,0.3802755100316075,0.0024944004134215,0.2999999999733013,0.5733778309225525,0.6533270797848804,356100.mp3,pop
119.97721088435374,151.99908088235293,0.6009086206748708,0.7385165252685547,0.1830576211214065,0.3323401122427005,0.5954119139244187,0.2547593310266371,0.0004582285893302,0.7166795536546018,0.59729797687541,0.6464411482286243,1317800.mp3,funk
170.55342403628117,109.9567819148936,0.5437901619173449,0.590657958984375,0.1616393029689788,0.4712859755407789,0.8826899327814333,0.2827787379364502,0.0023377697746503,0.3,0.5702764361524607,0.6441348618383402,484000.mp3,electronic
321.85469387755103,126.04801829268293,0.5806862646726003,0.4641750488281249,0.2150236666202545,0.7214403053193565,1.0,0.4191405744811696,0.004367750525168,0.9550814705837308,0.6096025918654449,0.6554880016102027,1385600.mp3,electronic
215.99963718820865,139.6748310810811,0.5537620957827085,0.3559961242675781,0.1478209793567657,0.3415967460004072,0.6600628163010492,0.22634618283834,0.0011846689255502,0.6321187770856791,0.5543286722144005,0.6423498181255556,1408400.mp3,jazz
156.77333333333334,151.99908088235293,0.5782066562848427,0.5785412902832031,0.0942975357174873,0.366509349122221,0.6073280942035304,0.282625924748584,0.0006215449608644,0.2999999999999989,0.4600977047059075,0.6419275719171139,420700.mp3,blues
124.00433106575964,120.18531976744184,0.597552571498658,0.6228948974609375,0.1523950695991516,0.6248700322793305,0.814857110588229,0.94661274522117,0.0005507952919153,0.7530510902184981,0.6070496819589435,0.6334522886639059,1303000.mp3,punk
472.0,99.38401442307692,0.6085579772110585,0.2184520568847656,0.2559410333633423,0.6196740693805438,0.9235016286099286,0.8872858167027126,0.0018774915409736,0.2999999997231905,0.5144935416023708,0.6892400636903291,1210600.mp3,triphop
196.4478231292517,114.84375,0.6095785166622663,0.9085027313232422,0.2624919712543487,0.6422026761551044,0.7464015509224481,0.3586010167766709,0.0026196165537786,0.4069664201643959,0.5840010852191142,0.6776968926077427,1072900.mp3,breakbeat
225.8721088435374,139.6748310810811,0.6214975510981335,0.2824848175048828,0.217016726732254,0.7050552432946751,1.0,0.2860703827021822,0.0056042564079902,0.9619394509050114,0.6012698679443271,0.6578720480347461,1332600.mp3,dubstep
175.14285714285714,139.6748310810811,0.5649041206812606,0.6671500396728516,0.1062997132539749,0.0729389782006067,0.1226508007439511,0.1380750364576428,0.0004441967962711,0.2949865049317294,0.325616089534852,0.6731446788644606,1385300.mp3,ambient
388.0133333333333,120.18531976744184,0.5623746604586755,0.7941126251220703,0.0865972712635994,0.5830196555302781,1.0,0.1532710921495977,0.0051896998972696,0.3823707979179253,0.5596384001773498,0.6192473376194259,17500.mp3,easylistening
61.25714285714286,109.9567819148936,0.5599118469698382,1.0,0.1160405203700065,0.3557794359505487,0.6505758722861525,0.2415692582167436,0.0008879261265299,0.3,0.5342581379728157,0.6349229597386392,82800.mp3,alternative
159.38560090702947,120.18531976744184,0.5809076142457374,0.2715927734375,0.0357926487922668,0.4780873557622925,0.8624904538386278,0.3602831108797649,0.0009366584716264,0.9267800226287838,0.4971447706125389,0.6134563994427082,342300.mp3,alternative
210.25,161.4990234375,0.5418408233614562,0.8297275009155274,0.1346730887889862,0.2636537983750539,0.4195591990785525,0.2009131190152321,0.0002892605617712,0.6539344096266586,0.6020840142420931,0.6280655091156164,1415800.mp3,electronic
322.1431065759637,112.34714673913044,0.562891151183712,0.6170473480224609,0.0830934047698974,0.5322498367002741,0.8383497264674672,0.1473176708846517,0.0049301477489207,0.7185008827894002,0.596819132589049,0.6105497991993533,74700.mp3,latin
173.13333333333333,126.04801829268293,0.5731134091055805,0.2011120910644531,0.2719039916992187,0.5545697613977552,0.9128030676499472,0.6785034500918334,0.001739766643432,0.6173774255720424,0.541668467232699,0.6895517435651789,1357000.mp3,indie
254.4180498866213,135.99917763157896,0.5754432765989972,0.3959441528320313,0.2024903446435928,0.530641051624619,0.8440299431161224,0.297963213181461,0.0019846662104802,0.2999999998993475,0.6503563285518206,0.6428252583613293,1165400.mp3,folk
386.7712471655329,151.99908088235293,0.5759866438658969,1.0,0.1429628580808639,0.332070719459943,0.5677469289610706,0.2612207275341649,0.0004771731796048,0.2999999511474013,0.53415230572142,0.644636167764827,683800.mp3,indie
71.1,99.38401442307692,0.52583765020547,0.9478962707519532,0.0283171515911817,0.3040068279658139,0.4648127580942678,0.1026556495769039,0.0027039570177679,0.3,0.4998866044600563,0.6102168536808142,1266500.mp3,pop
323.8672916666667,119.6808510638298,0.5684281331166561,0.5496100158691405,0.12791807949543,0.1893540754586545,0.4097618124248887,0.1226489557653209,0.0009167390892959,0.3141761390293917,0.2904643681493311,0.6879576349884886,729300.mp3,classical
661.9148979591837,126.04801829268293,0.6416722654265378,0.2433676147460937,0.0711224526166915,0.3736149547306315,0.5779405131308823,0.5611504094273749,9.375302291846944e-05,0.8732237454242395,0.5704837561718161,0.6115073317076458,1313000.mp3,chiptune
197.64244897959185,112.34714673913044,0.562450159366845,0.5770796585083007,0.0306994076818227,0.5742583264661972,0.6981243773805611,0.6958881578947368,0.0005722817838157,0.2999999999953566,0.5395677506825328,0.6031382366289496,1090700.mp3,ambient
151.49961451247165,120.18531976744184,0.5452061663571957,0.3603771057128906,0.1504779607057571,0.4841534538333851,0.7503444759894609,0.3199229978506682,0.0010429046309071,0.7893095368862804,0.4265338689107482,0.6688652920719229,1356500.mp3,chillout
177.23557823129252,129.19921875,0.6141735018643372,1.0,0.2498502433300018,0.7718538941215934,0.9856560675768818,0.3154697350720395,0.0042358388744472,0.464664743803465,0.763487736496303,0.63724854029954,36600.mp3,dance
268.04970833333334,140.625,0.6109808238189667,0.3320941009521485,0.2163393199443817,0.6289907462179084,0.8915638814022813,0.669078644706065,0.000868657973751,0.6437972970221943,0.5969726790932753,0.6584876193613224,47400.mp3,dance
247.0,135.99917763157896,0.5750231043310878,1.0,0.0888251215219497,0.3310217152443517,0.6310715594017049,0.1228208993723309,0.000683436110383,0.2999996419890052,0.468849884250509,0.6382070668978,1337900.mp3,chillout
182.95215419501133,143.5546875,0.5488778909352521,0.5697266387939454,0.1181829795241355,0.4399417084753753,0.7374422802549498,0.2446335736915336,0.0011529581362194,0.7490609017904175,0.523452795963631,0.6378553134359626,1323600.mp3,90s
149.7338775510204,126.04801829268293,0.5581960251524185,0.2931152801513672,0.170767068862915,0.704828479002443,1.0,0.4906519823455328,0.0031813545081227,0.5406785432683023,0.6469299681771639,0.6320901511552167,1374700.mp3,atmospheric
290.70390022675736,93.9630681818182,0.5250907676243239,0.7956659545898437,0.1310190558433532,0.2253999920840837,0.4352983568389433,0.0887919816099119,0.0013181286919687,0.2999999999981574,0.3452213408043857,0.6781225919427301,153400.mp3,ambient
163.58666666666667,132.51201923076923,0.5384289930727466,0.317645263671875,0.2639482915401459,0.4671728048360095,0.7447996036680157,0.4498024166956594,0.0007049386714719,0.5403424697426561,0.6221595043474623,0.6705894840849601,1354100.mp3,country
255.36768707483,135.99917763157896,0.578380011207393,0.5444318389892578,0.263763427734375,0.4885071274179939,0.7302442401075274,0.6331579134121946,0.0005459480379318,0.2999999958506155,0.6406571131019262,0.6668234113639897,1134300.mp3,alternative
178.65372916666666,98.6842105263158,0.5103161674364536,0.5928220825195314,0.1353412419557571,0.1159382642784014,0.2855985055683929,0.066603757923662,0.0031002332648876,0.7746609174607597,0.3947963829966124,0.6697635705047501,1110500.mp3,ambient
58.512,119.6808510638298,0.5149053599357997,0.8702434158325195,0.071841724216938,0.5873782995631185,0.9923461851372938,0.1915776744351475,0.0027521701741328,0.2999999999959128,0.6213442204767876,0.6015941766227402,1086300.mp3,country
249.13333333333333,139.6748310810811,0.5644422757651857,0.7653931732177734,0.0813641622662544,0.4415636705605752,0.6961860024376231,0.3751689836204946,0.0007141390756203,0.2999999999991256,0.5305751819069009,0.6231760620344715,80700.mp3,chillout
332.2002494331066,114.84375,0.5714440796535613,0.5161448059082031,0.2751468420028686,0.7084483300789786,0.901864688882548,0.4424951456476192,0.0025171232535806,0.3966383299269196,0.6935659982166064,0.6603396634777114,1378900.mp3,80s
276.0,120.18531976744184,0.555139545484798,0.7281709594726561,0.0742663890123367,0.3577959086781032,0.6356074215249974,0.2147428985331791,0.0006544050487537,0.2999999999999258,0.4444729589939817,0.6378413082456449,49100.mp3,electronic
49.34061224489796,151.99908088235293,0.5946293565647226,0.8802626342773437,0.033052671700716,0.1214269154297332,0.3005219555494933,0.0300430416068866,0.0089702030230607,0.5054400212218458,0.4527455156221391,0.62134985868783,966300.mp3,soundtrack
150.0,120.18531976744184,0.5374255571499171,0.7419502410888671,0.1028136610984802,0.303010340197079,0.4333730986210038,0.3180265045684513,0.0001243415703235,0.6932925550245255,0.4611447368729927,0.6447839706208545,1170400.mp3,classical
224.3408843537415,120.18531976744184,0.5677690236409862,0.3601658325195312,0.2606723606586456,0.8553757561646387,1.0,0.6672688076497821,0.0054556524670314,0.2999999905806074,0.6609992639947524,0.661642197038162,174900.mp3,newwave
214.5,161.4990234375,0.5791657322189151,0.5468241119384766,0.0658418610692024,0.204241202147127,0.422952336776514,0.090345814477846,0.0013119434027493,0.3,0.3926010711388726,0.6451828557571384,1173500.mp3,ambient
491.0743990929705,135.99917763157896,0.5615233994467298,0.8372807998657228,0.1808179020881652,0.9164367317954678,1.0,0.4527190929860029,0.0105664183547175,0.7697064046051255,0.7100508433388353,0.6230842760839724,1304400.mp3,dance
311.04,123.046875,0.5554002411871433,0.4832327270507812,0.0507433228194713,0.2719898735505019,0.5027499831017427,0.2243072163840969,0.0002528328442079,0.2981105333537609,0.4420103654625213,0.6298655231225054,1395100.mp3,ambient
403.58113378684806,126.04801829268293,0.5547265901226901,0.5726857528686523,0.1230535507202148,0.5531610743237421,0.8367898106181206,0.2774796139883613,0.0011724350128137,0.5177176339319626,0.5561171926116439,0.6330758397369486,89300.mp3,ambient
323.96467120181404,126.04801829268293,0.5714744764899626,0.4687740631103516,0.1230111345648765,0.5532840115425031,0.8532124807404898,0.2218659095994629,0.0022559112657296,0.29999999997323,0.5366013062875771,0.6369637471858401,1123300.mp3,acid
172.3636507936508,109.9567819148936,0.5471467299932865,1.0,0.136915847659111,0.3992552156349037,0.7061330226032947,0.0739040653692049,0.0104792997080563,0.2999993872528537,0.4432465998434838,0.6606403851885831,1310500.mp3,electronic
69.00972789115646,126.04801829268293,0.538359379284074,0.2547317199707032,0.1005108505487442,0.7101265396688977,1.0,0.4820857863751051,0.0051024882693659,0.2998576720490467,0.5490312866729015,0.6263776488629677,1226700.mp3,ambient
209.9609750566893,107.666015625,0.5510918678693506,0.7574478912353516,0.1812647581100464,0.5160575427367803,0.7405607950971849,0.3507213227509659,0.0007446210007373,0.300931163691165,0.5086642217448116,0.6635224685706544,40300.mp3,fusion
138.79510204081632,83.35433467741936,0.6020814803599177,1.0,0.2158019542694091,0.3283388807725407,0.6198298199803906,0.2434564576511511,0.0005165715171854,0.3804745460103185,0.3600208767395255,0.7056845281890822,1320000.mp3,downtempo
168.25848072562357,126.04801829268293,0.5616625753080982,0.494414031982422,0.1758779436349868,0.3217310947212419,0.6350952931912571,0.2729984029295892,0.0010650533606307,0.4637818718240741,0.4358837030371867,0.676139319101158,1363600.mp3,bossanova
196.91498866213152,120.18531976744184,0.5916526463591947,0.6809426879882813,0.2372766882181167,0.6490024909352341,0.8806766377549514,0.5325540227868525,0.0013469916348287,0.6015934887602511,0.5353131641164774,0.6783569749352266,1157600.mp3,hiphop
236.3077097505669,129.19921875,0.5924216795791439,0.6968624725341797,0.3377232849597931,0.804233720072505,1.0,0.4885056452018779,0.0068186462095202,0.9632916358453452,0.7291854123421686,0.6757433001170918,1321300.mp3,electronic
290.66668934240363,120.18531976744184,0.5921229501880096,0.7303809356689454,0.0844425037503242,0.5577811898632492,0.8316696043830498,0.1794726812901617,0.0040725409626669,0.6375464971369529,0.5301627266860491,0.6243667560129069,159600.mp3,ambiant
174.94666666666666,135.99917763157896,0.5345196269308752,0.5567405395507814,0.1096467822790145,0.4576744180430555,0.8084172834377455,0.1517419868604419,0.0050613263324933,0.9496023634267132,0.5111940139704512,0.6372340388263551,75200.mp3,blues
318.37333333333333,114.84375,0.5729048413276226,0.1312107849121093,0.3671816289424896,0.5456400856173174,0.9031842022657738,0.677968377977183,0.0014425301494976,0.621171334768823,0.6055377794108384,0.7110778305371286,149800.mp3,newwave
198.2,120.18531976744184,0.5832897007789404,0.6945384826660156,0.2023089081048965,0.8466549737795344,1.0,0.4030330651244657,0.010230488329766,0.8583958773448908,0.6446523558503419,0.6439007357476945,1121400.mp3,dance
286.53,139.6748310810811,0.6053176657106694,0.2844312438964844,0.3482687771320343,0.7771866197432742,1.0,0.4165235008103728,0.0045551611531178,0.2999988677056401,0.7736173446886412,0.6706532908298042,1378100.mp3,90s
145.3129931972789,107.666015625,0.5808280664156593,0.4362533264160156,0.2614655792713165,0.483871909817022,0.7105655504383827,0.5868292293212938,0.0006259649834007,0.299999999998755,0.5723992356306357,0.6796477614115468,1124800.mp3,rock
109.64809523809524,120.18531976744184,0.5954835625818826,0.360668701171875,0.2815514206886291,0.5708806609031486,0.8911967923194565,0.5646285943007657,0.0026131969066968,0.893254711581275,0.6108571493874575,0.6791870815704151,31500.mp3,pop
263.5733333333333,99.38401442307692,0.5600102181135789,0.5719728088378906,0.1576440185308456,0.3342861950249146,0.5382260041939594,0.1601677225423093,0.0009791047563615,0.6521927176087248,0.3867673118913531,0.6793983842928338,996100.mp3,dub
341.4374603174603,120.18531976744184,0.5575684877199041,0.7401015319824218,0.0529027394950389,0.5340920785878912,0.9436305404571936,0.1192389255321707,0.003627400350376,0.2999999999992275,0.504484887101031,0.6181480087980078,318600.mp3,world
300.06857142857143,129.19921875,0.5158901726269554,1.0,0.0473664179444313,0.7026106129275984,1.0,0.0898960635509009,0.0071087377130673,0.5614731911376326,0.6242843537228624,0.5921950397154229,1211600.mp3,pop
189.6602947845805,129.19921875,0.5923615092578864,0.4987611389160156,0.24003267288208,0.5323573974662585,0.9115736529429944,0.2414884976469745,0.0033475127931904,0.5936232131705339,0.5057946307428195,0.685252836088985,769000.mp3,pop
135.970589569161,120.18531976744184,0.5118075194892512,0.4351946868896484,0.0631849989295005,0.1730643788419346,0.2902256249534473,0.1243052778888444,0.0003591714110112,0.3277007169501195,0.4722591380367729,0.6282947720072657,1357400.mp3,classical
204.04244897959185,129.19921875,0.5846265510334276,0.594302764892578,0.3456355631351471,0.9302176716284672,1.0,0.5213228324601881,0.0104856577176397,0.5688296929874154,0.6712658917140824,0.6901756243858365,1393900.mp3,electronic
296.05333333333334,120.18531976744184,0.5885370118687407,0.6311887969970704,0.1158741563558578,0.4429637626840443,0.6564745588046553,0.3334641798182688,0.0004245138016421,0.2999999999774584,0.5930610287353065,0.6231024905410476,6700.mp3,alternative
234.44,95.703125,0.5673315834367507,0.434266143798828,0.1794316917657852,0.7440066486131434,0.9184935646589396,0.7229725828680067,0.0025501434095012,0.3014633086427624,0.7075491236807954,0.6230855842995235,165900.mp3,electronic
147.5,147.65625,0.5675225953834613,0.7887195434570313,0.1118277609348297,0.4015100487649355,0.6113795578577668,0.1505771685816031,0.0012165165838217,0.2999999999999977,0.5351343746469599,0.6332311190071468,659900.mp3,experimental
357.04163265306124,139.6748310810811,0.5946250263266555,0.3765786743164062,0.164014458656311,0.4938431245924637,0.7231908932239803,0.3469927370145783,0.0008705335430992,0.6285003143748145,0.548349209608971,0.6493753631944778,1278600.mp3,dance
192.1941723356009,123.046875,0.5836577660175986,0.6447737121582031,0.2799575626850128,0.630188233475551,0.9202146271991968,0.3000767581822601,0.0033199332799663,0.7447190953698115,0.6512487345996337,0.6705349756466779,1420500.mp3,chillout
244.0,166.70866935483872,0.4780689440209407,0.2847467041015625,0.0955759361386299,0.3843749854937557,0.6316325335388234,0.3533098061151425,0.0001269344299062,0.2999499694376777,0.7023850122908529,0.5939303345517362,1242000.mp3,ambient
203.11429166666667,100.44642857142856,0.5248003953715757,0.681834846496582,0.1009751483798027,0.1447177484239681,0.4212533532847429,0.0887271013241589,0.0044980097648465,0.29999997811011,0.3117294460383145,0.6740051642090661,1030900.mp3,jazz
197.76,120.18531976744184,0.5403205580955416,0.8692070922851564,0.2394722700119018,0.4050017602805832,0.7383891091647418,0.2716569729980498,0.0010978218648696,0.2999999999965124,0.3828953619680779,0.7096309448106691,338000.mp3,pop
295.68,114.84375,0.5427103445720454,0.7686383972167968,0.1989941895008087,0.2686752080370502,0.4765254542002294,0.1533681674181277,0.0003980272159078,0.9760144567676288,0.3983384545511779,0.6919702173100556,504000.mp3,electronic
301.73,129.19921875,0.5569273809680393,0.4253059082031249,0.1319242715835571,0.3243613211978746,0.3675574095470043,0.4167267765255281,5.947064247272866e-05,0.2998721597791785,0.4151807111263308,0.6644565955448144,1222900.mp3,indie
250.88,123.046875,0.5751971522386292,0.6003379364013672,0.2485859096050262,0.5820796648044307,0.8747707094337014,0.3063543300865678,0.0022300076240527,0.7162149148429402,0.5589456847978221,0.677701790498245,661600.mp3,70s
264.70673469387754,99.38401442307692,0.586943105470587,0.7767112350463868,0.1691386550664901,0.6759522752088029,0.8924432371253945,0.2523690629011553,0.0022669724189485,0.3,0.5638505757870607,0.6481198006665243,1309600.mp3,chillout
184.66666666666663,90.66611842105264,0.5548930149360989,0.7207091522216796,0.1172254011034965,0.470300384860521,0.7229885058964379,0.222258512664342,0.0020848898693011,0.2999999999999981,0.618089391948252,0.6185832660076084,974000.mp3,acidjazz
96.0,161.4990234375,0.5285641797710074,0.2267330932617187,0.281801164150238,0.3468706074336945,0.7614339870586736,0.189317727981972,0.0016488558678444,0.9369101748540448,0.4979009576825106,0.7018682275575835,1164200.mp3,electronic
189.81333333333333,84.72079918032787,0.5634720689611724,0.4495725860595703,0.225409135222435,0.6438135088475594,0.9352516000068242,0.3669677034385022,0.0024598076598668,0.7974542063223318,0.5020599101100074,0.6807353066580751,1115100.mp3,hiphop
199.6,135.99917763157896,0.5630429036357076,0.6007444152832032,0.1732635498046875,0.3438923413271983,0.6674678068874306,0.2089452173530634,0.0010624927813929,0.2999999999999785,0.3364538269490275,0.695084112539882,47900.mp3,jazz
192.8097959183673,112.34714673913044,0.549852894574878,0.4755811920166015,0.1600605994462967,0.6513220586151691,0.953333932300255,0.5159329620752855,0.0020004809030895,0.8764442345854173,0.6826186062361622,0.6210980945534343,1367200.mp3,hiphop
166.5,120.18531976744184,0.5537754634915416,0.738584228515625,0.0468616895377635,0.270484142282325,0.4486910420296367,0.2784365210825445,0.0003792558557501,0.2998693141656045,0.5146119354204489,0.6139478211495051,893500.mp3,orchestral
278.01251700680274,143.5546875,0.5196726785720183,0.3458587036132813,0.0487814024090766,0.1926584329009605,0.3024467184939746,0.1424379244001234,0.0003200635568303,0.5453040619468947,0.4335486203144371,0.6308515808043802,168800.mp3,electronic
180.2,90.66611842105264,0.5467456693767176,0.3488062591552734,0.1351905018091201,0.411609879592447,0.6531698396824448,0.3434426667420907,0.0002670646712815,0.619468075084894,0.624619261904813,0.6237447282703206,213200.mp3,gothic
162.6819954648526,99.38401442307692,0.6019313359395744,0.2155423889160157,0.3244406282901764,0.7030767797633349,1.0,0.7149201177304001,0.0032561124401653,0.8074675322642726,0.5593296793416511,0.7049326903161333,16000.mp3,indie
222.58068027210885,129.19921875,0.5497830802766748,0.6223965148925781,0.2304760068655014,0.3975351685934934,0.561751261677049,0.3343557423681893,0.0007222264363537,0.7360231139058182,0.4850570925669525,0.6859599439581899,199300.mp3,hiphop
302.09115646258505,90.66611842105264,0.5818854719053327,0.5730103149414064,0.1583251059055328,0.6086540527643055,0.972008856572926,0.2124407116477006,0.0029106747667524,0.9509485821892334,0.5834462538523593,0.64030778735552,721200.mp3,ambient
273.44979591836733,114.84375,0.5544166257746415,0.5869959869384767,0.1502991020679474,0.5672500623711468,0.8116465154333529,0.2092894997897928,0.0070331425134512,0.3,0.5234073432361807,0.649426208097225,210600.mp3,easylistening
263.20897959183674,139.6748310810811,0.5632197916292252,0.6157009887695313,0.1290906965732574,0.6878786672570429,0.9193897131964414,0.2712699473163846,0.0024668854161229,0.3,0.7320903115229581,0.6000545884617811,1378200.mp3,ambient
41.973333333333336,166.70866935483872,0.5720049430574259,1.0,0.0260648615658283,0.2224046528754945,0.5064799853766514,0.0815535290308655,0.0011182085599702,0.2790034304544821,0.6146969030729941,0.5864439695490994,272800.mp3,classical
169.78666666666666,120.18531976744184,0.501415635976876,0.5404170227050781,0.175175279378891,0.4345807456022192,0.7042072913436617,0.2566287262872628,0.0009930631119296,0.5968741224952092,0.4825140898243274,0.6665602826115353,1294000.mp3,folk
237.1686167800453,84.72079918032787,0.5602903970104289,0.3211689147949219,0.1294726431369781,0.4612534522378775,0.7186143656542184,0.302782152105627,0.0005956157792909,0.2999999999993807,0.4607665155374338,0.6544568484218254,468500.mp3,pop
217.1255102040816,120.18531976744184,0.5123840717262871,0.6618266448974611,0.0602281093597412,0.1145503412654022,0.1707049683838607,0.1237676419112603,0.0003233902213185,0.2936649881523855,0.3614985626159119,0.6493824068463244,661300.mp3,electronic
58.04408163265306,120.18531976744184,0.5689888260476924,1.0,0.0559499710798263,0.3441653756093277,0.5036816123838012,0.1910692682926829,0.0008277126685843,0.2999191617642093,0.5544192099997156,0.6092581475887944,798200.mp3,classical
208.04115646258504,151.99908088235293,0.5708597091809837,0.8123029022216797,0.2423497587442398,0.7262766579087324,0.9633410208370982,0.4666615853658536,0.0019080160688169,0.4801663033781303,0.6334324464853838,0.6605594238508495,1103000.mp3,pop
325.8533333333333,117.45383522727272,0.5378977626159029,1.0,0.0259748548269271,0.3192290780223881,0.5335841930381693,0.33617589270274,0.000283494835926,0.2989621896763242,0.537747873710187,0.6018013729956564,84200.mp3,celtic
313.8239229024943,92.28515625,0.5601229607179753,0.5234800720214844,0.1170477047562599,0.4413797535716861,0.7785943263901999,0.2078072962298932,0.0014496905169962,0.2999999999999067,0.428883332389629,0.6563605072343277,253900.mp3,electronic
215.18115646258505,135.99917763157896,0.5948096410109732,0.4065275268554688,0.2153796106576919,1.0,1.0,1.0,0.0018994989062753,0.91514551487664,0.7219983552631579,0.6331369887841375,1125100.mp3,trance
200.2322902494331,147.65625,0.5671928250351292,0.7791435852050781,0.1669854968786239,0.3355635547887494,0.6224470340414615,0.287003324721019,0.0004932586994966,0.7034610547547339,0.4946574803508082,0.661183282806143,1372500.mp3,folk
171.26789115646258,178.20581896551724,0.4698659562354439,0.7443477325439453,0.0650239884853363,0.4027471557810589,0.7086660473757849,0.2817043410401566,0.0014012952712103,0.4610659102015614,0.6846855972599759,0.5864715164027259,776900.mp3,soundtrack
244.72,117.45383522727272,0.5444387716329591,0.364185546875,0.1208836808800697,0.1893129742627733,0.369563792499417,0.163173150019844,0.000330991767922,0.474067699292385,0.5453379454339896,0.6344505360300272,114200.mp3,improvisation
190.6677551020408,120.18531976744184,0.5716950951777565,0.5864680480957031,0.1039305999875068,0.2651016727537311,0.5693260412103729,0.2004505875905742,0.0014170714404815,0.3935628151418008,0.3949555764813084,0.6584239006992407,1085600.mp3,folk
126.54546485260772,109.9567819148936,0.593640899168856,0.5338351593017577,0.1429109573364257,0.6247473387520768,0.9609547643191968,0.3227558737972701,0.0036981190480716,0.4652422687244312,0.6319840531909716,0.6250511340029189,1087100.mp3,easylistening
392.9032426303855,166.70866935483872,0.5477801514378786,0.804130615234375,0.123898722231388,0.3705257256022059,0.673844730716979,0.0849556259288141,0.007965476208255,0.2999999999999954,0.6355923880166027,0.6174850623999791,1063200.mp3,electronic
357.6021768707483,99.38401442307692,0.579522973181591,0.8282089157104493,0.1214892491698265,0.5606471346389844,0.8231405754629884,0.2761141579339954,0.0029204365037768,0.5373904760935148,0.5283890719883012,0.6380583153034772,419800.mp3,soundtrack
342.0,112.34714673913044,0.5667562452562636,0.1551116790771484,0.0946357250213623,0.4411086573642685,0.8196640490912936,0.3923727704925905,0.000391225773605,0.5490395469238369,0.4733251361494929,0.6394038337777919,1053400.mp3,ambient
1723.6090702947845,114.84375,0.6101079813887702,0.6972834014892577,0.0679257363080978,0.4258602032630536,0.7422562187760171,0.0623456757671443,0.0023277648678853,0.9306482014806032,0.557872176998742,0.6128788296711669,1133100.mp3,ambient
166.48367346938775,132.51201923076923,0.592998240969796,0.4736541900634766,0.2098489999771118,0.6038345473155906,0.8878492912198228,0.3060815729496207,0.0018979170360173,0.5253999024726178,0.5795624101884487,0.6596331579540705,1371800.mp3,acidjazz
260.568843537415,135.99917763157896,0.5753159193138941,0.4311416320800781,0.2312669456005096,0.503278129909289,0.8701435804245654,0.4229627343502093,0.001681635779097,0.3098915746882345,0.6236185889301076,0.658532382630162,1165406.mp3,folk
98.01142857142855,132.51201923076923,0.5441224589481515,1.0,0.1641947776079177,0.3537470362513103,0.7037953791659003,0.1058287569728711,0.0051617368232237,0.7468266218401014,0.4607443340568276,0.6669612531274849,1400606.mp3,folk
101.15625850340136,126.04801829268293,0.597205904441463,0.5963446044921873,0.1861745715141296,0.1906075460885931,0.3431763969835334,0.1385706247743069,0.0004469411405326,0.2707148705268854,0.4238745432204727,0.6822479371009922,1405006.mp3,ambient
181.09092970521544,109.9567819148936,0.5008803889117243,0.4907707824707031,0.1501456648111343,0.5882367763251395,0.997009898239656,0.2304888994524001,0.0084317388555799,0.5497599573973138,0.5951870672375883,0.6350150258844907,1298306.mp3,easylistening
178.01333333333332,105.46875,0.5335453389608181,0.4627109375000002,0.0421951524913311,0.1869872831926523,0.2773788867213506,0.139530392760394,0.0001867174868682,0.7393600302718167,0.3709572974355628,0.6409987954097667,259806.mp3,classical
128.8421088435374,126.04801829268293,0.5551058144743044,1.0,0.0741919875144958,0.4632562406654351,0.7539710829157948,0.1087882237625764,0.0021069125237539,0.5771244804510991,0.5043286624561308,0.6258433830139923,1166806.mp3,ambient
311.25004535147394,129.19921875,0.5528606352698283,0.3853942565917967,0.1264082938432693,0.4510731623152968,0.7572019821303169,0.2462047237503968,0.0008461119688736,0.2999999999999987,0.5186180416535565,0.6417833774528656,1036106.mp3,ambient
135.84907029478458,105.46875,0.5930375387591524,0.5831625366210937,0.1899004876613617,0.2836183948943329,0.4925866313903807,0.1934924611594432,0.0003975464921071,0.9004729638660876,0.4712383691260785,0.6741165017328745,1295406.mp3,electronic
147.69231292517006,129.19921875,0.5912369134976645,0.6650859069824218,0.1846845000982284,0.8334048465556254,1.0,0.4358403533728782,0.0076045764331578,0.96706031978837,0.7856916414478855,0.6093480917457851,1297206.mp3,dance
136.0041723356009,151.99908088235293,0.5704962446901636,0.5511110534667969,0.0776194855570793,0.2327490762914485,0.5289940458080907,0.1109101318926121,0.0022295363969069,0.7279229231985471,0.450591387410338,0.6378247373184809,1302906.mp3,atmospheric
239.61861678004536,112.34714673913044,0.5566658425805875,0.3779298553466798,0.1768563240766525,0.4061879908678677,0.629753626493507,0.3251777273586689,0.0005051170529985,0.6079738577061491,0.4716610522023741,0.66933606622712,710606.mp3,alternative
74.0,120.18531976744184,0.608430905484395,0.8268762588500974,0.0386932343244552,0.4493243182456118,0.9187779035379424,0.1406177535261389,0.0023997447935556,0.6258086333600019,0.551906318592286,0.6035483006383467,1369706.mp3,chillout
356.0,120.18531976744184,0.5770673209374075,0.537458251953125,0.1797814965248108,0.2995295212264526,0.5660196028365031,0.2430335405623818,0.000555141491749,0.299999999999994,0.5105846612817851,0.6626044064925748,1196206.mp3,ambient
564.0470068027211,123.046875,0.5869064404976774,0.6850436706542969,0.0808929428458213,0.1506206021133583,0.2988417869934421,0.1285385884754428,0.0001190835789764,0.7335101714945192,0.2699376329793213,0.6751339328286314,147906.mp3,ambient
390.0,120.18531976744184,0.573480366883967,0.4270900573730469,0.2875841856002807,0.7517565945384151,1.0,0.5573809675939103,0.0046638685995828,0.2999999893196535,0.6357053711021798,0.6763892325956651,1242906.mp3,alternative
251.6207709750567,99.38401442307692,0.5879788704605438,0.3981590118408203,0.0918019786477088,0.2883757624756033,0.4932312307454223,0.3709999966238761,0.0002571867301598,0.6058297908878054,0.3812909252077991,0.6567905272716154,1385306.mp3,ambient
318.85,139.6748310810811,0.566485964883465,0.8010334091186525,0.1263303309679031,0.3034123674122245,0.5191448860514456,0.1419372944093554,0.0006405644237518,0.2999999999999383,0.5638845326049176,0.6327020126274616,606406.mp3,ambient
249.14666666666668,123.046875,0.591810837550478,0.5496360244750976,0.1134571880102157,0.33752821587615,0.6984799282149802,0.1603373263928352,0.0019868023532624,0.2969163112853815,0.5304203592462976,0.6347605158344182,1606.mp3,alternative
215.0,151.99908088235293,0.525856038457464,0.4419155578613281,0.0547520071268081,0.4674209492940154,0.7701846677513596,0.2853994381511934,0.0010921252950447,0.6137162099038296,0.6598527586986098,0.587740170825929,345906.mp3,dance
66.7256462585034,132.51201923076923,0.585560881951878,0.718242202758789,0.2325362563133239,0.4776960774775711,0.7023945752110504,0.7448274691515182,0.0006377084241439,0.2999999996688631,0.5336969134111331,0.67697366959057,1051706.mp3,rock
187.2178231292517,99.38401442307692,0.5921239146963211,0.5078829956054688,0.361701637506485,0.2670545040915042,0.5287020394851215,0.2345907079311398,0.0006076056447349,0.9462995610173954,0.4493795291287657,0.7403366836765815,144906.mp3,funk
147.59333333333333,120.18531976744184,0.4810133519390207,0.493443359375,0.0964682251214981,0.2201632180733836,0.352133235126193,0.1824101697321543,0.0005560027911611,0.2838856060794967,0.4251143994433815,0.649705681155063,1380606.mp3,ambient
214.8973242630385,126.04801829268293,0.6095888917247043,0.2675148315429689,0.2939381003379822,0.6017991034874908,0.8271718831930002,0.8996587210604683,0.0007581166371236,0.5823238879620131,0.6227074659718187,0.6812762229273098,429206.mp3,grunge
464.0,90.66611842105264,0.5852313651591947,0.932725067138672,0.141114056110382,0.3708813691561021,0.6414037141607942,0.1382571527261586,0.003308675902453,0.3,0.3855310565400534,0.6736948488917268,1310506.mp3,ambient
115.30437641723356,84.72079918032787,0.6399047298058094,1.0,0.085316888988018,0.125348258564042,0.3717931401226164,0.0963797726982505,0.0057305650139052,0.2999999999999952,0.3616058346438329,0.6583929131069199,159206.mp3,alternative
959.9989791666668,140.625,0.5251181927039983,0.1871022033691406,0.2075038254261016,0.217110100500621,0.4735548635730913,0.2221422222222222,0.0002707092118917,0.2970089177567007,0.515019267746683,0.6716975236040601,988506.mp3,classical
224.8391609977324,129.19921875,0.5557375074699323,0.5269264221191406,0.1962602138519287,0.9103011700761512,1.0,0.7199934008944054,0.0129662582406302,0.3651351509258249,0.6930371754305003,0.6320462419005943,6606.mp3,dance
177.13739229024944,120.18531976744184,0.5684828281605313,0.6719389190673829,0.1168109774589538,0.6141366933849207,0.900702400887152,0.2622627394185857,0.0022148872333523,0.79937996187107,0.748906809575995,0.5922705899700244,1078606.mp3,pop
38.44192743764172,132.51201923076923,0.5823004573197675,0.3129418182373046,0.2233792692422866,0.3450033219462431,0.5678491226413894,0.4669582891481089,0.0002232464606924,0.6766186974240206,0.5719603969523264,0.6660244575367579,1057806.mp3,classical
261.8855328798186,120.18531976744184,0.5750672815863739,0.5428483581542969,0.2311245054006576,0.4870038394147664,0.8354920981681464,0.2356000030275605,0.0027054984847292,0.2999999999995003,0.4853922304565365,0.6861263758529295,1366606.mp3,electronic
170.21845804988664,120.18531976744184,0.5831330113911604,0.8422800445556641,0.1578902751207351,0.6817923830629822,0.9753950594976012,0.3078503914216607,0.0047673893933344,0.5531252827549331,0.697112220372584,0.6174180549689479,718306.mp3,70s
178.32,99.38401442307692,0.571283749334538,0.3737177734374999,0.2049977034330368,0.6121792050439624,0.9100396851520606,0.7021735264227642,0.0018183782310963,0.9625949891542402,0.6140186279383618,0.6509954476482209,415106.mp3,pop
126.00002267573696,120.18531976744184,0.5819453652993742,0.7219939117431642,0.1245064884424209,0.3858638828943091,0.6407002642932117,0.1591966254132273,0.0012845858887037,0.3,0.4593748773274742,0.6529473603737768,1400506.mp3,darkambient
140.47498866213152,114.84375,0.5172193956417994,0.4770099792480469,0.103885605931282,0.5110816500805171,0.5394178761717255,0.3507635557347309,0.0002347917695995,0.3650196371835877,0.6817685742848352,0.6010451032782945,36706.mp3,celtic
246.26739229024943,129.19921875,0.5674833289736819,0.414874008178711,0.1434783488512039,0.6513124181841283,0.9362451990406132,0.529963251357952,0.0016561202881412,0.2999999999756002,0.6185259314688824,0.6279470192926568,181606.mp3,pop
243.08,120.18531976744184,0.5690867497306911,0.5643529510498045,0.2466813772916793,0.6108513910055597,0.9293322982427724,0.6398463291156935,0.0036783303989733,0.6137796283062493,0.7206063437818782,0.6446840270686289,117106.mp3,chanson
289.00385416666666,122.28260869565216,0.5599818307180144,0.6550442657470704,0.1346932649612426,0.2516513052623075,0.5094964300187705,0.1961009816409291,0.0003246381014645,0.2994354474145231,0.3504719926388902,0.6783951768582693,1148306.mp3,classical
132.5472335600907,120.18531976744184,0.6005400997468926,0.4982355041503906,0.1651783138513565,0.4724135555520835,0.6239365173582364,0.4367564842329688,0.0002176916316531,0.8427512708719502,0.4647054510854989,0.6665231027693885,155506.mp3,electronic
127.55529166666666,104.16666666666669,0.5762258407895836,0.7969053955078127,0.3798253238201141,1.0,1.0,0.6930149555697414,0.0065933217515522,0.9264710333700036,0.740898327532263,0.6885574510687885,1163606.mp3,electronic
127.46666666666668,112.34714673913044,0.5659591877867032,0.1633514709472656,0.3092336654663086,0.3893421857370199,0.6277227316231664,0.5124976675996268,0.0002194430357841,0.8677725605784946,0.4644648602620149,0.7184311475154681,9506.mp3,alternative
144.0,120.18531976744184,0.5504649886404216,0.8111645202636718,0.0753645077347755,0.4217075846310079,0.5832296875448969,0.5524846430341117,0.0001457404855782,0.8342593234743707,0.5642262407492145,0.6142859746346763,1332906.mp3,blues
178.5963038548753,120.18531976744184,0.52671594727456,0.841469108581543,0.106869637966156,0.4629226397036897,0.6618484749606774,0.2277684765927222,0.0018020442899666,0.7372060590757781,0.5451583021706021,0.6294414092336957,1318106.mp3,classical
130.14666666666668,129.19921875,0.6027251517423611,0.4960910263061522,0.0885765627026557,0.4335765586960866,0.7160066186081174,0.3764987706968952,0.0006542268331246,0.2999999999994318,0.5854085589982856,0.614805850773299,429906.mp3,pop
118.0,156.60511363636363,0.5616787571746384,0.8455533142089844,0.139688491821289,0.5465345918478649,0.8232899661316695,0.2451238709553565,0.0029635447657653,0.2999999973474416,0.6029111884848902,0.6297056193586861,1163206.mp3,folk
184.0,120.18531976744184,0.550200967059945,0.5392357330322265,0.05837082862854,0.2885326241456161,0.5083778823873972,0.1953235489197595,0.0002801762025461,0.2994372618706442,0.4374096329861089,0.6335315717090526,875306.mp3,ambient
118.65163265306124,178.20581896551724,0.5939973920600744,0.9349154205322268,0.1382746994495391,0.3548430820355329,0.7369527464636274,0.1672087251205193,0.002822784819096,0.5758258163947796,0.4558744768887841,0.6586039964240773,1320006.mp3,downtempo
361.63337868480727,151.99908088235293,0.623150969362996,0.3627822875976562,0.2051854431629181,0.3836744980849308,0.7346613036069586,0.3386567630484163,0.0007351120136064,0.2999999999975177,0.499567319308668,0.673953295676917,11006.mp3,electronic
135.0,99.38401442307692,0.5326937560158984,0.4674419708251953,0.1328184902667999,0.4958666180168152,0.7838257998980138,0.3658272294797251,0.0006024523679162,0.7749428823448903,0.5907497822764411,0.6296647000407598,1389206.mp3,choral
271.4640589569161,156.60511363636363,0.6045264536295742,0.3846211700439454,0.2281566858291626,0.5887077393718443,0.871316162476704,0.5941334902186589,0.0013102079322057,0.6889514685976252,0.7208703412839588,0.6379623386417068,1317906.mp3,alternative
233.1428571428572,105.46875,0.590436088524718,0.8891069259643555,0.1121547371149063,0.6977007746753199,0.9889101827521422,0.293458527354918,0.008477174225866,0.8287759975464335,0.552110298022231,0.62995364575692,196306.mp3,hiphop
186.74938775510205,120.18531976744184,0.533343439765288,0.4820384216308593,0.1654370874166488,0.4614963960258729,0.7314148355723908,0.1788281280798634,0.0022144631279227,0.2999999999999997,0.4353702701314903,0.6724832974436956,1396206.mp3,synthpop
163.0,99.38401442307692,0.526098691727698,0.3052423706054687,0.1318541765213012,0.4171910677669975,0.6124731171721808,0.5604388159266208,0.0001496011445381,0.2999999599844574,0.5436657835460941,0.6387343468384497,1296706.mp3,ambient
30.281972789115645,161.4990234375,0.562432529870925,1.0,0.1556372493505478,0.6079513703148688,1.0,0.2272078826575924,0.0067761108725556,0.2999999999999999,0.6204483361526439,0.6319397425356684,1056406.mp3,chillout
470.476462585034,103.359375,0.5550070241621479,0.7085697021484377,0.0589915364980697,0.1396094933419471,0.2277361124589128,0.2047134970905528,9.66719602149725e-05,0.299746970473,0.3266853969609689,0.6558998737471113,1241406.mp3,classical
255.6891875,117.1875,0.5582753862499892,0.3097123718261719,0.1400201320648193,0.2709082567748925,0.6192300939548574,0.2025278512348763,0.0006186496144093,0.2999999999989186,0.4094227989942783,0.6685226877444792,1137206.mp3,ambient
459.13839002267576,139.6748310810811,0.579348141059186,0.6153441162109377,0.2460420876741409,0.5184719022193011,0.896923092590779,0.2329472742220278,0.001849504480008,0.311861542144052,0.5336209971690319,0.6818509521288844,878306.mp3,dance
87.22666666666667,126.04801829268293,0.575515437743036,1.0,0.0313848033547401,0.2317809808431045,0.3995346889297892,0.1795529645474788,9.08682683368319e-05,0.293002159453595,0.5079885822519579,0.6097008127573149,326506.mp3,classical
205.53560090702948,109.9567819148936,0.5812396580864545,0.496613265991211,0.1808994859457016,0.5016538820779178,0.85838615891153,0.2472104967321702,0.0007728143942265,0.2999999999999997,0.4883443918320389,0.6674549365740449,1208606.mp3,70s
287.45383219954647,129.19921875,0.5311070446230851,1.0,0.1409280449151992,0.3898299503155852,0.6054434118142675,0.1373415028172898,0.0012535673247769,0.3,0.4901434269255173,0.6527054107843683,1072906.mp3,techno
125.06666666666666,92.28515625,0.578315252117181,0.4501425170898437,0.302349179983139,0.3401674909299041,0.6356044489500162,0.4023600102333521,0.000685533868906,0.4625430455711984,0.4669732890916611,0.7154510469755979,1294006.mp3,folk
241.03179138322,112.34714673913044,0.5380785123969076,0.2992875671386719,0.1479716151952743,0.6225359087630029,0.9246421617958408,0.2579155804563199,0.0023213519057,0.2999992984596239,0.7463498263286348,0.6039998162045719,464806.mp3,pop
330.6,114.84375,0.5619968529624475,0.4580116271972656,0.1701128035783767,0.5718358947711514,0.8761893860121458,0.538575402821032,0.0020153219526443,0.5705067673452799,0.6286108356774416,0.6355184421527273,1400006.mp3,country
216.25333333333333,87.5926906779661,0.544686961988114,0.450102264404297,0.1026836261153221,0.4777028583154452,0.8224410042265475,0.316056812363904,0.001126273090032,0.3208502663343188,0.4473147800190529,0.6475031493977055,1269806.mp3,folk
188.09333333333333,143.5546875,0.5890448767326778,0.2799924774169922,0.304490715265274,0.6188747497014226,0.917398185232522,0.68616491188983,0.001503759249268,0.8200687287739504,0.717646846371782,0.6660872882211423,429406.mp3,indie
243.9360090702948,120.18531976744184,0.569526250750003,0.9354933166503906,0.0286272224038839,0.208955152168219,0.4223440566007141,0.1305300011260071,0.0004375731515513,0.2802846705489152,0.3858883228497552,0.6331281354954471,1107106.mp3,experimental
213.3420408163265,107.666015625,0.5304032778069698,0.6028632354736329,0.208186537027359,0.628423099436087,0.7883080903673817,0.4053885237372182,0.0010321630473204,0.9151293687504636,0.6584483548546682,0.6432574823589156,1036706.mp3,hiphop
281.2865306122449,114.84375,0.5384386603547286,0.4499759826660157,0.2149444073438644,0.2768672368715577,0.5898949654717682,0.1284439429065552,0.0011779760564762,0.5877237420980489,0.4943903825313774,0.6785019101375157,1225306.mp3,folk
312.99918367346936,126.04801829268293,0.5797750827952746,0.4053754119873048,0.2078073024749755,0.5132791950561523,0.8027812640568542,0.3734531736266917,0.001215032484233,0.9140624603414996,0.5330873278382763,0.668193163323336,279606.mp3,acidjazz
179.1998125,148.02631578947367,0.5592238648449502,1.0,0.129419207572937,0.3395762573552788,0.5828643586187291,0.0731774099883856,0.0023739729339037,0.4949888958866567,0.4606274162733434,0.6544654314715886,1110006.mp3,electronic
189.34666666666664,123.046875,0.5540225716307635,0.3353704071044922,0.0795285999774932,0.1700976205606894,0.2114906490842121,0.2608558195459936,1.7191031377139804e-05,0.2435627753983976,0.6421442972434589,0.6002014365432058,1171006.mp3,ambient
227.0,120.18531976744184,0.5758464436769184,0.3455345458984375,0.2394957989454269,0.7008019461074673,0.8758535877506792,0.7841621209645329,0.0019436876520498,0.7628843979217523,0.6412930920803922,0.6579598692042752,347606.mp3,pop
209.80244897959184,135.99917763157896,0.6014356487499649,0.547430419921875,0.2315526157617569,0.784032378544611,1.0,0.3536376163938719,0.0102579371010762,0.805177750895743,0.6659305128835119,0.65017283909753,1289106.mp3,dubstep
184.3749886621316,129.19921875,0.5960312598032227,1.0,0.3446055352687835,0.8152915909799623,1.0,0.5584918932118608,0.0097789884957738,0.2999999999907731,0.6494088110399219,0.6941762304887777,1248106.mp3,8bit
369.2067800453515,151.99908088235293,0.5668552131415738,0.3693403625488281,0.1261883229017257,0.4402331251587404,0.7157275652137413,0.303740256672401,0.0005811511236736,0.6029986753155157,0.5496868575853806,0.6354904247275451,1374606.mp3,progressive
177.55557823129251,135.99917763157896,0.6015816284587006,0.3824303741455079,0.1538155078887939,0.2926405801247799,0.6254989724074872,0.3121935271922354,0.0002699059531795,0.2999996946808927,0.5311085839929296,0.64915186604138,1234306.mp3,ethno
219.2880498866213,161.4990234375,0.539526311718873,0.4274092712402343,0.1496604830026626,0.4142343632763052,0.7012055989656347,0.2931098335760994,0.0007096712163449,0.5776495997624989,0.4930315618993613,0.6552714615010864,1031306.mp3,electronic
71.97866666666667,92.21311475409836,0.6325571044591018,0.5000299377441406,0.1318517625331878,0.1578003435237757,0.2633582727371347,0.1395856296687133,0.0011067023464941,0.6473666645299676,0.2944870077139294,0.6885692329691617,46506.mp3,alternative
108.03027210884352,120.18531976744184,0.5427037355629727,0.6236541137695312,0.1912329792976379,0.2641920116742319,0.503777805812134,0.1959953342682271,0.0007000218869775,0.2999999998422965,0.496195203274237,0.6696048318923022,1202106.mp3,easylistening
520.6279591836735,114.84375,0.5345883132922579,0.8934014282226563,0.0103706810623407,0.1574106322495987,0.3341942518447695,0.1048994780822841,0.0007554451119541,0.4907912079475149,0.4673912854687255,0.6102551880886976,605306.mp3,ambient
211.6266666666667,101.33272058823528,0.5444484458323761,0.2586243896484375,0.0940072685480117,0.4473632146158718,0.8881606705754328,0.2362748180666293,0.0018338253003374,0.5741069364759616,0.427403534177084,0.6483619098418675,1057706.mp3,chillout
420.0133333333333,107.666015625,0.566642071024741,0.5502426147460937,0.1689811050891876,0.391657521522475,0.7372762038087672,0.1228141852693093,0.0041101635834041,0.7946229336453643,0.6209285729161904,0.6366474832488694,373006.mp3,easylistening
417.9618820861678,120.18531976744184,0.5765927472137776,1.0,0.0924966484308242,0.5800694216851353,0.8140614920261692,0.0429465035185337,0.0136076266181727,0.3,0.5409762349095716,0.6251035464531824,665106.mp3,chillout
310.0,120.18531976744184,0.6280986507210999,0.6636028594970703,0.1697589606046676,0.8134798819574366,1.0,0.914512112913804,0.0027543264006515,0.5822902915123598,0.6721839239447593,0.6266764410287284,295706.mp3,electronic
146.32,107.666015625,0.5549002776959074,0.3306321105957032,0.104925200343132,0.5584790060323317,0.7832664791137127,0.4673060808208653,0.00067211853866,0.2999999999999946,0.6494348012792188,0.6078861118676838,420706.mp3,blues
161.78213151927437,135.99917763157896,0.5866693680320128,0.7186411743164064,0.0664841160178184,0.2132188567229963,0.4245004640590041,0.0848528446533119,0.0016250795893665,0.2997953383396752,0.501213041347057,0.6236916734970033,1232306.mp3,electronic
171.36,126.04801829268293,0.571766546046701,0.6491715927124025,0.1539247035980224,0.469989059380258,0.6207838392631883,0.3420863903760989,0.0005183899939825,0.7663753553555754,0.6370070516421512,0.6280114829668578,785306.mp3,ambiant
145.18666666666667,86.1328125,0.5258016032365553,0.8331993865966797,0.203911691904068,0.1745311027143759,0.3855575667100093,0.1432635261903554,0.0008045328832178,0.3486989770129994,0.3010400483127296,0.7132001994229185,37706.mp3,electronic
200.0,92.28515625,0.5694598692835292,0.5618126831054687,0.188863918185234,0.3868616332700768,0.6475970145372892,0.2386582605014533,0.0009357335038945,0.6864280784646994,0.4983944767856216,0.6683121151895599,1294606.mp3,hiphop
166.7749886621315,105.46875,0.5642214239349923,0.5986055908203126,0.1546067744493484,0.8868565560471343,1.0,0.4914237688147852,0.0068000295354277,0.9586983779718656,0.6394592433867038,0.6277665901244247,1420606.mp3,dub
198.86766439909297,114.84375,0.5713836845766438,0.2850577239990234,0.2855692505836487,0.3898791079828904,0.7454788618114676,0.3079737445360443,0.0010506617097687,0.4613054704900108,0.3797693108909357,0.7268510680319263,653706.mp3,breakbeat
383.2685714285714,120.18531976744184,0.5451952925329382,0.5196616210937499,0.0743753239512443,0.2828819467368156,0.4532319330304941,0.281265547275168,0.0002266254475455,0.2990346930020358,0.5310268771448593,0.6205697411934761,477306.mp3,soundtrack
264.87002267573695,123.046875,0.5860926862531564,0.4792998657226563,0.1929503232240677,0.6714453851208064,1.0,0.2574157994045423,0.0068080809029307,0.3,0.5547054250112996,0.6585210313584045,1377706.mp3,drumnbass
67.92997732426304,90.66611842105264,0.5743219247216695,0.5296859588623046,0.1525999009609222,0.4430265673485221,0.7761085922874624,0.2719437173865929,0.0025407198157569,0.541205861234055,0.4127251194943417,0.6723909404470636,1002006.mp3,chillout
274.4266666666667,103.359375,0.5693741229754827,0.6857799987792967,0.2826569974422455,0.5466690582918529,0.8951795888501638,0.3043916471823996,0.0036826490883778,0.2999999099091692,0.569169870612497,0.687922544956709,1236306.mp3,fusion
176.0,120.18531976744184,0.5219513194385401,0.424238639831543,0.0756380259990692,0.3571291352607419,0.6775942536714251,0.3111860480082373,0.000993780104728,0.91121217857813,0.4482704818922856,0.6375755929812079,408506.mp3,easylistening
124.99301587301588,126.04801829268293,0.5486750151699555,0.4033524780273437,0.2080368101596832,0.4708799839128181,0.7740788689568628,0.4907565347595521,0.0008418030764532,0.6896283773582259,0.6191991787484374,0.6510534159077985,365606.mp3,classical
240.7967346938776,123.046875,0.5705565962282384,0.665533447265625,0.1906709820032119,0.8253366722380684,0.955786894743073,0.6918901057290792,0.0023013276027102,0.750187970844324,0.6345703125,0.6417274910211563,1393206.mp3,latin
124.28166666666668,122.28260869565216,0.5724989677191425,0.5375267562866209,0.125777319073677,0.1750960189102121,0.2719794205640231,0.2856961643766798,1.8780834586055687e-05,0.2998167227597684,0.5194747964371307,0.6413848755790976,1110706.mp3,ambient
390.002358276644,129.19921875,0.5108659804097742,1.0,0.1082478612661361,0.5478831620750704,0.8209720514383338,0.1122038345677416,0.0053730869121214,0.4208591461001408,0.5383178147779137,0.6313056671002263,1112106.mp3,asian
221.2310204081633,109.9567819148936,0.6007494936867754,0.5492205810546875,0.2368150204420089,0.4142917422980991,0.7591712773030859,0.2410400155638836,0.0016991292091979,0.2999999999999997,0.4270673208155473,0.6998399431960138,25706.mp3,jazz
414.55487528344673,103.359375,0.5700685401339511,0.5205976562500001,0.197580873966217,0.2821795447200279,0.6474719772158489,0.133498999649587,0.0018974132003719,0.677372597055331,0.3628695091530934,0.6985552127972194,1326806.mp3,jazz
302.400022675737,99.38401442307692,0.5471443775675287,0.3922815856933594,0.1143512725830078,0.3812107898947366,0.6682525959667429,0.2441088201721653,0.0012294627685894,0.6889309952473719,0.4096152902931363,0.6592434000712556,676206.mp3,chanson
350.88,120.18531976744184,0.5417738202466915,0.3401933898925781,0.1789586544036865,0.3393617392081834,0.6500396538845724,0.2201652270964691,0.0006968789931905,0.8007783088683114,0.4348513097846846,0.6774548536283902,114906.mp3,experimental
201.37795918367348,139.6748310810811,0.569510389297006,0.4549131774902343,0.2878152132034302,0.5224688225861308,0.7764406922379308,0.4446035214416482,0.0010674042822964,0.9686210940469322,0.547327775492743,0.6941479216546862,338506.mp3,dub
297.46666666666664,89.10290948275862,0.5933072537213062,0.4190957794189453,0.2632243633270263,0.4456260321039093,0.6843669820446271,0.5782854292519195,0.0006801408820234,0.7580026803650576,0.7012062133405104,0.6545195281296274,1352706.mp3,alternative
179.21736961451248,114.84375,0.5694073556082971,0.3320778198242187,0.2174636572599411,0.6050643956067167,1.0,0.3297791021571549,0.0055847738803958,0.4608637276187468,0.6094991034119467,0.6563870959311895,1267706.mp3,folk
370.3902040816327,139.6748310810811,0.5745000419218805,0.3280257568359374,0.1877778172492981,0.3482600105759094,0.6326798762396353,0.2939968180987643,0.0004707041359664,0.6911373398507844,0.5582142910658173,0.6559571559965838,1146206.mp3,ambient
117.5,151.99908088235293,0.5492036145778861,0.437247314453125,0.1546224504709243,0.8118036207274454,1.0,0.6659859601263733,0.0054552050346352,0.808952690752397,0.6702334144262512,0.6216173992842825,1405306.mp3,dance
290.78337868480725,109.9567819148936,0.5501464906836308,0.743465805053711,0.0875095874071121,0.2434843177889163,0.4511448801919541,0.2095482848144779,0.0005654548556595,0.2748670553236456,0.3864894884496646,0.6542055537766275,966306.mp3,soundtrack
269.9504761904762,135.99917763157896,0.5574614900924078,0.2601957397460938,0.0985900163650512,0.572716190005406,0.8049239184888153,0.5899984475502763,0.0011551831236908,0.8877444091279578,0.6022666686072325,0.6150390721699719,1393406.mp3,alternative
257.28,126.04801829268293,0.6047462674846382,0.6867243957519531,0.2484199255704879,0.5697802466237962,0.791412346240846,0.3705674988251168,0.0018416222107949,0.5326249226103811,0.5712158097277099,0.6751880112598336,1349706.mp3,dance
305.4769841269841,84.72079918032787,0.5163024426731095,0.4085464477539062,0.2022716253995895,0.5266868562421378,0.8358393116814217,0.3437850855401226,0.0022608933882884,0.2999999998760013,0.5283216946469806,0.6671534462144562,1347106.mp3,pop
250.33142857142852,139.6748310810811,0.562890977079219,0.5812897186279298,0.2486890107393264,0.91411327889781,1.0,0.3808271552709034,0.0058871961321242,0.7479608225685181,0.7992107169112578,0.6296859004839059,1291606.mp3,dubstep
378.0,107.666015625,0.5728913216705012,0.7589194030761719,0.0520934425294399,0.7871906079143322,1.0,0.2119103855739562,0.0035345332451826,0.2999999993701165,0.639701192834222,0.590813400743754,972906.mp3,downtempo
301.6842176870748,139.6748310810811,0.5538967989137821,0.5883547363281251,0.0637305229902267,0.3455252808832474,0.756678181682819,0.0944503630143093,0.003595588643745,0.6236675168717578,0.549560317516224,0.6130309247732368,25806.mp3,easylistening
94.91529166666666,152.02702702702703,0.5857389012484028,0.5041500854492187,0.2449690997600555,0.642303468204798,0.9862765974868488,0.6374232237658932,0.0015119316337549,0.9082789286050316,0.7087230995873864,0.6464442559961427,31506.mp3,pop
128.21428571428572,123.046875,0.5436432321427258,0.3571758728027345,0.1845983564853668,0.3638729891191878,0.6433248721113463,0.1763345730161394,0.0005467575295944,0.2999999997341686,0.5637758662357911,0.6537002350875738,1268906.mp3,ambient
428.6432653061224,139.6748310810811,0.6215999819136793,1.0,0.1114082187414169,0.1450469666525115,0.2784064451094036,0.1507697714500505,0.0007749665158777,0.2999999999746969,0.4011815707441845,0.6598706445980731,1104906.mp3,ambient
330.0441950113379,120.18531976744184,0.5400893716279199,0.7803352584838867,0.1073272079229354,0.3658633734650608,0.5960939142368643,0.257688572242413,0.0004049512262987,0.3,0.4749278494125989,0.6436522249697371,747506.mp3,ambient
313.390589569161,114.84375,0.5534078454081313,0.4256620483398439,0.1509421318769455,0.44873991375367,0.800646323811882,0.3200756446328633,0.001483837974898,0.6699028625065251,0.5582392390495718,0.642691319665786,588706.mp3,atmospheric
223.50666666666663,147.65625,0.585199611871644,0.2167857208251953,0.1956612020730972,0.6721446419869983,0.9295861273809284,1.0,0.0006563360784821,0.6116239013440163,0.6733960033864493,0.6357588320690252,207506.mp3,indie
485.4183446712018,123.046875,0.5814865728248881,0.669901123046875,0.3027496039867401,0.7514889918092965,1.0,0.3155340728983095,0.0056263604014468,0.3,0.6927874551122223,0.6704323664127819,1336506.mp3,electronic
235.95,101.33272058823528,0.6009853412559188,0.2936414947509765,0.1730695813894271,0.6230674604293825,0.961330939164052,0.5199314999447967,0.0046152881919382,0.6779392137571556,0.513176034065626,0.6596698424870686,369906.mp3,easylistening
440.3669841269841,109.9567819148936,0.5380604351407128,0.7924343109130859,0.080472357571125,0.4325944444438992,0.6365624204006864,0.2613279182803691,0.0004205381437024,0.2999999929549564,0.5683342627712263,0.6153031961713598,919606.mp3,ambient
276.3,139.6748310810811,0.5888535321573662,0.4761853637695313,0.1710412353277206,0.69983724518229,0.9749668622052376,0.2520212470497325,0.0039633003588053,0.3,0.7354308923146194,0.6144886662550556,259406.mp3,alternative
147.66666666666666,123.046875,0.6023486917636635,0.2694964294433595,0.1267669200897216,0.1096897897997087,0.2685255599733701,0.1561750329351709,0.0002421533927022,0.2579832929878889,0.4446630176598493,0.6567034877003299,941706.mp3,classical
315.42963718820863,93.9630681818182,0.6021077844405935,1.0,0.1207313686609268,0.7259458860341786,1.0,0.182037634355511,0.0122090586874986,0.3106974357583863,0.556987723640612,0.6320657479898113,769506.mp3,atmospheric
370.77430839002267,103.359375,0.5542722565642628,0.5641782760620118,0.0827952548861503,0.6614228932837452,1.0,0.2797019343565179,0.0036047420438192,0.6582770031074673,0.6391192427915181,0.6019824432007106,152806.mp3,alternative
269.5203174603175,120.18531976744184,0.5620936262379523,0.918634948730469,0.1186749413609504,0.1638211039541131,0.2907530823475736,0.1539652138283174,0.0002311862287189,0.2989584238130058,0.4792090864258457,0.6468811616047729,1049706.mp3,ambient
175.44403628117914,109.9567819148936,0.6146455377077886,0.2325634155273437,0.2007299214601516,0.3324414308967787,0.5747960058773771,0.5727640124469006,0.0001101600215886,0.7122377304949061,0.4400867775395731,0.6842454162177399,818606.mp3,classical
145.54854875283448,120.18531976744184,0.5275263704806223,0.4883922729492187,0.1186361387372016,0.4362278770565765,0.8187600520454286,0.2418472540791452,0.0017633868872217,0.7133260071151032,0.4733754419628629,0.64803392155282,1406706.mp3,folk
293.1066666666667,161.4990234375,0.540966420947003,0.2728777160644532,0.2699351608753204,0.7456461855160084,1.0,0.220749144790929,0.0141856708531687,0.8466890728699497,0.7283194946779337,0.6515127589795285,492106.mp3,electronic
105.81235416666668,160.71428571428572,0.5345694064179117,0.4161346130371093,0.1418160945177078,0.1718936749830056,0.2344982616587974,0.1674282061369,0.0001080932281608,0.2996861594827802,0.4728615910084191,0.656481475824691,1115606.mp3,ambient
219.8204081632653,87.5926906779661,0.5458328848767865,0.6237624359130859,0.1868838667869568,0.5268825010287116,0.7822407894960366,0.3180864466297562,0.0012373928071672,0.8641179192543265,0.5523095630459822,0.656816279434108,1074806.mp3,dancehall
137.94666666666666,117.45383522727272,0.5562394919168934,0.7136598358154296,0.0589317865669727,0.1450885069942663,0.2104331621302466,0.1485345737146986,0.0001703056226675,0.2999998452822059,0.3687621927120752,0.6474630046216951,1028906.mp3,classical
81.84616780045351,120.18531976744184,0.5203050117641463,1.0,0.1035299971699714,0.2827208337635938,0.4294824633515862,0.1397135443694862,0.0002461984324575,0.2999996346431483,0.5403297154403212,0.6292048558931255,1170406.mp3,classical
257.9281179138322,120.18531976744184,0.5573462206298458,0.7637117614746096,0.086795374751091,0.308506540548663,0.593753193135282,0.2198799644745783,0.0007619332215753,0.2999999103417947,0.6133534630413326,0.6085756423021262,1150106.mp3,electronic
258.0,120.18531976744184,0.52449258250726,0.5315765838623047,0.0844587013125419,0.507182473060571,0.8072177451349081,0.2212772309066743,0.0017936203953655,0.2999999999999999,0.5252480364612109,0.6253555251802729,272406.mp3,electronic
302.56480725623584,120.18531976744184,0.545912036801163,0.4339129638671875,0.1938003599643707,0.351265095010863,0.6814473424792865,0.1836889249518718,0.0007094936475,0.5054124881552916,0.5348080662436449,0.6628065163384446,1226206.mp3,folk
393.5761224489796,109.9567819148936,0.5216622449912744,0.4497053604125976,0.091821864247322,0.2707359614868316,0.5003170602144076,0.2432825383121087,0.0002062908271965,0.7327086028219714,0.4987805487627046,0.633299761376495,633206.mp3,atmospheric
360.0,92.28515625,0.5690648842513764,0.413787109375,0.1740949302911758,0.4561911575628906,0.82080832352988,0.1795093005109617,0.0031373103594453,0.3,0.497727816268867,0.66312861165105,907106.mp3,ambient
166.14666666666668,105.46875,0.5987087356865415,0.2497648620605468,0.2175953686237335,0.5123347624311169,0.7185939506945063,1.0,0.0002240723505034,0.299999968235742,0.4695455550608223,0.6844252216923796,949606.mp3,rock
483.48,123.046875,0.5675847445767632,0.4979134826660156,0.1972280740737915,0.769376940930796,1.0,0.3727266657451897,0.0035889438629773,0.6299023870689795,0.7282927718616252,0.6253435522942399,23006.mp3,electronic
212.712,127.8409090909091,0.579963677261375,0.6988204193115234,0.1044294536113739,0.3114123566901593,0.4446110753031058,0.1870389984613917,0.0004364122570037,0.4246126093195488,0.4616673014891101,0.6452611430022726,1133406.mp3,electronic
228.0,99.38401442307692,0.5421440349296598,0.6477692565917968,0.1153389364480972,0.3354384990411369,0.5004158279742774,0.1987953288565932,0.0006455716864854,0.2999999999796059,0.4234084341960811,0.6568403302820988,1066806.mp3,indie
120.86578231292518,120.18531976744184,0.573583412674006,1.0,0.0889996290206909,0.2724470084708739,0.5901318897103456,0.1809755629013403,0.0012638532522629,0.2999999999996046,0.5001332709809568,0.6320132122512574,1195906.mp3,orchestral
247.32734693877552,93.9630681818182,0.5185672966824728,0.9373135986328124,0.1300761401653289,0.2980729659780007,0.6212990697704205,0.0868885266021267,0.004649838219179,0.3,0.3538727407829394,0.6760528623029306,81206.mp3,electronic
228.53360544217688,105.46875,0.5689758485914098,0.3312162170410155,0.2154107093811035,0.5079884092447725,0.7131327852273787,0.4931282330857344,0.0006254074261506,0.3026042856974516,0.5068868601375838,0.6761704833496804,1027906.mp3,alternative
233.97333333333333,166.70866935483872,0.570273411363929,0.4228336486816407,0.0639419481158256,0.5964323254189512,0.9632108271890776,0.2806544568199614,0.0036869686289074,0.7758508833422856,0.6432730735620336,0.5943644866092905,628406.mp3,blues
132.1167573696145,105.46875,0.5306869198477255,0.4014567260742187,0.153945192694664,0.1452332059313626,0.1843497429861759,0.2061982939688799,5.84152719092372e-05,0.840801018224879,0.5348085455064466,0.6484585602687898,151106.mp3,classical
366.3548072562358,139.6748310810811,0.6008397896026669,0.8794587707519531,0.219250813126564,0.5713456774428438,0.889022929243862,0.1978557670606494,0.0044499889399441,0.7258497350501145,0.6493285326415195,0.6490645861972592,115206.mp3,alternative
76.78680272108843,101.33272058823528,0.5078158868269322,0.3665342254638671,0.1067821159958839,0.363359758528373,0.6225059893439717,0.3960431309786336,0.0003712810711639,0.8087230777554341,0.437692405845952,0.6509030805893279,976706.mp3,classical
303.25551020408165,95.703125,0.5710883826492216,0.7142615509033203,0.0904829576611518,0.5265836078904164,0.7850185608375037,0.256514102754442,0.0013388565756333,0.9505740636788628,0.5836386472733199,0.6158461353033508,1346206.mp3,electronic
269.1562585034014,120.18531976744184,0.5754940312462552,0.3558132171630859,0.2758189737796783,0.5833003951437711,0.7922016868072578,0.4876982022925819,0.0041602614717202,0.3,0.6297502421677683,0.6733447821271306,630606.mp3,ambient
321.9047619047619,126.04801829268293,0.5872696670832183,0.5932370300292967,0.2887830436229706,0.8218869564940738,1.0,0.3962537176495218,0.0114506866463658,0.8632933870764726,0.6477164846707159,0.6744185987701262,1375006.mp3,darkambient
226.1733333333333,120.18531976744184,0.581040217762828,0.4951205444335937,0.2789188027381897,0.5680090052738211,0.8109323093809676,0.6034900797650243,0.0007625996929074,0.6985565899395327,0.4942185988004147,0.7015670492256654,1061706.mp3,funk
110.0277551020408,120.18531976744184,0.5796473132253981,0.5216763687133791,0.091082215309143,0.5210317638696084,0.7840739298901274,0.4144473208817338,0.0007609317038016,0.9441434593435792,0.6147033745978228,0.609848922591727,369006.mp3,industrial
104.04385487528344,99.38401442307692,0.5722864510017147,0.2883943328857422,0.1731871366500854,0.3796948442901366,0.7410846196452646,0.2682665563544723,0.0012132872779173,0.4109066117661415,0.4863613885043831,0.6650750914931541,727906.mp3,easylistening
165.29086167800455,103.359375,0.5755509812901037,0.9220191040039062,0.1756214499473571,0.9405465859767008,1.0,0.3267675945706567,0.01642973601116,0.3,0.8687902176108029,0.589465678458888,1144106.mp3,electronic
170.87498866213153,109.9567819148936,0.5547733456212174,0.4800855712890625,0.2230772525072097,0.4068005669313931,0.7085375523195983,0.2516059644901381,0.0031000440474404,0.7863032527750362,0.5162958310849551,0.6770486446856046,1136706.mp3,downtempo
353.14666666666665,139.6748310810811,0.5807888648458561,0.3791559448242186,0.0617141127586364,0.6926003283959805,1.0,0.2362894884126696,0.010233673364672,0.2999999999999862,0.4802367933271109,0.6261697219276869,1366706.mp3,experimental
1207.2,123.046875,0.6028619256133911,0.8487368774414062,0.0969071015715599,0.1964599391074642,0.3443100211594199,0.0457426615812609,0.0004970219472971,0.2654558791117896,0.5521508230760211,0.6244563919505574,953706.mp3,ambient
188.77231292517007,93.9630681818182,0.5783750513941874,0.6045166778564453,0.239159494638443,0.7089377754659149,0.8853781159357536,0.5704362043620436,0.0018109574196421,0.8863272478629352,0.6809590071596969,0.6499056166379001,1352506.mp3,alternativerock
233.2200453514739,120.18531976744184,0.6012056911948551,0.5492109527587892,0.2067606598138809,0.5905292662292488,0.8579787890087387,0.5470532097794096,0.0029332371517955,0.6081912424852123,0.5147965385300508,0.671474529826987,1344206.mp3,80s
223.2148299319728,112.34714673913044,0.5818738847655711,0.6479890441894531,0.2175882011651992,0.5979361235492658,0.9092829793531936,0.4122893745710745,0.001924953642107,0.4840756244308866,0.6184407832450177,0.6546435957704683,1288106.mp3,dance
298.370612244898,126.04801829268293,0.5831043202559023,0.6468695755004886,0.1580573618412017,0.6904750613124315,0.9835586466884296,0.2788395178893423,0.0039622346273502,0.7112539175841097,0.6158655497247577,0.6337275403178811,116106.mp3,disco
315.9307029478458,101.33272058823528,0.5754534513591637,0.5639844818115235,0.0974598079919815,0.4140443255001368,0.7060463461238174,0.1920905808110004,0.0020419307312831,0.3,0.5248526888274629,0.6301149931116208,320806.mp3,reggae
135.5116326530612,161.4990234375,0.5441161916907497,0.432960105895996,0.0525272637605667,0.3051486431443354,0.5806603773574528,0.1699334659556328,0.0001193065604108,0.299999999996678,0.3941905835071257,0.6400716982523789,1347806.mp3,ambient
292.59176870748297,105.46875,0.5778075675065679,0.3653106079101562,0.2865002751350403,0.5921414194193758,0.9572746082615108,0.4298855491530869,0.0020735928106036,0.95689177323849,0.4959805746662676,0.703943984115361,1147706.mp3,chillout
228.68526077097505,105.46875,0.5532814987989798,1.0,0.0154245197772979,0.2309920392892317,0.4159809813323863,0.0671522922966055,0.0023088061551886,0.2999282731003619,0.4083678315109201,0.6238792608176433,1187706.mp3,ambiente
144.17755102040817,135.99917763157896,0.5665147487219043,0.6309310302734374,0.1768804490566253,0.8190647591387333,1.0,0.4133399060055501,0.0068267039944249,0.2999999999999734,0.7896058140963972,0.6057557988411058,1236106.mp3,electronic
245.94575963718825,178.20581896551724,0.5773934347530221,0.8632860412597658,0.0454910509288311,0.2949164305838728,0.4864558368503383,0.1867043524813345,0.0001860620687768,0.299999999996964,0.554968665906835,0.6053830451530122,1209206.mp3,ambient
47.23913832199546,99.38401442307692,0.5661653442204791,0.8191692199707031,0.0964677855372428,0.2937522037529027,0.5042815710609893,0.3405714833751926,0.0001078708744517,0.2999974978238526,0.4037292484836914,0.6539825530966691,1330506.mp3,classical
187.479625,144.23076923076923,0.5352861842453378,0.3398816986083984,0.0733027905225753,0.1654267673217377,0.2778577466418439,0.2148006610634462,7.355256602245662e-05,0.4970974288858342,0.3366820710172755,0.659052590384672,1122006.mp3,classical
771.2391836734694,132.51201923076923,0.5926795601474699,0.4812876892089844,0.1265704333782196,0.776026676124977,1.0,0.2105910861607487,0.008122714386588,0.7265942761807405,0.767570385654946,0.5920512788851698,1391106.mp3,dance
305.0057142857143,84.72079918032787,0.5740261077633177,0.5603197174072265,0.1809874027967453,0.5850273240465974,0.8795809397911964,0.3996373770832714,0.0023803923314984,0.5388038145314397,0.5818414074597176,0.6487871835148848,395906.mp3,pop
389.9036734693877,139.6748310810811,0.579623517220198,0.4643465423583984,0.3489596843719482,0.8134248404983287,0.9552315690783728,0.7702812895804041,0.0012715267613292,0.9334519959752244,0.7245183413509129,0.6807218181037188,454906.mp3,electronic
198.3770068027211,120.18531976744184,0.5803681695316867,0.4697347869873046,0.1034431979060173,0.673531070788315,0.93827258264395,0.574895192037307,0.0022287880819532,0.3012873500387254,0.7000385239325242,0.5972318464596613,1251306.mp3,acidjazz
511.38666666666666,90.66611842105264,0.5725903622872601,0.264626708984375,0.3202687501907348,0.632773569738479,0.9732860117313374,0.6663491268948286,0.0017373021991465,0.5671516620469115,0.5144768100198915,0.7124013880646862,149806.mp3,newwave
84.06204081632653,120.18531976744184,0.5104687321858448,0.2094290161132812,0.1421424299478531,0.2473067025325921,0.3865290728151098,0.3680336565829406,7.272954808736784e-05,0.5231810751231736,0.4138112475496089,0.6684090252713053,1306706.mp3,electronic
190.17142857142852,139.6748310810811,0.586179191685372,0.5537742614746094,0.1923079490661621,1.0,1.0,0.6550512863653757,0.0076223013463953,0.7306693405310913,0.7293496621621622,0.6233609292313859,1381006.mp3,dance
285.2,120.18531976744184,0.5720394603757903,0.4460383605957031,0.1337954401969909,0.5157151761423459,0.8596336260197476,0.2789133503970389,0.0010521031571694,0.700354842749524,0.5074289319752776,0.6466805720758613,239806.mp3,electronic
194.69061224489795,114.84375,0.5506479669094629,0.7328479843139648,0.0775008276104927,0.3111653259461173,0.5734595016665146,0.2304798056925113,0.0002876612575257,0.2999463048600758,0.5920569471692962,0.6094889085059181,1211606.mp3,pop
277.44603174603174,139.6748310810811,0.5660973263033061,0.5316368408203124,0.312356173992157,0.3665368068543284,0.6868110515993917,0.1898028001118575,0.0013431157008473,0.3690801327624908,0.5559529365361134,0.7012576353299538,322106.mp3,electronic
352.7575510204082,120.18531976744184,0.5434729812769785,0.4885106658935547,0.0915987789630889,0.3985448374290204,0.6893861085364938,0.2402899376698226,0.0008563410854522,0.8542183922900912,0.5610188549703847,0.6207717894326351,1147906.mp3,ambient
139.82609977324262,114.84375,0.5588579862544589,0.9458254699707032,0.1329775601625442,0.2622892212213497,0.4371043310176824,0.2630383714996233,0.0001507556168219,0.2999999986881557,0.4137952112906828,0.6651128794003793,768906.mp3,postrock
146.100589569161,129.19921875,0.5856274494276213,0.5789835052490234,0.1138762682676315,0.3040751389553712,0.4807585356698466,0.3395366144364661,0.0001132513493472,0.2999999999888562,0.5446639196961331,0.6320626726371208,1209806.mp3,minimaltechno
230.0,120.18531976744184,0.5496149038624663,0.3175361633300781,0.1878494769334793,0.2584502377312051,0.4291909159622198,0.286894814533931,0.0002916140144982,0.3613306888568982,0.4224245726836761,0.6831408971593174,1078706.mp3,alternative
173.47918367346938,105.46875,0.5863000345322551,0.3891327514648438,0.3312065005302429,0.5821481275657783,0.9941346720636564,0.3177596819132214,0.0029592361639127,0.6648891295743766,0.5842273284558895,0.7023888744997095,1239106.mp3,hiphop
240.2220408163265,129.19921875,0.5727390469547241,0.8078847503662111,0.1917752772569656,0.7622013847145407,0.9545699685412176,0.6126425671757201,0.0019488082210024,0.4695547148982935,0.6667939767182157,0.6356803044688645,1146906.mp3,ambient
224.74666666666667,101.33272058823528,0.54801990097547,0.1878271789550781,0.181149423122406,0.6598544550158852,0.9366851168184518,0.5756765303589809,0.0014077278182572,0.5682926949317332,0.5618840687483044,0.6528369785744053,209006.mp3,folk
299.93018140589567,99.38401442307692,0.5805575038087006,0.4035341033935548,0.1463258415460586,0.3923530107798298,0.753021733692004,0.1778231372156564,0.0023154829901541,0.3616951671380644,0.4021182122816083,0.6722536605002595,323606.mp3,instrumentalpop
298.76244897959185,93.9630681818182,0.5826880728949635,0.5295386352539063,0.2647343277931213,0.5048489353025993,0.7241587681476044,0.4750903710948977,0.0005291094021479,0.336768132022657,0.4651200708940931,0.7022803438267051,1413906.mp3,electronic
151.69231292517006,129.19921875,0.5477114283073021,0.3127615356445312,0.2327260673046112,0.4967381703767262,0.9160307356875708,0.3186307414888017,0.001459356083498,0.6208175533157194,0.6018531577020952,0.663410752689241,1066506.mp3,pop
331.0909977324264,132.51201923076923,0.5738508544677832,0.3094976654052733,0.281444638967514,1.0,1.0,1.0,0.0119812386371049,0.8905165808643181,0.8050240384615384,0.6403152623359973,724206.mp3,ambient
241.5750113378685,132.51201923076923,0.5718203553476692,0.3931987762451171,0.1657991260290146,0.7318361876211594,0.9260454453633874,0.6453505218443188,0.0012637471899275,0.801605051130029,0.7506378110132144,0.6095601231678024,1136906.mp3,dubstep
308.0,129.19921875,0.5754877370000773,0.6456865844726561,0.2610754370689392,0.4601282261662062,0.694990893933404,0.2979182468518115,0.0004270922228007,0.2999999999999839,0.522537875645174,0.6894795822157833,273606.mp3,reggae
227.1265306122449,172.265625,0.548916512483633,0.2977100677490234,0.0891832560300827,0.1495206519546147,0.2012023288062554,0.2976963661478774,2.3615646596937624e-05,0.6963549515921472,0.566493707397389,0.618807230691352,1185306.mp3,classical
155.0140589569161,143.5546875,0.5549976091227999,0.5042896270751952,0.1784286499023437,0.3604081693518427,0.6151692992781066,0.1486865948647503,0.0010060308379878,0.2999999993678643,0.5159600838201569,0.6610422972008124,843206.mp3,folk
484.0104081632653,120.18531976744184,0.6020601419282079,0.7554344177246094,0.1413029730319976,1.0,1.0,0.4908537462923202,0.0095729120982508,0.9075552774631556,0.7803706395348837,0.5947949423845424,900206.mp3,funk
46.2,123.046875,0.5834863030296054,1.0,0.1174292936921119,0.1814651508848341,0.2422231000845941,0.2646782693957593,4.083186318024221e-05,0.2858551887695591,0.567622834125103,0.6287499789041398,81706.mp3,ambient
291.02115646258505,132.51201923076923,0.5500581875818439,0.3658498840332031,0.1863069236278534,0.3096044125776779,0.5603415980536794,0.2961756152049093,0.0003452471044304,0.2999999999668819,0.5557424403079366,0.6559220044444399,1414506.mp3,fusion
158.70678004535148,90.66611842105264,0.5668950370472474,0.2566924591064454,0.1888806521892547,0.4409472585957618,0.7115782960022986,0.5749360358270738,0.0003760378441651,0.5611825134300026,0.5261797409570297,0.6627610865967257,992506.mp3,easylistening
356.1534693877551,178.20581896551724,0.5525755249630884,1.0,0.0296860374510288,0.1869508970051437,0.3465434994472596,0.0701494803845257,0.0011987129907794,0.2962689870357922,0.6289196660867816,0.584903040265014,937106.mp3,classical
279.19673469387754,99.38401442307692,0.5464187377251801,0.8733848876953124,0.1448629051446914,0.638459696115559,0.8594043764943797,0.1384727725608995,0.0041826316404622,0.7634407038879766,0.5440129426875098,0.643348057314587,94806.mp3,easylistening
287.031746031746,126.04801829268293,0.5761307305194232,0.693258056640625,0.2535705268383026,0.4687020718074122,0.6918157054133434,0.284772844088106,0.0006765915161938,0.2999999999992295,0.511040779423964,0.6890772337769961,934006.mp3,rock
117.34310657596372,178.20581896551724,0.5472738897110104,0.4123323059082031,0.2096257805824279,0.4549391110609593,0.7592118795760705,0.3425777215825185,0.0004666831188815,0.9282142170044754,0.4211109742185441,0.6912430861659653,1250206.mp3,chillout
228.8919954648526,161.4990234375,0.5557576277893087,0.5285157775878906,0.1976041942834854,0.6630289208767426,0.873047309576728,0.5604540573707624,0.0025481392514768,0.6433811780279395,0.681390264223928,0.6348594570972691,1067706.mp3,indie
245.1063945578232,93.9630681818182,0.5750469273650942,0.4153256683349609,0.1826528459787368,0.6741593149472374,0.954306938077287,0.4731358422905941,0.0013044966534252,0.2999999999999995,0.631721860370316,0.6394106524782821,1104506.mp3,trance
257.0,151.99908088235293,0.5737775556429481,0.2361676635742188,0.2248270809650421,0.674122421802118,0.9232498242219876,0.797668620133823,0.0018856862991004,0.7960956893636794,0.7719463200538087,0.6265484851366534,1098806.mp3,rock
164.63866213151928,166.70866935483872,0.5354863525781836,1.0,0.1465752869844436,0.3340793747286426,0.559127327182933,0.1883433862897969,0.0007246571879584,0.2999999999890573,0.5389246650931638,0.644982170295767,409706.mp3,alternative
281.0002494331066,120.18531976744184,0.5791732873694377,0.4644398040771484,0.1213527470827102,0.7971467238479031,1.0,0.376439895038514,0.0063650522960873,0.3,0.7473955672096962,0.5942078755078365,532906.mp3,electronic
278.49333333333334,120.18531976744184,0.5878472921365206,0.6881895446777344,0.1484224647283554,0.478310215880155,0.7328975725536936,0.2427496268459433,0.0009412747807938,0.7304851429806788,0.6058685853414658,0.6322583702339148,1053506.mp3,club
522.4933333333333,123.046875,0.5675941384315732,0.1496233367919922,0.192104622721672,0.1339601494004455,0.1708250374719706,0.2991426236367065,9.135745750369398e-06,0.2531050375088164,0.5784824915349789,0.6534611658728062,1062506.mp3,ambient
2601.8347392290248,114.84375,0.5524004770342753,0.3661148376464844,0.145083874464035,0.3334889981179728,0.5851102155647021,0.3841656487014304,0.0002608504605457,0.2999971674957508,0.3765644300782005,0.6769173087914125,237606.mp3,ambient
333.99018140589567,117.45383522727272,0.5738687712905972,0.3704724884033203,0.2213722020387649,0.8031335828082117,1.0,0.5651484372880435,0.0060951443520768,0.3882595236642526,0.628440836103009,0.6540058255133536,1165906.mp3,electronic
30.0,129.19921875,0.565270506551057,0.8138288040161133,0.1335170418024063,0.2223632352249772,0.4733307585951011,0.1906025824964132,0.0004871878358603,0.3,0.3994399011775678,0.6681781548133527,1419106.mp3,ambient
311.9998639455782,129.19921875,0.5697063263575716,0.6523045654296875,0.2378488332033157,0.5847338623944005,0.9679989279367656,0.1898164333284324,0.0075622253967646,0.3,0.6252995141027304,0.6605656771326476,1031106.mp3,electronic
208.5,166.70866935483872,0.5588642770700767,0.3515586242675782,0.2528420984745025,0.5955337773062161,0.8558703704573172,0.6096830314035085,0.0014373108389066,0.7398214130403395,0.7437001336403855,0.6422831287227438,1086706.mp3,funk
216.08489795918368,120.18531976744184,0.549071278571297,1.0,0.2235448062419891,0.8810042968623153,1.0,0.6627987519868751,0.0028846247894924,0.2999999894910238,0.6903706395348838,0.6424020023401393,316206.mp3,instrumentalrock
333.3333333333333,143.5546875,0.5636378612450745,0.7604667663574218,0.0792034044861793,0.5094871939442114,0.7953417310702611,0.4184924448944953,0.0007412609036476,0.2999999999999996,0.6592366937461448,0.5966658868657956,1357706.mp3,chillout
382.72,139.6748310810811,0.5463596453090214,0.4966100158691406,0.2060679197311401,0.3662897038909739,0.58823901411311,0.5030895295453789,0.0002975369232235,0.6268193291827081,0.604431035835118,0.6532982439361869,221606.mp3,rock
103.53392290249433,120.18531976744184,0.5135428571268172,0.9022417526245118,0.0406983904540538,0.3063819684305286,0.4809179938176748,0.2232798560324692,0.0002260266177243,0.2838679142723243,0.4478922606792954,0.6250729684276003,1338306.mp3,classical
145.0,83.35433467741936,0.5555147858400012,0.977532165527344,0.0372435301542282,0.1265456560611704,0.263824905497669,0.1050627819328633,0.0005151475832654,0.2999939496176795,0.3712798686983939,0.6391516971158434,1210606.mp3,atmospheric
179.64,123.046875,0.5418937869871264,0.5980867462158205,0.0830014422535896,0.1821746452123488,0.4874191988983569,0.0585406837717314,0.006889798813501,0.2995346627660298,0.4564229039505618,0.6385959384211799,210606.mp3,celtic
173.505306122449,151.99908088235293,0.5524661075445252,0.2744554138183593,0.1932260394096374,0.4862209855463775,0.7405530278760853,0.6171010779361725,0.0006074146854255,0.2999999940545564,0.5880851980654775,0.651944334574374,381706.mp3,reggae
239.1428798185941,139.6748310810811,0.5758716853833636,0.528374725341797,0.217612013220787,0.485406743761107,0.7444423061154126,0.3176824828105556,0.0008052550475548,0.3,0.6470662562138765,0.6489270735167081,1127606.mp3,easylistening
184.9180498866213,123.046875,0.5109457277933103,1.0,0.1436818838119506,0.1777651191804416,0.3445172513406834,0.0975888449241097,0.0012923872483916,0.3,0.3838553373902259,0.6749544106942571,1109906.mp3,electronic
110.82435416666668,133.92857142857142,0.542844927056044,0.3114950866699219,0.1375928819179535,0.4643411517539461,0.7320749049824699,0.3219437075987699,0.0003767859464788,0.7952993505505923,0.4619442896614687,0.6571445795581695,1162506.mp3,classical
160.91383219954648,132.51201923076923,0.5780486456417897,0.6285555725097656,0.2332605719566345,0.3900072012808008,0.6123236755057555,0.2836983071129412,0.0010574094379596,0.8873062212606462,0.4925128602238383,0.6854712338596207,480706.mp3,electronic
199.6609977324263,166.70866935483872,0.5302269648206881,0.9739456787109376,0.1588515341281891,0.4143218558982478,0.758484802016398,0.1591325139905661,0.0023282426457542,0.6638083263104262,0.5550126722366583,0.6461840178388165,1189906.mp3,easylistening
150.0,117.45383522727272,0.5449773152652677,0.5211905517578126,0.1163984090089798,0.1929806344566353,0.3444786070776069,0.2459423846560446,0.0001015501560604,0.7934836592603959,0.3883797815890216,0.6642274709254283,1299806.mp3,ambient
300.0,129.19921875,0.5969561610610399,0.5370059814453125,0.2572430074214935,0.6355836694262182,0.8852155841446544,0.4140798912633089,0.0027661140511284,0.5849308957196289,0.5942605183264655,0.6737553790064446,1210706.mp3,electronic
332.0,79.50721153846153,0.5655655576142709,0.3015487060546875,0.1355393379926681,0.6458091815672823,0.9364554215125156,0.6195978257995679,0.0024448706868578,0.9089616644084876,0.5190921752474268,0.6449757266278752,451606.mp3,electronic
259.52,156.60511363636363,0.5905956046350347,0.939290786743164,0.1346633732318878,0.372191548792379,0.6714515741398515,0.1035909980644049,0.0028985419636542,0.3,0.5979008573803684,0.6288986428874059,3906.mp3,electronic
206.02775510204083,120.18531976744184,0.5648951881826756,0.8472358703613281,0.0971540212631225,0.340620630811638,0.6137726977525603,0.154014508250571,0.0016739369354543,0.5590785008679358,0.4424764040646838,0.6464801668417874,706906.mp3,jazzfunk
197.2767346938776,90.66611842105264,0.5633645973816692,0.7138089904785155,0.265253484249115,0.6292025080318466,0.943357147582092,0.352594253300857,0.0025820439488634,0.2999999999564766,0.6036570580954915,0.6747598427105831,1312106.mp3,atmospheric
293.0972335600908,161.4990234375,0.5802350018322995,0.5296649932861328,0.2639159858226776,0.5494018567882737,0.9103281185807884,0.3678809297005272,0.0028321513162294,0.6851638796583004,0.5297693034438797,0.689055894207388,1102806.mp3,dubstep
191.04,123.046875,0.5306903226680302,0.3142483215332031,0.2397478967905044,0.5170940315449699,0.7634946306180639,0.4925563436126612,0.0009393929944747,0.578426125784673,0.6335299553945986,0.6596032517656619,1354106.mp3,country
242.09333333333333,80.74951171875,0.5757881345885464,0.7572539062499999,0.0521905981004238,0.3168803008735262,0.5281463221536745,0.0751385131460291,0.0032910364468615,0.7028328161807211,0.4390301779969836,0.6309825797167559,479106.mp3,easylistening
168.3069387755102,129.19921875,0.6023874271639169,1.0,0.1588151007890701,0.7890990288814219,1.0,0.2097099988727693,0.012372244622341,0.3,0.6463923682993717,0.6278949626241909,1312906.mp3,electronic
510.0030839002268,126.04801829268293,0.5128978300326119,0.3508204498291016,0.0659603103995323,0.3445688508104588,0.417489726019364,0.3830475895416606,5.805667430350105e-05,0.4630632012973658,0.627709819943768,0.5982037477550781,1028506.mp3,ambient
298.6736054421769,120.18531976744184,0.5662847834411752,0.245597915649414,0.1915879845619201,0.2269146438234251,0.4386526020858968,0.3721488936882683,0.0001005309096943,0.2980871625187349,0.4303420667151076,0.6829032610992697,824306.mp3,orchestral
164.46693877551022,129.19921875,0.602154017423171,0.6833684692382812,0.1889696717262268,0.6420718119417854,0.8397899601652887,0.328443118411561,0.0008027566396828,0.565976261406884,0.6946626449853405,0.6290965528243735,1359806.mp3,drumnbass
456.43755102040814,139.6748310810811,0.5877030255219525,0.5083709106445312,0.4134092330932617,0.6953846721037308,0.9010510025414288,0.8585513504123976,0.0013016831288285,0.8068518336006887,0.6514339688597215,0.7185405301416299,502606.mp3,electronic
160.08,126.04801829268293,0.5497751048837733,0.3530524902343749,0.2321046292781829,0.5235401712905764,0.8954043945781599,0.5352545065083691,0.0018750372754789,0.2999999167735093,0.5368659695378235,0.6761844726325812,1106.mp3,pop
205.56625850340137,129.19921875,0.5762774051313879,0.6128767700195311,0.2019251435995102,0.7079964497242796,1.0,0.3774643347608152,0.0032185471212496,0.8495115167908465,0.5974871477066671,0.6531956221544902,1170106.mp3,house
65.57315192743764,109.9567819148936,0.5687876954096226,1.0,0.2148190289735794,0.4271634111192249,0.6784658945018532,0.2599277230159449,0.0009549487878224,0.2999999931932026,0.6080246290424294,0.6557299246220027,1127706.mp3,classical
320.9795918367347,143.5546875,0.592593472648993,0.4939766845703125,0.2410282343626022,0.7173768486153764,1.0,0.2776577884779101,0.0082452325599612,0.7331112452054914,0.5991821395849397,0.6669337364535488,950106.mp3,90s
187.8294784580499,92.28515625,0.5815569331269255,1.0,0.0910185649991035,0.3165141506704218,0.5420529892263765,0.2090195209387658,0.0005941792789211,0.2999999999960565,0.4775633480313486,0.6372540137934075,768506.mp3,electronic
41.847541666666665,96.98275862068964,0.5687190647604731,0.3987443084716797,0.2547354996204376,0.4809732269597029,0.693301153081909,0.3986263394744039,0.0009967429859549,0.8837859127646122,0.4526503124638111,0.7011747173705953,897306.mp3,hiphop
400.0,126.04801829268293,0.5780173724874405,0.6988715057373046,0.0676991194486618,0.452766553853699,0.7311642890039964,0.1245421608450716,0.0031676958265867,0.3,0.4032737845009418,0.6437169261013299,228906.mp3,atmospheric
326.5,99.38401442307692,0.5594941544765799,0.3318828430175781,0.1757214665412902,0.479822273562849,0.8876542844522649,0.2876650740692237,0.0021332490191442,0.7829283597370469,0.5336772953331751,0.6565242688882295,1404006.mp3,chanson
227.96770975056688,129.19921875,0.5826420113195745,0.7598641967773437,0.3290829658508301,0.7277015027318056,0.9707354367621792,0.3482274965344886,0.005579348201985,0.9025506846798528,0.7136139515130593,0.675747077403687,217706.mp3,dance
258.6666666666667,117.45383522727272,0.547149042062137,0.3573651428222656,0.234941229224205,0.73265628622372,1.0,0.5842087402023033,0.0030064004036426,0.8478856384679099,0.5606058376843908,0.6724576749838357,1100506.mp3,hiphop
271.68997732426305,112.34714673913044,0.5837422924618996,0.5301372528076174,0.2373953312635421,0.7154315093297445,1.0,0.2524637252183991,0.0082945690295892,0.3,0.5038922051473051,0.6846838782254141,1342506.mp3,drumnbass
80.47299319727891,161.4990234375,0.5867685073907902,0.5198229293823244,0.0901418030261993,0.1792387359370262,0.4540179831678254,0.125148128861554,0.0009871303448722,0.2999967803336915,0.372919472036947,0.6578671546820424,1042006.mp3,classical
86.09333333333333,95.703125,0.5726696173765928,0.5597171020507813,0.1758112758398056,0.4509120159472718,0.6761411158829005,0.3238370563317284,0.0006546946902623,0.4062742118948889,0.446714512254415,0.6739491568514471,565806.mp3,funk
290.8734693877551,123.046875,0.5694111807779672,0.3285636291503906,0.1086615696549415,0.297114099911241,0.485932253932299,0.4392270743973505,9.077472508600684e-05,0.2875411865915032,0.4856314401809714,0.6419918770395847,169206.mp3,newage
195.84,125.0,0.5857297391277378,0.9290150451660156,0.2414247244596481,0.7064908934834392,0.951927618632526,0.5397989641352762,0.0031803728649411,0.624252174542734,0.6080772584588179,0.6652974491137098,969706.mp3,dub
254.4,99.38401442307692,0.582293523275817,0.5313551330566406,0.0988921150565147,0.4117737044660753,0.5649999484894186,0.4455757969709483,0.0002995154445452,0.7546343087992307,0.5574112714243621,0.6241189071354729,1288906.mp3,ambient
221.73526077097503,132.51201923076923,0.56642918109034,0.5174117431640626,0.0894188582897186,0.2181360814594283,0.4515200713574677,0.1769813002596228,0.0001858525206694,0.7923097146229289,0.3889079893657924,0.6544091911111403,1412806.mp3,blues
233.20757369614512,105.46875,0.5636285646003086,0.3448108520507813,0.1647747904062271,0.6210028757531382,0.8843216676009363,0.5838393233337421,0.0019845314530218,0.6335913677756482,0.5571681204292986,0.6478853004603821,89806.mp3,folk
61.31387755102041,126.04801829268293,0.5560369571951085,0.4331124725341797,0.0995437279343605,0.2568749679997016,0.4361830788758701,0.1822535809606487,0.000232973848106,0.5017823432636279,0.4438081306484196,0.6470741159266858,1132806.mp3,classical
266.75979591836733,126.04801829268293,0.5887954913666757,0.5065147399902343,0.2031991630792617,0.731345387554895,1.0,0.5801735988374377,0.0042909291533006,0.3835072037829482,0.6230296774392504,0.6485457632206841,1121406.mp3,folk
75.17823129251701,132.51201923076923,0.5077891579801126,0.6065070343017578,0.0430949293076992,0.2186257633968671,0.414164392846154,0.1608129076967113,0.0005459072199786,0.7415382822682708,0.4278344946688611,0.6299472756169995,1162606.mp3,pop
125.08857142857144,120.18531976744184,0.611523444408491,0.8260770111083986,0.1496103554964065,0.8802108151843888,1.0,0.553229585196084,0.0050484607961259,0.2999999999991997,0.6903706395348838,0.6157856000717296,1313106.mp3,dance
240.0,129.19921875,0.5863651106643643,0.8013989944458008,0.1955215185880661,0.7513174085748939,1.0,0.2371528826549875,0.012158723241534,0.2999999999987875,0.6963820271842373,0.6311113412548564,945206.mp3,dance
180.0,123.046875,0.6173489239537933,0.9458898620605468,0.1979692578315735,0.1656068361408567,0.3787810967381786,0.0795473709381056,0.0019162366005095,0.2942881055679595,0.4372811139193642,0.6838127100354936,1369906.mp3,darkambient
314.2802494331066,93.9630681818182,0.5518633480751807,0.4042705688476563,0.2083913534879684,0.4939565070385817,0.624828412998644,0.7713056484092731,0.00019383739785,0.3733219574024504,0.5293546837803745,0.6691499504995937,119406.mp3,hardrock
299.16589569161,126.04801829268293,0.5649269197579339,0.5699476318359376,0.1572692096233368,0.5513185305166539,0.8295319677970587,0.3287639052027913,0.0014581541064064,0.2999999991229912,0.6890483935434404,0.6188072367557133,168806.mp3,electronic
202.9420408163265,161.4990234375,0.5950285747544244,0.6694357376098634,0.0775442793965339,0.5523277073669592,0.9095161715257828,0.2416760618407099,0.0022003192136468,0.2999994409433564,0.6448588683463166,0.598944166913489,558406.mp3,gothic
287.7220181405896,139.6748310810811,0.5776843857528792,0.2431700744628906,0.2893048524856567,0.4424820909846776,0.7093513947347344,0.4882863253036356,0.0005594609457428,0.9341494024662388,0.5106365375996926,0.7020224393748979,1236406.mp3,rock
216.50995464852608,120.18531976744184,0.6097624657477074,0.228270263671875,0.1922186911106109,1.0,1.0,1.0,0.0102690249670817,0.958026905463699,0.6313322368421053,0.6429322814313989,1397206.mp3,deathmetal
218.8163038548753,90.66611842105264,0.5560348413016573,0.217043701171875,0.309287428855896,0.5679233633919544,0.9406539165842074,0.5353166797797011,0.0026954545334614,0.6303578850255772,0.4653750255758111,0.7182684692729603,1257406.mp3,poprock
163.54766439909298,93.9630681818182,0.6080565029538612,1.0,0.1478270292282104,0.5005685200463988,0.8052592245092699,0.153465139109402,0.0078926299971193,0.4875019272463902,0.4435385553606481,0.6645100194500261,147206.mp3,electronic
277.3333333333333,120.18531976744184,0.6322609545305398,0.2503814392089843,0.3177807033061981,0.4813115540310657,0.8842379751969733,0.444188326009181,0.001125609922599,0.6561225740635731,0.5144232706791165,0.711516399054408,76306.mp3,electronic
244.0,119.6808510638298,0.5930299829201563,0.3557749938964843,0.2072445750236511,0.5308298558049249,0.8505283555220338,0.4478723041295809,0.0008420330314866,0.2999999992281748,0.61301412135407,0.6520052227377005,128406.mp3,easylistening
286.11918367346937,120.18531976744184,0.5881034439709982,0.3744793548583985,0.0480250567197799,0.2366464213147644,0.4276781140110686,0.1145703130798806,0.0012200681370234,0.2946168926111055,0.4972703684053682,0.6178349467380472,543406.mp3,ambient
534.3033786848073,126.04801829268293,0.6148047759073874,0.3953722381591797,0.0611529573798179,0.5403333298396715,0.7057627301694176,0.0818556554606439,0.0010236081011832,0.2999596473576299,0.5638383564432583,0.6092473933680828,1118606.mp3,ambient
228.0,120.18531976744184,0.5638930480977287,0.4013400268554687,0.1198155283927917,0.4203057707057809,0.6957830705837849,0.2673527910491692,0.0015132137292051,0.8735356714739763,0.4678023128748046,0.6495731276464441,974306.mp3,funk
173.14285714285714,139.6748310810811,0.5176471154246682,0.4494383392333983,0.2339229136705398,0.4165395083920462,0.700478567787907,0.3095644295587384,0.0007267167840399,0.8366933082112404,0.6056246818066066,0.663087312560073,1337506.mp3,alternative
114.8315873015873,139.6748310810811,0.5318083894353062,0.6192265319824218,0.1496667563915252,0.3858518954233558,0.8155915673854908,0.1011261777767914,0.0065790160146762,0.2999999892501666,0.485817800845021,0.6567164721319448,1397806.mp3,folk
349.4533333333333,107.666015625,0.5934700682185768,0.9860599212646484,0.1160553246736526,0.3588228588453089,0.8131337672398272,0.1234802690219593,0.0027505423079961,0.2999999999998795,0.3952819839181379,0.6627235200988874,125006.mp3,ambient
270.2623129251701,129.19921875,0.583535183039199,0.5986845092773437,0.2923591136932373,0.9824933918960256,1.0,0.4169045900261829,0.0158492076141746,0.8760407119354594,0.6869370429088448,0.6678618723477965,1080806.mp3,eurodance
238.3578004535148,93.9630681818182,0.5753125843901701,0.7680732727050781,0.2484006136655807,0.6666431145305334,0.8792124566304276,0.558449031862585,0.0027587375827642,0.7823413107868453,0.5463132887572897,0.680161563168151,896606.mp3,hiphop
140.24163265306123,120.18531976744184,0.5318076519122259,0.6694083938598632,0.1040167212486267,0.2934107291587982,0.5988513469689064,0.2015389274753674,0.0007113375443663,0.5240575644881322,0.4130361710588548,0.6548387854377347,1341306.mp3,ambient
166.7395918367347,114.84375,0.5072821102603662,0.6114804153442384,0.144599437713623,0.2097126912154812,0.3900010765865176,0.1049381667747884,0.0011940587824493,0.299999999999998,0.4683882938046014,0.658378138815984,1417006.mp3,classical
114.0,120.18531976744184,0.6283107389012832,0.1431455535888671,0.2752507030963897,0.6649770115717292,1.0,0.5136183001341215,0.0060937494438879,0.9542619082891226,0.6131922894810238,0.6764517952184956,1378006.mp3,electronic
89.22402083333333,114.79591836734694,0.4568381818223227,0.4773983764648438,0.1844881922006607,0.1553647107909073,0.2096022713622071,0.1430810724126368,0.0001525601428749,0.2999999998995888,0.315184944580687,0.7033787602761004,1110506.mp3,ambient
113.55428571428573,99.38401442307692,0.6122094300745416,0.2822648620605468,0.2097058892250061,0.6381457739300849,0.8776615258155301,0.8161313247934647,0.0012793405585215,0.6398562992405274,0.6437499829168051,0.6467441235376412,39106.mp3,metal
454.5385941043084,126.04801829268293,0.5432508995058525,0.5273651123046875,0.1008303835988044,0.1862243555126914,0.4214708787492569,0.1472076531702457,0.0004627285765342,0.2780193553074268,0.3825287261070879,0.6597931928741521,264006.mp3,electronic
97.84866213151928,151.99908088235293,0.5913620811955136,1.0,0.0779222846031189,0.4311918221529665,0.7913064424654342,0.0720027318925301,0.0077319311540523,0.2999999999997861,0.6146990014762389,0.605112222161875,1404306.mp3,jazz
225.0,129.19921875,0.6050039330157245,0.7001842803955078,0.2204944789409637,0.6711592083517739,0.9763771698657836,0.4244123939691409,0.0047158000263512,0.8088285887451188,0.4527709964571385,0.6888238131273193,1174506.mp3,dance
68.26335600907029,126.04801829268293,0.5463453495636641,0.3620087280273438,0.1863276064395904,0.7659001391182181,1.0,0.5673336651733865,0.0201219491685314,0.5887180596389852,0.725705425106417,0.6219368532969692,1167306.mp3,electronic
330.2177324263039,123.046875,0.5948288948693252,0.533026123046875,0.1713396310806274,0.9381201108629912,1.0,0.5498502353444588,0.0111597276596273,0.3852715100615873,0.6636199001621664,0.6289582871565926,1361106.mp3,darkambient
491.14984126984126,120.18531976744184,0.5868270444068378,0.7583247833251952,0.1436133384704589,0.469968672650434,0.7702267822679902,0.4202508496660431,0.0012154728872324,0.2999999999951422,0.4939510683566933,0.6529105881780266,1178806.mp3,electronic
296.27913832199545,129.19921875,0.5855926389589274,0.7806361618041993,0.1102493032813072,0.594668482880661,0.7946476276404242,0.3578970104748069,0.0009833141468373,0.9675955468805368,0.5929014222483784,0.6211094647315949,1381906.mp3,electronic
162.85916099773243,114.84375,0.5850815435259935,0.5308764495849609,0.3034127056598663,0.6597618282955521,1.0,0.3121036672299999,0.0037529399507987,0.7394495780766168,0.6374959515536786,0.6817293837268161,1353306.mp3,chillout
151.33333333333334,90.66611842105264,0.5681314336461091,0.6207514038085938,0.1741558164358139,0.6488018792125398,0.914253343364174,0.2533999457370868,0.0027696237232736,0.7735882721278845,0.7176885875241579,0.6191583764120614,1294206.mp3,easylistening
220.22750566893424,117.45383522727272,0.5041557880779566,0.4796205749511719,0.1272678673267364,0.4718732476837461,0.6768319676983028,0.4076016195872856,0.0008162216704234,0.6554577169479686,0.5174261154635434,0.6423312091449165,1306506.mp3,poprock
293.5640816326531,120.18531976744184,0.5074512140451031,0.925941925048828,0.0939458385109901,0.283329739510949,0.4088448786647971,0.1438324108780912,0.0008650680950385,0.8967291251533434,0.5130931766431043,0.6312018665353356,95106.mp3,alternative
154.99965986394557,120.18531976744184,0.532667295717356,0.6365945434570313,0.1516507565975189,0.637071977581319,0.931234977497986,0.3518585435273871,0.0061699521662686,0.2999999883048712,0.6672924906169786,0.6211357742517111,74606.mp3,pop
317.80349206349206,105.46875,0.5862521767841482,0.468604507446289,0.1846918016672134,0.4487244341052849,0.812700358055335,0.3056612380984627,0.0012890175118834,0.3,0.5363567290969357,0.6592177027808097,378306.mp3,easylistening
225.61959183673468,135.99917763157896,0.5908756619360466,0.2884617919921874,0.2354696989059448,0.705694240958064,0.982514300110134,0.8713275953383183,0.0022604690966135,0.6343283255541097,0.7449988433417704,0.635769322937786,275106.mp3,folk
237.59886621315192,129.19921875,0.5731129347405239,0.3534523010253906,0.1887381970882415,0.4504007721069295,0.7346133503156929,0.4242198244321933,0.0007453417010236,0.299999999604464,0.513986123502888,0.6651485262511894,1165006.mp3,alternative
126.17333333333332,135.99917763157896,0.5301091774461518,0.423263442993164,0.1643914580345153,0.3870068162577382,0.5740505963765186,0.2508011885418817,0.0008537975118918,0.4590249642472787,0.5088066798246941,0.6574195889274868,1343806.mp3,country
149.5,129.19921875,0.5756650422791985,0.3619879150390625,0.2569612860679626,0.7259742944018647,0.9362496208657974,1.0,0.0015431875224883,0.3162621304512416,0.5961108269104485,0.6732838976023768,1179406.mp3,alternative
164.5,132.51201923076923,0.5800904113486436,0.5087708435058592,0.3184124529361725,0.6869602365246347,0.9965629929448367,0.7265727825603473,0.0022119691399741,0.5103380225881348,0.6225814105867334,0.6901122009396754,1417906.mp3,experimental
217.4171428571429,99.38401442307692,0.5334419244108792,0.4431210937500001,0.0861034244298935,0.4219777013182518,0.7176316458979595,0.2594289971307894,0.0010056141497505,0.9128009143024596,0.439057771848729,0.6431856784250158,81806.mp3,electronic
30.268866213151927,151.99908088235293,0.5401354190810821,0.7647708511352539,0.1207221299409866,0.2738193023054605,0.632191499747503,0.2010923238066736,0.000492227139684,0.2999999999999992,0.4707145712894989,0.6493170525208554,1163806.mp3,ambient
51.227981859410434,103.359375,0.5901438781366943,1.0,0.0624684169888496,0.2548499327988254,0.6386459361163318,0.1095013071136829,0.005759750538491,0.2999999966303266,0.5277497558883536,0.6169386789383152,394606.mp3,easylistening
233.1278684807256,135.99917763157896,0.5085288518059734,1.0,0.1170097663998603,0.3538558623584619,0.5819947325857325,0.2224023418521037,0.001258686817518,0.2999742212001036,0.455086444070578,0.6511062270898341,349106.mp3,classical
312.6073469387755,120.18531976744184,0.5926333286879506,0.2477635192871093,0.1614800840616226,0.5233862113529524,0.7351767738907756,0.6554681937668371,0.0006448126485462,0.7955613491266513,0.6296708941854965,0.6321986514250849,422006.mp3,grunge
249.82,139.6748310810811,0.5545621096835518,0.5469685745239257,0.0429385118186473,0.5235355731588719,0.8089306415739378,0.3571106662827944,0.000671922170409,0.4334182312142212,0.5814868738945793,0.5991604894757973,1266806.mp3,asian
78.72,126.04801829268293,0.6448523329829282,0.924730224609375,0.0773804262280464,0.174158889922436,0.4651816108814536,0.0609443171558982,0.003974996850345,0.669895345867324,0.3240627671367442,0.6630444000147478,1370406.mp3,grunge
305.3126303854875,139.6748310810811,0.5700139314470958,0.4202393341064453,0.0827254205942154,0.122922314864784,0.2639528697830549,0.1319276806731106,0.000381465081295,0.299999999692528,0.4781792318900321,0.6341453050359112,889606.mp3,ambient
233.2566213151928,97.50884433962264,0.5713475962749517,0.8671032485961914,0.0351917594671249,0.3256901434457288,0.7029992895406345,0.1263111637686156,0.0005277394793238,0.2999999912439457,0.3935947414970532,0.6339500851087543,181806.mp3,instrumentalpop
540.76,114.84375,0.6362800750953108,1.0,0.1329106986522674,0.5724561264544821,0.8218022211388565,0.3996866520256082,0.0040845785427373,0.5962708889027826,0.5477874004116583,0.6382903714324847,12306.mp3,funk
213.25,120.18531976744184,0.5858992642185402,0.6096383819580078,0.1594290286302566,0.7148584469062532,0.874925101199706,0.4783079799439109,0.0014751341448623,0.299999999918777,0.6606965644998236,0.6252551374069276,1371306.mp3,dubstep
76.8,126.04801829268293,0.570083124830763,0.6805803680419922,0.1791389286518097,0.6769202984163231,0.9592095162527264,0.2072352316630784,0.0047316518398724,0.8723851529232043,0.6758412012646431,0.6293217740617228,1164206.mp3,electronic
230.79031746031745,92.28515625,0.5618422799653526,0.6928882446289063,0.2023453563451767,0.3390854916305528,0.6605308697324966,0.238103698105244,0.0008950868702078,0.2999999991936927,0.4746116173238563,0.6779220048194923,683806.mp3,indie
181.59294784580496,114.84375,0.5631211852057932,0.9133957214355468,0.2027842700481414,0.4909548733346711,0.7748643911141847,0.268377819566458,0.001276257004761,0.5163313713772544,0.4948030248681582,0.6740417322436993,1420706.mp3,dance
120.0,99.38401442307692,0.5404072524485739,0.6944429397583007,0.1295473724603653,0.378999420904488,0.7508432442362742,0.1314099901834931,0.001601824577564,0.802555942185281,0.4049253925680672,0.6656519755721181,1317806.mp3,chillout
564.1404081632653,120.18531976744184,0.634918010257012,0.2061971130371093,0.2393658012151718,0.4390202097263452,0.7661543275031679,0.4743060184553113,0.0005110396307278,0.2999999999813648,0.5471185804563449,0.6767479723461929,191406.mp3,industrial
585.9798412698412,120.18531976744184,0.5792412674917253,0.3415675048828124,0.2631911635398865,0.5756007551035199,0.7721845707719142,0.6640779204336731,0.0008086867866853,0.7033416474017036,0.6529021401631402,0.6641683908417311,197006.mp3,alternative
75.75090702947846,123.046875,0.5691582282768881,0.5263970947265624,0.0653199329972267,0.0968294124364556,0.2608682731447068,0.1503874404261284,0.0003328060759771,0.2999197828835186,0.292076426384976,0.6650998906020065,1384406.mp3,ambient
264.9157823129252,129.19921875,0.5637419460389733,0.6467086181640624,0.32855886220932,0.644154034009216,1.0,0.3146991356844938,0.0056437248417075,0.2999999998887888,0.5429204280669021,0.7096971047819748,1075906.mp3,dance
153.16222222222223,103.359375,0.5965168546989406,0.7375545959472659,0.1981059461832046,0.375483193576777,0.7175412502095309,0.2087189621990967,0.0013773910854128,0.363991063721788,0.4118833719417195,0.6889414662376098,1061406.mp3,easylistening
61.71428571428572,139.6748310810811,0.5684469411690145,1.0,0.2226093113422393,0.5467498297097563,0.8562088967295214,0.1830809888234322,0.0024830269933636,0.3,0.5656492501271295,0.6670095020577802,1304006.mp3,ambient
145.482947845805,103.359375,0.5372883162549965,0.8330904388427735,0.0177258756011724,0.3496161162753684,0.5366220699173574,0.086693877233242,0.0013661488137443,0.5960213232838839,0.5213257344893991,0.6021161683185422,1193306.mp3,chillout
1000.2657369614512,120.18531976744184,0.6301330649298333,0.7285150909423828,0.0697751641273498,0.2682679050937773,0.4611484992642495,0.1605405509461566,0.0002365635873066,0.4264578713466834,0.3883659362731781,0.6474458718312104,45106.mp3,alternative
212.58666666666667,151.99908088235293,0.5788257387763169,0.5311181640625,0.225866362452507,0.7751353996845098,0.9864641370707148,0.5274478488873142,0.003865777912429,0.8929416487600057,0.8122826533766203,0.6188553598075784,1115106.mp3,hiphop
235.7708843537415,120.18531976744184,0.5679415468798321,0.5478947830200195,0.11195969581604,0.6551646889012946,0.9863164995955878,0.3348126654400284,0.003019686120897,0.299999999999999,0.6634010643792492,0.6076252776179246,625206.mp3,funk
248.0,120.18531976744184,0.5987816613861268,0.9438779449462892,0.1717783361673355,0.8065559692432225,0.9978181276104618,0.401785793804757,0.0060961163268222,0.4901809572327102,0.664958170915086,0.6288485668372236,891906.mp3,alternative
322.2175056689342,126.04801829268293,0.6093159083664503,0.5349232635498047,0.2420882731676101,0.5863857438175331,0.7294273660873442,0.3989652996623646,0.0005453893470434,0.8530674892513692,0.6848444067204078,0.6501828969962582,132206.mp3,dance
91.16734693877552,120.18531976744184,0.5833224991311448,1.0,0.0516294464468956,0.7907582532724254,1.0,0.2465368214104909,0.0044184793246802,0.3,0.8451834338433037,0.5495499139522216,128306.mp3,funk
191.40419501133783,90.66611842105264,0.5848130574350472,0.6775420379638671,0.1617160588502884,0.7218342372940515,0.9665272686564887,0.5430995891811287,0.0018688083449648,0.7849750766016664,0.6652957427712772,0.6251586326318483,1192106.mp3,rap
256.62666666666667,114.84375,0.6002261240219345,0.2994358215332031,0.2247851938009262,0.4175643844249875,0.6725602083744538,0.676704139191229,0.0003336883140534,0.299999681369546,0.5868028979859972,0.663562090171134,7206.mp3,punk
170.0048979591837,129.19921875,0.5688629824826976,0.5918577804565429,0.1301919221878051,0.4737086107855756,0.6760502031691843,0.3827402882059413,0.0006346060765141,0.2999999999992753,0.6237187050173103,0.6221253509841479,1031806.mp3,asian
142.31795918367348,120.18531976744184,0.583712565936146,0.5028611145019533,0.2593470811843872,0.7631935218311412,1.0,0.5750984344006096,0.0033301159569587,0.9599383123741074,0.7299541472461155,0.6473741197771563,1420506.mp3,chillout
217.33877551020407,126.04801829268293,0.5713441685788163,0.1822390747070312,0.3470145165920257,0.6091904036995612,0.895925074628926,0.6601713740015451,0.0010004876366077,0.7701759745969409,0.6546947052450193,0.6939862849241254,786206.mp3,ambient
465.1211337868481,129.19921875,0.6019314291029115,0.835624237060547,0.1763988733291626,0.8353403483736396,1.0,0.3052965968842975,0.0122701576177362,0.3674948104195787,0.769973202362529,0.6095089539259927,1097206.mp3,electrohouse
191.98798185941044,161.4990234375,0.559603358629168,0.6743214263916016,0.0703051164746284,0.3131168129176507,0.5444404038469047,0.2128108882225667,0.0003721650587795,0.2999999999987658,0.5173376846602571,0.6218423049988149,1154906.mp3,ambient
338.13544217687075,156.60511363636363,0.5798933523247474,0.1953494567871094,0.2613365352153778,0.50141793395557,0.7802406076892667,0.566102711190202,0.0005991639562078,0.6493699862776232,0.6768987705792162,0.6587013985616927,1096306.mp3,alternative
389.6163265306122,161.4990234375,0.5907566202632223,0.5054858093261718,0.1903354972600937,0.441545285045209,0.6720338474763698,0.297994722073029,0.0006013709000843,0.2999999999480085,0.669506036550513,0.6346195717035311,23106.mp3,reggae
285.0220408163265,107.666015625,0.5663921976571882,0.5509052886962892,0.1283318698406219,0.2839808782353951,0.5076770471799097,0.2050813173712185,0.0003954054930713,0.2999999075265439,0.3957502236958141,0.667049428403461,478506.mp3,soundtrack
226.5671655328798,135.99917763157896,0.5456505363778175,0.3553845825195313,0.1958607286214828,0.2605754056884303,0.4979998247841298,0.212616686351337,0.000313781743941,0.2999947107199087,0.5321206987906971,0.6640857225455944,1271906.mp3,60s
284.57142857142856,139.6748310810811,0.5755440681415792,0.7078472900390625,0.1453726142644882,0.5302197621723852,0.7069697599686815,0.2888491080659654,0.0010561371692281,0.2999999999998057,0.5637199786461626,0.6395901454059832,1265806.mp3,dance
253.1903854875284,103.359375,0.5736175466186642,0.6250041198730468,0.2095198482275009,0.50447921992884,0.8092827614113501,0.3123863609675576,0.002097035483602,0.6893158399695922,0.4979462083592562,0.675837903690049,1172906.mp3,acidjazz
106.29333333333334,129.19921875,0.6018909826401946,0.2661518859863281,0.2645850777626037,0.5041143223804037,0.7985828423084816,0.840194354761372,0.000647290938673,0.2999998836606325,0.5363095249595187,0.6879887230026336,172106.mp3,rock
244.0620408163265,120.18531976744184,0.5103809441844712,0.6311230926513673,0.0650746375322341,0.3608727558480598,0.6107326689123673,0.0917830565423911,0.0050203700508306,0.8373551707656735,0.5386462969376987,0.6156976101240645,374606.mp3,pop
219.4293333333333,117.1875,0.5650745369426081,0.2895882568359376,0.0901962369680404,0.2531916559377766,0.6039511984568956,0.2257728951973556,0.0002070489354693,0.5719340976870724,0.5153365164757228,0.62940334201335,1068406.mp3,ambient
332.1991836734694,120.18531976744184,0.5661102155198712,0.5527691040039063,0.2382774949073791,0.8411064502442436,0.966426617585536,0.5295855516743466,0.0021800811606508,0.8308109100658156,0.7803706395348837,0.6297057702596797,81506.mp3,electronic
79.81342403628118,126.04801829268293,0.5562259721832941,0.2689382629394531,0.1471916139125824,0.3243981056612003,0.6294902846887152,0.3876647450110865,0.0003369570395742,0.7248897365615781,0.4552944266370295,0.6619300956811238,1276506.mp3,country
340.62018140589566,129.19921875,0.5403965630510095,0.340447998046875,0.2613773345947265,0.3095041588469516,0.5641758682951105,0.3121171436670909,0.0003403964372491,0.2999999999952211,0.4480260677247921,0.7044906269091431,1315106.mp3,atmospheric
298.9801360544218,147.65625,0.5850459585319789,0.55369970703125,0.246286079287529,1.0,1.0,1.0,0.0253865269144218,0.8382718586765905,0.8353124999999999,0.6216004885435105,1163506.mp3,easylistening
205.8333333333333,129.19921875,0.6157496457206054,0.5724676361083985,0.1170023083686828,0.1201212176789389,0.2863851919263773,0.1185682252761614,0.0006773052785523,0.2579077943810067,0.2910249771143202,0.6839158355898618,1365306.mp3,ambient
294.4543990929705,112.34714673913044,0.5623468568185399,0.4607645263671874,0.1397689133882522,0.453561022554552,0.7313896122796901,0.4654600565640557,0.0003771086201437,0.9356577176203816,0.4802066240883139,0.6542754840021081,1216106.mp3,alternative
298.2661224489796,95.703125,0.5423118263317643,0.5933071899414063,0.1561722755432129,0.4047615377570503,0.7267806344657516,0.2243403070829587,0.0011097529467934,0.3621745185696176,0.4151305851053519,0.6731959021744862,468606.mp3,funk
560.3379591836734,114.84375,0.5990679666723078,0.3454436492919921,0.3110118806362152,0.485879297786314,0.7591277325959952,0.5997305470319746,0.0006339552072297,0.5649319084073694,0.5072855539617074,0.710507166236696,1226706.mp3,heavymetal
329.3452380952381,151.99908088235293,0.6055022285832317,0.926898666381836,0.2505645453929901,0.6583838588751424,0.9510908949621408,0.1997762851994002,0.0062926732836268,0.7829691242572847,0.6322399694557665,0.6637552424503231,321106.mp3,hardstyle
201.9998125,137.1951219512195,0.5331861603895165,0.494947036743164,0.130678653717041,0.2734971347550476,0.6062370712268031,0.1023720536075357,0.002362839428797,0.2999785578215327,0.337580284437917,0.6795282584505514,1115706.mp3,indie
79.47573696145125,123.046875,0.6287865599817577,0.6320277023315429,0.0213957279920578,0.1448266229928596,0.4910712203258306,0.1115438603991649,0.0004941363201134,0.9385312085165054,0.2984510890852,0.6480122442601007,1125406.mp3,ambient
309.52,99.38401442307692,0.5484297335404528,0.5678960113525391,0.0721650719642639,0.3017001577735509,0.5231931394505945,0.2323965747534444,0.0003449098504826,0.3,0.3855187390627036,0.6488756780945942,80706.mp3,chillout
266.26492063492066,151.99908088235293,0.5529338433936744,0.3187597656249999,0.1632671654224395,0.5637707893258307,1.0,0.222639803899674,0.0065336323387348,0.2999999999848312,0.5733353452118165,0.644109110509715,941406.mp3,indie
132.7004761904762,123.046875,0.5207783968678148,0.4127193603515625,0.1518609225749969,0.2322305552229144,0.5263606166497489,0.2446360668331093,0.000248314034371,0.565205123734396,0.3998694655500418,0.6746960390169905,1384506.mp3,country
135.03485260770975,109.9567819148936,0.572726695339505,1.0,0.0908857807517051,0.7788592872493525,0.8324283702627789,0.1329659383774647,0.0040802367491262,0.3,0.6646283856421253,0.5997932039421887,860806.mp3,ambient
291.02961451247165,112.34714673913044,0.5558066431305935,0.4758696365356444,0.0847378075122833,0.1670961260973688,0.2943284831031328,0.2527556266467404,6.99795120025494e-05,0.296712239695597,0.3646213331953188,0.6575813440653583,1066206.mp3,ambient
187.0457142857143,139.6748310810811,0.5770802654369699,0.5018226623535156,0.2073150128126144,0.7887640972648222,1.0,0.2736021896870945,0.0039942812960112,0.7914887424854664,0.6669009823360117,0.6412532081453388,1027606.mp3,electronic
312.35485260770974,132.51201923076923,0.5974496193562222,0.614801025390625,0.3301821947097778,0.89854100736446,1.0,0.6384226342913867,0.0103793612099688,0.3487279009559552,0.7839158060814047,0.6620824288792391,383006.mp3,club
413.1439455782313,135.99917763157896,0.6214188938940796,0.3373866271972656,0.1583455353975296,0.1286513510609449,0.2906513470434025,0.2366162083472124,6.879704097748685e-05,0.2963907504126554,0.3786211390921551,0.6812801649246796,1247106.mp3,experimental
181.62160997732423,120.18531976744184,0.5550583616520057,0.5110594024658204,0.2667841613292694,0.5803040085754492,0.8710904893478624,0.3319205991855367,0.0024514004390964,0.4172023210843493,0.6266897175984276,0.6707043545588514,1215806.mp3,dance
158.7471882086168,93.9630681818182,0.6106768873709785,0.303361083984375,0.3736355304718017,0.557120031282707,0.8062381144161394,0.6677201168676892,0.0008416849117081,0.6431975598403545,0.4874872293268198,0.7370113451044846,863506.mp3,alternative
296.1658276643991,132.51201923076923,0.5644443363407399,0.3343162994384767,0.2235339134931564,0.5572392640993081,0.8090531640098199,0.6578755342237861,0.0011649763718115,0.2999999307408899,0.4933417892558284,0.6818038510063706,902706.mp3,powerpop
273.1066666666667,139.6748310810811,0.5592568961099939,1.0,0.0093661062419414,0.1819935633457036,0.4572473293420518,0.0722017161508122,0.0015518819926867,0.26715195513395,0.3340796489909456,0.6365558684489098,1169706.mp3,classical
152.3478231292517,114.84375,0.6039465308547541,1.0,0.1129338443279266,0.3767350115439036,0.6232596289427905,0.255563217066294,0.0006516667978871,0.2999999958047377,0.4657020616282604,0.6475157716324015,891606.mp3,electronic
252.0,139.6748310810811,0.5814050593610555,0.3483426666259765,0.0916504189372062,0.428459956720325,0.6924510052244007,0.4803648760711324,0.0004072896222751,0.2999999895485558,0.5429355184124084,0.6244070471349126,1110106.mp3,classical
336.0914285714286,129.19921875,0.5994766568629996,0.3750974426269531,0.2362789958715438,0.6485303087726206,0.9176949962789956,0.5824028632355134,0.0030984574406869,0.5530541073567249,0.6103203249348733,0.6629963735267811,434206.mp3,heavymetal
359.7866666666667,129.19921875,0.5895267131594739,0.2782294921875001,0.1776332259178161,0.6176125773117728,0.7946713340235472,0.9722974366239306,0.0006605729760052,0.299999999833591,0.6209905893706988,0.6397498434562741,1056506.mp3,indie
144.87510204081633,95.703125,0.6145766081340829,0.667322509765625,0.0894404351711273,0.7645445695085666,1.0,0.6587418081889771,0.0025402604528417,0.8298132702394583,0.5980982606107741,0.6125789045394511,455306.mp3,electronic
258.0802721088436,109.9567819148936,0.5833024048030728,0.5174334869384766,0.1368793547153473,0.4812036647597176,0.7303220851520855,0.3388139517022701,0.0005582215118544,0.2999999999632143,0.4798746468129015,0.6533016383349447,890106.mp3,chillout
162.0241723356009,107.666015625,0.5851229958106783,0.3985398864746093,0.2205935567617416,0.5528161286950087,0.7688525411090655,0.823196596970269,0.0005525955232114,0.299999634110532,0.5329559953750634,0.6728224813592143,1368806.mp3,alternative
309.3608163265306,161.4990234375,0.5619410775288143,0.4006780395507813,0.2029705643653869,0.4557097512135208,0.84193759486101,0.3643748850142834,0.0009327939741085,0.2999999999999616,0.5607354981766164,0.6609223035362161,1143406.mp3,ambient
255.8091156462585,99.38401442307692,0.5453622955267892,0.3574440307617187,0.2261992245912552,0.5113074156511704,0.7469890755717804,0.568897734543289,0.0006065602758515,0.63061602625707,0.4822668432092732,0.6849783522109972,983606.mp3,pop
150.0,129.19921875,0.567746836818638,1.0,0.1081151440739631,0.4735742709141828,0.5382579016626237,0.26578796345239,0.0016473080248826,0.3,0.5640999428978568,0.6261014632870554,764606.mp3,dance
146.095306122449,139.6748310810811,0.5306871007443785,0.595738037109375,0.1114144176244735,0.192405354361128,0.4286642565868332,0.1859457615555176,0.000214699756115,0.2999902108614866,0.4269805670500324,0.6547130769348041,1399806.mp3,ambient
144.0,112.34714673913044,0.5761501841848069,0.6213020782470704,0.2036501914262771,0.5321096084748056,0.7306568007153953,0.4323562029557735,0.0006753177068399,0.3,0.5198457989094326,0.6693449091315733,1248606.mp3,downtempo
510.0073922902494,123.046875,0.534763990117753,0.4334303588867187,0.0997500941157341,0.3589669745266547,0.6417490238885524,0.2449443642152053,0.0008110223336486,0.2999984260812697,0.3878818847932815,0.6583336569230079,1178106.mp3,classical
212.86666666666667,105.46875,0.6075863713702001,0.9475203552246094,0.1464724838733673,0.2030964895125475,0.4004008516884208,0.1357193691926011,0.0004335238080273,0.2999999983627346,0.4437446619881723,0.6639811617967777,530906.mp3,ambient
150.0,126.04801829268293,0.5524648177336875,0.4783879089355469,0.1154698133468627,0.2995237146545283,0.549536015414853,0.2405482141508721,0.0002177512645262,0.286650117908316,0.5679569493679664,0.6279777429312774,981206.mp3,choir
184.1945124716553,156.60511363636363,0.5897909646035401,0.2864685821533203,0.2349703460931778,0.6410106501506777,1.0,0.5013700104226556,0.0015354821736343,0.8884680660390589,0.637448525367563,0.6570996195200314,1277606.mp3,rock
153.00024943310655,156.60511363636363,0.5252676484092507,0.5320578308105469,0.0236059967428445,0.1616342709805728,0.3067597132464353,0.0894919670799257,0.000768928052175,0.2999897224279079,0.3791298634982936,0.6326721861277653,1221306.mp3,classical
92.0,117.45383522727272,0.6144724077434048,0.6233699798583985,0.0469706840813159,0.305920662645412,0.7408460714917893,0.089179349080557,0.0030991241421944,0.2999650785401747,0.5094309247307537,0.615023261323123,342506.mp3,soundtrack
277.4204081632653,90.66611842105264,0.5769916942776587,0.6813495635986329,0.0890974774956703,0.6192022725722395,0.8932760551215261,0.4901557154172145,0.0012112950335312,0.2999999987911225,0.629849488412831,0.606105194215875,22606.mp3,electronic
90.0,105.46875,0.5419851533578116,0.4684539642333983,0.0840288028120994,0.1676010499201232,0.326040175510628,0.1895907271766216,8.378608181945226e-05,0.5156381367940547,0.3508226524680984,0.6600858385187361,1116406.mp3,classical
270.36,107.666015625,0.5804633462317502,0.6247408294677734,0.0837403684854507,0.645766341056252,0.9162901346920772,0.3895566143362726,0.0010670069462263,0.2999999999992443,0.5451255520762865,0.621121422239505,680606.mp3,ambient
266.2440589569161,120.18531976744184,0.5687332572286705,0.8978544616699218,0.1385633051395416,0.287105219096203,0.5248261539859551,0.2260925516855569,0.0002673974051973,0.2999955276318239,0.4318491832359175,0.6635129532030515,1254006.mp3,classical
258.35208616780045,120.18531976744184,0.544321233347179,0.3653054199218749,0.2779796421527862,0.5749886943343109,0.9101821463076316,0.3360820629282102,0.0017636122489903,0.3944517651495214,0.7402073390305651,0.6520312033688901,1126406.mp3,dancehall
270.60938775510203,129.19921875,0.5702285398138868,0.3956003112792968,0.2290253192186355,0.8035942915824856,1.0,0.9786882278278358,0.0034623460574191,0.952753405534178,0.6985614127053927,0.6427368323776302,352006.mp3,pop
200.5,90.66611842105264,0.5786847175680361,1.0,0.1277490556240081,0.5213724475234257,0.8573738071637271,0.2642984450689903,0.0017977248821234,0.3,0.4536510245698059,0.6552594551106817,1028806.mp3,chillout
214.84659863945572,120.18531976744184,0.5958852161706406,0.3978514099121094,0.1689872294664383,0.7501921050394474,1.0,0.5364535694422112,0.0062843995260998,0.4922224070198005,0.6083474372067201,0.6391659151665737,1312606.mp3,blues
237.72115646258504,156.60511363636363,0.5987540572180787,0.2526825714111328,0.4250264465808868,0.8301413739532548,1.0,1.0,0.0043684203746963,0.7599295071164383,0.7599097359963549,0.7010275735698482,242906.mp3,folk
280.0569791666667,108.17307692307692,0.588469484600137,0.3384819793701172,0.1107180714607238,0.4936816180019956,0.6754016228256595,0.6212608314382961,0.0001854161657286,0.695462397434392,0.5134004271528303,0.6371784202952946,1030906.mp3,rock
280.9846712018141,112.34714673913044,0.5978308620771231,0.5156975708007812,0.0907976552844047,0.3257951898784756,0.5359574062919732,0.3503220221641542,0.000197105418988,0.2999943781669109,0.474546936664572,0.6377777685694713,1143806.mp3,ethno
201.8,114.84375,0.5191607051700908,0.8570411148071289,0.0537555068731308,0.1154131135959004,0.2439019170434754,0.1414339476497975,0.0002131575479556,0.261269390035373,0.2733460912091019,0.6646827642325067,1374306.mp3,alternative
235.4370068027211,120.18531976744184,0.5439448108189153,0.3894362487792969,0.0442360080778598,0.2442754992445875,0.5153269174703934,0.1612830285805693,0.0004450265080215,0.6484665791753494,0.3882773667743959,0.6382694895531504,188706.mp3,pop
151.33333333333334,120.18531976744184,0.553504211046749,0.4223569030761719,0.1804204285144806,0.5293396273381334,0.7554023498381379,0.5674111912580575,0.0008834973068764,0.3446794381830065,0.6325751282643154,0.63843632861235,1333706.mp3,country
242.02666666666667,139.6748310810811,0.5849922965281704,0.4963872985839843,0.1110330298542976,0.6464790053924974,1.0,0.3920573469657563,0.0047924848077641,0.6018827341078881,0.680992236038708,0.6037734435398056,271106.mp3,electronic
431.2874376417233,156.60511363636363,0.4810698060003422,0.4931876220703126,0.1770575195550918,0.5516086145155267,0.8225603081280556,0.2756352959637163,0.0015665172251906,0.6688166721438566,0.70515445008584,0.622709817022665,1129606.mp3,classical
192.0257142857143,161.4990234375,0.5622945828513066,0.446002182006836,0.2159450501203537,0.3663944672560756,0.5596696448060513,0.3819733388385879,0.0002678367910813,0.299999999999218,0.6384115277496296,0.6500579124934014,40306.mp3,fusion
190.22666666666663,114.84375,0.5432602604045476,0.8064400939941407,0.1684658825397491,0.7947897931579985,1.0,0.4318819265092254,0.0146380048024709,0.668487527084119,0.7418576963250505,0.6122761784492996,1319506.mp3,pop
300.0044671201814,139.6748310810811,0.6041160354250368,0.3202041625976562,0.5974427461624146,0.7459873766953632,0.9662563098156284,1.0,0.0028337388391978,0.9130441100804804,0.7524656069779093,0.7645862672228874,1319906.mp3,powerpop
243.64,99.38401442307692,0.5850302125265197,0.6708067321777343,0.0943793058395385,0.4548554375760122,0.9135195314537444,0.2584831234760456,0.0026132068752709,0.9572818912332534,0.6243767675223562,0.6091011965977626,148306.mp3,electronic
229.82197278911565,109.9567819148936,0.5524987141525836,0.6420523834228515,0.1678671687841415,0.3851057974818894,0.7073067982714788,0.1875840894193949,0.001940727783302,0.7497571445795502,0.6401632602904448,0.632399528704202,429006.mp3,chanson
261.28,135.99917763157896,0.5263952927102729,0.7413875427246093,0.1071484759449958,0.4998942220814187,0.8763908648136283,0.1497655263599958,0.0051226562079649,0.9315538580936372,0.5329153122498534,0.6319903888902278,75206.mp3,blues
2296.0533333333333,119.6808510638298,0.5857183515693483,0.8730569458007813,0.1356467306613922,0.3682103098676715,0.6197249246427775,0.0997118802161374,0.0046987052251176,0.5805396307675996,0.5397494283534972,0.6408829373674018,686006.mp3,electronic
53.53272916666667,100.44642857142856,0.5421150412397235,0.6151562194824219,0.1353265047073364,0.15546396098621,0.3798086004579819,0.0501499181160371,0.0024419597734433,0.3339198614263755,0.4213055331935811,0.664456435055925,1112006.mp3,classical
235.15151927437643,99.38401442307692,0.5986463059361948,0.3882899475097657,0.2299975603818893,0.3864001579682493,0.8124644782549459,0.2652259303634754,0.0014594707682383,0.8210305728216843,0.3973345002377471,0.7033322216899307,1337806.mp3,electronic
252.00326530612244,101.33272058823528,0.5590304250128129,0.5337374877929687,0.2971943318843841,0.5051073494307385,0.8070552403291278,0.4471448829479541,0.0012113162890474,0.2999999999999476,0.4679971661516342,0.7133905262480514,330506.mp3,chillout
313.65514739229025,139.6748310810811,0.5306692010018446,0.710482177734375,0.1455552875995636,0.8570215355133615,0.8066474867601855,0.5352369826766706,0.0023562480410352,0.6015698292845861,0.7293496621621622,0.6065299711034104,146606.mp3,dance
197.1877551020408,114.84375,0.5786754023354448,0.3625542297363281,0.1801941841840744,0.7682833982417896,1.0,0.8781986975595396,0.0038031030913381,0.6152500218901155,0.6404987477978628,0.6367701567466942,1379106.mp3,poprock
46.05909297052154,126.04801829268293,0.531773043812303,0.6467948608398436,0.0828006044030189,0.3418840296784354,0.5161885771169322,0.3528754425649095,0.0001445821647743,0.2998978749564291,0.4768600009417186,0.634436217396743,1400906.mp3,classical
193.77632653061224,123.046875,0.6070484706538727,0.7059391021728516,0.1456744223833084,0.0843748849088583,0.1987896985216878,0.1792398707642939,9.357287443456644e-05,0.2477477747938183,0.3314643794847632,0.6861499161610385,1044306.mp3,ambient
330.0,112.34714673913044,0.5563752956467298,0.3913700866699219,0.158260777592659,0.2174244379108507,0.4246602587247027,0.2452216608431212,0.0002264653973041,0.4173750177306377,0.2734412319387784,0.7022856335456016,1266506.mp3,alternativerock
213.25333333333333,166.70866935483872,0.5023484048317062,0.4728523864746094,0.1644690483808517,0.290179226190485,0.6174802394394253,0.1698458033085965,0.0013354155985118,0.7803275837313808,0.504316635584072,0.6583455303002922,1194606.mp3,jazz
325.79185941043085,123.046875,0.5407756590381334,0.8118050994873048,0.0535027272999286,0.1350373881686817,0.2035188800850364,0.1049333270754131,0.0006119676252571,0.2939866387264487,0.4258421681169334,0.6340925482045876,1341106.mp3,classical
226.6133106575964,120.18531976744184,0.5730300672826156,0.2924765930175781,0.2136259377002716,0.6671990473477961,0.8666886120184576,0.7318745087650681,0.0006860701749337,0.4001152980076945,0.6326367038367388,0.6503779968047501,1373106.mp3,electronik
128.6661224489796,99.38401442307692,0.5541977302954055,0.4691706848144531,0.1948157101869583,0.3667451737238966,0.6648804488452184,0.3587634764735268,0.0005255601088962,0.9424546596284582,0.4222318933600929,0.6856872769952864,82806.mp3,alternative
240.0,132.51201923076923,0.5982145538839164,0.9197334060668944,0.164505735039711,0.7358362788160832,0.9703117694641276,0.4652354073850335,0.0049485376143708,0.5088236149782757,0.6568021179523481,0.6278616410238262,1295506.mp3,70s
264.0133333333333,129.19921875,0.5751668555339036,0.6839338684082031,0.1292053610086441,0.880746657202122,1.0,0.7270523530616775,0.0030531840503005,0.4203064891957109,0.7083984374999999,0.6048342424631119,1377206.mp3,dancemusic
210.3205442176871,109.9567819148936,0.5744731513716057,0.4703282928466797,0.2058667093515396,0.5982665452728079,0.8969350272243763,0.3420108353214245,0.0013073282282106,0.7788481509700147,0.6345683365847026,0.6471983480496137,1179606.mp3,gospel
320.1044897959184,178.20581896551724,0.5934351145524822,0.503772819519043,0.10942043364048,0.3434635551446713,0.5959747264373739,0.2983031566134608,0.0004620223421824,0.904761003117014,0.645635755570296,0.6102642049965136,480406.mp3,instrumentalpop
212.4533333333333,107.666015625,0.5754898033795837,0.6372156372070313,0.1181563511490821,0.4233834223616499,0.7178619840819066,0.1823990403838464,0.00358026076759,0.4684882810356308,0.5286306062734726,0.636810165158975,1166106.mp3,folk
54.85714285714285,139.6748310810811,0.5652818911990865,0.4557115936279297,0.2555184662342071,0.8809403368492698,1.0,0.2068164693496278,0.0250810231571339,0.9395102881918228,0.7164533670658862,0.6486959744311372,1149206.mp3,dance
654.0,109.9567819148936,0.5553005884972071,0.6383296203613281,0.0508392341434955,0.1492157796432479,0.2465538289373654,0.1566082185825852,0.0001456185598983,0.8543131229952925,0.3574703009697892,0.6468080640977006,1333206.mp3,classical
457.08,84.72079918032787,0.5553225405816,0.6067316894531251,0.0931150019168853,0.2510153676569728,0.6013154784162209,0.1218468934498844,0.0018333839381436,0.3,0.3251245026955238,0.668496500150974,267506.mp3,instrumentalrock
374.0473469387755,120.18531976744184,0.5689971739924033,0.5593661880493164,0.1246181949973106,0.4010236214554421,0.6772544917779321,0.2011357081104487,0.00128673892545,0.2999999486926114,0.5542317076280415,0.6340162086734236,403806.mp3,electronic
171.19492063492063,105.46875,0.5780486259729556,0.5783219909667969,0.0797394588589668,0.4434655443919777,0.7147698154718024,0.386738363111286,0.0008223792715501,0.5514998570789086,0.460500873840433,0.6366060304211415,1235606.mp3,soul
220.2122448979592,139.6748310810811,0.5866309232893052,0.4161309967041015,0.1509957313537597,0.8614536720762007,1.0,0.4299567435784016,0.0051107771172279,0.6695388237388147,0.7710118572077653,0.6001560918458004,1391906.mp3,dance
281.930625,114.79591836734694,0.5439858981216006,0.691042709350586,0.0629268214106559,0.2814678103242094,0.4250100243953614,0.2099794125707894,0.0002613400937268,0.6558593980404931,0.4208394091661229,0.6384857738746116,729306.mp3,classical
30.17142857142857,139.6748310810811,0.5987574907038593,0.2237765808105469,0.2774257957935333,0.7760259162765829,0.9791875810637642,0.6085867922934712,0.0027502569271767,0.7192431196500197,0.756058637984867,0.6486615588886986,1032806.mp3,dubstep
240.0439455782313,129.19921875,0.5801454775504558,0.5932921600341797,0.1428598463535308,0.7949592590878988,1.0,0.2541072717749812,0.0332496533499511,0.9766008519322936,0.7143919711066139,0.6085511504659483,1178706.mp3,electronic
74.29353741496598,120.18531976744184,0.5753477730169058,0.6732746658325196,0.129688560962677,0.4643181237288783,0.7886523653655058,0.2782949695121951,0.0009818545739324,0.299999987480545,0.495468419978822,0.6475941979507993,1135706.mp3,electronic
241.88,139.6748310810811,0.5630160919744627,1.0,0.0957878902554512,0.7585585017233674,1.0,0.2971022976045254,0.0037789738861504,0.2999999999991394,0.7687387693595875,0.5807358866200449,5806.mp3,pop
116.0,90.66611842105264,0.5542627146930714,0.9889110107421876,0.0908383056521415,0.3373707407702281,0.6278992971726388,0.0679602218360053,0.0039405381122641,0.3,0.3685484708737335,0.6589920958600242,1173506.mp3,ambient
260.8965532879819,126.04801829268293,0.5629384030029869,0.3120136260986328,0.1723130941390991,0.6441188217168063,0.9083294623435152,0.3141309727444017,0.0020136052200929,0.2999999999267539,0.6130611129762086,0.639420491294834,921506.mp3,jazz
261.0,107.666015625,0.5745415037042922,0.47630126953125,0.0674854591488838,0.2623418914143955,0.5243021560410847,0.1915173897524305,0.0003581838113096,0.2999999704474154,0.4905898928186527,0.6261767867298677,998706.mp3,orchestral
228.96,135.99917763157896,0.518294620562537,0.499173583984375,0.1282937228679657,0.298747928455731,0.5015561318857593,0.3292773210679218,6.242263290117008e-05,0.2999972611259899,0.4722348586678467,0.6517387684988983,1051206.mp3,folk
124.34507936507936,172.265625,0.5307725614074235,0.8718460083007813,0.0758453235030174,0.1567337904481849,0.2235806752572278,0.2076866499222363,8.095944604126406e-05,0.2999999994223173,0.5707806155352093,0.6131481933540444,1157306.mp3,jazz
207.34666666666664,105.46875,0.5676523676425129,0.5646877746582032,0.175860047340393,0.4968618825404398,0.8135551250056534,0.274668833474449,0.0017305139164973,0.7752911836120638,0.5718665589609778,0.6489363052503458,451206.mp3,celtic
1286.402857142857,123.046875,0.6232277215938331,0.5120845184326174,0.0116898538544774,0.6241547378782729,1.0,0.0222819346837536,0.0012260756145208,0.6311983222027719,0.5105880521939797,0.602090736948816,1400806.mp3,darkambient
88.00521541950113,120.18531976744184,0.4129567478254734,0.2325079345703125,0.1185584366321563,0.1751946774152742,0.1750639563129132,0.2182059770736211,3.3204985875066645e-05,0.7157103957702164,0.2923487177602922,0.6842112936355179,1345306.mp3,baroque
60.01780045351474,143.5546875,0.5954515826917122,0.4954775543212891,0.132981389760971,0.3391532899521527,0.5676409781945525,0.5455941878567722,0.0002148395254762,0.3701329996842726,0.4936638967143438,0.6491405209710808,1318706.mp3,classical
335.2381405895692,126.04801829268293,0.5945974719434669,0.5199338150024414,0.0892115160822868,0.6873651363719799,0.8649280993084684,0.7604953391963619,0.001296695402727,0.6270667990460066,0.6469820921256699,0.6027197273644893,49406.mp3,alternative
210.0,161.4990234375,0.5698048363288688,0.5043367004394531,0.178660437464714,0.2529500013579354,0.4736433378269089,0.2703557674674491,0.0002169519834844,0.2999999999998924,0.5808627409168003,0.648145209303937,21506.mp3,easylistening
236.4720181405896,120.18531976744184,0.5718918786733221,0.385710968017578,0.1449935436248779,0.5357602139768983,0.8284130966899104,0.2870078754300234,0.001317361602492,0.7060072264612248,0.5418009566496836,0.6438374843750193,1379506.mp3,ambient
224.9684126984127,129.19921875,0.5865140814639079,0.8077720642089844,0.2538384795188904,0.6133094005282376,1.0,0.1859083345710121,0.0045288442106251,0.3,0.6276380254145963,0.6658542475438812,1208806.mp3,club
235.56,99.38401442307692,0.4775131469616184,0.6599342727661133,0.0996532067656517,0.3572417294641489,0.7579402223359331,0.0863890658620731,0.0037360233626503,0.3457051916782201,0.4133763873765578,0.6531998769603231,358806.mp3,easylistening
168.33412698412698,109.9567819148936,0.5469277439544058,0.4891866455078124,0.1272361874580383,0.7598958853110059,1.0,0.367419007569386,0.0049156519616715,0.2999998853869731,0.7325676267523663,0.5992915021344205,101006.mp3,pop
208.8228571428572,129.19921875,0.5575993182518533,0.6845236968994141,0.193067267537117,0.6660797523203147,0.8919872239069639,0.4034271364006796,0.0025199584179259,0.2999999999569968,0.706574013592949,0.6281894135947723,1051506.mp3,house
197.88,120.18531976744184,0.5721634633564009,0.5059028625488281,0.0938606113195419,0.20533752402496,0.384767125174394,0.1505955890349797,0.0008223717424774,0.2973135963507212,0.3895187100176257,0.6558860780715099,115006.mp3,experimental
232.10281179138323,132.51201923076923,0.5911120684360335,0.3336970977783205,0.2682794332504272,0.4600934322009545,0.8258017289048923,0.255501712880274,0.0031033333440735,0.896439118780699,0.4769224453594411,0.7011961068982655,44306.mp3,dance
285.95746031746035,112.34714673913044,0.5807862814415958,0.4139546203613281,0.2032647132873535,0.5200614517368877,0.8194054201182142,0.4562257951758194,0.0008151917064418,0.2999999995024714,0.5853502458881435,0.6561052476058186,1153406.mp3,trance
326.7692290249433,129.19921875,0.5793466756835411,0.4278907775878906,0.2616366744041443,0.3808526799655466,0.7081947893050153,0.2773373333818608,0.0008085886929655,0.9421994736881052,0.4658422308481691,0.7010207566158582,1057406.mp3,electronic
220.1338775510204,92.28515625,0.5742252979906229,0.2612626647949219,0.3912846148014068,0.4858183309607399,0.749671181771365,0.5447842233287582,0.000832678423035,0.9116748283945008,0.4417685351457807,0.7525087542993503,311406.mp3,hiphop
59.97714285714286,161.4990234375,0.5627767500518714,0.8076383819580079,0.0546716339886188,0.1512918994937207,0.2429898575269996,0.2048317889797826,9.973038519965956e-05,0.6515043511389627,0.3887658773629717,0.6419286127633085,301306.mp3,classical
217.2865306122449,129.19921875,0.5725884038666427,0.3620157623291015,0.1983505487442016,0.6248234440774205,0.9368244965683729,0.6553683036296061,0.0015357903037684,0.5562715225084469,0.5045132709560403,0.6705035433567045,225606.mp3,instrumentalpop
211.94362811791385,83.35433467741936,0.5730009928358353,0.5238011169433594,0.1428982317447662,0.3390123924363618,0.5581115346503577,0.2371929843312456,0.0002979592205661,0.6913177566097382,0.4706098686019112,0.6573213897077337,1394306.mp3,alternative
210.04408163265308,172.265625,0.5364454727643033,0.6919669036865234,0.1810236871242523,0.3963143489297147,0.7137669990949255,0.3023238946738351,0.0009909674017668,0.2999999999268388,0.6652263234556213,0.6321232626736066,78306.mp3,chillout
119.02548752834468,103.359375,0.5149110160105506,0.3987600402832031,0.1959127485752105,0.230496812846146,0.4515653957885697,0.2285080155005197,0.0002069871800524,0.6439876899041441,0.3678392050707484,0.6969607484729261,1375206.mp3,classical
192.0,109.9567819148936,0.5550626748854055,0.6469455871582032,0.1637221574783325,0.3815564770669239,0.5778230190877786,0.3155030985549908,0.0004667646616752,0.2999999992294214,0.4620989345326048,0.6665201897856788,34406.mp3,ambient
218.1818367346939,132.51201923076923,0.5605965654253846,0.5269286499023437,0.2732745707035064,0.831172511767711,1.0,0.5376405070388169,0.0056669010127231,0.4225367582643338,0.7705590988896234,0.6442670256753377,1093606.mp3,dance
315.0,123.046875,0.5734667579859003,0.3158349761962891,0.0987564474344253,0.1414229783029927,0.2095337469124418,0.260343290075979,2.1962280868488224e-05,0.2816226298957353,0.3933380675419413,0.6568847075680049,1380006.mp3,darkambient
229.52401360544212,135.99917763157896,0.5517182514147452,0.4716541442871094,0.1770715862512588,0.351806510023614,0.6997753043424388,0.2003528381262568,0.0017153657302917,0.7544875302395656,0.4725700154890918,0.6692317679526348,277806.mp3,pop
157.74666666666667,114.84375,0.5935907583174473,0.192646224975586,0.2337764948606491,0.5764486377549202,0.7269438476297864,0.9320009764713484,0.0002446560910711,0.2999875310655446,0.7748025031703314,0.6291990375157674,400406.mp3,grunge
60.0,120.18531976744184,0.5429776828099901,1.0,0.0809220820665359,1.0,1.0,0.3577474892395982,0.0068909553404124,0.5714782442943465,0.6903706395348838,0.5910578216369762,252806.mp3,electronic
270.22784580498865,126.04801829268293,0.5881380049328891,0.4468923950195312,0.1429876685142517,0.6853692022680258,0.956950537045817,0.6906022742990792,0.0017116066303045,0.7679436770174106,0.6291056554201159,0.6256544295811074,1086306.mp3,dance
165.0,114.84375,0.5276325611002743,0.5295298767089843,0.1631751656532287,0.200891355993847,0.2517961373284029,0.1936944389145552,7.380642364995949e-05,0.2999999993198828,0.3965938497420235,0.6794242896867577,982406.mp3,cabaret
335.7518367346939,95.703125,0.545832579213464,0.4451846771240235,0.2256709039211273,0.3316847335593816,0.6195661934628168,0.1853309381641534,0.0008276116356068,0.5365056415545526,0.3740696506054401,0.7064275952905178,1060106.mp3,electronic
133.561179138322,117.45383522727272,0.5402474169718081,0.4487195434570312,0.1073812171816825,0.4110824441447691,0.662017389806186,0.25095515205478,0.0005491936322335,0.4305793901666817,0.4360826508024483,0.651440708024916,1023306.mp3,classical
219.4808163265306,123.046875,0.5424395487375866,0.6928851013183595,0.0891813933849334,0.3143667828593774,0.501830185220819,0.2745971190999929,0.0002513426934926,0.2830443530762167,0.4381359476075315,0.6444781120970697,340606.mp3,classical
194.0,107.666015625,0.5465377941755472,0.6855886917114258,0.1122658252716064,0.2078423147839261,0.3800574510952905,0.1649311789347696,0.0003358313806777,0.4750613803681458,0.4550816801782814,0.6493993610621221,1114506.mp3,ambient
238.94532879818595,129.19921875,0.55707582943589,0.837690254211426,0.0781449526548385,0.9924521076448812,1.0,0.589061007605509,0.0124676261340805,0.3252013950857256,0.6830921455185355,0.5915137538520349,1385206.mp3,dubstep
225.3060770975057,97.50884433962264,0.5728207323855322,0.3516968078613282,0.260924369096756,0.4570379374283223,0.7324131440040399,0.2951728506309641,0.0018667292781812,0.6058074568092343,0.4235311310154056,0.709226546671751,1219206.mp3,hiphop
278.56979591836733,99.38401442307692,0.532423285479106,0.5668283691406252,0.13983915746212,0.4822770689985955,0.7800481997740929,0.2634920893072235,0.0011562429739925,0.2999999990376747,0.5576509910062007,0.6388118984851231,186606.mp3,easylistening
418.11204081632656,93.9630681818182,0.4909412679989409,0.5425639953613282,0.0602417178452014,0.4857304988076674,0.6554758492664798,0.2830378971863245,0.0005649106810085,0.2999999989827834,0.5921984759594139,0.6032473232323898,240906.mp3,easylistening
212.2771201814059,129.19921875,0.6012208666880299,0.7511795654296877,0.2271438986063003,0.7830606331144062,1.0,0.5906424698373316,0.0029318790717006,0.6282924162275518,0.6561349328547568,0.6505448169273168,1081706.mp3,trance
490.684081632653,120.18531976744184,0.5595506686057838,0.4330301208496092,0.0868060812354087,0.3257046602691312,0.552188152147139,0.283391724110072,0.0003450977874338,0.8890112955587406,0.5315334411882898,0.6249435010070893,36206.mp3,easylistening
111.4537641723356,112.34714673913044,0.5217294641634067,0.4906386108398438,0.0556589588522911,0.3115502611293046,0.5070830045046678,0.2669969512195121,0.0001070654736546,0.5237588042839785,0.446068186885587,0.6308235878097075,1310106.mp3,ambient
464.87510204081633,143.5546875,0.6148891770906939,0.3461411895751952,0.2435533553361892,0.6112523266021032,0.7913552067585976,0.7196490026935133,0.0013901293766105,0.6297151492340245,0.6123134041634497,0.6652165270883382,18506.mp3,electronic
117.32,114.84375,0.5248187331677552,0.3434700775146484,0.1824486553668975,0.458102192141632,0.6538148535907835,0.425986977067475,0.0005793303471642,0.2999974014783602,0.5538917091986684,0.6549031740923494,80506.mp3,pop
60.82918367346939,120.18531976744184,0.5607450319659786,0.3319962463378906,0.331938773393631,0.3834217361035958,0.8405978152355051,0.2667827220256935,0.0010383149736843,0.6630368375715959,0.4318268831385499,0.7331325817939972,1341606.mp3,electronic
107.33714285714284,120.18531976744184,0.4938566195030723,0.7366585540771484,0.0452591404318809,0.4945448390132557,0.7138615476091874,0.171355840099608,0.0030273549507253,0.5935869912291939,0.5348921054124676,0.6093148694729836,866706.mp3,classical
214.0,151.99908088235293,0.5483040946132032,0.5887901000976563,0.1440350413322448,0.3297575193054216,0.6278345811309488,0.1823638146325585,0.0035428283744318,0.3659392394775903,0.5717393822097886,0.6375047384376504,1176206.mp3,folk
306.5624943310657,135.99917763157896,0.5780356401982392,0.7376118850708008,0.162103846669197,1.0,1.0,0.4915004535185092,0.0232544427547062,0.2999999999520393,0.8119983552631578,0.5959577137482793,22806.mp3,easylistening
426.1111337868481,135.99917763157896,0.5771546485422137,0.7735589447021485,0.1006053537130355,0.6667600069849824,0.941441810569913,0.1021607192340893,0.0087160627567908,0.4278288927445494,0.6972352432908382,0.5967708786785252,1402706.mp3,dance
374.2630158730159,123.046875,0.563668996297741,0.3682857971191406,0.3153732419013977,0.4578089377170204,0.8491716704365481,0.1974265292797172,0.0014088226610894,0.9639561889749,0.4745581310406799,0.7186227408763672,1234506.mp3,house
186.86666666666667,99.38401442307692,0.577932041652419,0.200912857055664,0.2399952709674835,0.5145082530920374,0.7466579238727636,0.6426083741453716,0.0006158471555858,0.5099016925262214,0.4931594901062407,0.687766399527046,362406.mp3,funk
399.02222222222224,129.19921875,0.5667972351386197,0.2836581420898437,0.2438992410898208,0.6680303700580004,0.8180766485306814,0.935629740073478,0.000843950265542,0.334406813883795,0.7419690357845982,0.6394099196354158,378606.mp3,heavymetal
390.70666666666665,135.99917763157896,0.5291655312510197,0.4765304260253906,0.1174360588192939,0.4724089857786903,0.6120733988417003,0.3439239643042732,0.0004582422239592,0.2999999994120727,0.5731707867581974,0.6276428238233064,1255906.mp3,70s
245.16024943310657,114.84375,0.5399172919871773,0.2499649963378906,0.2491919994354248,0.6027557791100429,0.875840128617242,0.4519652990250601,0.001648928832136,0.5263453460655226,0.5638223207305343,0.676944655650646,686506.mp3,pop
30.191927437641723,99.38401442307692,0.562857635826838,0.3850625610351562,0.2064495235681533,0.6621464478919439,1.0,0.4470550726268508,0.0058122968180056,0.4143637488706107,0.5264084590621233,0.6690401366721105,1285606.mp3,pop
182.0,120.18531976744184,0.5907564711550639,0.6209533386230468,0.2056607156991958,0.4953780840748292,0.8515697984710897,0.2120172942496153,0.0036323963339388,0.7470749747857994,0.5731859383052336,0.6594006699906637,206006.mp3,funk
151.86566893424038,139.6748310810811,0.594767076096377,0.311083984375,0.2205285280942917,0.5234604928775869,0.8580679613104416,0.5298834093761012,0.0015809080855133,0.8049761082312014,0.6445939780082693,0.6504714745122911,1032006.mp3,alternative
73.00972789115646,151.99908088235293,0.5867939811437894,0.57021826171875,0.0934818461537361,0.2116085012922082,0.4878622401037487,0.0631796128742015,0.0029892171184586,0.3,0.3765791476811494,0.6583376350791151,1075206.mp3,chillout
310.5436734693877,129.19921875,0.5808223115618537,0.3690506591796875,0.4543856680393219,0.3654793554746522,0.547439572302245,0.5070442569542148,0.0001191185627349,0.5789651732141401,0.5726580207866787,0.7490472363368201,1294106.mp3,synthpop
194.8745351473923,126.04801829268293,0.5828175340580253,0.3350050354003906,0.2323076874017715,0.6719693522263416,0.9357615860781162,0.5633265816752056,0.0017658371384938,0.501620201836422,0.6091048913820918,0.6618097891882193,1371806.mp3,70s
160.63657596371883,107.666015625,0.5617947179217799,0.4224284362792969,0.0534582585096359,0.1751113391112501,0.321877683671995,0.2510152172418595,0.0001192196644549,0.2999871460736937,0.4457413782324089,0.6300966974169872,843406.mp3,newage
209.6297959183673,92.28515625,0.5586994223510455,0.5885711364746092,0.2883692681789398,0.4868072879363962,0.7209908843303298,0.3896782141106009,0.0012140576754597,0.3751071239611566,0.5413552069248423,0.6955418951594499,1264206.mp3,drumnbass
116.06310657596372,151.99908088235293,0.5641432349547693,0.8307389526367187,0.1451463103294372,0.5786986094283919,0.9114406286082246,0.3684022279854688,0.0018176666790429,0.2999999999998898,0.711510935089344,0.6099504847007285,1417806.mp3,ambient
348.5518367346939,117.45383522727272,0.5059388637652911,0.6285410919189454,0.1473975181579589,0.4173749835940261,0.7151010044504889,0.1952056296926969,0.001410795309143,0.4046460893666328,0.5578384910281198,0.6414954083312412,873806.mp3,african
426.5631065759637,120.18531976744184,0.5732671239478574,0.823939163208008,0.0671003088355064,0.2435484030016574,0.5135309263545981,0.0662973589073978,0.003553267703496,0.2999999991207237,0.3971979332609799,0.6447165245285864,1377406.mp3,ambient
432.0391836734694,120.18531976744184,0.6011593167779322,0.6381152038574219,0.380110502243042,0.3694161890150253,0.6877613545927478,0.2555991120333636,0.0027418996138175,0.3,0.4342851031333986,0.7499827601808153,35106.mp3,electronic
258.85895691609977,69.83741554054055,0.5765971441327379,1.0,0.0967950746417045,0.76870517783144,1.0,0.1414122210469088,0.0071187104500814,0.7966677905531472,0.4847325564769596,0.6378997155756218,1230806.mp3,experimental
237.1858049886621,147.65625,0.5643854296580836,0.664621307373047,0.2315760254859924,0.5563221150641915,0.8126312749613502,0.318941298664088,0.0025185389956841,0.3876452472601195,0.5837938027503846,0.6666086086248804,1151906.mp3,70s
298.150022675737,117.45383522727272,0.5431883585364812,0.5387741088867187,0.2543195188045501,0.1875782140541513,0.489390916492864,0.1300150723558557,0.0016362103601953,0.299998940227701,0.5728201606119528,0.6769909946472475,1095106.mp3,ambient
159.0,161.4990234375,0.5432508905744629,0.4843210220336914,0.097303107380867,0.3221576870397366,0.654802946705193,0.2290887850467289,0.0003584383184411,0.2999999245909581,0.3534403981644711,0.6643410390242179,1069106.mp3,classical
245.0285260770975,97.50884433962264,0.5828967446847122,0.2568699035644531,0.201225996017456,0.2666582516741196,0.5214595831256055,0.2953005009794234,0.0002926955065632,0.4477194621969882,0.3603324622261807,0.700374866121048,366006.mp3,downtempo
360.661156462585,99.38401442307692,0.5372388886362136,0.5708786315917969,0.0595214441418647,0.6437392582106247,1.0,0.1697185680693118,0.0112232277178216,0.6410822758647052,0.6907325923974976,0.5832812014115718,382406.mp3,jazz
184.77678004535147,129.19921875,0.5687592655875586,0.3078159332275391,0.364729642868042,0.5036211496159698,0.6770533303679415,0.7822145532337454,0.0001897407892117,0.9438258006853192,0.569674578133447,0.7173677558058057,1295906.mp3,poprock
174.40215419501135,92.28515625,0.5685852406207201,0.8617946014404291,0.189444288611412,0.4747335961581539,0.6009797790639063,0.2318904630931544,0.0004711949478988,0.2999999999962655,0.5064512873866294,0.6669096864227825,1070606.mp3,hiphop
180.11947845804988,112.34714673913044,0.6018392955024703,0.2242531433105469,0.2608097195625305,0.678283619059172,0.8557828268735065,1.0,0.0010409244914488,0.5537181675387688,0.561085081577753,0.6816744827269604,1196906.mp3,heavymetal
217.8506349206349,147.65625,0.6113189972364164,0.8180684204101564,0.0940333008766174,0.3749899868314434,0.6028693369368888,0.2515822788923332,0.0005049490579957,0.6423491489479214,0.5317493868624039,0.6275021109431015,1132206.mp3,easylistening
203.5028117913832,156.60511363636363,0.5511239437084384,0.4646347045898439,0.2386459410190582,0.4819707511268922,0.750286680668959,0.4524148832109577,0.0009410816221212,0.6053013183438289,0.6713701401706862,0.6516385107327236,1185706.mp3,chillout
228.36807256235824,156.60511363636363,0.532985891159789,0.7702409973144532,0.1803456991910934,0.6249761418736375,0.9347012900461276,0.3859047453718055,0.0023994198379126,0.3847101466173238,0.6497265087058036,0.6349791499676329,1336606.mp3,90s
397.3333333333333,120.18531976744184,0.6073608101194685,0.5115567779541016,0.2931157052516937,0.4370030886490916,0.8214048272468042,0.2337845927547634,0.0013882767104727,0.657672117097744,0.4010943586329283,0.7253027821640241,1349806.mp3,chillout
319.0,103.359375,0.5572387950311228,0.3689475708007812,0.200184091925621,0.5706083196029553,0.845359050037649,0.5926001081170327,0.0009295005215477,0.8450931742215924,0.5232123681076938,0.6674237994716848,1054106.mp3,electronic
100.67798185941044,117.45383522727272,0.5639742008517057,0.6593219299316406,0.1224802881479263,0.5111690449611208,0.7847466138111433,0.3502233147331473,0.0014044023180135,0.3278436572745243,0.6048939541233311,0.6231141129085873,1087106.mp3,easylistening
143.9869387755102,120.18531976744184,0.5865423210433691,0.4853629760742188,0.1692095100879669,0.4725036840992608,0.6496124491745175,0.7404982665484157,0.0002518942220721,0.2999999999997898,0.615884128713573,0.6377385978889536,1415106.mp3,electronic
319.4502947845805,129.19921875,0.5905695916987423,0.8801995086669921,0.0980865806341171,0.4340314933283876,0.725282583349239,0.1643861309960679,0.0026272934447007,0.3,0.5792021739208453,0.619470734244113,1217506.mp3,electronic
165.27963718820862,135.99917763157896,0.6319283626125372,0.5540566406249999,0.0827082991600036,0.161820983939351,0.3575361358391363,0.165111175449747,0.000860684336218,0.2999999892186345,0.3008335808022889,0.6696082715371436,1336206.mp3,soundtrack
229.9595464852608,120.18531976744184,0.5887631389861914,0.3281871490478515,0.2359852045774459,0.5304565747323878,0.8156265749773677,0.6048898695772096,0.0010328507445302,0.3724269057300858,0.5248651787652343,0.6799816378948337,1283106.mp3,pop
276.0881632653061,120.18531976744184,0.5793710155126005,0.4203665161132812,0.0822954997420311,0.373993868358318,0.5407430417354426,0.4848149937283402,0.0001488451938207,0.8674660884735961,0.4704373212049056,0.6355389156661502,389706.mp3,experimental
259.08351473922903,89.10290948275862,0.5724737644506865,0.4818836975097656,0.172087475657463,0.2691437637387616,0.6433222335538656,0.1113378129658693,0.0072012086900403,0.530563845323466,0.3255543148635747,0.6968406282639719,1063106.mp3,folk
216.50285714285715,87.5926906779661,0.5729757735120227,0.3974757690429688,0.3243667781352997,0.5973247580336047,0.9454732612604474,0.4152357610229542,0.0021483684834368,0.5633589696797432,0.7454774604961679,0.6676765480294743,1078406.mp3,reggae
307.8656462585034,135.99917763157896,0.5424144939250679,0.3990244445800781,0.2060854882001876,0.4446940250132526,0.87637888820221,0.2242441857256644,0.0039188408082062,0.5839593172165081,0.5808930099463112,0.6580121737628053,1346106.mp3,folk
192.3980498866213,143.5546875,0.5244660889932109,0.4224103393554687,0.0464198663830757,0.4165757095187546,0.7255960155907689,0.3350146883076361,0.0003654518341698,0.2999999894684372,0.5653078541085084,0.6036495810762056,1266906.mp3,asian
502.9616326530612,156.60511363636363,0.5519258734324864,0.2626314239501953,0.2642731964588165,1.0,1.0,1.0,0.0076562102799178,0.4608207807019813,0.772998046875,0.640538741350174,353106.mp3,ambient
234.23997732426304,126.04801829268293,0.581822623569415,0.3366761016845703,0.078347235918045,0.6666163730069683,0.9502984409727832,0.4508955339355138,0.0020710449426768,0.2999999999999775,0.6991213087749549,0.5883807431755053,376206.mp3,dance
373.65,120.18531976744184,0.5539206168832813,0.6139033813476563,0.184574007987976,0.3622501581683526,0.6738667845553485,0.1908613884796566,0.001298819188721,0.2999999999995594,0.4444628116680886,0.6775540805420537,677106.mp3,electronic
94.33333333333331,135.99917763157896,0.5079038685181583,0.9096729278564452,0.0398739762604236,0.1431112949475336,0.306341996945212,0.0961634740639801,0.000725001707564,0.2988235793477855,0.3259635109701527,0.6491619292597219,965306.mp3,classical
523.3866666666667,126.04801829268293,0.5678890015028344,0.3279995727539062,0.2052500396966934,0.541969257370591,0.8456978886099197,0.4953293286177022,0.001359394855829,0.7572250294968451,0.6300008400448256,0.6478898462818445,629706.mp3,alternative
198.85333333333327,140.625,0.5920910106182128,0.5408784790039062,0.2277606725692749,0.5609885728796126,0.7870256978808385,0.3662411707526398,0.0007590530614783,0.2999999999998804,0.6855358763402433,0.6448866668568903,887206.mp3,electronic
60.40866213151927,129.19921875,0.5693920275415373,0.7760207748413086,0.2033591419458389,0.5001088742700103,0.7200457647313288,0.3832961511782681,0.0004759184808818,0.7602027170462371,0.600471820976707,0.6531149269051606,80806.mp3,electronic
233.10666666666663,135.99917763157896,0.580360937808895,0.4459907836914062,0.1503864973783493,0.5034603882831242,0.81551345140828,0.3835933428809859,0.0010330903250975,0.5634502960699719,0.5395099934185299,0.6462371403724998,34806.mp3,pop
215.3441723356009,120.18531976744184,0.4885326924600464,0.4116066589355469,0.1519278734922409,0.39750080625694,0.5738665313334266,0.3511251017410707,0.0002986324067862,0.3098642761167864,0.4935436866020454,0.6559852971367977,995906.mp3,ambient
204.0,95.703125,0.6040230969591034,1.0,0.2099265158176422,0.4793342506222688,0.7516433810057703,0.3102688312337255,0.0006939471336809,0.3,0.465676869834602,0.6824381717274307,564206.mp3,fusion
230.31548752834468,135.99917763157896,0.6148813253282732,0.2476823272705078,0.2831904590129852,0.8491445512353853,1.0,0.9042448712621012,0.0073069279799598,0.7762309510167532,0.7558937911059848,0.6507698070234778,1106306.mp3,metal
261.3766439909297,120.18531976744184,0.567258035646333,0.4272341156005859,0.1917385905981063,0.8643555593790352,1.0,0.4781987142959286,0.0148064066147842,0.7408960669046969,0.6540668743776483,0.6382125177397887,1274506.mp3,acidjazz
70.02560090702949,120.18531976744184,0.5578929886897743,0.3930529098510742,0.0873376652598381,0.4588768590469197,0.7327185249044585,0.3347577149511548,0.0008810760550456,0.534832640356987,0.5911876841001613,0.6132040226735095,1297806.mp3,easylistening
477.1762358276644,95.703125,0.5763814584196645,0.3587525939941406,0.2540333271026611,0.3436436409607915,0.6865838697253683,0.2146456587312278,0.0016469938557742,0.9377000819888468,0.3735562458159746,0.7167407485937631,893606.mp3,blues
270.4652380952381,120.18531976744184,0.5706148926009631,0.6239731597900391,0.1511083990335464,0.2326954404476944,0.4815812931229041,0.2172974319887429,0.0002684652697711,0.3796087023074218,0.389879385464115,0.6764231465592537,245406.mp3,chillout
138.84675,119.6808510638298,0.5198541143409132,0.8450312042236328,0.0739779323339462,0.2867060532226081,0.5213167424980951,0.1921906999664603,0.0007589621464136,0.2999999672209661,0.5238040126840222,0.6218712531034162,1119406.mp3,classical
424.17308390022674,123.046875,0.5632533697685951,0.7738423156738281,0.2512035071849823,0.7744278063950728,0.9936063641614332,0.3665570075889066,0.005684577059491,0.8996993090421739,0.6512332696480895,0.6601866086569756,1336806.mp3,chillout
130.03755102040816,120.18531976744184,0.5394263763924252,0.5702957916259765,0.121475338935852,0.2929639381835948,0.6395307818438509,0.2101214830557376,0.0011122415687607,0.8229325841005394,0.5028387089950758,0.6431633802178917,1060606.mp3,folk
149.2604081632653,132.51201923076923,0.5058714402183329,0.6422248992919921,0.0415554195642471,0.2855124393812763,0.6665139663823457,0.1084750264162826,0.0029034443824386,0.2999999989714286,0.435935294161256,0.6277728922108778,779206.mp3,soundtrack
184.61539682539683,103.359375,0.5672760293543693,0.508210479736328,0.1506506502628326,0.2813809512865892,0.4363368004242266,0.175527238482044,0.0004259097402156,0.7204545466834356,0.5057524070259927,0.6530837526894212,1109901.mp3,electronic
314.92,105.46875,0.5191374359483472,0.6909135437011719,0.0988764241337776,0.3850407874927595,0.7123774832102411,0.1242133752950432,0.0029118597345997,0.9289079563048044,0.4263470704330977,0.6503260986015404,75201.mp3,blues
157.4371882086168,79.50721153846153,0.55236174205049,0.8342079162597656,0.0854558423161506,0.2299215153821121,0.5092590705466564,0.078524678912448,0.0029254317513141,0.3,0.3091441761619983,0.6689352680014147,1184701.mp3,blues
148.96,114.84375,0.5664989798736604,0.551031494140625,0.2071029096841812,0.4377923471650302,0.7662016862319359,0.2313896793398609,0.0012143068629515,0.6755124564765094,0.5616545472191276,0.6622261380424797,485801.mp3,instrumentalpop
44.71503401360544,99.38401442307692,0.5723369282751976,0.7485142822265626,0.120629109442234,0.3777697494204408,0.588464038680144,0.2609908061697439,0.0019857930803048,0.7763547952038257,0.4096889696572609,0.6614886854677521,1349101.mp3,ambient
200.44,147.65625,0.5802918836918171,0.2321016540527344,0.2277390211820602,0.5658291585850397,0.8843029543667481,0.6901595643237057,0.0013127984783899,0.8090845794989873,0.6009266369529497,0.6618007202349517,249101.mp3,indie
90.3935827664399,120.18531976744184,0.5318585290525519,0.6994491958618164,0.0631086453795433,0.3084212805106354,0.494559272866913,0.2271650805385526,0.0001600173563406,0.2775677797607948,0.5355512060727847,0.6156088711220786,1195901.mp3,ambient
223.2994784580499,147.65625,0.5402444526582265,0.4956237945556641,0.1163457110524177,0.2659867872390145,0.4647873444425211,0.3412475874784743,0.0001231878000779,0.6963697890376043,0.4738442710110377,0.6471156017766628,1162101.mp3,classical
138.0,120.18531976744184,0.4874855459416219,0.6446926422119141,0.1137910559773445,0.4264275331784533,0.8275886963173256,0.0854251518875919,0.0009856365317383,0.2923768024828257,0.4794036264440461,0.6450840548630348,1369701.mp3,chillout
370.68097505668936,120.18531976744184,0.6345874642809259,0.6765687103271483,0.253662496805191,0.6596056115415478,0.9522123311392034,0.4951538828217147,0.0038464080524955,0.8373661776019332,0.5419947870037867,0.6829195414491114,1378201.mp3,synthpop
76.06666666666666,114.84375,0.531149206804276,0.9849393615722656,0.1202806904911995,0.3994923605112629,0.723650633414763,0.2043479555674677,0.0016845108403031,0.4430464663377891,0.4556974388476723,0.6521615608072974,1277701.mp3,orchestral
208.78666666666663,117.45383522727272,0.5450337014847901,0.3247739257812501,0.1592119038105011,0.6356689133436827,0.9351175220530544,0.4351643195035153,0.0016336607633242,0.6235143619992738,0.6617995481315471,0.6249563757454709,207501.mp3,indie
265.01219954648525,139.6748310810811,0.5312998357183477,0.5195059204101562,0.0770729482173919,0.4934413829768395,0.7705512694279405,0.2474382604254482,0.0023695062000547,0.8257890548085447,0.5361169246058946,0.6205228764370821,318601.mp3,world
392.7272789115646,132.51201923076923,0.6219581963040227,0.2560634460449218,0.0844317898154258,0.4861267069539088,0.8745250081081708,0.5708688470099292,0.0006323123797582,0.965487914156902,0.5209946376491688,0.6261965168037196,1313001.mp3,chiptune
288.0,123.046875,0.6172413511678553,0.2894761657714843,0.1693931221961975,0.5476926158756789,0.830249672926874,0.7462730326904188,0.000787892671045,0.2999998933036395,0.6461868383624377,0.6317441563181435,1079301.mp3,blues
251.99868480725624,101.33272058823528,0.5824418723107412,0.5153216171264648,0.0691826343536377,0.2415266435314163,0.4067615704859204,0.2909848462715715,0.0001064616557564,0.2999905469906392,0.4680172767441189,0.6313022930184857,893501.mp3,choir
274.0384807256236,156.60511363636363,0.574292208539704,0.38336612701416,0.0934179127216339,0.1568731001425838,0.2398727729390996,0.2337842697186504,5.899982535080697e-05,0.2999992278180262,0.4519646392581486,0.6432375207281585,1398801.mp3,ambient
158.60496598639455,139.6748310810811,0.5721341964252857,0.6132158203125,0.2116677165031433,0.7972537313555879,0.9668405358207898,0.5867879930446208,0.004310272834953,0.2999999999983865,0.8072449478364786,0.6147513883738358,365701.mp3,electronic
422.27746031746034,112.34714673913044,0.5888383506836187,0.4036851196289062,0.1764254719018936,0.5593947981577266,0.7228343223924047,0.3625769487651986,0.0005228664986418,0.2999999999969793,0.7003899361878151,0.6234351826471187,1218701.mp3,90s
205.69299319727887,80.74951171875,0.571969832640753,0.5744446258544921,0.1025871485471725,0.3591643887743351,0.7499906598334241,0.1036763643021653,0.0056969596163271,0.7802014573849204,0.348617656507643,0.6672078421754535,1355201.mp3,gospel
145.42367346938775,117.45383522727272,0.5498351434338576,0.3251008605957031,0.1449289172887802,0.7502792581603569,1.0,0.2883465805758169,0.004871674551114,0.6849781762974274,0.5945614409911619,0.6332621220257285,1374701.mp3,oriental
174.39791383219955,120.18531976744184,0.5372958273819955,0.467315673828125,0.1146509647369384,0.41396699988649,0.7721749390679918,0.2341401716506846,0.0012775088315573,0.4558187610365603,0.5619307668239406,0.6288881939405098,1406701.mp3,country
139.9998125,119.6808510638298,0.4984271852513325,0.6478805999755859,0.1274840384721756,0.1613914907340736,0.2919920648100379,0.1255344018583043,0.0003940283578562,0.2999999999343158,0.4614382950492732,0.6536065948401286,1110501.mp3,ambient
230.6249886621316,95.703125,0.5435981688418334,0.6229951782226564,0.0483653917908668,0.122001647167935,0.2458486178305115,0.1125872812214152,0.0005554333870714,0.2997179480485835,0.3044176146298896,0.6565280181187342,1221301.mp3,classical
296.8533333333333,123.046875,0.587789259396537,1.0,0.0586504340171813,0.1317021706404272,0.2850741756933228,0.1076343399829633,0.0008837325833764,0.2816560666748093,0.4497534843113228,0.6311634593839207,202201.mp3,electronic
398.4079818594104,132.51201923076923,0.5844775707409282,0.4101315917968751,0.1994599848985672,0.5702135404081297,0.8599292239298463,0.4537035970936682,0.0012035304104538,0.7327284918542518,0.5713419890486074,0.6575371967537628,1222901.mp3,alternativerock
299.36,109.9567819148936,0.5662448554089414,0.3739873657226564,0.2626928389072418,0.8297236517079533,1.0,0.9139412685575372,0.0051976684159388,0.949207953283508,0.6544356636455716,0.6636822892774927,361701.mp3,death
199.9556916099773,132.51201923076923,0.5443348788752791,0.5220666809082032,0.199660375714302,0.5184550896249115,0.9282565297290069,0.2345632541850588,0.0023771120017104,0.2999999999977411,0.4525159532584202,0.6813745446054646,1178101.mp3,electronic
178.75120181405896,135.99917763157896,0.5723945124138282,0.2347495422363281,0.2070524394512176,0.3604795347572808,0.6735702304416593,0.4161209738355745,0.000582187345982,0.5491745776373117,0.4789099257461717,0.678756893053204,1363601.mp3,darkambient
335.94666666666666,129.19921875,0.5598660411396326,0.3575067749023437,0.1627344638109207,0.6214931338823981,0.8820304892352626,0.4811982633424841,0.0022215992282414,0.5498013235921109,0.6808699781666887,0.6224104113385938,12301.mp3,blues
264.4565306122449,139.6748310810811,0.5794434016432035,0.2371385192871093,0.3139117062091827,0.4981600041078535,0.7335566228427822,0.6263385510188567,0.0003944256767693,0.2999999999999944,0.6408201899352514,0.6848441762482554,1155001.mp3,dub
185.13333333333333,120.18531976744184,0.5706526617763136,0.6734733428955079,0.1572747975587844,0.7022317739385457,0.9563576102943554,0.3341832013667223,0.0082712695428408,0.7322005249513699,0.59948892156282,0.6367211428085985,492101.mp3,electronic
274.10147392290247,120.18531976744184,0.6060269585434414,1.0,0.1630242317914962,0.4651054405730475,0.6829420588163537,0.2247873472381484,0.0009872177107376,0.2999847472427192,0.432847854727436,0.6721191524994515,220101.mp3,easylistening
71.89333333333333,139.6748310810811,0.4699692826019174,0.8650722656250001,0.0573090463876724,0.4760742212435104,0.7736189902573755,0.1071642649253878,0.0042660297475273,0.2998987968560597,0.5423047625138117,0.6121703041967999,1135201.mp3,ambient
181.8947619047619,95.703125,0.5269734929492647,1.0,0.0334342941641807,0.3808082465994923,0.4703554831460373,0.0746797885390138,0.0023302151829402,0.3,0.4559586719583043,0.6208446115074442,708401.mp3,ambient
187.51643990929705,129.19921875,0.6083234239732092,0.5415552825927734,0.2212864756584167,0.9373103415828368,1.0,0.2179677212819676,0.0229163979412333,0.8801972981933226,0.7399593098958334,0.6316712692578634,1210701.mp3,electropop
181.2727437641724,87.5926906779661,0.5526950527433332,0.8001416931152344,0.1382316052913665,0.3329635314421452,0.5777475727821227,0.1558994898262035,0.0006551358906557,0.2999999931635941,0.4485839502274202,0.660046587859408,303801.mp3,electronic
217.3584807256236,105.46875,0.5626161714030192,0.4214087982177734,0.1949209719896316,0.648706914334877,0.8994955355581491,0.4096839247422492,0.0033712615357346,0.5158371398249972,0.5868257451535919,0.652806400885549,1066801.mp3,folk
171.33333333333334,90.66611842105264,0.5918717469936008,0.7300893096923828,0.2447863817214965,0.5339987793843592,0.8426934577974217,0.2594260574669712,0.0014147121974569,0.2999999999999999,0.4755613348085366,0.6930108304580315,1115101.mp3,hiphop
243.64,99.38401442307692,0.5635244269645587,0.935773696899414,0.1474697738885879,0.4111258499493134,0.7115264101254284,0.2354982299465613,0.0011326220798179,0.2999999999802543,0.5225379609531096,0.6485815264092697,47901.mp3,pop
69.50666666666666,147.65625,0.5655617651107103,1.0,0.0958203300833702,0.2222798618813509,0.3863542658797353,0.097641638183544,0.0007309991012929,0.2999989494864836,0.5579455748636065,0.6229062038572919,1045701.mp3,folk
148.42353741496598,93.9630681818182,0.5685599908396457,0.3608226928710937,0.1574961841106414,0.7107806766403397,0.9593128308867864,0.6390415597546667,0.0023634686560583,0.2999999997658416,0.757462031572091,0.6052062199654127,941401.mp3,indie
307.5134693877551,126.04801829268293,0.5863843716653958,0.6193158416748047,0.3355201780796051,0.6868531059789628,0.8129750532631717,0.5947280314693815,0.0007682021278657,0.8831702928081202,0.6393441779245644,0.692918428523745,422701.mp3,electronic
204.67072916666663,122.28260869565216,0.539033325213641,0.8369969940185547,0.0532814189791679,0.2860267270082207,0.5199669678856006,0.1620558072372468,0.0004642452189373,0.5138287697005602,0.5365184215605171,0.611877626520397,729301.mp3,classical
244.5103854875284,161.4990234375,0.5700404991818028,0.8982801818847657,0.0439907051622867,0.7429354141219016,1.0,0.1096515232755955,0.0039485326913565,0.2999999999996148,0.8106188003627425,0.5537128937858747,554901.mp3,ambient
272.5518367346939,109.9567819148936,0.5727437449539889,0.4299243927001953,0.201484128832817,0.9266058600177536,1.0,0.9856388880808216,0.0076094747557438,0.2999999997298707,0.7453125,0.6234717863798142,395901.mp3,instrumentalpop
42.0,126.04801829268293,0.6431832265728733,0.8564137954711916,0.0432190634310245,0.1811765070063724,0.4095036690598353,0.0582278310345292,0.0020656764740644,0.299237234990679,0.4636635642861426,0.6228261499779403,893401.mp3,classical
106.78963718820862,120.18531976744184,0.4769472125817774,0.3446031799316407,0.0616839043796062,0.9063715079495082,1.0,0.4737460858682942,0.005816695219287,0.9030647743659532,0.7803706395348837,0.5661320776696814,1162701.mp3,easylistening
225.51253968253968,80.74951171875,0.5708493293336311,0.442519744873047,0.1916856914758682,0.3317776999121291,0.5236989594444642,0.4290028565150516,0.00013048991288,0.4591185875664034,0.3879608329876043,0.6914146823337918,992501.mp3,easylistening
230.4,109.9567819148936,0.6107782078461067,0.4506132507324218,0.2119388580322265,0.6413469160875387,0.931687975097994,0.6864350621738607,0.0027079869069084,0.2999999989670001,0.660175126177657,0.6442629636560702,245201.mp3,electronic
198.85643990929705,135.99917763157896,0.5234565460552509,0.687181900024414,0.1079329028725624,0.3878687480231825,0.6668128979853044,0.2046556332222204,0.0016585556155344,0.4623571672559301,0.3653037312268732,0.6657950987887478,1408401.mp3,jazz
193.61301587301588,151.99908088235293,0.597640668013609,0.2049839172363281,0.2546328604221344,0.4735532228574672,0.6748854960044025,0.8735492287464698,0.0002955365205808,0.8631858985761178,0.4148072124731546,0.7087063872573375,1236401.mp3,indie
269.53333333333336,135.99917763157896,0.5182662877888248,0.4338538360595703,0.1107668951153755,0.4561309040155035,0.6719934108017334,0.2843518347313039,0.0006735024318093,0.7284225162958646,0.4113481875172659,0.6576064447380819,1294001.mp3,folk
347.5863718820861,87.5926906779661,0.6072836657084097,0.5630533599853516,0.0865036994218826,1.0,1.0,0.6662762250722811,0.0114105619451475,0.9729015866919124,0.6251853813559323,0.6061042555206912,308901.mp3,electronic
393.2222902494331,129.19921875,0.5991281910129334,0.7243090209960937,0.2242158651351928,0.4422885053159597,0.7718626210920858,0.2519089488503388,0.0014628117093888,0.3,0.5671273547298609,0.6672922405026973,1375801.mp3,80s
144.77333333333334,161.4990234375,0.5631162463676677,0.6745108795166017,0.0722672790288925,0.3073621203556089,0.4821073974298083,0.2767488802394038,0.0002557784198765,0.2999947889879145,0.6173882900252495,0.6025385624453514,246601.mp3,ambient
515.1346938775511,109.9567819148936,0.5063526453439757,0.2183200073242187,0.2823162078857422,0.7843289519754685,1.0,0.8346944911832657,0.0023165219682997,0.2999999946376526,0.7488240770132489,0.6518690194362174,1146201.mp3,ambient
140.0,119.6808510638298,0.5649693520371382,0.6594853210449219,0.0809681266546249,0.284068495799734,0.6672957441626846,0.0827529052374174,0.002520066084465,0.4392266294504489,0.4907019443162034,0.6310081367324243,1079401.mp3,ambient
104.0,119.6808510638298,0.6101017807995084,0.7909356689453125,0.2530688643455505,0.4392730366030841,0.7493629346261637,0.4493903064351123,0.0011587164996188,0.8060558838457778,0.4687252347591814,0.6973597442125619,31501.mp3,pop
301.17333333333335,105.46875,0.5799629140107501,0.207769775390625,0.282283753156662,0.4808373354527548,0.7202359049199806,0.7884503389962777,0.0004066686215382,0.39319408800477,0.4762154014179283,0.7063790708528126,7201.mp3,punk
186.78260770975052,114.84375,0.5222924746169877,0.6722962799072266,0.126400738954544,0.3506134268013883,0.6727651883939566,0.250704238163023,0.0005797623362615,0.650189754940327,0.4314785973538991,0.6592085465528561,1298301.mp3,folk
388.5482086167801,123.046875,0.5129402017803448,0.5854106445312499,0.0693609789013862,0.2289409278832875,0.4034218323498819,0.1830988953807427,0.0004991850337017,0.7197618699067758,0.4194776029538051,0.641074431813738,633201.mp3,atmospheric
160.61333333333334,129.19921875,0.5579272630507137,0.9294635009765626,0.146461546421051,0.5751390227421959,0.778879528806055,0.2228586035770007,0.0019615351695509,0.4881560945320842,0.5690416195046671,0.6389178328106448,996101.mp3,dub
219.82478458049889,129.19921875,0.56464687417626,0.5090401611328126,0.2543798387050628,0.2740558344336628,0.6448510059366219,0.1378219454230454,0.0022905199370747,0.6915858096046428,0.4148659935305175,0.7086035432277191,1328101.mp3,jazz
243.97360544217688,117.45383522727272,0.5644132491237759,0.3773190612792969,0.2425823360681533,0.5799274303285161,0.8398921152684247,0.5359688491959866,0.0012270385411323,0.4338975443764196,0.5813622465962816,0.6710571916652789,1380501.mp3,pop
199.22666666666663,107.666015625,0.5446595158071759,0.6740147247314454,0.2004872560501098,0.6089019489069919,0.9476373733263844,0.3636448916936722,0.0029089131994801,0.2999998360631591,0.6237087012783215,0.6474336719223753,1159701.mp3,folk
307.9066666666667,120.18531976744184,0.5153244319095269,0.1833682250976562,0.1719058752059936,0.3189962215730151,0.5048676596688946,0.5199993378464006,9.54215643990624e-05,0.8584230473675041,0.4457703511887423,0.6727320448364094,167501.mp3,instrumentalpop
285.60002267573697,132.51201923076923,0.5736030831857499,0.5892706146240235,0.1105118840932846,0.9521022500455112,1.0,0.2117051358318461,0.0065133186609563,0.2999999999996978,0.7150240384615385,0.5967794705812748,263201.mp3,electronic
172.0,120.18531976744184,0.562681832809327,0.3955221557617187,0.217483565211296,0.6490341672650388,0.9970146684000608,0.3671697274515775,0.0039915274009093,0.7988482818738889,0.660487651967917,0.6461965530824831,1007901.mp3,funk
432.44643990929706,139.6748310810811,0.5962980098698656,0.406281265258789,0.2820587456226349,0.7466070600665251,1.0,0.4020706300813008,0.0023356242251494,0.8874215920675852,0.6459777063162639,0.6723456071608958,1399701.mp3,acidhouse
438.76,129.19921875,0.5630898913790756,0.6255723800659179,0.1109832823276519,0.4258263481261969,0.7700690586529905,0.236351866958551,0.0018590799415393,0.2999999998912439,0.4928234055298425,0.6413893005319862,260001.mp3,jazzfunk
332.3239909297052,109.9567819148936,0.6093952438455269,0.3986843566894532,0.236635684967041,0.5767882787889971,0.9028585349295242,0.7926985195441474,0.0008430505970459,0.7233408155037151,0.5272404779593509,0.6797407509962645,31801.mp3,alternative
215.16056689342403,103.359375,0.5631538283837947,0.2413834228515624,0.2452035546302795,0.5510622445497081,0.7846703523070486,0.5303546870249903,0.0008137271066006,0.2999997431741886,0.5144696154465529,0.68537935657759,1027901.mp3,alternative
209.60629166666664,95.33898305084746,0.5984237817843268,0.5466304016113281,0.1242613047361373,0.1860646793605674,0.4023344169483912,0.1890553574509334,0.0002277779904151,0.8844774846592607,0.3193864086792292,0.6808567879691636,1012001.mp3,ambiant
244.5750566893424,109.9567819148936,0.5687775205283374,0.3263556671142578,0.229550689458847,0.7143105052766173,1.0,0.2907653761812468,0.0017373200929,0.3162915824227258,0.5998430333886406,0.6626696415274569,1208601.mp3,gothic
198.10990929705216,120.18531976744184,0.5641197248957053,0.4546029815673828,0.2616066336631775,0.5336793021479418,0.9624918584177204,0.3377125427372417,0.0020283788168904,0.427248226296169,0.7159736158062758,0.6509836649574887,926201.mp3,folk
204.06857142857143,126.04801829268293,0.574258767781106,0.4264938430786132,0.0537005551159381,0.1341972128100877,0.2202870804935265,0.1237358782735625,0.0002130585315418,0.9317541903343384,0.3756325881024623,0.6442056822212453,477401.mp3,classical
175.35111111111112,103.359375,0.5254108984186736,0.4921794509887695,0.0732000768184661,0.48792716417185,0.8481821930367558,0.1852776844770566,0.0031300638069272,0.5971953310934404,0.4601803096533909,0.6343159657239696,1105601.mp3,60s
263.56,120.18531976744184,0.5505048093176456,0.5897968292236329,0.1758532524108886,0.3572918132065547,0.6650214943700409,0.32279653022942,0.0005640338611592,0.2999999995740078,0.3273045179621516,0.6978462672754896,1051201.mp3,indie
236.298820861678,129.19921875,0.6137258073387252,0.7321408233642578,0.1238255277276039,0.9075433091537132,1.0,0.389448469408542,0.0089556548151377,0.9463571520253092,0.6854006065300431,0.6074970686759288,397101.mp3,electronic
213.91022675736963,117.45383522727272,0.5587930578717134,0.3551798706054688,0.2239978909492492,0.2483616314804536,0.4335129368065879,0.361211768209948,0.0001035351998953,0.299999999971119,0.4006905711163821,0.7005011265184533,1274301.mp3,blues
77.06074829931973,143.5546875,0.536084630776793,0.5891248626708985,0.0385940782725811,0.2029532463469967,0.3170398695633632,0.1515163985625996,0.0001832659289755,0.516284631028532,0.4522940442057609,0.6234350593369771,259901.mp3,classical
190.44,97.50884433962264,0.5723888062476525,0.485813003540039,0.1468078941106796,1.0,1.0,0.6627297922576885,0.0137715378554108,0.931757555962315,0.6450176886792454,0.6238473041439956,953501.mp3,hiphop
264.11204081632656,107.666015625,0.5808398961200665,0.5380895080566406,0.2334027737379074,0.4973281345228299,0.8040719830932436,0.4211114077381048,0.0011614318819983,0.5101253561767789,0.4885564183220675,0.6863137148812333,1211801.mp3,pop
177.72555555555556,166.70866935483872,0.568894430497467,0.3360043334960938,0.2543164789676666,0.520049296803679,0.7193982399101917,0.5133505079906766,0.0006158410475129,0.2999999996488867,0.7152347464194808,0.6485069831444638,1124801.mp3,rock
192.0,126.04801829268293,0.6161217383957827,0.8852325515747075,0.093240775167942,0.3052625433376726,0.5971836104258248,0.1624409711263638,0.0007157405331307,0.4216011169461356,0.5238979365350035,0.6287870917534585,377701.mp3,electronic
70.0,120.18531976744184,0.576450168594427,0.6096656494140624,0.0833128690719604,0.4440014632794475,0.8334781595149372,0.1801561299195081,0.0020418271355883,0.4913042879653986,0.4815678401909811,0.6336790648277096,1279601.mp3,chillout
83.16546485260771,97.50884433962264,0.4914159396204585,0.6775856933593749,0.0497741438448429,0.2266994614756009,0.3435375992488305,0.1427639552777437,0.0002673313147644,0.4771001309950173,0.4115331339037202,0.6356120650033994,1235601.mp3,jazz
237.4808390022676,126.04801829268293,0.5589768083955928,0.5487081298828125,0.2725653350353241,0.5514873190258741,0.8840677886331225,0.4444368661726216,0.0023714576083114,0.2999999770170719,0.5276696717531031,0.6925895862620961,1249601.mp3,chansonfrancaise
195.0683900226757,129.19921875,0.5853811983806858,1.0,0.195645198225975,0.6735086647855346,0.7702022714035126,0.5307416945137193,0.0019309387547024,0.2999999990739383,0.7527899523416341,0.6198742808930242,1083601.mp3,dubelectro
161.94666666666666,112.34714673913044,0.6035501905547918,0.2591763916015625,0.2737182676792145,0.3377794331248376,0.5706636821375374,0.3855295160593731,0.0003246950726825,0.2999999994626983,0.409500624804133,0.7166384514036906,1417801.mp3,blues
326.0,126.04801829268293,0.56159199980202,0.4024652709960938,0.0959710627794265,0.1493032297590423,0.2752229765069957,0.1973862136057258,8.367154497023481e-05,0.4735122259674696,0.2552077171063382,0.683508039179326,399401.mp3,electronic
101.93684807256236,129.19921875,0.5642892474299293,0.7396015930175781,0.0782628878951072,0.6777436732855864,1.0,0.0558445201807672,0.0068869477526697,0.4541284696675934,0.5949745902408818,0.6091797215940623,846501.mp3,soundtracks
174.98557823129252,123.046875,0.6017017205552969,1.0,0.1687308251857757,0.4598807516011367,0.6793605758991308,0.5169586063272561,0.0005910122231385,0.4027733912094565,0.4549597585304542,0.6697511453607885,1070601.mp3,experimental
177.6316553287982,93.9630681818182,0.585555487226749,0.389467758178711,0.1627823412418365,0.364028698668093,0.6572709830429843,0.2158928742228598,0.0007470644255311,0.2999999999988336,0.4920320140535354,0.6601952400363541,1032701.mp3,alternative
273.4316553287982,147.65625,0.6094453970444998,0.7057142486572267,0.1832607984542846,0.473055403364907,0.7638595268658396,0.2628597643822906,0.0011213832722177,0.9429012938645968,0.535694405106788,0.6588350064221848,1323801.mp3,electronic
260.82698412698414,120.18531976744184,0.5480368967907856,0.1688224029541015,0.1286404877901077,0.4418631425927967,0.6944774805009627,0.5724049132238852,0.0003205833687321,0.4332056385504662,0.5107996838990315,0.6441506388246324,1330501.mp3,classical
289.2307709750567,97.50884433962264,0.6329405286855585,0.9074256591796874,0.2052692323923111,0.6622508116371321,0.9855069732074826,0.3227730061589943,0.002360365612906,0.93118255884646,0.5420881949943807,0.6654792846623558,549101.mp3,hardcore
193.84163265306125,99.38401442307692,0.5859292857756053,1.0,0.2146401405334472,0.6363571789938222,0.8841489923206861,0.9461428005907296,0.0016515287174777,0.7849500739348232,0.6685077556312665,0.6435688994657877,82801.mp3,alternative
152.5,120.18531976744184,0.5741887016102234,0.5057319641113281,0.2102077603340149,0.4995088580538242,0.8874497174008202,0.2427059505065208,0.0034327438872354,0.3559249587359495,0.5770131543204927,0.6602721628561468,718301.mp3,bossanova
145.68489795918367,109.9567819148936,0.4630278512852722,0.9156072387695312,0.0465238504111766,0.6727015034341485,1.0,0.0474502875557084,0.0099565663554312,0.7321290162900309,0.6501248168623024,0.5867236227755632,1133301.mp3,ambient
140.75,107.666015625,0.5592200016610637,0.5914881057739259,0.1088725849986076,0.572080409927034,0.7368055572277292,0.2490641420765907,0.001106606939409,0.2999999999953021,0.6598877790684873,0.6072165747858013,1320001.mp3,downtempo
194.0338775510204,161.4990234375,0.5914743427776086,0.5018277893066407,0.2008589953184127,0.5896532847157315,0.9141707782241204,0.4970726745501165,0.0028530937450541,0.4215757744270976,0.6201227641228613,0.6482846854900564,938301.mp3,hiphop
251.50934240362807,143.5546875,0.5629741904256569,0.5562235870361328,0.1760392636060714,0.732607495140204,0.9539720317095812,0.2802110728825161,0.0040501430924584,0.9422570312135156,0.6677148386259161,0.6298311671730026,950101.mp3,90s
210.03863945578232,120.18531976744184,0.5409191791861847,0.2564618682861327,0.1693854928016662,0.1266871239258607,0.3121673696250429,0.1866228436770328,0.0001116554152752,0.2996655240273293,0.4285812070829252,0.6752625359920148,1391301.mp3,ambient
258.5338775510204,129.19921875,0.5745248796996947,0.40900830078125,0.2242813259363174,0.5906372471644736,0.8522600287627127,0.4711802144291145,0.0018156992251256,0.9027715300934408,0.6556060563547494,0.6496200660661243,1051501.mp3,house
225.93303854875285,112.34714673913044,0.5761410087138541,1.0,0.0642097741365432,0.2509376663560418,0.3987702521665811,0.1870049041171774,0.0004345198537841,0.2998805662056514,0.5234769653885326,0.6184201256114491,614901.mp3,ambient
87.96049886621316,90.66611842105264,0.5606819898355013,0.9796151123046876,0.0351799242198467,1.0,1.0,0.2996584657677116,0.0147128137125545,0.9537858702176774,0.7213322368421053,0.5683983253507238,1125001.mp3,easylistening
297.96678004535147,120.18531976744184,0.5643657718265924,0.5387449951171875,0.2029796987771988,0.655291912474325,0.9405592923824202,0.361726561274964,0.0012932473379898,0.6678034624540314,0.5696358237220409,0.6591455268153834,913701.mp3,80s
203.30666666666667,161.4990234375,0.5857496216153868,0.3858617248535156,0.2255516350269317,0.6647906733873556,0.951744466017886,0.8665748364884289,0.001477854583156,0.6386648607521053,0.7599170710242887,0.6292151744048377,287501.mp3,pop
234.66666666666663,90.66611842105264,0.5195757409890136,0.4361598205566406,0.0515372976660728,0.3047119917486229,0.4847327223120136,0.1452571576128861,0.0005973541910268,0.5241061645695082,0.469467814902104,0.6246598641793655,1390501.mp3,ambient
171.05333333333334,103.359375,0.5957386042587265,0.5225904998779296,0.212961658835411,0.833749788208348,1.0,0.7214966544941681,0.0035475048821615,0.7973180713115409,0.65671875,0.6453224471807479,292501.mp3,alternative
328.0,123.046875,0.5872233399555784,0.1710451202392578,0.1480246484279632,0.1407172884666848,0.20880479178303,0.3045185663523065,1.888027978709492e-05,0.251088040742168,0.484992097854321,0.6562904538632025,1062501.mp3,ambient
122.18183673469387,126.04801829268293,0.5519724973642011,1.0,0.1829420328140258,0.572493617985731,0.8987615997980385,0.3393775898990461,0.0041292121397722,0.299760905724484,0.586630794424147,0.6485329729282199,1036201.mp3,alternative
315.6908616780045,109.9567819148936,0.5834778275737609,0.5413712310791016,0.2551339864730835,0.948059866754164,1.0,0.5820548009098803,0.0087062929889297,0.9041409240832904,0.7599135638297871,0.6398655223643526,82601.mp3,electronic
138.43750566893425,120.18531976744184,0.5231832565912742,0.9140082092285156,0.0517284423112869,0.1941441724997093,0.3046906106985764,0.1968125990693869,0.0001143484290154,0.2999925513285709,0.5707794549108288,0.6044663482498975,816201.mp3,newage
216.09333333333333,120.18531976744184,0.5615940530439519,0.6240515594482422,0.1194304004311561,0.5856175988928572,0.8298652821639032,0.1254504784880224,0.0089042575651343,0.7166330898949548,0.5641920747306173,0.6301565292090927,195301.mp3,electronic
167.25333333333333,132.51201923076923,0.5253151957025531,0.4546294860839843,0.1169676855206489,0.406734311316792,0.7377026362651486,0.2991459097627,0.0008204365504981,0.8199688967891565,0.500719037062757,0.6419645593748822,170001.mp3,folk
168.98854166666666,125.0,0.5393224558862622,0.221302734375,0.2409481108188629,0.9259344344133196,0.9790249257343596,1.0,0.0011181522551096,0.5581171643593927,0.7,0.6467413198947907,1070701.mp3,folkpop
128.57469387755103,87.5926906779661,0.5431741931943874,0.2892279357910156,0.3639639317989349,0.6382103654245624,0.9637559792302728,0.320387601167208,0.0035506959638317,0.9217890482534994,0.4754830700597026,0.735930401435676,1012601.mp3,hiphop
170.03102040816327,120.18531976744184,0.540923922366402,0.786811294555664,0.1151559427380561,0.2798075169609464,0.5396984273280053,0.1255992645956775,0.0016591175383197,0.8056396663019872,0.5010013517329245,0.6412558690391154,1060601.mp3,folk
199.97315192743764,107.666015625,0.5543135170002735,0.3779947509765625,0.1142516434192657,0.247603581563032,0.4307474241684907,0.264901978831109,0.0001542088653105,0.8196139597170863,0.5880012077773691,0.6235303500754619,1270901.mp3,ambient
174.7069387755102,105.46875,0.5723703786348997,0.3347411499023437,0.2232923209667205,0.5412243189180688,0.8019191391235543,0.7278428677701622,0.0005202795698206,0.2999999999962011,0.5324687597663967,0.6738914835947402,604701.mp3,pop
348.513875,133.92857142857142,0.6104240883969771,0.3250397491455078,0.1909970790147781,0.5270198440968393,0.8962092198713669,0.5966802873023527,0.0011120379298911,0.7360228220036045,0.6262157788694931,0.6435157926714216,226001.mp3,instrumentalrock
211.2522448979592,126.04801829268293,0.6155889158874961,1.0,0.2693010568618774,0.7778138182595855,0.8713072116601392,0.3065709965738918,0.0044231793560412,0.8835082101222709,0.6965494911502622,0.6576384822402235,332401.mp3,electronic
242.56863945578232,151.99908088235293,0.5954589778729034,0.5068244171142577,0.2727938294410705,0.4775534329745409,0.8139558674111267,0.4389494475015584,0.0010095061103489,0.8516612851751663,0.6442734616093988,0.6693510862769056,326901.mp3,instrumentalpop
307.3855328798186,129.19921875,0.6069774795173646,0.7954446029663086,0.1891826093196869,0.8364190626642052,1.0,0.5646739430832894,0.0068231528156322,0.7220369823859926,0.6834041841549894,0.6314249025240893,872001.mp3,breakbeat
144.1,100.44642857142856,0.5845795790817743,0.5906942291259766,0.2261950373649597,0.38234048464825,0.6394403064188671,0.2980906645483923,0.0005857283637499,0.3,0.4041405604200196,0.7006021013673815,1080201.mp3,hiphop
256.9764172335601,132.51201923076923,0.555159559165399,0.3345254821777345,0.1433828175067901,0.1780428576003944,0.3911999951138723,0.1668193513197838,0.0009388871405382,0.4267225027605787,0.4014846748601688,0.6713208793304107,33501.mp3,instrumentalpop
128.31249433106575,129.19921875,0.5230480741088752,0.4060805664062499,0.1948801279067993,0.5112254064389217,0.8180244641395298,0.3147065314301351,0.0010882800788301,0.776029537930742,0.5880055908594136,0.6525557278745651,1165501.mp3,electronic
253.09092970521544,109.9567819148936,0.5416009319945017,0.8112346649169921,0.0758951529860496,0.6165071242349327,0.8899970515097273,0.1992537480420675,0.0033327910932554,0.8389308379085125,0.5587953083346213,0.6155631934080537,826301.mp3,ambient
277.6701133786848,114.84375,0.5719620690973006,0.3595706176757813,0.2444407343864441,0.3627825678251603,0.7361826973298361,0.2222093275830948,0.0018166012589568,0.760743579056435,0.5157977798156398,0.6848391084159919,338001.mp3,folk
297.06798185941045,120.18531976744184,0.5354644610323095,0.4256934814453125,0.1199068129062652,0.4321174494076643,0.7892738700071492,0.2394253022567743,0.0013951901303233,0.8664667168327087,0.4815388725244033,0.6468586781413749,1337401.mp3,folk
111.45578231292517,84.72079918032787,0.586508925799266,0.8726011657714844,0.0875005424022674,0.4857500267646945,0.7659749390969836,0.2577424607700925,0.0012381482823297,0.2999999999999123,0.4422769290089692,0.6430448094630224,1075201.mp3,chillout
140.174126984127,135.99917763157896,0.5602143934979505,0.5381369171142579,0.2006863802671432,0.1041683165018563,0.3192977507458135,0.1123902600629451,0.0008319748266563,0.2993611953590677,0.3675056851340253,0.6987459598693666,1269101.mp3,atmospheric
166.26562358276644,135.99917763157896,0.5328521478251957,0.995927276611328,0.0586271807551384,0.3683755760150108,0.7163773518493852,0.1643906867111405,0.0011095455309741,0.5148416167813799,0.3831260186693351,0.6444805813379828,1030101.mp3,indie
242.47530612244896,109.9567819148936,0.5907158868695106,0.3537225341796875,0.2978041172027588,0.814265211216307,1.0,0.463864696388992,0.0084786780694208,0.8816089669529927,0.6847999448086726,0.6702494932312587,1388001.mp3,electropop
186.9206349206349,120.18531976744184,0.4983908082857429,0.6806098937988281,0.0762446820735931,0.3160597361217926,0.5324454896378571,0.2132371720586965,0.0003001518404805,0.4364297464566968,0.6355036488386598,0.6003473557787616,961901.mp3,classical
276.43201814058955,166.70866935483872,0.5509200407958086,0.5257736358642578,0.1569074094295501,0.6600571815804824,0.980425751264044,0.313151678429846,0.0040855571737961,0.4889139634691172,0.7719723519623158,0.6020921970021749,1095101.mp3,soundtrack
240.74,126.04801829268293,0.6084631555538504,0.331023941040039,0.3809330463409424,0.7621458109167283,1.0,0.9694710271755496,0.0036037273628829,0.2999999970274022,0.7541983104559205,0.6862962345915551,1378101.mp3,dance
251.0769387755102,129.19921875,0.5289037551423768,0.4779157257080078,0.1294275373220443,0.4412632754235634,0.6245775065039304,0.3079515849260037,0.0007550515613847,0.6462716426825665,0.4916884540808515,0.6482562226197657,1238101.mp3,electronic
188.68,120.18531976744184,0.5385797032184385,0.5066601104736328,0.0940569341182708,0.4310747200923703,0.7632879107251409,0.227428068890583,0.0007024561477846,0.7117199256855657,0.4747569333482078,0.6389091096129359,3101.mp3,pop
266.5181632653061,135.99917763157896,0.5998404187840924,0.1382656860351562,0.2775581181049347,0.7242875400256163,0.969118397553442,1.0,0.0024584474399661,0.9171785769787102,0.7409825763009917,0.6517244072575782,842401.mp3,alternative
244.32192743764173,117.45383522727272,0.5698835055861966,0.4460723571777343,0.1902864724397659,0.4903346667390837,0.8741689745422436,0.233409708580336,0.0023299743017167,0.4962687016650636,0.3801078733612173,0.6924815554060724,1066901.mp3,funk
358.4172789115646,123.046875,0.5514535918421771,0.33483056640625,0.1025061681866645,0.1941049566070493,0.3568700100598676,0.2640318166591875,8.754978828263864e-05,0.5694819708708405,0.3350326272402626,0.6698956950991468,1066201.mp3,ambient
219.01043083900225,120.18531976744184,0.5801609947453628,0.2947625427246094,0.195396214723587,0.6939660797018512,0.8967338668578004,0.7261967562423716,0.0021017501138098,0.3142390830184386,0.6144699018863963,0.6474486569232121,229001.mp3,alternative
250.8571428571429,112.34714673913044,0.5635101012483683,1.0,0.1839196532964706,0.3640171018850779,0.6105562930974406,0.1928910701546852,0.0015759838756287,0.2999999999903265,0.5224687249681346,0.6617173301931025,1409401.mp3,electronic
219.8726530612245,166.70866935483872,0.5905236078813441,0.6786127624511719,0.1685333251953125,0.6558907887624018,0.9387397270866148,0.1969648383320519,0.0036323228952717,0.2999999999999099,0.6823879547944909,0.6241944061114143,415601.mp3,dub
245.0,114.84375,0.5489805539241477,0.5443392333984374,0.0988471955060958,0.2641296523103876,0.532285908580616,0.1303032859736738,0.0009028920733967,0.4383468149286357,0.4829072298246234,0.6390035444172699,1157701.mp3,classical
185.81863945578232,139.6748310810811,0.5587770158071661,0.4020562744140625,0.2768848836421966,0.4338223661479389,0.7104929493243212,0.5415094339622641,0.0005558823324155,0.4694089599698507,0.616458898230885,0.6763867784650137,718501.mp3,easylistening
324.62666666666667,135.99917763157896,0.5189364022932388,0.9557977905273438,0.1185740828514099,0.6974446448946158,1.0,0.2077983884051701,0.0060239706119416,0.7799168957833946,0.551792712153987,0.6323281273957102,1194601.mp3,african
34.023061224489794,132.51201923076923,0.5848822252534143,1.0,0.0993604436516761,0.2563164156980689,0.4421084041851491,0.3961554784432184,0.0001153176599949,0.4910811339439729,0.4350873947743191,0.6487522807597396,1314101.mp3,classical
293.02666666666664,166.70866935483872,0.5506631433139295,0.5300523223876954,0.206352099776268,0.6733866899546758,0.9759060131485688,0.4651234973522477,0.0048075489352627,0.4407191659994343,0.7842162354703353,0.6174435088253893,1101.mp3,pop
651.9996371882086,114.84375,0.6291818282972791,0.448493423461914,0.0910559967160224,0.267789342863302,0.5399855359133683,0.3937661317887062,7.142302520164509e-05,0.6629921467168671,0.3791310125436029,0.6569539563090475,167201.mp3,electronic
347.9510204081633,126.04801829268293,0.582634844787915,0.5494448852539062,0.2166141718626022,0.5317361844088522,0.831999438052838,0.2735110606920022,0.0036065700149955,0.8974778099278384,0.5230338378800983,0.6733743342945171,1414201.mp3,dance
427.02367346938775,129.19921875,0.5453672126182236,1.0,0.0530707128345966,0.8724970752842311,1.0,0.4448443357221152,0.0087041344848633,0.2999998710361506,0.7983984375,0.5594257691204548,373601.mp3,instrumentalpop
455.2127891156463,123.046875,0.5187893499077134,0.5598854064941406,0.1468435227870941,0.1867437228036734,0.3635917800817662,0.1178807254929648,0.0004087056221228,0.2649627547944603,0.4926127708176754,0.6543411140398188,1129801.mp3,ambient
274.3035827664399,105.46875,0.569258280498202,1.0,0.1215241253376007,1.0,1.0,0.3427236512175508,0.0183782361062154,0.3,0.6609375,0.6115611851215363,1273901.mp3,gangstarap
173.1122448979592,95.703125,0.579506915397956,1.0,0.1519864499568939,0.3563127718189979,0.6179594041878445,0.1478113227916532,0.0015190134302998,0.5009238551676334,0.4925034877245503,0.6562144244395718,1174401.mp3,70s
271.9863718820862,120.18531976744184,0.5685480982436819,0.2804467163085937,0.2498256266117096,0.2817559426945782,0.6082804861305703,0.2966333405170394,0.0003962525847693,0.299976676630953,0.4043909413048061,0.7090590373192542,1378001.mp3,newage
154.12244897959184,129.19921875,0.5447290239689044,0.2834565734863281,0.1039147451519966,0.3842194983065014,0.6059302292115445,0.3252279925631435,0.0003001442836521,0.6048391557952209,0.4009925168262755,0.6572108048894637,759301.mp3,march
241.78666666666663,109.9567819148936,0.5862379301991968,0.5679560852050781,0.1639412343502044,0.6187172274125379,0.8387136048816298,0.6356615675059084,0.001214317053863,0.8356642050574874,0.5807142003909789,0.6428760042878778,213201.mp3,gothic
232.5681632653061,99.38401442307692,0.5959539030316843,0.4656344146728516,0.0785079523921012,0.3747787623133616,0.6628950176040017,0.1760943466064053,0.0019129667680292,0.2999999999999749,0.4106630227672708,0.6461302583077023,250001.mp3,easylistening
147.35383219954647,112.34714673913044,0.5330023040623026,0.9265010986328124,0.0380602590739727,0.2336307659895876,0.4709024928711438,0.1078931540910776,0.0006187364670699,0.2998228141060907,0.3079965130653605,0.6521023906535581,1377101.mp3,classical
219.9987074829932,114.84375,0.4986042169474582,0.3676098632812501,0.1390350311994552,0.2020200613561963,0.3246118602085586,0.2116581504601325,0.000175022128313,0.2999999998173202,0.4814111313515821,0.6537703849614875,1331801.mp3,classical
231.0,69.83741554054055,0.5303342481858315,0.4413353576660156,0.244620144367218,0.3318394342342426,0.5967115839838724,0.2451500839077346,0.0014449423975013,0.3398168491237661,0.419869586075034,0.7040893347571917,1403901.mp3,blues
187.8204081632653,135.99917763157896,0.5497735333012423,0.4482237396240237,0.0671921074390411,0.2252670440704731,0.4746614679586866,0.1430476196219497,0.0004845881012151,0.843523500308107,0.4206150978336566,0.6400661391113235,142201.mp3,pop
237.0,107.666015625,0.5721536957530875,0.5164588088989258,0.0848661810159683,0.3634430736856074,0.5754433942033969,0.3098655394313324,0.0002840510282701,0.8830359290909481,0.3792363701777851,0.6547045511301917,1374201.mp3,classical
192.6530612244898,120.18531976744184,0.5928125025417671,1.0,0.150063619017601,0.5871284972539694,0.7470660446804849,0.1510939893055674,0.0039122283862007,0.9532579302632922,0.6819592827708781,0.6176310462921607,471601.mp3,electronic
300.5910204081633,84.72079918032787,0.586429628170219,0.6074713897705079,0.0598395317792892,0.6112532238269196,0.8591901646634973,0.2236008180637211,0.0046298130019431,0.6787810300506991,0.5670752403535565,0.6081271833698328,170601.mp3,electronic
341.2142857142857,129.19921875,0.5700144419113644,1.0,0.2106564193964004,0.7825408463398262,0.9750856389127798,0.4592632304002523,0.0046797190078441,0.5902403784746677,0.6716197819639119,0.6415123545899217,1196501.mp3,electronic
510.436507936508,129.19921875,0.6057493916905664,0.4727999877929687,0.3434261381626129,0.5681157593472543,0.8156717383595807,0.4918847490799432,0.0036343561704776,0.9628674455660352,0.5351474504472853,0.7166039196490837,1234501.mp3,club
333.0052154195012,120.18531976744184,0.6035573841540101,0.6410093688964844,0.3156068325042724,0.5209761832163199,0.8419803230360496,0.4155555725623149,0.0017996824707321,0.3123310981151689,0.589841097216208,0.6956502402582965,133001.mp3,electronic
273.40045351473924,161.4990234375,0.5988370600400547,0.3435498046875,0.3597113192081451,0.7874349574165153,0.9404509927305076,0.962897911878605,0.0018297116770765,0.9415612775349154,0.7698567862291288,0.6755247176691065,997001.mp3,electropop
77.98124716553288,120.18531976744184,0.549234212975573,0.717419921875,0.1261951029300689,0.3820411328823744,0.6488532829729045,0.2047720200292668,0.0012264283191322,0.5130311853894257,0.4542112204144025,0.6545879929719444,1084201.mp3,classical
169.41278911564626,161.4990234375,0.614263266601145,1.0,0.1036140397191047,0.3809049313549496,0.6773771148385495,0.2143694019685348,0.0009601012289146,0.299999999996135,0.3943316472497563,0.6584347248489265,891601.mp3,electronic
296.0145416666667,144.23076923076923,0.6059334453269637,0.4038402404785156,0.2927097678184509,0.5409655851639598,0.8842688890249362,0.3035038564568407,0.0017736284490649,0.6263035147655558,0.4371145854456548,0.7179525993255114,47401.mp3,dance
98.56945578231291,126.04801829268293,0.5694049101461037,1.0,0.018770107999444,0.2311635846269389,0.4621127668093243,0.1071182974225219,0.0002453175655726,0.2924103149042339,0.2799401295361953,0.6507692129725609,966301.mp3,soundtrack
34.41419501133787,126.04801829268293,0.5283108592309484,0.4201418457031249,0.3598335981369018,0.6103573757823563,0.928200095742041,1.0,0.0070994180565647,0.5088328526568333,0.6548268091776666,0.6985747334937513,1167301.mp3,8bit
238.03936507936507,103.359375,0.5799278031191388,0.4214609527587891,0.2477035671472549,0.8094738833595376,1.0,0.5939193304340379,0.0073662795223248,0.8581791502661238,0.8134272784919299,0.6264878284746258,969701.mp3,instrumentalrock
425.3529024943311,135.99917763157896,0.5886319256209664,0.8782545013427735,0.2107704579830169,0.7680902273812488,1.0,0.3065782492309187,0.0080923896586123,0.9266670992739304,0.640662705667577,0.6477448237403707,1097201.mp3,electrohouse
218.98666666666668,161.4990234375,0.6127817536172354,0.1827923736572266,0.1751295030117035,0.5498976994028313,0.814314258439754,0.8128057185566023,0.0010375951394644,0.6220021890044695,0.6262338549797372,0.6377998500882658,160301.mp3,hardrock
137.5,95.703125,0.529454030357701,0.4137342224121094,0.1371168494224548,0.2342400880618019,0.431110750777658,0.2344696501676263,0.0002382244257471,0.4521897485203655,0.4407375453131117,0.6612145567294614,1293701.mp3,easylistening
191.11183673469387,103.359375,0.5719588344850401,0.5575745391845702,0.248084470629692,0.6907222208341909,0.9173200644017876,0.7685638173354155,0.0013569887579966,0.926806556268014,0.5798962949614636,0.6733311504343964,1367201.mp3,hiphop
210.00126984126985,105.46875,0.6100857417033241,0.4102838745117188,0.1160792931914329,0.3179405176650378,0.5930555637358138,0.3357367164251552,0.0002880838242594,0.6278542391155504,0.4056387461688439,0.6606607963151471,1103301.mp3,orchestral
134.37278911564627,161.4990234375,0.5204821393499204,0.5617634429931642,0.2272308617830276,0.4778020670764789,1.0,0.1273173260503989,0.0051518597037149,0.8211127550938635,0.5378978701446813,0.6742235362129536,1375201.mp3,classical
109.96079365079363,166.70866935483872,0.5863406851750146,0.8476616210937499,0.2220712304115295,0.8918138051891307,1.0,0.5871013925510877,0.0035125541802535,0.6625035614349366,0.7834173387096774,0.6232621752062152,1264201.mp3,breakbeat
204.84,161.4990234375,0.6064139438979685,0.1968314971923828,0.3065772950649261,0.5846307834403538,0.8345894001255045,0.9174068708494838,0.0009168908752233,0.5254483879269654,0.6522059683326598,0.6799266325568414,604301.mp3,alternative
259.0040816326531,129.19921875,0.5793273340108993,0.4806154174804687,0.2059671431779861,0.6373885716762446,0.9149653479893184,0.4691047799805175,0.0019685341889461,0.4647257324867841,0.5750963220620079,0.6591289071316735,1197001.mp3,dubstep
598.5866666666667,101.33272058823528,0.5462115149248266,0.6606271057128906,0.0789420381188392,0.2346841363395088,0.3187518463590456,0.1716310969696453,0.0001440359638973,0.7105994314700381,0.4511544426049956,0.6381882452017831,1095601.mp3,classical
165.0,112.34714673913044,0.5204231211790058,0.4366728744506835,0.0689490512013435,0.121836525082978,0.2473344917178023,0.1182889073472778,0.0006385497074584,0.467386732264816,0.3417450141574906,0.6564726556009854,1380601.mp3,ambient
129.99628117913832,120.18531976744184,0.5395211552733212,0.6236186523437499,0.1145197376608848,0.2325564572125569,0.4420254448610836,0.1631329820487631,0.0004054560614006,0.7831260576728818,0.4151884680025313,0.6581894119574123,1352901.mp3,soundtrack
201.79054421768708,147.65625,0.5295617438811225,0.4943870544433594,0.1212661564350128,0.2310200010832478,0.3966994781852125,0.2351328405982983,0.0001507588373437,0.4243697648662692,0.5518770031043658,0.6332804156957315,339101.mp3,classical
196.5598185941043,120.18531976744184,0.5925855763368613,0.4286190795898437,0.2025940716266632,0.5709610655788923,0.899702901511547,0.3964245121158907,0.0037542916556937,0.9498798522873252,0.516673647719814,0.669599136241636,203701.mp3,acid
249.78285714285715,74.89809782608695,0.5552432303016954,0.6923430480957031,0.1263526231050491,0.4305739381840422,0.6471091742026217,0.2999921778906378,0.0006134251344211,0.6431235862100266,0.3999821741704131,0.665490509483735,1031801.mp3,asian
150.72557823129253,105.46875,0.578612299984556,0.4801365356445315,0.1741081774234771,0.7678135488598662,0.9990021959980608,0.3971298301906997,0.0050981573223058,0.7375702836032041,0.6197970246880082,0.6387195389348501,1420601.mp3,house
47.664,89.28571428571429,0.5604849187630985,1.0,0.160141110420227,0.7449733417311146,0.9914371296492532,0.4462383138040376,0.0034250069984875,0.3341430989767363,0.5714821357596336,0.643354372599355,1086301.mp3,country
196.85018140589568,143.5546875,0.58634811585341,0.307643814086914,0.2490994036197662,0.4711809164737235,0.6457699154053406,0.8179284690936082,0.000180878791608,0.8400965053157361,0.6613693580219164,0.6574019136987326,1009701.mp3,instrumentalrock
214.4175283446712,123.046875,0.5591279231931041,0.5378382873535156,0.2541879117488861,0.356599128841293,0.6177466545932367,0.2406033049447393,0.0008597327201302,0.874226267636641,0.4099138551759923,0.7095248771944005,1420701.mp3,club
242.96489795918367,172.265625,0.5728469151894753,0.502067626953125,0.1712661236524582,0.4748194692649763,0.6709450610868439,0.2831107350637726,0.0007772135706695,0.7968346536017124,0.7137382145364753,0.6189081616075899,23101.mp3,reggae
175.43836734693878,129.19921875,0.6017806179954025,0.4320769805908203,0.1215791255235672,0.5062253708145307,0.7493996773135239,0.5581205051065863,0.0009412977614156,0.3836421972456249,0.6623868240677804,0.6112911203749282,191401.mp3,industrial
212.83839002267567,120.18531976744184,0.5778706153799199,0.2949685516357421,0.050908014178276,0.4545472423176117,0.8435507481921,0.2073563200040444,0.000864957882965,0.8585413560343881,0.5918186567669076,0.5999631537507979,342301.mp3,alternative
187.0,135.99917763157896,0.5868337386953542,1.0,0.0972669795155525,0.3610294688449966,0.6668348690530743,0.127980108633271,0.0007105440062755,0.2999999948115217,0.4825877452362497,0.638498563578349,1337901.mp3,chillout
263.3665306122449,107.666015625,0.5830706673618516,0.2796530151367188,0.180140882730484,0.8083496167121276,0.9429314891020182,0.9309981345790976,0.001829640484541,0.8235169087029075,0.609014423076923,0.6430478331675896,199501.mp3,instrumentalrock
190.5371201814059,123.046875,0.5978775119278801,0.3025620727539062,0.3052975237369537,0.5675168500023559,0.7685707933526077,0.6984098488316104,0.0005505953018652,0.7835979646408671,0.5623725181801222,0.6974326049092789,1340001.mp3,alternativerock
463.9972562358277,114.84375,0.5483409674968588,0.809817237854004,0.2455762028694152,0.5188263229973022,0.7549375794712545,0.2976805894766649,0.0010126410283283,0.7762635252684504,0.5975940057637128,0.6688886318802469,934001.mp3,electronic
227.36,139.6748310810811,0.5823951321372152,1.0,0.1604845374822616,0.5688896542479162,0.9027930725945762,0.135746702136139,0.005921636812165,0.2999999999999999,0.575605252919173,0.6426533829097796,3901.mp3,electronic
367.36,114.84375,0.5857363034104799,0.770474250793457,0.2184967696666717,0.5135578788685914,0.8474348036984829,0.1709376700618659,0.0051779122329938,0.3,0.4901555633387583,0.6806277244122503,210601.mp3,electronic
219.528,140.625,0.576685207482015,0.4387942504882812,0.2112184762954712,0.3814769268587148,0.6805831928727029,0.2398063096320191,0.0010042241365394,0.7186287885359172,0.4848750923233711,0.6790636330016954,74801.mp3,chillout
204.2039909297052,117.45383522727272,0.5747887745320162,0.316986083984375,0.1776481419801712,0.5578879685062909,0.8361539921311023,0.6085222332694076,0.0017475509165073,0.2999993724593316,0.5350014622871315,0.6569530386554353,1323001.mp3,punkrock
275.1139002267574,103.359375,0.6149304780540066,0.2787358398437499,0.2818368673324585,0.5540191412468285,0.7650738303864666,0.8817565669010279,0.0005098518417317,0.8731580222325366,0.5322188894177121,0.6950174943561427,429201.mp3,grunge
205.75,135.99917763157896,0.6064167108041278,0.3817749481201172,0.279058575630188,0.6506733443346004,0.8912577547916241,0.7814611025017824,0.0015495489159814,0.8780526731717064,0.6251620622093887,0.6754286747849899,1043001.mp3,alternative
185.1426984126984,139.6748310810811,0.570662816750159,0.488552032470703,0.239384576678276,0.3997440543896765,0.6372213706174237,0.2615361555885578,0.0008750635993664,0.3,0.5012002232645979,0.6859384029512599,1248601.mp3,downtempo
181.18637188208612,151.99908088235293,0.5524213968117831,0.4096904296874999,0.2048999816179275,0.6005806233866882,0.9568786925871224,0.4664314167970282,0.002835070926429,0.29999999727552,0.6075692768163821,0.6522501380191774,1347101.mp3,pop
386.25,129.19921875,0.570184319099065,0.6372352752685546,0.1474997550249099,0.4279029418725221,0.648312185177683,0.2447214831942722,0.0006644635004693,0.3,0.5202152271401825,0.6490568663809311,395801.mp3,dub
277.059433106576,123.046875,0.5815364421215343,0.3630314178466797,0.3650211989879608,0.6699806606693043,1.0,0.3254445925283926,0.0052643461739917,0.8850753085010485,0.5499362489520018,0.7214203818452655,1420501.mp3,chillout
347.53845804988663,129.19921875,0.5077199039964599,0.9096178894042968,0.079150840640068,0.5564061404677791,0.8944603641482218,0.174886726117971,0.0119228245121494,0.818430711425006,0.5423915410673372,0.6200159944169571,1395501.mp3,folk
375.3466666666667,93.9630681818182,0.5342865641791662,0.5021201400756836,0.0309994425624609,0.6002806074023274,0.8517467245433165,0.288485058806666,0.0024011824491086,0.7098048628239035,0.6070986360722449,0.5897400721080369,311701.mp3,ethnicrock
165.5998125,100.44642857142856,0.5651148901277071,0.8306070861816406,0.1415628790855407,0.5150807688053943,0.8157187189739381,0.1313638898707827,0.004420758730195,0.3,0.4652460304231107,0.6579134303861726,1112001.mp3,alternative
80.36798185941043,109.9567819148936,0.5756418721983124,0.7883871154785157,0.1310107707977295,0.2568576290970294,0.5818320867940817,0.1544438298636922,0.0006939180151112,0.3218060421581435,0.3888020703475084,0.669403463417681,36701.mp3,ambient
310.2302040816327,117.45383522727272,0.6258906999054983,0.9094360122680664,0.053778052330017,0.2906742218026202,0.4427411638065024,0.425760814602383,7.201610682552097e-05,0.293515283697618,0.4538878660682684,0.6285825256251525,543401.mp3,ambient
311.21986394557825,120.18531976744184,0.5927595543148069,0.4588419189453125,0.1603417694568634,0.4112453001276763,0.6967309147013794,0.4064326117950626,0.0005755956541756,0.2999999999076715,0.4679858069050913,0.6641258756234525,1178801.mp3,electronic
332.2938775510204,129.19921875,0.5890334407456704,0.5604495468139649,0.1254588514566421,0.6483977213383432,1.0,0.1752688960052901,0.0064238779159495,0.9190037057972658,0.6565600984286218,0.6138531668386668,442801.mp3,easylistening
133.34721088435373,90.66611842105264,0.5477559077610077,0.48473876953125,0.1454639434814453,0.3899126251114907,0.6495437487474747,0.220122482088481,0.0014554399513501,0.3,0.5703921190500181,0.6382885958433168,1400401.mp3,rock
185.4446258503401,161.4990234375,0.5671497430141024,0.8595854797363282,0.1119201928377151,0.3809512977690386,0.5991858138208603,0.249080994910619,0.001153962239301,0.299999994427948,0.5666410416656791,0.6269630610884417,965601.mp3,classical
138.85695833333332,140.625,0.5410659793874754,0.4180650939941407,0.1697663813829422,0.9088574914907472,1.0,0.6448234901768284,0.0069381408073597,0.2999999999999959,0.6908543549076279,0.6229450263163335,121001.mp3,instrumentalrock
206.4645351473923,120.18531976744184,0.5612574261206156,0.6513318328857421,0.0509033240377903,0.6103119400631645,0.9396806919797768,0.1147328922681939,0.0052482190652479,0.9168661139506802,0.6266837432845086,0.5929884479967028,399201.mp3,easylistening
389.8340589569161,143.5546875,0.5520406653734076,0.3536238403320312,0.0958868190646171,0.6313796357872524,1.0,0.1718362342358309,0.0083884219554786,0.3,0.612000264108675,0.6121192020415271,1121101.mp3,jazz
227.31714285714287,129.19921875,0.522878174595044,0.7477732009887696,0.0621125362813472,0.155901608266208,0.2799966149319403,0.0986743566107775,0.0014423034513009,0.3913709264810996,0.5514761900996215,0.6120652750413608,1227101.mp3,easylistening
172.9851247165533,105.46875,0.5193954226707072,0.6702843627929687,0.0399903729557991,0.2614131217307422,0.3506137761147405,0.2140255360942871,0.0001304136753377,0.537797885108183,0.4825447784402359,0.6178875785760405,1170401.mp3,classical
368.6359637188209,95.703125,0.5733171616319954,0.3233739166259765,0.1433661580085754,0.4196123834739661,0.803269065203204,0.1607290341610899,0.0014052233069232,0.8741946429613495,0.4138535962798829,0.6688410976271105,1194001.mp3,70s
196.54,126.04801829268293,0.5984907388129667,0.4530276184082031,0.1522912681102752,0.8462564925366715,1.0,0.9366550975451275,0.0050162657139241,0.7518236601382491,0.6572964438930923,0.6233655677410805,945201.mp3,dance
33.483174603174604,120.18531976744184,0.5644181748733856,0.7703424682617179,0.2343673855066299,0.3728736489817557,0.7722684413132127,0.1876315678234772,0.0015580795090819,0.3629883377622955,0.424845686312385,0.6994031215199097,1009601.mp3,electronic
308.8410430839002,147.65625,0.5875630539775012,0.4025991516113281,0.3032316267490387,0.6019869901855217,0.8609229119418608,0.617826827617949,0.0013635903088537,0.920612684326413,0.6211679537485346,0.684929794879947,1157601.mp3,hiphop
291.41333333333336,117.45383522727272,0.5838511945804282,0.7250102233886718,0.08274557441473,0.4204426542020327,0.7209011688018783,0.0877883594181943,0.0022179140861998,0.4047062688004286,0.4451974463257557,0.6407489175241516,114201.mp3,improvisation
197.15179138322,139.6748310810811,0.5212702890029506,0.6927670288085938,0.1167061626911163,0.5053684658095347,0.7836627794389331,0.1341472032079878,0.0024744715044191,0.6136920847456,0.5681045769083276,0.6283933031871363,1203201.mp3,electronic
296.1851041666667,125.0,0.5613743117181611,0.4779396362304687,0.1739455908536911,0.4201505298516843,0.7376663090570342,0.296770277771922,0.0005838874553619,0.299999999999999,0.4823402492340245,0.6661523628605239,1076601.mp3,chillout
298.2893424036281,139.6748310810811,0.567717238670713,0.7238531799316406,0.1044833213090896,0.2833873846552075,0.5061173338363056,0.1819003562705226,0.0003034386481356,0.2999999999266706,0.5588398477691003,0.6258460261174523,1307201.mp3,celtic
219.85333333333327,99.38401442307692,0.5770611164828015,0.612963592529297,0.2351521998643875,0.5570447417535541,0.8623332114610256,0.2292783388308087,0.0021199658781404,0.550096860872354,0.4896737605926957,0.6867200398326404,661601.mp3,70s
240.74448979591835,120.18531976744184,0.5670621448270132,0.4417177734375,0.1551284790039062,0.6214189096409486,0.9225698890217336,0.4209353612077857,0.0021188145980711,0.8253479441189113,0.6560580038079747,0.6246346516798114,74001.mp3,easylistening
83.25002267573696,139.6748310810811,0.5728974160184153,0.3139076232910156,0.2052271068096161,0.5341565504898147,0.7614544202106452,0.929531888262684,0.0004002810396464,0.2999997768773339,0.5892959703762349,0.6560225643762149,1398501.mp3,poprock
141.22562358276645,103.359375,0.5435637643734574,0.66164990234375,0.118562564253807,0.4376003453821879,0.7021879404278976,0.3418030535422494,0.0005627237584382,0.8827726337118895,0.5597540880133202,0.6307317055287065,74601.mp3,alternative
297.00267573696146,161.4990234375,0.5389885097808127,0.4372826232910158,0.1725561171770095,0.7186294884597508,1.0,0.3481594337481957,0.004419892012958,0.299999999999997,0.7702042081776479,0.6080793605481939,1388601.mp3,experimental
371.94598639455785,109.9567819148936,0.5504165640989049,0.4321356201171875,0.0920834690332412,0.2242815695575629,0.4321813907816001,0.1977057015630555,0.0002011915020558,0.2999999096803391,0.4652688210373213,0.6400962846445026,181801.mp3,pop
245.88,139.6748310810811,0.5728606097543594,0.2164194030761718,0.2186275273561477,0.5439034302661827,0.6714442448209273,0.9456673027469686,0.0001401047617203,0.2999975393010789,0.6221088360623434,0.6542841426357446,400301.mp3,rock
132.04897959183674,120.18531976744184,0.524386878235105,0.8934782257080078,0.0295049902051687,0.1896443009233374,0.3885087082749158,0.0848953754176191,0.0044295045338459,0.2999999999997536,0.469925272028994,0.616636742068062,7401.mp3,easylistening
214.646507936508,123.046875,0.5690620689732719,0.8434659423828126,0.0896229669451713,0.3084077232433315,0.6171287865560037,0.1319497816104236,0.0024785573971231,0.2999999998801402,0.4340282968925823,0.6454586087217453,1400801.mp3,darkambient
254.34478458049887,120.18531976744184,0.5721488716121197,0.5590110473632812,0.1480131596326828,0.3087657218916755,0.5996568924173485,0.1863477869761352,0.0005527970832929,0.2999999994932992,0.4218878834948849,0.6689071607687889,1242001.mp3,ambient
200.0,101.33272058823528,0.5353682065243696,0.5706562042236328,0.0844347551465034,0.1623002281785926,0.3123106609735024,0.1657248193774095,0.0001830637199042,0.2999980118388025,0.3434226704652703,0.6617119777596873,1037901.mp3,ambient
157.8462358276644,80.74951171875,0.5252995056506011,0.6004982757568359,0.0538860894739627,0.1840360614502764,0.2613372385355016,0.1617043032742772,0.000128639962764,0.2999965950252556,0.3215323294966045,0.6550925263113057,903601.mp3,classical
267.60097916666666,100.44642857142856,0.5685230194411786,0.5746443481445312,0.2482502609491348,0.6232228467452084,0.8898657799893961,0.3292292107391737,0.0017891764797827,0.3641755396919158,0.5373095603265883,0.6819081818763708,1136901.mp3,dubstep
144.0,166.70866935483872,0.5825225013479773,0.6058413696289062,0.1032393127679824,0.222274117969119,0.3061458105238283,0.2398262558891309,3.1115592008060734e-05,0.2995819309081214,0.3555452255177554,0.6660571074929227,1353701.mp3,classical
313.6,123.046875,0.5682905780383369,0.8130918579101563,0.0282065384089946,0.2588225778181163,0.4636952749367443,0.1597896869683934,0.0001927170089955,0.2920732780880554,0.4190669301425819,0.6263409677987217,1353001.mp3,ambient
206.0519501133787,151.99908088235293,0.570646726754918,0.4708117218017578,0.2434803992509842,0.6087333334615455,0.9284839502669946,0.5605083637043267,0.0025236380277934,0.2999999999939384,0.7113912194652285,0.6453746998373086,1249301.mp3,classicrock
392.2239909297052,120.18531976744184,0.59539944907369,0.2447771453857422,0.3031085729598999,0.5850299730995205,0.8675010877885428,0.645441917952213,0.0012860793895194,0.7903770902186653,0.5526078217897544,0.6985975219076132,1226701.mp3,heavymetal
293.62757369614513,161.4990234375,0.5217847316944095,0.5131906127929687,0.1560912579298019,0.8266228882828968,1.0,0.2675042023046856,0.0075341885898975,0.6128868974805013,0.5900179122673372,0.6381892704012613,103301.mp3,chanson
168.80904761904762,99.38401442307692,0.5711598139675627,0.7540481185913086,0.1438112407922744,0.6062377268641282,0.9058571551112438,0.3245177307343913,0.0033011065671641,0.3,0.6179993060100882,0.6281721854832012,974001.mp3,acidjazz
153.83333333333334,123.046875,0.537835518446081,0.6328659057617188,0.1056762263178825,0.1792471600466843,0.4246870968762614,0.1842080947411239,0.00018344428724,0.2998012870731548,0.3384738422929639,0.670348673015845,288301.mp3,alternative
259.63102040816324,120.18531976744184,0.5826198682065729,0.9118987731933592,0.1696047335863113,0.813764372805272,1.0,0.6705211024743616,0.0043077151588428,0.4614500942250295,0.7627877808508968,0.6085001479208927,19201.mp3,ambient
90.5,147.65625,0.6247860767458486,0.5876932525634766,0.2291856706142425,0.5595714280130771,0.9006891694457378,0.5531216759063435,0.002877611695,0.4765684710704612,0.4289624731194632,0.6967143467972347,1161201.mp3,soundtrack
160.13061224489795,147.65625,0.5654018535345953,0.70168310546875,0.1004914864897728,0.5957844801728162,0.65300847232252,0.5119305833818144,0.0007405876547799,0.3400942152544068,0.6946765010495543,0.5972416349264072,82301.mp3,instrumentalrock
48.0,120.18531976744184,0.5538552974105677,0.7680877532958985,0.1404251009225845,1.0,1.0,0.6331825286813931,0.022340088405473,0.891335685344157,0.862998046875,0.5779534269571304,1250201.mp3,experimental
334.28607709750565,139.6748310810811,0.6049942053037056,1.0,0.0983970686793327,0.7283098739565569,0.9203898723436412,0.4098780741922859,0.0063625882772617,0.7517188784639397,0.6843803039469533,0.5985468839351691,1247101.mp3,experimental
348.0,87.5926906779661,0.5663079941098391,0.4407098083496094,0.1419304758310318,0.6954412019659351,0.9566706400659526,0.7417280253870095,0.0019573351642152,0.3518631712771021,0.5478537380400765,0.6415242236911561,1054101.mp3,dubstep
202.05714285714285,120.18531976744184,0.5483633384111053,0.8473892669677734,0.0746429860591888,0.3671879568098532,0.6441591197507023,0.1766013980525923,0.0008590285462804,0.3606650352807283,0.4600565681514185,0.6348601613510242,1211601.mp3,pop
183.5,156.60511363636363,0.5342430787613015,0.6894671630859375,0.1168850436806678,0.5103570826981461,0.7210895719022388,0.2284587822469392,0.0019093499567324,0.4296074211754263,0.5390733760703585,0.6342639405109688,659901.mp3,experimental
259.36126984126986,139.6748310810811,0.5617367679878376,0.5329066772460936,0.2727535367012024,0.4295670104148222,0.7174149961602933,0.3923381444199402,0.0010624011855455,0.2999999999318692,0.5134020518658007,0.6955108628392727,1134301.mp3,alternative
220.77868480725624,120.18531976744184,0.5084803196422045,0.6810873870849613,0.1361439973115921,0.3574174427605238,0.7751162119506364,0.0985623902618581,0.0027934019991853,0.5746263899466031,0.4347793594825211,0.6620559671356689,1226801.mp3,ambient
233.5608163265306,129.19921875,0.5615236887479749,0.3687000122070312,0.3188325464725494,0.5745480866274294,0.7353736341898481,0.7483445234094452,0.0003649670133812,0.8556654981566254,0.527707201031624,0.709238276523793,311401.mp3,hiphop
450.3385260770975,90.66611842105264,0.565830360046833,0.8623529205322271,0.151485875248909,0.6361050284049167,0.8993127148006806,0.2089801672463088,0.0025237689572348,0.2999999999993526,0.5199627783518659,0.6505423594192341,381101.mp3,hiphop
246.02666666666667,112.34714673913044,0.5841659193879984,0.3758050537109375,0.3175976574420929,0.7937063961741102,0.9479493990491912,0.6908220355857468,0.0037278716891285,0.8187730533112583,0.7341726509333782,0.6675006264924778,209601.mp3,rap
60.157936507936505,114.84375,0.5268871124662717,0.5501328201293945,0.0544069185853004,0.7161284824174106,1.0,0.208635897242801,0.0121236859532356,0.4537178166228202,0.5731606092429092,0.6049543688421264,382401.mp3,jazz
224.0522448979592,114.84375,0.5618333730829608,0.5446968688964843,0.2113125026226043,0.7516680375273084,0.9515557711778578,0.6101430757817604,0.0017457645742652,0.7709546248158465,0.568321798813922,0.6624081411813532,1393201.mp3,latin
198.42183673469387,84.72079918032787,0.5497205188027516,0.5686355590820312,0.1950488537549972,0.4414147929645723,0.7339861783634767,0.2450677934899412,0.0009339475846967,0.6385953704857499,0.512386574997592,0.6677402723522805,1324901.mp3,breakbeat
188.54603174603176,90.66611842105264,0.5551282673659381,0.3691500854492187,0.2931953072547912,0.3760660622378404,0.7080665054679534,0.2306039667748441,0.0009386028069264,0.3973195267716968,0.4859458451183008,0.7083611415880646,1312101.mp3,indie
178.7286621315193,120.18531976744184,0.5570467174509295,1.0,0.0540041774511337,0.69300931174312,0.920798819315308,0.0854490292223481,0.0030243746108234,0.7364399477551369,0.6898557403009302,0.5814703558222222,1217501.mp3,easylistening
221.14607709750567,132.51201923076923,0.5668165329306657,0.4778219146728515,0.1931022852659225,0.2571862134215061,0.5803300949088398,0.1793484496163735,0.0011298956050915,0.299999999965057,0.5105754869338563,0.6674017253089608,683801.mp3,indie
70.00365079365079,139.6748310810811,0.6121110288148692,0.657507049560547,0.1821649819612503,0.5621588066572808,0.7448573115327966,0.3906411034259596,0.0021163710107593,0.8697531061404329,0.5774430666664493,0.6500907801727602,133101.mp3,electronic
60.83460317460317,120.18531976744184,0.528858257991781,0.6151242218017579,0.2809229791164398,0.6395630085273414,1.0,0.3136846024948799,0.0045280858502797,0.6743528147775837,0.6448283122893336,0.6721666100240516,1341601.mp3,electronic
273.4426303854875,123.046875,0.5666700083733018,0.7489965820312499,0.1983497887849807,0.6876369676607117,0.9839481074717252,0.2536338905612977,0.0032668744231159,0.674988661062522,0.6063477290505747,0.6501363781524782,1138701.mp3,hiphop
340.15453514739227,99.38401442307692,0.6014273311580767,0.5556694793701172,0.1302692145109176,0.2215523619822904,0.4791500742410641,0.1623826335536299,0.0004700653384326,0.2999999999999997,0.403485696687665,0.6661997778863973,146401.mp3,easylistening
222.9119954648526,120.18531976744184,0.5739569670105111,0.5577769470214844,0.251667708158493,1.0,1.0,0.3238218029802817,0.0458629786131321,0.8156223796391748,0.6706725281083956,0.6564658693153784,1245901.mp3,funk
139.06702947845804,123.046875,0.5696587836985432,0.7967336120605469,0.0438594222068786,0.1262467301932484,0.2957831210080798,0.1162143507235222,0.0004369393116049,0.2999387814481344,0.3044185799051448,0.6549056760134473,1384401.mp3,ambient
137.14285714285714,105.46875,0.5755828609835884,0.5950370483398437,0.1358236670494079,0.657719050611303,0.8908901087818463,0.3318832291006394,0.0013035415613482,0.5362323237503723,0.5880348150844689,0.6312895571208932,1081801.mp3,hiphop
211.64,120.18531976744184,0.5442597519092014,0.4665180206298828,0.1278551667928695,0.2521488643934816,0.4902165308633912,0.2813352420962498,0.0002338307287139,0.2993824371657739,0.4494646959720177,0.6561349208510295,865201.mp3,ambient
257.85469387755103,120.18531976744184,0.5525441258288885,0.8215401458740237,0.0561908185482025,0.2188658576799522,0.3853432110315374,0.1857089203940216,0.0002927051090055,0.2979110485758414,0.4019124887758983,0.6398461969221733,798201.mp3,celtic
192.52174603174603,114.84375,0.5600978060285242,0.6009839782714846,0.1610413640737533,0.3710257311407403,0.5213483677731697,0.3946430593775877,0.0003556793205387,0.6142036947126159,0.4724886769320523,0.6634771556801408,1339601.mp3,experimental
217.2885941043084,147.65625,0.5606341076479218,0.2490174102783203,0.2510319352149963,0.5426389590291038,0.824016390532519,0.5918100594769572,0.0009538813040642,0.4167976721321909,0.6038933296817115,0.6695928307410564,1165401.mp3,folk
254.22684807256235,135.99917763157896,0.5145470813618436,0.2948412322998046,0.2677964568138122,0.5413286083368732,0.7534371763556991,0.5614209115878719,0.0004029808970807,0.4959289397931997,0.5818772339319959,0.6800312776665732,1314301.mp3,atmospheric
332.50002267573694,95.703125,0.5622996059504466,0.4683950500488281,0.1970406919717788,0.52076749131396,0.7788381484239913,0.336201287641368,0.0016923390109979,0.5487536827508306,0.4724887246419502,0.6764369041814503,40301.mp3,fusion
114.53333333333332,103.359375,0.5550802145608038,0.3246315765380859,0.2585076689720154,0.5335123198293245,0.7992051920837346,0.5742426564748113,0.0011742943557239,0.6219171069740184,0.5993102071808766,0.6732007193937501,1354101.mp3,country
370.63691609977326,109.9567819148936,0.5826626541667724,0.4449170532226562,0.1792307049036026,0.4670632823916928,0.7321014898064836,0.2532329965429646,0.00125240393107,0.2999999999980515,0.4693044945490887,0.6706621548554792,168801.mp3,electronic
87.4,99.38401442307692,0.5505072731636016,0.6832231750488279,0.0902214869856834,0.173136347306498,0.2370362476449101,0.1656288367904266,5.561005062288978e-05,0.2999711853883122,0.361300760496128,0.6602195832156205,1385301.mp3,ambient
104.33412698412698,178.20581896551724,0.5846090534478818,1.0,0.1057075262069702,0.5098351218268166,0.9357091663577858,0.1713759983933432,0.0036466743389272,0.3,0.6432237942709588,0.6094099505803175,1028801.mp3,chillout
228.2033560090703,84.72079918032787,0.5277755466990585,0.7647243881225586,0.1714805215597152,0.6475134820651147,0.8697244701513114,0.329836852397828,0.0018510015146123,0.2999999999944173,0.6330888685608731,0.6351152140493229,1036801.mp3,pop
90.0,161.4990234375,0.5484187864527732,0.4776135711669921,0.0710979923605918,0.1585944301022518,0.3345062668798393,0.1661815046943039,0.0001073195683559,0.5836457115779634,0.3047953287346058,0.6646362115028919,1116401.mp3,classical
133.1722448979592,101.33272058823528,0.5839917587115604,0.7947001647949219,0.099072016775608,0.6999718516616262,1.0,0.1917046379948587,0.0053313830400135,0.2999999631107739,0.5766683394724019,0.6203322581447386,9401.mp3,alternative
374.0,120.18531976744184,0.5701987905162098,1.0,0.1296325176954269,0.4077483428587914,0.692457056951887,0.2912951042343353,0.0012552890624219,0.2999999844378085,0.5729669749643794,0.6320743113774778,1114501.mp3,ambient
237.40081632653065,123.046875,0.6091154556559911,0.2271248168945312,0.2527172565460205,0.6308015727141905,0.7108397461833907,1.0,0.0002936882313796,0.7738230803479138,0.6064684220247014,0.669684527951627,12101.mp3,metal
459.28,126.04801829268293,0.625111471861816,0.5469902496337891,0.314678430557251,0.6067239536530601,1.0,0.115606426792276,0.0142495062780864,0.5114190830536982,0.5997871056119398,0.6933268138782224,1062701.mp3,electronic
124.55183673469388,120.18531976744184,0.5966725129037067,0.8927863464355471,0.1505054980516433,0.6696335405930434,1.0,0.1283173709731318,0.0139419487428752,0.2999999999999633,0.6377237167851578,0.6266372359415601,1219701.mp3,blues
311.42408163265304,161.4990234375,0.6100096161670447,0.6948103179931642,0.1972553730010986,0.2430964900338007,0.3406146231494772,0.2281955365780917,6.032270434564711e-05,0.2999904843905387,0.5121300968690974,0.668585914906576,1393701.mp3,chillout
284.0933333333333,126.04801829268293,0.540720915911485,0.7008196258544922,0.1854267865419387,0.2371012875333489,0.3725475286271196,0.1660430392616145,0.0002471329878555,0.8739388298034898,0.4311267748586703,0.6805282881833639,1041501.mp3,easylistening
160.8,99.38401442307692,0.534004068330653,0.1878297424316406,0.1318389475345611,0.1804533584777671,0.2834240061906801,0.2767133129420963,2.2089085484410208e-05,0.3,0.4427130722911316,0.6589194066542157,1396501.mp3,chillout
202.68408163265303,90.66611842105264,0.5534366997293019,0.5423390197753908,0.1590145826339721,0.5762394156255265,0.8652104507015829,0.3268298271251701,0.002051056029397,0.3535006318482089,0.4944548502999819,0.6583542796882336,479501.mp3,soundtrack
193.43997732426303,126.04801829268293,0.5372441009330752,0.3247092590332031,0.2118334174156189,0.5068189463590643,0.8349440252040053,0.4833191342356347,0.0012468609081702,0.9211493258176058,0.6239702010836964,0.6514659900528835,1371001.mp3,poprock
584.562380952381,117.45383522727272,0.5549717331721058,0.3261344909667968,0.0642533898353576,0.8444676835692609,0.9607388201505982,1.0,0.0010099775779372,0.5813049471820684,0.6849076704545455,0.5861496862498197,1300001.mp3,electronic
182.48702947845808,120.18531976744184,0.5147146102445193,0.3616965942382812,0.2529175281524658,0.2152598336866151,0.376985970511886,0.3338305825325572,5.6063611621486776e-05,0.2995841894986681,0.4070059830199957,0.7096491135308884,173801.mp3,easylistening
110.25,161.4990234375,0.6112873485842172,0.6041028747558592,0.0949437916278839,0.5450744515854079,1.0,0.2367376604165115,0.0017372657494782,0.6374211560510695,0.596984841335267,0.6147827967189848,376301.mp3,dreampop
353.2277551020408,139.6748310810811,0.5864080754216436,0.763584716796875,0.1995300501585006,1.0,1.0,0.6726725855261839,0.013385615748123,0.9639581755088776,0.8193496621621621,0.6079608856246278,1381001.mp3,dance
168.5374149659864,139.6748310810811,0.5527284798023724,0.4195570068359375,0.1930035054683685,0.46913615083152,0.7438449542139927,0.2422324037251531,0.0014828624440184,0.8219606477903596,0.5374983911187714,0.6619815837448584,952001.mp3,pop
91.29968253968254,99.38401442307692,0.6171082300495097,0.6087073059082031,0.204484075307846,0.4438951629949916,0.7643358520846077,0.358496265786666,0.0004741697585847,0.912310271577324,0.532243096179655,0.6671656478748936,1093501.mp3,hiphop
297.9866666666667,120.18531976744184,0.5148726743740164,1.0,0.0426334254443645,0.1741233931397282,0.3742257373478925,0.1287611405743542,0.0004073399648322,0.2999990505688727,0.2807229510766394,0.6592034429446434,1374301.mp3,alternative
225.6,135.99917763157896,0.583884678884143,0.1726133117675782,0.2282862812280655,0.5984998671653382,0.7596081213071504,0.9719291287190353,0.000293452608161,0.2999910943472635,0.5528566368458837,0.6716117338729268,400401.mp3,rock
123.38027210884354,143.5546875,0.5825159496471646,0.4109700317382813,0.277898371219635,0.42014127048212,0.7380755546647099,0.509345309674399,0.0005276794903764,0.6173854843476615,0.6222019852673121,0.6756030165856063,1257401.mp3,poprock
502.88984126984127,120.18531976744184,0.577297843850343,0.3735523986816406,0.192125916481018,0.4680176295260372,0.7722168262271325,0.4112457741070161,0.0007221300151582,0.2999999999910862,0.4855649541893984,0.6720523390952868,1179201.mp3,electronic
223.05959183673468,126.04801829268293,0.5008409702332044,0.6006150512695313,0.2467652410268783,0.836373513574742,0.9906209349998818,0.2458589395137692,0.0062762802981191,0.3,0.7020960365853659,0.648416279452603,132901.mp3,hiphop
292.2,99.38401442307692,0.5868746891416259,0.7817648620605467,0.2202223092317581,0.7002997598198174,1.0,0.2286570103175703,0.0041052010329403,0.7956099094249914,0.5508335748045251,0.669113316362528,144901.mp3,funk
199.0,132.51201923076923,0.5417969990982925,0.6939330291748047,0.131068468093872,0.3508025401643568,0.723895885825997,0.1178600445942619,0.0022411007749,0.7345080473762451,0.4563862729753831,0.6559073939187172,1268901.mp3,chillout
493.7142857142857,117.45383522727272,0.5856225726793574,0.6693531799316407,0.1728828996419906,0.7109406053215103,0.9541528187573968,0.3687214593539906,0.0017200311070398,0.3,0.6385201777931268,0.6345338083124913,1385601.mp3,drumnbass
368.0,139.6748310810811,0.5684526772616775,0.5011799926757813,0.2465822994709015,0.5783291193454019,0.7216075735443511,0.7532190859025667,0.000411790794801,0.299995173437424,0.6494287804909865,0.6588838717113271,184601.mp3,rock
175.90857142857143,117.45383522727272,0.6086716703602423,0.4265667343139647,0.0330691449344158,0.5077122047251307,0.8196383585960293,0.2680331985474026,0.0006460363113821,0.7266856317523529,0.6319364734683427,0.5855175974827211,1090701.mp3,ambient
230.62997732426305,126.04801829268293,0.544212125120498,0.4186658325195312,0.2289066463708877,0.3673916396209545,0.5969304168652632,0.273434708673792,0.0010862966607307,0.3925763920153942,0.5380144398992378,0.674803504713672,1333801.mp3,90s
282.94666666666666,172.265625,0.5738232221111301,0.398372802734375,0.2360987365245819,0.5305713607751743,0.787683643563754,0.5712581226587777,0.0008629086525648,0.8326275512868613,0.5584708173859656,0.6733013816716563,206601.mp3,pop
184.5,178.20581896551724,0.5645370282323263,0.6890353088378905,0.1251504719257354,0.4112912791466876,0.6405102500240204,0.2251238543092705,0.000838075416406,0.5480271308968931,0.6908065488248671,0.6068928601282912,1154901.mp3,ambient
483.5265306122449,139.6748310810811,0.600512059999621,0.6550287017822266,0.2104069143533706,0.929482681395512,1.0,0.6651587520965491,0.0090336693221876,0.7954413890307601,0.7257294449923702,0.6306006001687394,18501.mp3,electronic
220.0,143.5546875,0.5255713526815979,0.4668844375610352,0.0708225071430206,0.3501792133569649,0.4495210441026473,0.296925928309415,0.0002153516967142,0.2999999999999954,0.6235951620133838,0.6007770701688107,1357701.mp3,chillout
82.96489795918367,89.10290948275862,0.571852926567125,0.5266741485595703,0.0688383281230926,0.3466037334718729,0.6224136188342125,0.1826104761677252,0.0013096712519452,0.7432004424502338,0.3761898510112523,0.6495438279220629,389701.mp3,experimental
171.1221768707483,109.9567819148936,0.5429264440342765,0.6136441192626952,0.2079698890447616,0.2993128572191803,0.6781622786573397,0.1422315253003276,0.001743046926086,0.3065903376623691,0.4806538636586664,0.678738387324381,1222001.mp3,folk
176.5,87.5926906779661,0.5829994286133285,0.4210929565429688,0.3001484870910644,0.5668015671616842,0.8046494447632456,0.4562555849856334,0.0014400318359024,0.8727177711787885,0.4709606910285145,0.7138613171470803,1086701.mp3,funk
159.43750566893425,139.6748310810811,0.6091472659068762,0.5292267150878907,0.785025954246521,0.7634585649562702,1.0,1.0,0.005054760277596,0.2999999999995241,0.6479260367715786,0.8530241361744318,1295901.mp3,electropop
194.08,114.84375,0.5842244770718101,0.9920651245117188,0.1825135499238968,0.649587731529338,0.7714659708334738,0.453159847504439,0.0012151585622596,0.2999999999999971,0.6274481695538365,0.6402152440618355,1311301.mp3,hiphop
77.75,123.046875,0.5696185724556913,0.4016938018798828,0.050232745707035,0.2661009562851084,0.4639704625034844,0.3731740094763946,0.0001312127920866,0.2967023713637864,0.5235526931756813,0.6133732498193963,275801.mp3,soundtrack
165.83523809523808,109.9567819148936,0.5649414550713975,0.7244232025146485,0.1560843139886856,0.5683666263830744,0.905987335029832,0.269342808941951,0.0035148918010534,0.7429738496090773,0.5171238600529361,0.6527655810253395,1402101.mp3,poprock
231.89380952380952,112.34714673913044,0.5382593481110199,0.457853759765625,0.107846975326538,0.2780666610455728,0.6014580272963106,0.1882393452952252,0.0005525436692225,0.2999895879666825,0.3969952521492115,0.6594258606877115,1244101.mp3,chansonfrancaise
433.56,117.45383522727272,0.5945906711978037,0.6054207000732421,0.202512040734291,0.4366736042292261,0.6984971449841418,0.2885482632139945,0.0011718430053617,0.2999999999956543,0.5705460208762076,0.6587951304891032,159801.mp3,easylistening
49.70312925170068,105.46875,0.6113457693311314,0.5089859085083009,0.0471232607960701,0.7444305828864374,1.0,0.3932787277429056,0.0038143559098365,0.7010594005473816,0.5987053931965043,0.5972232952472843,1118601.mp3,ambient
116.3077097505669,129.19921875,0.585217694498926,0.26642333984375,0.3231379985809326,0.3332321402789453,0.6190361785972074,0.4469798265561014,0.0003248670377452,0.4857398077886475,0.4396922661101136,0.7283912262671131,1285501.mp3,classical
206.6753514739229,143.5546875,0.6024382707681164,0.5207248077392578,0.1317252367734909,0.5410977729608576,0.8012913279548014,0.3277170830353399,0.0013555039150869,0.2999998721157584,0.6834149765194808,0.6107380899345605,824301.mp3,orchestral
123.3154648526077,99.38401442307692,0.5082827802273853,0.4081146240234374,0.0370381362736225,0.3186860396116893,0.4730447896795496,0.1771950530651983,0.0002858988627242,0.4446124899122892,0.5141533285250128,0.6105030633535015,1193301.mp3,chillout
236.06666666666663,139.6748310810811,0.5610443359866548,0.2123612060546875,0.1478253155946731,0.1558703719992284,0.286780556429109,0.2705633002036718,4.120542593647165e-05,0.7356129366373046,0.414650376796301,0.6702870382548222,1075701.mp3,asian
396.0,120.18531976744184,0.6092744012250708,1.0,0.0613288842141628,0.0938098177488902,0.230171649084161,0.0881880113180914,0.002584024500979,0.2996174986502783,0.430535280684191,0.6359713421802604,25001.mp3,alternative
192.0271882086168,139.6748310810811,0.6013334974148967,0.5467583236694336,0.1113615334033966,0.2263162939687537,0.4982040327624853,0.2017757395228124,0.0005461863423964,0.2999999999972664,0.5115010579601245,0.6377899404331979,1168701.mp3,ambient
309.8437188208617,129.19921875,0.5772150278245374,0.5480930175781249,0.2784659564495086,0.575092903369747,0.8201552637320154,0.4055408112534363,0.0021725429778841,0.3,0.6662752003370598,0.6669927042544112,322101.mp3,electronic
272.0933333333333,129.19921875,0.5759132041698031,0.5583158264160155,0.170212522149086,0.3627010103812988,0.7625521949974016,0.1525145251879194,0.0024432251239649,0.5584021365806799,0.4447079136254266,0.6723349252485856,1126701.mp3,jazz
469.64260770975056,84.72079918032787,0.5395855785015513,0.4432505035400391,0.0667998790740966,0.2882378740547754,0.55754543724679,0.1683696184336509,0.0004554138945987,0.6746580287964679,0.3590681738004596,0.6522343217065829,1085701.mp3,jazz
170.9274829931973,120.18531976744184,0.5379878562381339,0.5108094329833986,0.1103760674595832,0.5199954292133698,0.8527222529488048,0.3438207682355299,0.0011668479222805,0.6195753443012877,0.5204482161464514,0.6356457410561597,1398101.mp3,dance
231.0265759637188,93.9630681818182,0.5649059236136948,0.2500232849121094,0.2203141450881958,0.5088475986982166,0.93761035133174,0.3444649136676803,0.0031726843181601,0.5855141574227218,0.5221785437270191,0.6748773834863466,1169701.mp3,easylistening
234.0,151.99908088235293,0.5494896527008148,0.6626612091064453,0.0597660392522811,0.1249641997822079,0.1996866960295021,0.1422066418520902,0.0001990778252999,0.5445603743458922,0.2207115491920542,0.6773734642924103,1117701.mp3,classical
126.03054421768708,120.18531976744184,0.5859085042579191,0.7594442749023438,0.0893345698714256,0.1563766441844274,0.2967849941006618,0.1014882182720132,0.0008642355827274,0.2999971201669041,0.3718026890470462,0.6577999073443039,702501.mp3,soundtrack
256.0783673469388,99.38401442307692,0.5574282252973263,0.4544471435546875,0.1500616371631622,0.5603339421008017,0.8674794704004518,0.3246199149210969,0.0020927928171961,0.8685854914509441,0.5898211487986336,0.6360579596190117,81801.mp3,electronic
312.38489795918366,120.18531976744184,0.5504594579974632,0.5204091033935546,0.0720461905002594,0.1238564001321668,0.2509590841740565,0.1324794436482663,0.0005081648831879,0.5152787773758987,0.360100645047912,0.653916499570511,661301.mp3,electronic
267.75,161.4990234375,0.5921462911886987,0.55726123046875,0.2076421380043029,0.3780800969558208,0.698001375260621,0.1157560996760728,0.0046786391039301,0.3069292262290444,0.6080622835700538,0.6531387129675383,986601.mp3,ambient
91.84605442176871,123.046875,0.466142197249431,0.7104623413085938,0.0828356370329856,0.4047666723519422,0.7019086830302158,0.2818785821532845,0.0008218624353372,0.4531474521577759,0.5574272202463726,0.6183353852826003,1345301.mp3,baroque
222.09412698412697,107.666015625,0.5880125661843432,0.7123842163085938,0.0787107944488525,0.3107667007547944,0.5987004102588774,0.1651677227697525,0.0009286577214075,0.7026573161213764,0.4791282787727289,0.6325102302470411,1269901.mp3,folk
219.939410430839,126.04801829268293,0.6067256867356634,0.5583092346191407,0.1603952944278717,0.2625527831285911,0.485313037093988,0.2665088285087126,0.0001453058216356,0.2999999976753444,0.5224534442308021,0.6532516171478735,236401.mp3,easylistening
206.1583673469388,139.6748310810811,0.5795495347429644,0.6723064956665041,0.1405118554830551,0.7689027730639199,1.0,0.2918909787138191,0.0044461405931342,0.9246982889445404,0.7698475514102348,0.5966147576918529,279601.mp3,alternative
120.0,139.6748310810811,0.6173735153581024,0.4608429718017578,0.1232453361153602,0.2695184123978577,0.5296002460518006,0.2418131276901004,0.0004428206453614,0.3,0.5282314708416382,0.638722026833202,1137401.mp3,electronic
84.29714285714286,112.34714673913044,0.6059560156438439,1.0,0.0764936879277229,0.0750053125367998,0.3710139749285466,0.0399656030715382,0.2462990385186377,0.7357608766066353,0.1816834849479997,0.6912010306643803,1044301.mp3,ambient
225.32643990929705,120.18531976744184,0.576569537148111,0.524419204711914,0.1137978211045265,0.4893584874383531,0.7053717899620715,0.4791767460154894,0.0008675995710361,0.9456032343032756,0.5206719652915044,0.6368328225393286,1372201.mp3,alternative
212.00337868480725,129.19921875,0.5507098254064722,0.2629472351074218,0.2696681916713714,0.6705645420609299,1.0,0.571087790720194,0.0051056541703736,0.4094386319644474,0.5832974308646108,0.6804210628287716,810901.mp3,indie
704.1828571428572,120.18531976744184,0.5992746436113204,0.8610417404174805,0.16288922727108,0.3571214523314344,0.6042562927886371,0.2310015143874853,0.0008811103383044,0.3,0.4420073052472061,0.6702386607681476,1332601.mp3,electronic
205.94321995464853,120.18531976744184,0.5896366013777672,0.8573811798095703,0.1952951848506927,0.7326599971077334,0.9725250118321284,0.5861960486677419,0.0021285051403976,0.5339187795629379,0.6322104469675756,0.6438641771527343,372601.mp3,chillout
292.75705215419504,123.046875,0.5964482272405462,0.8166035079956054,0.2180665135383606,0.9645180398907368,1.0,0.4300467376501176,0.0163944881491091,0.6892875959009088,0.69609375,0.6392851948738099,1336901.mp3,chillout
233.6710884353741,132.51201923076923,0.528071794098812,0.627128158569336,0.0771346911787986,0.6681018372911445,0.902175716902199,0.1493516172305857,0.0040238278749913,0.2999999999999999,0.5487061820161353,0.6180272524211405,1414001.mp3,electronic
252.94607709750568,120.18531976744184,0.5979371365897113,0.5477466125488282,0.0913900509476661,0.6219103618018306,0.9458829721779496,0.2776815890433655,0.0035636222411151,0.6340538435650591,0.6530709610003962,0.6022862261410806,827701.mp3,ambient
120.0,143.5546875,0.580230146851678,0.7068276977539063,0.1129841431975364,0.519261187632288,0.8401316098467737,0.2420623159404968,0.0024198277617317,0.8551417691180554,0.5572202332349876,0.6292302449041156,1317801.mp3,hiphop
80.16394557823129,126.04801829268293,0.5434338348926497,0.5663690490722657,0.1029992029070854,0.5082832304891506,0.7805294033810576,0.4143572172868723,0.0007307136105325,0.7826255964951482,0.5345337658224254,0.6301729598820657,1396101.mp3,folk
104.992358276644,129.19921875,0.4782524347527525,1.0,0.0309182815253734,0.3240510571925978,0.5833635235977019,0.0923560695138132,0.0024936002981104,0.2734171101785262,0.4869398853521631,0.6137426042787019,1048301.mp3,classical
238.4133106575964,120.18531976744184,0.5821496552944081,0.2773769378662109,0.2317878901958465,0.6175874042816457,0.8233508083067822,0.6664294469201022,0.0005363848118521,0.6827131502040568,0.5967948659309428,0.6640846672843163,1373101.mp3,electronik
233.99197278911564,99.38401442307692,0.5370470162905672,0.4046082763671877,0.1210483238101005,0.2556161518977611,0.3921071842781194,0.2941050759056338,0.0002181604970587,0.2999999773078795,0.468565300509505,0.6498643364697352,1052801.mp3,ambient
193.33963718820863,105.46875,0.5968610767009833,0.8435774536132813,0.2363107800483703,0.7679001420019492,1.0,0.4898811171502095,0.0066214001704118,0.9010184751098004,0.5767839733607828,0.6697150861452568,1121401.mp3,electronic
132.92308390022677,129.19921875,0.5971322352156876,0.540098861694336,0.2079357802867889,0.4742412236199875,0.8151429826389662,0.2279339652785174,0.0017051522503259,0.9212567875413588,0.5936402219803244,0.6561288365071791,1297201.mp3,dance
245.15895691609973,139.6748310810811,0.5550360469548922,0.4092510375976562,0.2451754361391067,0.5630262633894156,0.8512916722914086,0.5603669220383068,0.0016404639446359,0.2999999958242268,0.6700340446087016,0.6542563480883381,1359901.mp3,chanson
215.48,97.50884433962264,0.5560738943944639,0.2773124084472656,0.2281016409397125,0.4267865123659465,0.7250015761637826,0.5443957632464256,0.0005710727622015,0.7061377836662686,0.5226072084901554,0.6775951490402654,37701.mp3,electronic
272.32,147.65625,0.5594692758575313,0.4639739990234375,0.0395895950496196,0.3961534463553757,0.680443524704624,0.2748409060659502,0.0002608643918353,0.7526038827514479,0.5379819970792301,0.6066558548020171,192101.mp3,alternative
261.3333560090703,90.66611842105264,0.5496904327239991,0.4729364013671875,0.2377795577049255,0.9453293636623008,1.0,0.6837240901062942,0.0042528830669121,0.5832725588104062,0.6313322368421053,0.6593341934053522,892001.mp3,dance
315.08374149659863,135.99917763157896,0.5606818341584836,0.4804372253417968,0.1194902136921882,0.393503151769441,0.7857367724777848,0.2044387727591351,0.0013538833101284,0.6623033299833567,0.567878417915356,0.6294407933461166,1088101.mp3,jazz
705.889433106576,126.04801829268293,0.5067658208192803,0.622445068359375,0.0481040030717849,0.2662185374424256,0.4668704150305004,0.104623439681873,0.0006328031872789,0.2919488827747928,0.4980779428385653,0.6177018525381295,1297801.mp3,classical
331.63605442176873,109.9567819148936,0.5779496924637628,0.413366943359375,0.1470933705568313,0.6151058871193894,0.8177122383660492,0.5153994526817315,0.0008753246779383,0.5493112351867493,0.6598220412874746,0.6209892051429643,25401.mp3,electronic
168.41249433106577,92.28515625,0.5609729155497022,0.7988890838623047,0.1591216921806335,0.7381474153142735,0.941598186313662,0.3345004422055802,0.0029962896047435,0.6255270109337762,0.6861831392018622,0.6200471813446556,223901.mp3,rap
300.6666666666667,99.38401442307692,0.5808771076185522,0.6436421813964844,0.146005243062973,0.723714436127518,0.8841416204315846,0.3877159739239681,0.0020235114934156,0.6541544636721299,0.6140670224154494,0.6297484830195804,1160601.mp3,funk
189.64879818594105,95.703125,0.5317224907188409,0.5034706420898438,0.152699202299118,0.1449410571950131,0.1975161477098978,0.1701072812381016,0.0001079409335956,0.519807425120246,0.3408474849905194,0.6868022158295787,1193601.mp3,classical
304.61539682539683,129.19921875,0.5410049358267267,0.6788548126220703,0.2057027220726013,0.858713028195975,1.0,0.3730192106403113,0.0091631965216667,0.5976682997615543,0.7851591486465241,0.6170211502168317,1371701.mp3,ambient
174.04736961451246,97.50884433962264,0.5973271816785195,0.5554076843261718,0.0990460067987442,0.3346473162000937,0.6580534546771486,0.1918929119920868,0.0005852231658062,0.2999999999990699,0.3973758562973384,0.6561813911880803,1375901.mp3,ambient
262.053,100.44642857142856,0.575468048984493,0.585631652832031,0.1375277638435363,0.5881978047114121,0.9671414059073024,0.2751383914034516,0.0018933671038511,0.2999999999997623,0.4923912612269296,0.6510317427382872,1137201.mp3,ambient
375.85086167800455,109.9567819148936,0.604016139901207,0.5124602966308595,0.1817464679479599,1.0,1.0,0.777818544541163,0.0098297298608531,0.3,0.7599135638297871,0.6134460156953081,1413901.mp3,electronic
351.0,156.60511363636363,0.610595790717561,0.2804431457519529,0.3013774752616882,0.2694527794824839,0.5464384437821453,0.2697435285139078,0.0005556529391914,0.6320678002962055,0.313797310677756,0.7457364289586565,760901.mp3,celtic
372.8767120181406,109.9567819148936,0.5717902741204361,0.9447969512939453,0.1995900422334671,0.4523668905053321,0.6527801783374702,0.5955733495747636,0.0005623585221608,0.2999259101810622,0.499977721955622,0.6718568708129238,159201.mp3,metal
212.03124716553287,178.20581896551724,0.5320068593541356,0.6421818542480469,0.0546130463480949,0.1436783626547711,0.2245994057278833,0.1828690021007421,9.782418563650015e-05,0.2999773749029236,0.581821873956935,0.6032963218939272,1018801.mp3,classical
69.76160997732427,120.18531976744184,0.552679211187535,0.5571951293945312,0.1425179690122604,0.610134171776149,0.932761206412266,0.3014478282576135,0.0030997685201868,0.2999999999981197,0.6465621460543911,0.6219940396335355,1357301.mp3,ethno
227.8540136054422,105.46875,0.5436284109792089,0.3725436401367187,0.1500173956155777,0.2676741557691827,0.4859499601278744,0.245305257088034,0.0001902781768185,0.29946185274789,0.4779484685477935,0.6584165687120493,1372501.mp3,indie
233.1473242630385,139.6748310810811,0.6095375528826686,0.2957103576660156,0.2547446191310882,0.9100704461224433,1.0,1.0,0.0052505219125247,0.2999999560027325,0.8193496621621621,0.6278381304547593,1368401.mp3,dubstep
226.6122448979592,123.046875,0.5606401389854612,0.7062370910644532,0.1921869367361068,0.78725273664716,0.9384387030747048,0.3734712519008996,0.0037183474737211,0.6147455707635522,0.7687699574499964,0.6154333057349992,1124201.mp3,disco
74.08433106575964,126.04801829268293,0.6317709105848237,0.6459701614379882,0.0247648209333419,0.1431958274058413,0.4395098814572712,0.1457697334729536,0.0001900561951889,0.8310921526534366,0.2938483747554966,0.6501456605849039,1125401.mp3,ambient
276.7866666666667,107.666015625,0.5424041790797097,0.4592320251464843,0.1308166533708572,0.2400671581727028,0.4246014261884154,0.1598424931021677,0.0004405426901492,0.2999870903943664,0.4985856771573435,0.64737685978204,508801.mp3,soundtrack
437.07315192743766,123.046875,0.5983330524308432,1.0,0.2108931988477707,0.3955911162420395,0.6746722138038725,0.1359801286274875,0.0024964861052027,0.3,0.5418026575617849,0.6675610200728405,45101.mp3,electronic
182.7333333333333,161.4990234375,0.577190265513797,0.4275834197998047,0.1061900928616523,0.5934884405878371,0.8311410128321669,0.4448597638454148,0.0013324459266081,0.2999999999722704,0.750388544192385,0.5881507245917179,5701.mp3,pop
270.0,120.18531976744184,0.5580977798285789,0.4111129760742187,0.1334189027547836,0.3232079230420606,0.5776346114705829,0.4091549413946151,0.0002876180255545,0.7268747353357338,0.4454646040845286,0.6589378841748164,533201.mp3,classical
277.1249886621315,161.4990234375,0.5978800221964122,0.2385450744628906,0.1443208307027816,0.3649499436526844,0.6770019591541433,0.4114512552750161,0.0003987855957924,0.658963899646277,0.4574840436648951,0.6604586903200225,1189901.mp3,90s
186.97333333333333,161.4990234375,0.599336257586439,0.4073501586914062,0.2574890255928039,0.5685106327996217,0.9159731917036446,0.4442571236019718,0.002598843868959,0.7968032719794835,0.703872818743021,0.6519214854648052,356401.mp3,alternative
417.6195918367347,123.046875,0.6059713099867743,0.9223908233642578,0.0792984068393707,0.2506825625111385,0.4584050212518376,0.1022714096924961,0.0050045703350593,0.3,0.4018465403543004,0.6481781183913133,11001.mp3,alternative
232.02666666666667,95.703125,0.5694074111039684,1.0,0.0743270814418792,0.3996063747907902,0.610842887318048,0.0971138333418759,0.0027592111921054,0.7440566782877923,0.4243046621737558,0.6418968168843253,11101.mp3,ragga
190.152947845805,135.99917763157896,0.5605699036147416,0.3153452301025391,0.0669628754258155,0.4763208924855352,0.8246583622994775,0.4870418546056149,0.0006488949520714,0.7480135566439843,0.6324370490253012,0.5976192253482333,1053401.mp3,ambient
321.0,161.4990234375,0.5887954646699214,0.5010350036621094,0.3166946768760681,0.8017922564957117,1.0,0.7865041650163328,0.0023304471990994,0.4360345703728258,0.7507134197185025,0.6638673997316841,166401.mp3,electronic
196.510045351474,105.46875,0.560805791329467,0.4781066131591797,0.1198424324393272,0.3940123269750408,0.8044996864910519,0.1433081735992829,0.0020750416611226,0.3,0.4259105281280211,0.6579611700525536,506001.mp3,electronic
450.6775283446712,123.046875,0.5082394020950727,0.697756118774414,0.1116800159215927,0.454374481273244,0.6391603298429701,0.1821028048246427,0.0006014580802241,0.7215744139008149,0.6224386076815385,0.6157170841954657,1182601.mp3,newage
255.0857142857143,139.6748310810811,0.6303906403518368,0.1967384185791016,0.6971371173858643,0.7014502112193124,1.0,1.0,0.0027880439881255,0.7856484016723619,0.7047122149669904,0.810026919265513,1299901.mp3,powerpop
59.42857142857143,105.46875,0.5450014422612635,0.3379802093505858,0.0560434013605117,0.2181063911104018,0.2944956713584933,0.1791127268569032,7.93919737375184e-05,0.5212495879329788,0.4985048070225701,0.6204746630852702,1173501.mp3,ambient
38.02269841269841,135.99917763157896,0.537408580231394,1.0,0.1019057631492614,0.5474549530691848,0.8422559870839698,0.4268277792668036,0.0020284244695458,0.2999989597264424,0.6881211790657528,0.5990618389205835,1219101.mp3,easylistening
214.57333333333327,114.84375,0.4923539832507879,0.4449776306152344,0.1444155871868133,0.278606606145949,0.5656687941861654,0.1880255278042446,0.0011712227021836,0.6516786855273704,0.545670358082045,0.6428555397708438,210801.mp3,folk
314.05333333333334,120.18531976744184,0.5904652687330042,0.6856927490234375,0.0738322213292121,0.2633982653404285,0.3576587643313367,0.1782387558820692,0.0001877845141037,0.6634354325143578,0.5262748653557769,0.6213246266073611,380601.mp3,ambient
154.27360544217686,135.99917763157896,0.5963591033925378,0.408684814453125,0.1481778174638748,0.5509603241324207,0.8220551511623548,0.6332470097219596,0.000852300615268,0.2999999606819157,0.5818309787037153,0.6369778185462519,1281101.mp3,classical
130.45551020408163,126.04801829268293,0.5404128072454849,0.5796227722167968,0.0888656303286552,0.1809374174349555,0.3284425358408059,0.1866356136196406,0.0002049966152692,0.2999999998689039,0.3613176217170086,0.6597281025749142,128301.mp3,easylistening
451.8899319727891,120.18531976744184,0.557188061202712,0.5882041015625002,0.0550395511090755,0.5145247181515583,0.8037970815359624,0.0751536335341258,0.0055774393964472,0.8516787657948397,0.5121953317452292,0.6173751720502214,91401.mp3,ambient
193.6,103.359375,0.5073731696239581,0.2661148834228515,0.1507542133331298,0.3758426184348575,0.5927242294674061,0.4657717531840705,0.000286920192003,0.2998891454660332,0.631213619270619,0.6280287929458029,80501.mp3,pop
69.88235827664398,120.18531976744184,0.5116791798773417,0.4864780197143555,0.0630521774291992,0.1622944346118593,0.3000335285786786,0.1212616481646544,0.000396073653676,0.328079166988661,0.4658184306006392,0.6295350977543839,1357401.mp3,easylistening
224.0208390022676,120.18531976744184,0.5701432919779788,0.7176299285888672,0.2577060461044311,0.6858260125848831,1.0,0.2362749261820976,0.0050678100546216,0.3267377618423273,0.6518612332957396,0.6624019299384473,1281201.mp3,gangstarap
450.6518140589569,161.4990234375,0.5663910532192601,0.6919676208496094,0.0884424746036529,0.3666047322264985,0.5820448976380386,0.2581238815273561,0.0002054668229283,0.2999998342501903,0.6645961892235404,0.598920053012607,1291201.mp3,alternative
206.734126984127,156.60511363636363,0.5757742518911131,0.6644887390136719,0.164913460612297,0.351834828701945,0.6528783299623263,0.1503555055767326,0.0015210927872937,0.2999999999998637,0.44782613047704,0.6698036197250189,1225501.mp3,hiphop
205.632,140.625,0.5487279130317317,0.6750838012695314,0.1617148667573928,0.358100714101478,0.6504324276513643,0.1831766904213987,0.0006963507071127,0.2999999975668631,0.4807883101225737,0.6620596900081467,963401.mp3,orchestral
234.1160625,122.28260869565216,0.5491383680283755,1.0,0.0347345732152462,0.2020016085976363,0.3064194777861631,0.2455194914152431,9.614040068967404e-05,0.2999952745701458,0.4969176310806816,0.6131209201413523,920001.mp3,newage
209.97333333333333,93.9630681818182,0.5789510785411307,0.2637779998779297,0.0738469511270523,0.724742863015858,0.8799314437306467,1.0,0.0012957460223647,0.8919032833663022,0.6838617881869363,0.5898125447683515,1393401.mp3,alternative
185.3259410430839,107.666015625,0.5816890209297005,0.2392684020996093,0.1523195803165435,0.7362330164176744,1.0,1.0,0.0028152969612097,0.9267847955404636,0.5671506475268281,0.64140491940859,1379101.mp3,poprock
534.1779591836735,92.28515625,0.5813702107898767,0.6738090515136719,0.1149182692170143,0.4093995493139227,0.5936273823234903,0.2338378256313045,0.0006524821893939,0.8495138737515211,0.5269688804428989,0.6359768008295454,1397901.mp3,pop
226.08065759637188,89.10290948275862,0.5494640220267508,0.5145356750488281,0.2743991315364837,0.558436639497098,0.7842032556512892,0.5159752152135602,0.0006624913735533,0.2999999994331976,0.5018116605433043,0.6984213552444734,698501.mp3,pop
307.6285833333333,104.16666666666669,0.5820862460787584,0.5360746765136719,0.1063747480511665,0.3506178212608421,0.5753494190448948,0.3275276304650983,0.0003195482446994,0.497461014905815,0.4244148217784631,0.6534119449427274,1030901.mp3,ethno
181.24,123.046875,0.5786524147888453,0.4272587585449219,0.2557811439037323,0.5547229702967255,0.8065990839781934,0.620239949629014,0.0006455209576713,0.6438405188975508,0.5565427844637143,0.6807726549126007,947801.mp3,rock
294.98632653061225,132.51201923076923,0.5471338628911525,1.0,0.1549111902713775,0.4885369387600682,0.7994508539525981,0.2003369269003013,0.0019981311025655,0.2999999999999844,0.6233840199341916,0.6310912245108576,518601.mp3,easylistening
295.35609977324265,120.18531976744184,0.5472972053714884,0.7487212371826173,0.0960846245288848,0.6711699271825788,0.916232955253568,0.392290612057064,0.0010395887739254,0.2994815681087824,0.7481631213305284,0.5849578405642928,1073701.mp3,ambient
392.0,120.18531976744184,0.5661749836895109,0.6956319580078126,0.1197712942957878,0.4367181768775874,0.6673694497858889,0.1554812495259559,0.0010870900914518,0.5806136220539666,0.4952752897257007,0.6440626080013434,362501.mp3,electronic
231.1475283446712,123.046875,0.563965085533304,0.3972348937988282,0.2593513131141662,0.5997391315023481,0.9061141695099716,0.4391160220994475,0.0017926449745488,0.8079419798583918,0.5602897297458783,0.6813085267719242,548601.mp3,dance
345.6,151.99908088235293,0.5299123123245593,0.7510260772705079,0.1692128181457519,0.6353729387398122,0.7763231167739812,0.2615208015154594,0.0017779394703239,0.7393122345957914,0.7473506337703557,0.6114464877783995,1385201.mp3,ambient
265.81333333333333,117.45383522727272,0.6016602543833287,0.450709228515625,0.1720222681760788,0.3676515527773917,0.7045918277127989,0.3413571014640964,0.0005088577856405,0.5866175199056074,0.5219313188650486,0.6575417527703786,4401.mp3,alternative
268.4271882086168,166.70866935483872,0.5635641732858245,0.5189262390136719,0.2392645329236984,0.718617594349798,1.0,0.3809707361378791,0.0087922282578872,0.3794295382184415,0.6728621385422072,0.6515628041440901,1295501.mp3,70s
345.2614739229025,129.19921875,0.6049644375572691,0.8693611145019531,0.163572296500206,0.3913887534813724,0.7590440992355254,0.303509967612538,0.0007188264365519,0.2999999999999483,0.5651324411633927,0.6458595385073956,1187201.mp3,ambient
312.2266666666667,161.4990234375,0.5583432244617402,0.3811431884765625,0.0769748017191886,0.2868040079906755,0.6186767168484728,0.2561214134061543,0.0003936164236151,0.4493001732498387,0.4987069168587619,0.6279695452471555,1219601.mp3,ambient
187.02666666666667,135.99917763157896,0.5790874056076545,0.5240140686035155,0.0329040475189685,0.6281100100273451,0.9769853252606084,0.4371279768663608,0.0021089396848942,0.2999999999997386,0.600233388515649,0.591798779403699,22101.mp3,ambient
308.46666666666664,117.45383522727272,0.5667834863059946,0.9811445159912108,0.0421912185847759,0.1957188286401509,0.3442342960740808,0.1184482774447616,0.000370775787317,0.2987175026366842,0.3904102276334014,0.6371067931638391,326501.mp3,classical
151.80002267573695,99.38401442307692,0.5603646022255271,0.4464591674804687,0.1070850193500518,0.5521968938026153,0.8752575042300369,0.4560623047148254,0.0011357891863852,0.3220000742834686,0.591014865227018,0.6203476339206151,1087101.mp3,easylistening
74.52630385487528,95.703125,0.5710066747624043,0.4496684265136717,0.1340339481830597,0.5555746825092054,0.8961300476708293,0.4540779576020059,0.0031035559116661,0.6849197868387982,0.4876527365346222,0.6507216740389771,1275301.mp3,march
54.073469387755104,120.18531976744184,0.6219074466825693,1.0,0.1119231209158897,0.3308754348701514,0.6353191757517195,0.2637958298861649,0.0008692486699943,0.2999999958287044,0.4332896076072949,0.6536344020082614,1042001.mp3,classical
138.66666666666666,120.18531976744184,0.5409437730256896,0.6159909362792968,0.151361346244812,0.2696897158925757,0.5473961539199509,0.176027967915312,0.0009715245862687,0.6148219717440027,0.4250161713305707,0.6694868503820182,409701.mp3,easylistening
212.50968253968253,109.9567819148936,0.5322814532522328,0.3492909851074219,0.1723375171422958,0.3481958690738137,0.6585494681457802,0.240118586818209,0.0007155401547093,0.3970931978657512,0.5077191763112973,0.660497670908967,1333601.mp3,electronic
88.51424036281179,139.6748310810811,0.5690249690497047,0.8610261611938475,0.1703748106956482,0.6206876847616949,0.945811344778347,0.2610837406905024,0.0040297925742571,0.2999999999999997,0.5976415673258939,0.6418066183852547,1371801.mp3,chillout
242.78666666666663,95.703125,0.5431796315363773,0.6091042938232423,0.207065999507904,0.6468381733980206,0.9741242231501074,0.5906644801910911,0.0047511622943801,0.4235097937764828,0.6253117775631146,0.6494814043102225,117101.mp3,chanson
1086.8933333333334,126.04801829268293,0.5153176738177465,0.3459127655029296,0.168957844376564,0.9152960438822788,1.0,0.6925383851031358,0.0103176439820157,0.65849457244618,0.7920960365853658,0.6024056166584898,1158201.mp3,ambient
160.0,120.18531976744184,0.5559773797031823,0.4838224487304686,0.1587329059839248,0.4525334531140453,0.7769916148248316,0.2416619769158074,0.0016882716126359,0.6819486032465424,0.4812128548259839,0.6609012751890162,1380701.mp3,poprock
33.99401360544218,95.703125,0.5879649817786226,0.6757722167968749,0.1189998388290405,0.3397896998950878,0.5618939423087741,0.4993596415991472,0.0002100577207403,0.578617612553695,0.4029846577110543,0.6622430104362437,1346501.mp3,classical
149.33333333333334,120.18531976744184,0.5817420685420542,1.0,0.145179271697998,0.475228704153085,0.7307053603597549,0.1111541327649924,0.0020419455310971,0.3,0.6321744625592536,0.6258296452994285,1310501.mp3,ambient
90.01387755102041,120.18531976744184,0.6231581212201174,0.6063395538330077,0.2617125213146209,0.1425850518975172,0.2342758572826789,0.1966066294658303,7.043431915849916e-05,0.3555361960980963,0.3272653466731154,0.7287634383386404,1406401.mp3,ambient
277.5100680272109,161.4990234375,0.6004922361126006,0.2613848571777343,0.3201817572116852,0.6059747938127328,0.913394837321194,0.6457277023090274,0.0012771014878437,0.2999999993009922,0.6451876062687556,0.6862279113424555,1414801.mp3,alternativerock
154.14857142857142,99.38401442307692,0.6130364364860778,0.2786241760253907,0.2053918242454528,0.6464019146471717,0.8764225930555909,0.7606754617026513,0.0012709816831569,0.7544995664317597,0.6499946071888097,0.6439421352906011,39101.mp3,metal
120.88888888888889,107.666015625,0.5737485186422933,0.5352601318359375,0.1240932941436767,0.2539166414595141,0.3855412803987932,0.2475981008729706,0.000111251936946,0.3712325163746834,0.5211636418648665,0.6404408575187504,635301.mp3,classical
189.38197278911565,117.45383522727272,0.5763697026282666,0.4597341308593749,0.1890223622322082,0.4519090376772109,0.8853045214054861,0.178930465452512,0.0052469699430269,0.2999999999950273,0.4576644672826632,0.6765151569470623,245501.mp3,folk
283.5370975056689,114.84375,0.551978817098459,0.2927167510986328,0.2403020113706588,0.6639606968925799,0.9869574949447064,0.473153753812536,0.0039032008634487,0.8551438000881488,0.6619259883712492,0.6541235264191874,347601.mp3,pop
85.3333560090703,178.20581896551724,0.5558576158762547,0.8887192535400391,0.0587904788553714,0.630589782721235,0.7864726790549019,0.4182925170293738,0.000884040762244,0.6134636111601264,0.8155280004678933,0.558058972294355,379401.mp3,easylistening
580.3398412698413,129.19921875,0.6264402096283064,0.6794436035156249,0.1992748230695724,0.438709084161518,0.8762516242349033,0.1822960799076052,0.0024398703061983,0.5982725703504925,0.4738825229996388,0.6769624317051183,1363401.mp3,experimental
175.5,161.4990234375,0.6243780657318666,0.2735797424316405,0.2767031192779541,0.3031974472449409,0.6254849319926005,0.4105563595822503,0.0003245905505379,0.2999999505874138,0.5018309476035138,0.6992469334193607,1092901.mp3,ambient
135.0,161.4990234375,0.572017311305257,0.3249502105712891,0.1945546716451645,0.4979780851033437,0.7277166490078272,0.6520090278302164,0.0003067139413977,0.5963587452191186,0.5859138861709168,0.6528569045580759,186601.mp3,easylistening
70.5880625,102.27272727272728,0.5500991859845666,0.7648444671630859,0.0909418910741806,0.8722302639168673,1.0,0.1358283764161304,0.0067432105046411,0.6906835690655988,0.6447191227137078,0.6037952562439634,1110001.mp3,electronic
161.99061224489796,120.18531976744184,0.593689236910778,0.4838681335449219,0.2315638065338134,0.6648076709216264,0.9098006469239116,0.560932957856777,0.0019480367127878,0.4060046290188978,0.6934422940602448,0.6446745115401239,1353301.mp3,chillout
143.10560090702947,80.74951171875,0.564946455711808,0.1335710754394531,0.2579173147678375,0.1889364930885551,0.4223538973006165,0.254836201318937,0.0002546553054902,0.9424089166219554,0.2921797191471742,0.7344142894869867,1366001.mp3,darkambient
220.5024943310657,114.84375,0.6030753214286517,0.5085112609863279,0.1142706274986267,0.5300351526477081,0.8519379353344599,0.3071511583856954,0.0013836590071946,0.7084736478513851,0.5237215458226441,0.6363931167349768,38401.mp3,alternative
129.77632653061224,123.046875,0.5799962101808769,0.3825181274414063,0.0811425447463989,0.1230961986871683,0.4059044006915887,0.1140513899100883,0.0011477930749814,0.2997023267934902,0.3361267233512357,0.6619859714384565,387401.mp3,ambient
243.41333333333333,117.45383522727272,0.5314509484479815,0.8968206405639648,0.0963889583945274,0.2567237824345097,0.5277723808559863,0.1264130310863349,0.0020296032827349,0.3648510353776146,0.48306364557524,0.6380872959069819,1166101.mp3,folk
204.17412698412696,161.4990234375,0.5668079735236748,1.0,0.1208059266209602,0.3338045564188114,0.552086714858888,0.1762219044832172,0.0014234341345886,0.3,0.3607879558530877,0.6713325424129282,565801.mp3,funk
260.6,112.34714673913044,0.5661925020138492,0.2900994567871094,0.2368233501911163,0.5093078786319458,0.7305007069333915,0.7194947013398499,0.0005653237228903,0.2999967107719266,0.5197202544407646,0.681312355180649,1196901.mp3,heavymetal
402.6533333333333,129.19921875,0.6083060353166088,0.6763515625000001,0.1002669930458068,0.4084882625593959,0.6645327132992823,0.2871071097539878,0.000673862731094,0.3,0.4865557855359766,0.6387849603892951,6701.mp3,electronic
174.4011111111111,161.4990234375,0.5614985864432673,0.2631586608886718,0.2775904834270477,0.5797894158075713,0.7179848190690553,0.8732905559650723,0.0003226105180459,0.9220889983484928,0.5005458755593045,0.6998233989218763,973501.mp3,70s
296.0285714285714,120.18531976744184,0.5749248854465099,0.4920523986816406,0.1181623861193656,0.5810383608484576,0.9237326254786083,0.4260810508332552,0.0018372303636946,0.9094228133463288,0.639560312804983,0.614626396441975,1300201.mp3,ambient
428.363537414966,120.18531976744184,0.548813727010555,0.4486709594726561,0.0930300131440162,0.5191780737783818,0.8059874272131027,0.2648121963779195,0.0021868928910033,0.6501900868196363,0.5284904399722563,0.6277927167373946,1098401.mp3,jazz
38.4,99.38401442307692,0.5252192210429222,0.2638898620605469,0.4258853793144226,0.9350393767029468,1.0,0.3048323355059427,0.0491482383120426,0.915957695831457,0.6059123097560691,0.7321362746019783,1164201.mp3,electronic
126.1602267573696,126.04801829268293,0.59623481966383,0.993943130493164,0.0500699244439601,0.2694257996007282,0.7454941388366921,0.0725948104240405,0.0066309801174146,0.2994405622306163,0.365727284167069,0.6448797159664118,25801.mp3,easylistening
354.0,120.18531976744184,0.5267636127760256,0.8083012542724611,0.1887453347444534,0.590216966949967,0.8004010638528767,0.3157706299613173,0.0016765353198268,0.2999999999999999,0.6745811443393275,0.6330320916401377,1216201.mp3,electronic
131.6,120.18531976744184,0.5506378975633934,0.5818007278442383,0.0328332670032978,0.1354545722721954,0.2183808631668319,0.1545221784257362,0.0001674083596655,0.2999776654748655,0.3681246333108542,0.6381950494590164,1028901.mp3,classical
469.4726530612245,178.20581896551724,0.5471500524095696,0.3985730438232421,0.1523957252502441,0.246900530569508,0.4982536349534578,0.1981707618648964,0.0008441028795992,0.2999999999829097,0.6042945025875442,0.634003560572579,1371501.mp3,pop
180.06204081632654,120.18531976744184,0.5604780683106274,1.0,0.1362302303314209,0.3790601363502724,0.6701221280437931,0.1976644493717664,0.0015905430032555,0.2999999999999999,0.4487887225626517,0.6592851384067812,1294201.mp3,flamenco
55.4,132.51201923076923,0.5349220552901734,0.4904682006835937,0.27426478266716,0.2346101116623866,0.4197499850746097,0.2629168114816101,0.0001893413810365,0.930320850728152,0.3442658304486017,0.7298821556704573,255301.mp3,ethno
374.9066666666667,117.45383522727272,0.5974020983155812,0.1922741546630859,0.2717505693435669,0.60688894866174,0.9225484919882048,0.7821514352267268,0.0019268152871774,0.777382886619258,0.6602761408025587,0.6657749768031723,16101.mp3,metal
183.1804583333333,112.5,0.5594567488157216,0.4961895904541015,0.175319105386734,0.2837205258040211,0.6182484114381749,0.2371733221233458,0.0005761202317637,0.2999999999997615,0.4012190744312907,0.6828710630529661,1115701.mp3,indie
201.4285941043084,139.6748310810811,0.5655916775984373,0.2036846923828125,0.32753586769104,0.5168403898524323,0.8259399838031114,0.5543712659028608,0.0008550830312229,0.7744385968293837,0.5393737680906882,0.7100381587506368,899001.mp3,electronic
399.5950566893424,103.359375,0.5525364837705726,0.6905633850097657,0.3285919725894928,0.7629991177355346,1.0,0.7009061217605987,0.0045896164681949,0.6032870595675495,0.6260975831088161,0.6930735935104542,464901.mp3,world
200.3618820861678,126.04801829268293,0.5578435311386079,0.6358123931884766,0.1409808248281479,0.5440352393236065,0.9081322660261948,0.264591041553016,0.0019318287661241,0.4645016092691904,0.5360219582267322,0.6435487052927868,1095701.mp3,americana
268.48,166.70866935483872,0.5695269874948963,0.7110259399414063,0.0656912550330162,0.7987318070901197,0.9848759188566212,0.9262365194462756,0.0019542389596056,0.368642507521823,0.7831002904822073,0.5670287937154443,604401.mp3,pop
286.3636507936508,87.5926906779661,0.5445875453569458,0.7781855392456055,0.1452430784702301,0.5320969131999291,0.8693720123316414,0.3052187962891548,0.004785245172929,0.4734986680716375,0.4628939344222933,0.6597087213648242,1337801.mp3,hiphop
507.08897959183673,139.6748310810811,0.5868850063434763,0.3806846466064453,0.372048556804657,0.6298153894044192,0.8287776135853271,0.4752044619214451,0.0008368582426165,0.6715661173437009,0.6261483223337945,0.7087078159829175,502601.mp3,electronic
257.77632653061227,105.46875,0.5726663843973699,0.4714245529174804,0.061272770166397,0.7139199953575075,0.9489265286674292,0.3124769872270872,0.0032431495852308,0.5750650947240805,0.6695709998368842,0.5881439972925262,468601.mp3,funk
204.4865306122449,135.99917763157896,0.5912227296105801,0.4428595275878906,0.2731620967388153,0.780129800498132,0.924709287463732,0.5117182285709538,0.0023750381570157,0.7907704758105099,0.6769902348543083,0.6629403078551118,1278601.mp3,dancehall
271.058820861678,84.72079918032787,0.5163523159323251,0.6970865402221679,0.1368258744478225,0.7421587943596635,0.8711188721500576,0.4672442826878157,0.0033121183393344,0.8868874326618652,0.5871408619427552,0.6318291424126651,1180601.mp3,hiphop
301.26666666666665,178.20581896551724,0.5307767031974462,0.2540558776855468,0.10468140989542,0.312606917412062,0.5013498895797092,0.3444710026891397,0.0002279687077684,0.2999999447440635,0.6453181034371773,0.6086216868749158,80701.mp3,chillout
307.9996371882086,84.72079918032787,0.570963966477968,0.6270982666015625,0.1084704101085662,0.7146362631946769,1.0,0.3756564606243145,0.0040966892095173,0.3030004862176513,0.5357565519377938,0.631898037251525,152801.mp3,alternative
335.7866666666667,114.84375,0.5517081696133523,0.501939910888672,0.2288393080234527,0.6415275936409249,1.0,0.3177543738926653,0.0039943696714377,0.2999999999999999,0.4665047716627509,0.6890811965558928,1210601.mp3,drumnbass
499.28,126.04801829268293,0.6055883088806207,0.6113414611816406,0.2656800448894501,0.2611936011431044,0.6079331216757692,0.1326492381770695,0.0019104034546749,0.3,0.3928577505483306,0.7170732660505359,373001.mp3,easylistening
252.91755102040813,90.66611842105264,0.548279993524994,0.8153379364013673,0.2111104875802993,0.526155713793415,0.7596308041711113,0.2877164305267106,0.0021123099980461,0.9110831626095222,0.6613675447554458,0.6437262665778186,1075101.mp3,hiphop
578.6879818594105,107.666015625,0.4991343550319566,0.3105518493652343,0.1411210596561432,0.4803553591053861,0.6854037475982441,0.2813400566145294,0.0007108010091174,0.2999673478849969,0.5346237592044583,0.64387882963532,1089301.mp3,newage
218.01795918367347,139.6748310810811,0.5323763017422929,0.5312288818359374,0.1567646116018295,0.394708237554361,0.5190438151273163,0.4832390617958046,0.0002830675541142,0.2999998261657303,0.5411417702753918,0.6482069061215803,387501.mp3,atmospheric
140.64326530612246,105.46875,0.5517641919232015,0.4180225219726562,0.2060216814279556,0.3402260447437276,0.6405734380493764,0.3120513775505068,0.0006895540424468,0.4532534131021691,0.4055901181555976,0.6930497816829444,1400601.mp3,folk
333.61702947845805,139.6748310810811,0.546832888963098,0.5028292846679687,0.1681208312511444,0.5254527471615528,0.7852109635763733,0.4942030732250529,0.0010062519139729,0.2999999992934254,0.5703979863890413,0.6464439019726038,1153401.mp3,trance
228.936,95.33898305084746,0.5145415180941811,0.3826370239257812,0.0984340459108352,0.3724444141241409,0.5949923119694772,0.2212665471946617,0.0006572666203994,0.5810072344239812,0.5051859612310622,0.6343990642816884,296701.mp3,folk
103.91045351473925,120.18531976744184,0.6073587513722124,0.7813843536376953,0.0420388840138912,0.5925704722510783,0.8393024560824316,0.2803937971230902,0.0010332755652644,0.6855949503111272,0.5298369643648587,0.609166605372029,1346601.mp3,darkambient
267.15408333333335,119.6808510638298,0.5419754128635578,0.4033269500732422,0.2143084853887558,0.3600104752385928,0.6630044832963943,0.1861137458296247,0.0008844327159313,0.7780871100755841,0.4361230489402823,0.6899264449518956,400701.mp3,easylistening
217.05142857142857,92.28515625,0.5804774896345013,0.5722004699707032,0.1977600306272506,0.4298004877187122,0.697422612933171,0.1717996284584155,0.0019983674067602,0.3904762163325279,0.4138270290889634,0.6884282052080175,726601.mp3,hiphop
106.63179138321996,156.60511363636363,0.5661688824379498,0.7195838623046875,0.1247047185897827,0.3525690073519414,0.6288216488291548,0.1001834911109045,0.0043032789914802,0.3,0.3488104396101683,0.675131610770288,484001.mp3,electronic
146.70800453514738,147.65625,0.6387047216037595,0.3734324340820312,0.171763077378273,0.2768781147736261,0.5288611284021182,0.2939714388834954,0.0002066283842923,0.6931559515990806,0.3235458862708792,0.6971255306020024,818601.mp3,classical
204.0,156.60511363636363,0.521053956535205,0.2762761993408203,0.1724320501089096,0.1682893981029709,0.3190596192342578,0.199284338165485,0.0003018608884438,0.2998581402721814,0.546985314552425,0.6526784751287225,1375001.mp3,chillout
83.9,161.4990234375,0.5197229359768993,1.0,0.2035747766494751,0.5833736751745386,0.8010619804141301,0.2612040890022848,0.0024096665386984,0.3,0.7172308496626848,0.6298407496612741,1304001.mp3,funk
105.03836734693876,123.046875,0.5552432633253612,0.349511489868164,0.0579603277146816,0.47446689408861,0.7890860416835689,0.4715425589269155,0.0007505012156469,0.7840474344872452,0.4447073007662632,0.6319242578240328,1226201.mp3,ambient
148.06204081632654,120.18531976744184,0.5476470328373814,0.669583625793457,0.0555884689092636,0.3372511126739816,0.5309559981784893,0.1530722069020909,0.0006296022020801,0.4401929793265013,0.5384079906314801,0.6123302506810389,374601.mp3,pop
220.00004535147391,95.703125,0.5915323181393892,0.4302916564941407,0.1822911351919174,1.0,1.0,1.0,0.0086267870079893,0.7326895533997329,0.64140625,0.6373435586690903,49401.mp3,alternative
183.84004535147392,109.9567819148936,0.5772557052492004,0.4766353759765624,0.1508512198925018,0.3662484957345526,0.6332353859296962,0.2769644273645136,0.0004491521083106,0.7342904399891927,0.3771698066775598,0.6788724778257886,1194701.mp3,chillout
253.1265306122449,120.18531976744184,0.5832372496379123,0.5580899963378906,0.1034124046564102,0.3575710112345486,0.6619492579133164,0.1967352892810678,0.0013038757640065,0.3,0.437940010455134,0.6496404635852808,129501.mp3,ambient
124.27319727891155,97.50884433962264,0.5792160482897695,0.7891236114501953,0.2149160206317901,0.5967198626056014,0.7586476655547184,0.9364910402023218,0.0006249314136911,0.7893972044939266,0.6287329819113257,0.6516231710451794,1131101.mp3,alternative
124.97732426303855,109.9567819148936,0.5398172452469954,0.660879150390625,0.1797321140766143,0.3922003370989967,0.7345478653093946,0.108928437914198,0.0107348830242045,0.3912788650793633,0.4274623853316613,0.6792110840012489,1086601.mp3,african
308.81650793650795,114.84375,0.5900472452868089,0.1739097747802735,0.483290284872055,0.5602775355162974,0.9235132976991623,0.4689460847240051,0.003608736170161,0.8005713493411201,0.5907777955332097,0.7558289434472979,1259701.mp3,hiphop
512.1567346938775,120.18531976744184,0.5861892432702855,0.6261630554199219,0.1669360548257827,0.3466745700177343,0.5882402112716667,0.1659253132405286,0.0009662607102481,0.9778003976202274,0.5251302287554958,0.6550709339861827,1414101.mp3,electronic
222.9551020408163,126.04801829268293,0.5613964281707888,0.6255288314819337,0.0638137534260749,0.5505206087843704,0.827398144999521,0.2951209351710263,0.0015739579657424,0.299999997409954,0.6447466292658627,0.5940236253802144,1222501.mp3,rock
139.9352380952381,156.60511363636363,0.6032538987391745,0.2532607727050782,0.1515941321849823,0.5197964497393682,0.8315387768471276,0.73135848033443,0.0006646612385997,0.8161091329212221,0.6029642896982363,0.6339810296469464,1158501.mp3,blues
208.0,90.66611842105264,0.5948386800426141,0.7736305618286132,0.1077234372496604,0.4466363642392016,0.6487178963861836,0.4541382821731767,0.0003340599588858,0.5505483979764701,0.5452122913563598,0.6297379791386059,1132201.mp3,easylistening
250.96126984126985,117.45383522727272,0.5784242823191548,0.2981560668945314,0.1210265830159187,0.2039844763644304,0.4267423601413487,0.1899789799581855,0.000427726462775,0.4323529151628517,0.463208546575119,0.650927860570707,1343001.mp3,chillout
177.5114058956916,109.9567819148936,0.5320584450794792,0.7084398880004882,0.0462863333523273,0.2031687414894164,0.2888241648205532,0.1220596914929253,0.0001670531577481,0.2554878346573527,0.4850551201949506,0.6196520559678477,390001.mp3,classical
293.23485260770974,120.18531976744184,0.6039730466411346,0.404125991821289,0.3041771054267883,0.5582886563993499,0.9882987830409812,0.3718027999822321,0.0032672894386346,0.7120790384230091,0.5057665138824645,0.7083504551771509,912701.mp3,ebm
126.08038548752836,135.99917763157896,0.5148672395209402,0.5207534484863282,0.1558098345994949,0.5174939189546806,0.6435678106320165,0.7159484346224677,0.0002697455876789,0.7379761017397478,0.7003479370966714,0.6160219530364839,38001.mp3,chanson
219.31034013605444,87.5926906779661,0.5435468538835824,0.6449394912719728,0.1165733858942985,0.8326903473643058,1.0,0.1003617864659324,0.0176396100015715,0.9224413387892778,0.5584969156498708,0.6302670357919734,1399901.mp3,latin
154.0,132.51201923076923,0.5844765991202715,0.3597048339843751,0.0891828462481498,0.7491271207567933,0.9228264032032648,0.6567629834609692,0.0023615760715632,0.7115234131382198,0.6866023402771975,0.5947853565938945,263601.mp3,alternative
234.9258049886621,156.60511363636363,0.568850580696542,0.3357177124023437,0.1850494891405105,0.6346857333082544,1.0,0.6875548885955872,0.0021715495226043,0.5868516818524272,0.6632172509272922,0.6339743659051253,1046901.mp3,poprock
444.0554875283447,161.4990234375,0.592585147139044,0.4247794342041016,0.2386364638805389,0.4984574275789782,0.7779647174296729,0.6012496110110652,0.0006560226871507,0.3568542948548228,0.6838542875365428,0.6491382694896854,311101.mp3,classical
221.320045351474,129.19921875,0.527409343407062,0.6584218902587889,0.0406110733747482,0.2955879963749874,0.6047436939444951,0.1140114357656192,0.0016925494818931,0.8210017672294794,0.4392945050608034,0.6267610854027487,970601.mp3,newage
165.32294784580498,132.51201923076923,0.5949016934103475,0.4184643249511719,0.2414519637823104,0.5627341190638431,0.7744574009075804,0.6789942449986297,0.0005430629200545,0.8001802589385795,0.681448041256818,0.6506330987102681,1317901.mp3,alternative
209.26666666666668,166.70866935483872,0.5645794349472238,0.7245339965820312,0.2314223200082779,0.4324092769400068,0.6478008752590102,0.2408936098237543,0.000523617397335,0.2999999999999351,0.586820022022349,0.6659480307985103,287701.mp3,hiphop
103.57759637188208,114.84375,0.5664308448930871,0.7306818847656252,0.1052502319216728,0.5269307178061138,0.8497131620853304,0.1680914811838098,0.0011868926257244,0.3120989933780442,0.4996605149634652,0.6379579804991092,1416001.mp3,chillout
121.91637188208615,143.5546875,0.5222224193715126,0.6502097778320313,0.0552876442670822,0.1887627543733117,0.3191123295642897,0.1912490536065139,0.0001233934223417,0.6365273965545993,0.2979422694851281,0.6603150980391239,238201.mp3,classical
158.25086167800453,135.99917763157896,0.5828513671892481,0.3243478393554687,0.2854396402835846,0.6380734562046552,0.8752238983302928,0.7922686988589496,0.0011508849381506,0.6314252047497196,0.7181611442464617,0.6591260416527981,1149701.mp3,bluesrock
246.87501133786847,139.6748310810811,0.579893573986543,1.0,0.2365936338901519,0.8759230008355795,1.0,0.3620519231761798,0.005470914154374,0.2999999999991377,0.7293496621621622,0.6393037757680222,1180401.mp3,dance
308.0108616780045,120.18531976744184,0.6007102573752552,1.0,0.0957943946123123,0.5439043855158238,0.8126988039383751,0.0929043052963511,0.0126961920282193,0.3,0.520428980660353,0.6304001859283618,1404701.mp3,deephouse
242.82666666666665,112.34714673913044,0.5655107901370001,0.2614089965820312,0.1833183020353317,0.7223701643872598,0.9640331324428608,0.6827199623114992,0.0033325075922776,0.6770284179078618,0.604096871971686,0.6451752143383822,165901.mp3,electronic
124.91755102040815,107.666015625,0.5457921712148891,0.9454361038208006,0.1021893844008445,0.3004871945930127,0.5060031254911445,0.2163174358509384,0.0006419455441436,0.8637323874216766,0.4010545247460692,0.6565772734350902,1381401.mp3,ambient
348.52566893424034,95.703125,0.5465092353605294,0.2357160034179687,0.3984056115150451,0.7177235652004111,1.0,0.5901816675062154,0.0031166158233641,0.2999999513819386,0.6514675088155092,0.7131325183823144,464501.mp3,world
237.79265306122448,107.666015625,0.5780060212391187,0.5928529129028322,0.1141528710722923,0.2368031000517298,0.4238632507028355,0.1674769756192826,0.0003001845889353,0.7251461441334663,0.4088294760229187,0.6593291383814416,349401.mp3,soundtrack
330.1877551020408,147.65625,0.5915823154008135,0.1635910034179687,0.3136923313140869,0.552982646206013,0.7491492533483689,0.9972427301362428,0.0003812721740419,0.9482831113493306,0.7061424478810979,0.6717007496968517,310401.mp3,metal
180.23993197278912,129.19921875,0.5428499620389016,0.7430311279296875,0.1322055459022522,0.454081524909288,0.8151120019715621,0.2400461882879698,0.0027820222742439,0.2999999999595754,0.5838898080590451,0.6308160349130018,890101.mp3,chillout
313.0420181405896,129.19921875,0.4855865989901072,0.4506371841430663,0.0910622775554657,0.1934870397536891,0.3126725871575367,0.2089396521468552,7.448535794826756e-05,0.5775029377955366,0.4043818422472414,0.6519060514705194,460301.mp3,classical
162.82122448979592,114.84375,0.6013204016884524,0.2723626708984375,0.183874174952507,0.5306265767320807,0.7151773913260844,0.7547459675666275,0.0004103065028539,0.8710876234517271,0.5396225114958544,0.6582702006837317,373101.mp3,rock
636.3166439909297,97.50884433962264,0.5654002475423596,0.6106879653930664,0.0493373349308967,0.4871092344122203,0.7183228954529544,0.4404584874559882,0.0004214574057512,0.2999999999999658,0.4964518968510221,0.6184710612049185,1193401.mp3,ambient
349.10147392290247,99.38401442307692,0.5747633217408159,0.3326459045410156,0.1077007725834846,0.3330257655899417,0.6254532130649196,0.2569623723506939,0.0008686334529598,0.6552720778678689,0.3928491475590699,0.6602024486182405,1171701.mp3,jazz
159.2888888888889,120.18531976744184,0.5530309206801822,1.0,0.0267404224723577,0.3082930921754732,0.5480148170276946,0.0861222160796784,0.0008495946622272,0.5088249894918837,0.3254388244226854,0.6445387872055117,1400501.mp3,darkambient
253.92755102040817,114.84375,0.5525432459705277,1.0,0.086623266339302,0.1646914530914335,0.3230722405687727,0.1282193962210287,0.0004431920930933,0.2998786094015025,0.3647447974704179,0.6582354163880652,1150101.mp3,electronic
237.14666666666668,161.4990234375,0.564039640797547,0.5969523010253908,0.0664582401514053,0.5092284318975091,0.8071504593106201,0.1533911955362761,0.0026598272687726,0.8026953978365532,0.5986810501870432,0.6041887564170974,14301.mp3,easylistening
135.45,109.9567819148936,0.5306120870673168,1.0,0.0998804122209549,0.3329862662641848,0.5422084505380992,0.1363775669127223,0.0010487908601955,0.3,0.4326821328921907,0.6494205218211057,80801.mp3,downtempo
194.79510204081632,139.6748310810811,0.5402442758314204,0.290933349609375,0.4273450076580047,0.6658323979078232,0.9450978822165172,0.40899614646066,0.0070670099447941,0.3259913370193062,0.7008012989476584,0.71368394296735,1296301.mp3,electropop
168.3492290249433,135.99917763157896,0.4876399496484361,0.3871468353271484,0.0215679630637168,0.3895222710724069,0.686101176883853,0.2586701337670573,0.0003642823964263,0.2999157625286991,0.6124625331055649,0.5852719600818251,1266901.mp3,asian
173.46666666666667,123.046875,0.5463226891866413,0.377943145751953,0.1822773665189743,0.5046614535329067,0.7269417797045616,0.5363336608871376,0.0007001810592173,0.3057463157756094,0.5354929796452732,0.6585212560177761,1333701.mp3,country
217.73925170068028,129.19921875,0.5812147736181291,0.5830060119628908,0.1144881695508956,0.6902399197534069,1.0,0.159175504418334,0.0185897876790449,0.959458836316198,0.6739580862766615,0.6064241237829902,1180801.mp3,dance
261.2244897959184,135.99917763157896,0.614169664716012,0.2647390747070312,0.6759682893753052,0.7886434297113597,1.0,1.0,0.0035015411520464,0.7373759791249697,0.659571591932476,0.8114342657886147,1345603.mp3,easylistening
207.4296598639456,139.6748310810811,0.5281069164880217,0.8706970825195312,0.1067113876342773,0.4996582249549456,0.6618777522192455,0.2239463133423521,0.0029105148830035,0.843047914874574,0.567093288316805,0.6249974418849789,1247103.mp3,experimental
371.41208616780045,156.60511363636363,0.5676576988231403,0.739593505859375,0.1874877661466598,0.587957930054636,0.8179819408346846,0.259651228127423,0.0018509083116214,0.2999999999999995,0.6229134478787403,0.6429129062370494,1343403.mp3,electronic
193.1715192743764,112.34714673913044,0.5408957329549628,0.434338134765625,0.0405580028891563,0.1299801783213981,0.2013779149107861,0.1721312989318366,9.885640714509396e-05,0.3729615761623063,0.3495278035050014,0.644695320339096,334703.mp3,classical
202.10938775510203,107.666015625,0.601883924622768,0.7873956146240235,0.2528900504112243,0.6421282252373991,0.7371069596523075,0.8756606128873627,0.0005890998727527,0.3449607160935555,0.5592983677773349,0.6791807445925738,199503.mp3,instrumentalrock
296.58537414965986,123.046875,0.5780051874084418,0.6870186614990235,0.1210503131151199,0.8097466110212378,1.0,0.2387499928393161,0.0035420959470315,0.2999999999999992,0.6643767309461364,0.6107027665322159,113803.mp3,ambient
274.2921315192744,105.46875,0.5401230613566437,0.6336885070800782,0.0896665677428245,0.2549644985711322,0.5353923450971145,0.1160819105863114,0.0020082033114762,0.5132138753303529,0.4619723684922497,0.6398854906889669,1408403.mp3,country
288.3134693877551,99.38401442307692,0.5799140267627576,0.6928980102539064,0.1974967718124389,0.7357451755510519,1.0,0.4211093367275784,0.0030592884996931,0.8663602529066465,0.6713005721424896,0.6368387234239802,81503.mp3,electronic
233.84616780045351,117.45383522727272,0.602967132886242,0.9019655303955078,0.1733185797929763,0.7175589862670179,1.0,0.1582190835313179,0.007901435472084,0.3,0.6765267566784838,0.6270893373897747,263203.mp3,electronic
208.0859410430839,90.66611842105264,0.5838080417133626,0.6574751739501953,0.1827991157770156,0.3756686403849999,0.6622685017375785,0.3113887361814926,0.0005488882650756,0.2999999999995686,0.3930474827799642,0.6871981851237328,653703.mp3,breakbeat
224.23510204081632,120.18531976744184,0.5536144365610434,0.3656403808593749,0.2706306874752044,0.5588872948667136,0.8545397124948121,0.5022369825044355,0.001005776046773,0.4039536063259666,0.5492023478943269,0.6875865779122082,1287803.mp3,country
245.6,129.19921875,0.5034117737379717,0.2924756469726563,0.2208058834075927,0.3184028793808817,0.6150848635875772,0.2900812239509774,0.0006885530981055,0.6504182772458214,0.5299242156943105,0.6735052748878713,1294003.mp3,folk
414.30204081632655,172.265625,0.5176500786132792,0.8805752563476562,0.2576839327812195,0.7161730302308811,1.0,0.1631046129998373,0.0221829767018891,0.3,0.7572150732294822,0.6413232011553426,604203.mp3,hiphop
146.19442176870749,143.5546875,0.5850647775701606,0.4441470336914062,0.1977029144763946,0.2624026334074561,0.5636457640659808,0.1897112797857114,0.000724147068988,0.5745466880643362,0.3789947950374234,0.6953740902040173,1328103.mp3,jazz
169.5880045351474,126.04801829268293,0.5794464792488375,0.572431869506836,0.1729415208101272,0.6959776507279418,1.0,0.4199970614163973,0.0054940324290502,0.2999999999999997,0.6807170799021063,0.6261155315112246,718303.mp3,70s
96.13061224489796,114.84375,0.5611648372431903,1.0,0.0534179285168647,0.2815103819719386,0.452712740643465,0.2734782237328471,9.27214429025874e-05,0.2999999159368297,0.3677912186448956,0.6456722105370922,238203.mp3,classical
185.3814512471656,120.18531976744184,0.6054849868489338,0.4444287109375,0.2862320840358734,0.5517329448457039,0.8745083750891832,0.5854926316046728,0.0017826104619135,0.2999999983411751,0.5196023173560917,0.6991230867816961,1414803.mp3,alternativerock
98.4881179138322,123.046875,0.5476026450816569,0.2780777740478515,0.152468740940094,0.1222319634693607,0.1611489483383925,0.2025522935568818,5.6145239368485074e-05,0.7096706654628759,0.5794876673171279,0.6389912132750082,150803.mp3,classical
148.58750566893423,99.38401442307692,0.5822159007296883,0.4207732543945314,0.1607383042573928,0.4413734553376978,0.710683165814898,0.2992531809840327,0.0007077679178702,0.6242080413392139,0.4461003816885086,0.6686457131949597,1287603.mp3,classical
169.0,123.046875,0.6017664019605827,0.406545440673828,0.2508018910884857,0.5732531518043529,0.9108964464575032,0.3244818937163748,0.002099150031559,0.6430814088350918,0.6263427905099946,0.6650201226898559,1353303.mp3,chillout
210.8372108843537,117.45383522727272,0.5640350457517416,0.4072184753417969,0.0708242356777191,0.2434926468306439,0.3194874011321814,0.3822046975494258,3.5415437973818846e-05,0.7802671768072582,0.39092332285311,0.6473120602733569,155503.mp3,electronic
356.6250113378685,166.70866935483872,0.5670366531199369,0.4970765228271483,0.2635247111320495,0.2816510268491078,0.4772503908305013,0.3342678242200092,0.0001469994614906,0.299999999919084,0.3479039666606012,0.7252881026754177,1409403.mp3,electronic
184.5,156.60511363636363,0.521357904919579,0.4432676544189452,0.2465602606534958,0.4626311146140713,0.7589149431274851,0.3230497934226762,0.0011581323027553,0.2999999999513496,0.6620876314650381,0.6563441675422508,1179403.mp3,folk
180.0,120.18531976744184,0.5383428650733821,0.6565267944335937,0.1975667476654052,0.5649629779697715,0.9267047902739802,0.3038957688338493,0.0040182965837496,0.7669582597316502,0.6068978423606599,0.6497444606874139,1383803.mp3,easylistening
155.0,112.34714673913044,0.522067839870067,0.7634796905517578,0.0727359503507614,0.2076810373112264,0.4170666289828598,0.1621089860812472,0.0003148226868349,0.4906015399071176,0.294948390197907,0.6671952640866927,1167103.mp3,blues
444.26961451247166,107.666015625,0.5910060548435546,0.6098139801025391,0.1225791126489639,0.4315217128821965,0.6109484347882584,0.261944858558001,0.0008013541201041,0.9704538142061984,0.5549293557192752,0.6331426094097721,133103.mp3,electronic
258.54063492063494,105.46875,0.5176847804987132,0.583858856201172,0.1142815947532653,0.2755454723852402,0.6878212343384899,0.1323241649498537,0.0015603968578844,0.2999999833677223,0.4595339015228222,0.6492345938066111,181803.mp3,pop
155.0,120.18531976744184,0.538054660538758,0.5351983642578125,0.0460839010775089,0.3101376108180066,0.4170365321808491,0.1556795782173985,0.0002853545090519,0.2911007351223111,0.4053734924730583,0.6355155058932916,1170403.mp3,classical
279.22392290249434,123.046875,0.5901630270892869,0.5465573120117188,0.198415607213974,0.5828461916716606,0.8623687481442864,0.3954529551532262,0.0011578001225086,0.2999999999928894,0.6565380841716053,0.6401220017627096,1413903.mp3,dance
213.8122448979592,123.046875,0.5552877801985965,0.8025877075195312,0.1527372151613235,0.5926964035972173,0.866590733503588,0.2974280125599757,0.0030415859502304,0.5119842718908858,0.546285464975294,0.6457283044630178,1396603.mp3,80s
168.2818820861678,120.18531976744184,0.5327347893570359,0.59845263671875,0.2108532488346099,0.4480246979633974,0.8290800239893404,0.2869002767985596,0.0017343998884499,0.5430485586345398,0.4771834553244568,0.6804704785155683,1347103.mp3,pop
128.6035827664399,139.6748310810811,0.502684358170111,0.5346685180664061,0.077801376581192,0.4475058420102482,0.8310323448387033,0.1908965401832406,0.001617935279152,0.5534723861683339,0.5173756046995712,0.6245333746293149,1321603.mp3,bossanova
442.200022675737,99.38401442307692,0.5693009401682154,0.563123161315918,0.1211021468043327,0.4669713611972389,0.806238838087651,0.2826402016383113,0.0011399161896725,0.3641824642199978,0.4535849457493152,0.6528797836996967,1305603.mp3,darkwave
185.52809523809523,151.99908088235293,0.564386637939687,0.4765753173828125,0.1412198096513748,0.2764993923797523,0.4849473904551907,0.2263465304072976,0.0003300229809778,0.3400987818527933,0.4863946170611645,0.653560208062262,38403.mp3,pop
193.86666666666667,139.6748310810811,0.5887262695575666,0.3282142333984375,0.13873390853405,0.6196703274710585,0.9038890804350556,0.5761548449666185,0.0012082897524598,0.2999999995940927,0.6162294989740852,0.626698307277441,168403.mp3,alternative
1477.5968934240364,105.46875,0.5372011651722981,0.4429395141601561,0.1623080670833587,0.2688983653209384,0.5027252422108947,0.2083110805336072,0.0003821035632281,0.5476449079928607,0.3830827938720748,0.6818143453755943,36603.mp3,easylistening
360.05986394557823,120.18531976744184,0.6012498327428413,0.2460870971679687,0.2013812512159347,0.5474416914455462,0.7846037515126689,0.7146906922588718,0.0004943048661057,0.4839518383879959,0.5427821203699427,0.663940826363748,1179203.mp3,electronic
185.1559183673469,129.19921875,0.593013510657586,0.5535396270751953,0.1185101568698883,0.515975840509823,0.766764752502822,0.4227242628561466,0.0013682036665626,0.6856523037743945,0.5328837269231796,0.6360869110885239,1131403.mp3,club
85.0,123.046875,0.492440035865092,0.9072747497558596,0.0474282763898372,0.3708146254013127,0.6171653184670793,0.260368018867296,0.0006380120929624,0.2999103163191933,0.4812403797417342,0.6208261035519946,1070703.mp3,classical
215.0922448979592,139.6748310810811,0.5727597007029083,0.4804148559570312,0.2238264381885528,0.6415250847528066,0.9241848463428198,0.6319251928958001,0.0016424401187945,0.8191218808084642,0.6992941362940407,0.6407186904890709,23003.mp3,electronic
168.5681632653061,123.046875,0.574944569074505,0.4182642517089844,0.2641317546367645,0.619022625402075,0.92104329766081,0.6817382248202647,0.0028776457245753,0.2999999997331601,0.6647796937773439,0.6621314929137664,875003.mp3,alternative
109.71428571428572,105.46875,0.5241990727916996,0.5558790588378906,0.062449961900711,0.1951084363426564,0.2470162664829888,0.1267327499219336,0.0001847437492033,0.4771212435152787,0.3870724944946155,0.6450674873853329,646803.mp3,ambient
1099.969954648526,109.9567819148936,0.5668164065404229,0.3894242095947265,0.1071458980441093,0.4509279426870725,0.8108678092494438,0.2329742484497377,0.001733282770414,0.9034161334324124,0.5444905509000608,0.6296744131158671,1088103.mp3,jazz
448.0522448979592,126.04801829268293,0.5699505899311837,0.8970094451904298,0.2249297201633453,0.4677808603738738,0.7723191057458237,0.3024141241334679,0.0013304843644659,0.2999999999999866,0.4958115947867166,0.681812380301461,518603.mp3,easylistening
472.3636507936508,109.9567819148936,0.569227517982004,0.8060309906005858,0.1480655521154403,0.4320134341960392,0.759518772995985,0.139415538132573,0.0066918549832397,0.3,0.5412531970565196,0.6450529593502546,251903.mp3,ambient
884.1404081632653,161.4990234375,0.570013977271849,0.5477808685302733,0.1431637555360794,0.3634958393509179,0.6561264222708013,0.2076857740765342,0.0010541367308923,0.2999999998728234,0.3709325975724102,0.6773524324785066,1106003.mp3,ambient
143.5626984126984,129.19921875,0.6182768170008824,0.6793325805664062,0.2017646133899688,0.523751943642081,0.8515618489940947,0.205648059391802,0.005749042706679,0.3914234055825732,0.6036734728303003,0.6519005662543288,1121403.mp3,gangstarap
235.01,129.19921875,0.5695440862241116,0.2537250976562499,0.1771079301834106,0.7029323372748959,0.987516273544936,0.8488814561612988,0.0031958680748047,0.7002154901081233,0.6213098249667257,0.6394968898726827,362403.mp3,latin
176.82666666666665,123.046875,0.5972904955011933,0.4038511657714844,0.1868248879909515,0.6139700671784613,0.8752763151392476,0.496414405152521,0.0025442715345253,0.2999999990663386,0.6049737817816185,0.6462622033204188,1236303.mp3,fusion
213.5102267573696,117.45383522727272,0.5620117672826789,0.3258917236328125,0.2656662762165069,0.5911111583001729,0.7492055494187372,0.6208948968941596,0.0004573358807258,0.4219644120058877,0.6756894026000035,0.6605019789179418,973503.mp3,blues
514.9466666666667,126.04801829268293,0.5154902588897485,0.7368579330444337,0.0403660014271736,0.3495904836373109,0.5809025643943952,0.1214409127452414,0.001319232354421,0.2975803321138817,0.5469045199168477,0.6051508565304129,270103.mp3,classical
612.989387755102,126.04801829268293,0.5974551786099207,0.4497107543945313,0.2368485927581787,0.655288578769775,0.8199869828556635,0.411638247028884,0.0024518755337365,0.8441500424850203,0.6840844122315208,0.6484486109466402,1397903.mp3,pop
240.0,105.46875,0.5799410592950016,0.668127571105957,0.092011421918869,0.4428749155762146,0.6881127830368412,0.4519991693724987,0.0003708646221129,0.3912484444943623,0.5721089340175298,0.6187023250872868,1398803.mp3,ambient
143.25551020408165,99.38401442307692,0.5550643297145361,0.4974137344360351,0.0661200508475303,0.4245130731725691,0.7484470508423194,0.2169221646835593,0.0013220091713473,0.3485489861156925,0.4291440907728051,0.6379744001505498,128303.mp3,easylistening
204.06666666666663,109.9567819148936,0.5268030019053478,0.633901885986328,0.1118065193295478,0.3451727530539684,0.6029233309208066,0.2712877277262276,0.0002561197581801,0.3249868034829379,0.4314547346308284,0.6539594000324715,1051203.mp3,folk
81.52229024943311,99.38401442307692,0.5432491683994265,0.7105663604736329,0.1268180310726165,0.3462420181319766,0.675822305593482,0.1743892018811957,0.0019084761257046,0.3395296147319559,0.4883278013049526,0.6479889309251514,1265903.mp3,blues
306.61986394557823,90.66611842105264,0.570268635226203,0.2422174072265625,0.209178626537323,0.4046658623562638,0.7629604225748168,0.4206828086227929,0.0012379782602133,0.299999999999999,0.4942157204941942,0.6764611614545974,372603.mp3,chillout
217.96,87.5926906779661,0.5746008251684493,0.3428999328613281,0.0842990800738334,0.271961486699957,0.6110690975184863,0.3188810680053109,0.000210175225143,0.5381850809270099,0.3443780266207265,0.6614720635024347,1219603.mp3,ambient
268.4210625,127.8409090909091,0.60006017245962,0.7307833099365234,0.1750811636447906,0.7405494649710779,1.0,0.2339718831323023,0.0060013003167889,0.4204296846564794,0.5310043659725192,0.6568283457176208,1136903.mp3,dubstep
117.92430839002267,103.359375,0.5272476389291547,0.7759414138793946,0.0222371779382228,0.2020953804007077,0.3598819285439928,0.1152872420632062,0.0012533052996699,0.2999903410907621,0.3665874007553835,0.6346879039066835,1193303.mp3,chillout
231.09333333333333,123.046875,0.5944381715509528,0.1954369812011719,0.2435881048440933,0.57429689617152,0.7680198585287245,0.7906641914949669,0.0005400978541744,0.5679568609529189,0.560521667759911,0.6755873841918915,400403.mp3,rock
412.60408163265305,139.6748310810811,0.6072616458791325,0.3016388244628906,0.4665017127990722,0.5468455159582636,0.8319699245070348,0.582960251842874,0.0006406260044074,0.8218689425411496,0.638306267127065,0.7402793631822531,454903.mp3,electronic
309.2133333333333,135.99917763157896,0.5643851059234105,0.9132554092407228,0.0967241302132606,0.8344019192657923,1.0,0.4720231063540642,0.0126979744556735,0.4535484168086668,0.7555109501841235,0.5837184968399491,271103.mp3,electronic
573.3496145124717,120.18531976744184,0.5838123762516034,0.619225128173828,0.077754832804203,0.2631703643553051,0.5253654551139126,0.1702453346898559,0.0004554027762312,0.2998754265286618,0.3372759056825478,0.6605365586730035,1395103.mp3,ambient
168.0,151.99908088235293,0.5451744412044197,0.8503160095214843,0.0554179474711418,0.1208901253492419,0.2163869047833488,0.1176273488945932,0.0003678000200038,0.2999936708336283,0.270495223018848,0.6658514164858415,1210603.mp3,atmospheric
375.7030625,85.22727272727273,0.5911862468524014,0.6777419281005856,0.1159907579421997,0.4328553792025609,0.7009912983235013,0.1882580880148295,0.0004983338034249,0.2999999999999989,0.5154344138317549,0.638669790092841,1137203.mp3,ambient
384.4193877551021,135.99917763157896,0.6234203493455277,0.5503322296142579,0.1318662762641906,0.1286888476303979,0.2294462769703987,0.1928281840199411,0.0001229358966783,0.47664630860903,0.3021490665902912,0.6870420461370504,1150403.mp3,minimalism
308.0108616780045,120.18531976744184,0.60892241194844,0.683250473022461,0.0764965936541557,0.7354937390181493,1.0,0.171584860213472,0.0048670066388299,0.6312545180150166,0.6966238757523875,0.5882139985650185,1234703.mp3,gothic
274.05061224489793,120.18531976744184,0.5993767736513749,0.72378759765625,0.144877940416336,0.8588546654573666,1.0,0.4823225753121755,0.0061225140721833,0.6393984532645297,0.8003279493586981,0.5920904686781413,1381003.mp3,dance
558.332902494331,123.046875,0.6263020462668683,0.8823666381835937,0.0056637809611856,0.312253600812868,0.8750166632199674,0.0586212825177471,0.0071510692146604,0.2266558758163781,0.4622443327694049,0.6095900945921459,1400803.mp3,darkambient
185.76,120.18531976744184,0.5822416234253966,0.2302131652832031,0.2401382178068161,0.8768567174120746,1.0,0.6891971690793717,0.0127014043949658,0.6801661755058629,0.7378360787066542,0.6388825426691229,953503.mp3,hiphop
213.0133333333333,123.046875,0.5583323723239657,0.4491739959716796,0.2033583968877792,0.5769036334565919,0.9237020325637164,0.3179670011219405,0.0028748226388074,0.60789619832966,0.5364953101722469,0.6659099608451511,1194603.mp3,jazz
123.21573696145124,126.04801829268293,0.616339640139177,0.7247084197998048,0.0673942044377327,0.4736364617797339,0.7701853861041825,0.3305233112634528,0.0005574116327417,0.6746655698941079,0.5107131001246176,0.6221192935726603,1346603.mp3,darkambient
755.8791836734694,139.6748310810811,0.5578960834312652,0.4644656982421875,0.1367630213499069,0.4292973088302264,0.5931983729502748,0.3269976964748836,0.0004497501327846,0.6058169663797812,0.6328496436052464,0.6226647589649172,1146203.mp3,ambient
85.49984126984127,120.18531976744184,0.5622774385723623,0.917077941894531,0.1907871663570404,0.6359365872330007,0.9549065806313668,0.3010607189574951,0.0033997719061558,0.8370954742777599,0.5770467309290132,0.653274033702732,153403.mp3,easylistening
470.2411111111112,135.99917763157896,0.5645067334222187,0.3006892852783203,0.1023828312754631,0.1813103790475832,0.3445757200406002,0.1736551162667463,0.0002066134085651,0.2997945266792475,0.3435828029221297,0.6681412586747408,1066203.mp3,ambient
114.12897959183674,166.70866935483872,0.5762706423499817,0.9818485260009766,0.323562353849411,0.4037010204096003,0.7387889603592392,0.2693054077321365,0.0017277290542334,0.2999999951056613,0.5432172632251586,0.7078389947407562,1400603.mp3,folk
73.85095238095238,129.19921875,0.4041310686757512,0.7198051452636719,0.0780983865261077,0.1554216062723637,0.1833396608220797,0.1594480082515021,0.0001409105732144,0.3552993031869758,0.3464316535823182,0.6588290884329352,1345303.mp3,baroque
269.9504761904762,135.99917763157896,0.5863054269631154,0.3018497009277344,0.1071855276823043,0.596571418542668,0.7440112921510419,0.9815054986090888,0.0004775781796993,0.8790348869074104,0.6254196053056716,0.6135028689044952,1393403.mp3,alternative
172.95780045351475,114.84375,0.6147452027483532,0.30622998046875,0.2733417749404907,0.6031575951390954,0.832774606488103,0.9197263341944736,0.0008867474971031,0.2999999998510461,0.5728737703146188,0.6838282849156528,429203.mp3,grunge
595.2,99.38401442307692,0.559753234339059,0.994273468017578,0.0239719878882169,0.2624715353621956,0.5097113510322103,0.130088532203714,0.000935286704186,0.2999999971136465,0.3807764666736729,0.6324746223050235,1150903.mp3,ambient
228.809433106576,151.99908088235293,0.590785496638054,0.4762982788085938,0.2423617839813232,0.6128452744112362,0.8293539417391389,0.6403955602801247,0.0013961175705538,0.8813504081941099,0.724458958318578,0.6423584505695608,1325603.mp3,electronic
151.77496598639456,120.18531976744184,0.5485778611068393,0.917980224609375,0.0425623282790184,0.2889564292638391,0.475241120431959,0.0451386491987768,0.0023472544049887,0.2844269348465747,0.4407587257816551,0.6271706930241157,702503.mp3,soundtrack
117.89167800453517,120.18531976744184,0.5492571727257469,0.5115078430175782,0.1433351337909698,0.568852168771325,0.8880356141785135,0.301303935343637,0.0024527782801043,0.3889155901099137,0.6299221810814816,0.6256162119484528,1357303.mp3,middleeastern
272.7857142857143,139.6748310810811,0.6145376560353836,0.1106890869140625,0.3336881697177887,0.6814791185514879,0.866558828847482,1.0,0.0009026819979842,0.5621408411821892,0.6757991967317247,0.684967901752059,159203.mp3,deathmetal
190.3542857142857,114.84375,0.5368782720628424,0.6817303466796875,0.0761980935931205,0.502369431640549,0.7323530337850118,0.1688166060728672,0.0019696571587462,0.6877444617938537,0.7021335292238033,0.5870046078487627,296703.mp3,folk
192.6018820861678,172.265625,0.555668417662534,0.7515988998413086,0.1747485101222992,0.3837135133812117,0.7170933358725354,0.1679295490965759,0.0018858726153536,0.2999999999999974,0.6650024511112764,0.6299089734217724,480703.mp3,ambiant
136.74666666666667,90.66611842105264,0.620687116673192,1.0,0.0563948303461074,0.4485724965920585,0.673619371418722,0.0629686150838925,0.0073876440604315,0.6690682929167318,0.5398857696092726,0.6123249850027441,6703.mp3,electronic
63.99466666666667,93.75,0.5799465340373963,0.2584236602783204,0.2141968607902526,0.392331397577238,0.6835167151905163,0.7370715447154472,0.0003907526681144,0.8987887248163302,0.4892846723109761,0.6792539354222957,697303.mp3,electronic
171.5461224489796,139.6748310810811,0.5599758057753008,0.2861346435546875,0.135011538863182,0.6873967483706036,1.0,0.3857732380788886,0.0046397457795965,0.6100564955706311,0.7109171768003262,0.6064207186306804,1374703.mp3,alternative
300.56489795918367,114.84375,0.6056319593418495,1.0,0.154278427362442,0.3516676289433571,0.7433985967694292,0.2092158926147181,0.0025304630961158,0.2999999999999995,0.416094249084694,0.6723213840335404,210603.mp3,electronic
369.08408163265307,129.19921875,0.6008930973211748,0.5052467346191406,0.2346870452165603,0.5488075080857415,0.930195511337552,0.1956141905478694,0.0034454300189516,0.3,0.5188947536905398,0.6807083855398537,1414203.mp3,dance
250.85809523809525,132.51201923076923,0.5564026660831112,0.8457284393310546,0.2168177515268325,0.6170901874084328,0.8582634240207783,0.391418715742137,0.0027360120062253,0.4858127760937883,0.5803663786193668,0.6619811148257864,1081703.mp3,trance
180.3890022675737,129.19921875,0.4976574560613397,1.0,0.0706525146961212,0.6828313051680607,0.9300443383268476,0.22763170700313,0.0045438717132635,0.44704736497685,0.6220295607092503,0.6010289931487536,1392203.mp3,progressive
132.3653514739229,109.9567819148936,0.526952441017597,0.6734939880371092,0.196466863155365,0.9232310741942652,1.0,0.2719398821772816,0.0094330726138642,0.8027482374433217,0.7599135638297871,0.6187453579699739,1064503.mp3,ambient
331.18174603174606,129.19921875,0.5984035806422086,0.3332785034179688,0.3425533771514892,0.5595875733223743,0.8028145503517301,0.6163617957430363,0.0012858243026367,0.7722541588888319,0.6364917610061351,0.6960208635733091,1234503.mp3,club
278.24256235827664,126.04801829268293,0.5752604544727034,0.3740323638916015,0.2340736091136932,0.5209226076732709,0.7809259142007904,0.5990549620091878,0.0007614590211245,0.9391240041176708,0.5438631979076308,0.6754938596994033,347603.mp3,pop
301.8604535147392,129.19921875,0.5932635067043988,0.8468296813964844,0.1655443906784057,0.597552995103742,0.7889364201368276,0.2001052492352545,0.002679607880663,0.3,0.6113728389118918,0.6373214128618477,322103.mp3,electronic
495.39984126984126,120.18531976744184,0.6177623211615808,0.211019287109375,0.2052395790815353,0.3304618901653426,0.6618224274237375,0.3293013876448905,0.0006239780951174,0.8259176959800913,0.4233459876357329,0.6892170509422062,1178803.mp3,electronic
209.37501133786847,109.9567819148936,0.54044071664453,1.0,0.126254454255104,0.212931753387418,0.3898401396189132,0.1850372243672533,0.0004140448381056,0.2999993118022205,0.3789767454536032,0.6696562544411168,1127403.mp3,classical
151.51562358276644,126.04801829268293,0.5834417584452947,1.0,0.0871726050972938,0.3258000770847143,0.5362867216157258,0.1078096996585627,0.0011980720658356,0.2809760843985024,0.5942052499527355,0.6125410878444787,1261203.mp3,world
104.57142857142856,139.6748310810811,0.5976210906779521,0.2393563690185546,0.2846251428127289,0.5746889199779037,0.838563397874794,0.5880615604557466,0.001345635789225,0.2999999999994873,0.6052082126495334,0.6814234088826758,31503.mp3,pop
360.1,132.51201923076923,0.6065958661000698,0.7235890045166016,0.1499519199132919,0.5729120438714351,0.93406356347564,0.1251889404472921,0.0022391797562963,0.7468250219955019,0.4948445350052588,0.6550137841677333,45103.mp3,easylistening
150.0,123.046875,0.5117768880852358,1.0,0.0529453717172145,0.3576889069527147,0.5795223157022152,0.1392226081703541,0.0012335414014512,0.2859207894791522,0.506502348580101,0.6177598641021771,1389203.mp3,choral
148.8,99.38401442307692,0.5788680546772558,0.3528141174316404,0.1971787065267563,0.4522778193039972,0.7257391287836236,0.3886218189637619,0.0008619282727956,0.3,0.4475888447794716,0.681466565393738,1196203.mp3,ambient
300.92308390022674,129.19921875,0.5515642080326165,0.7384010467529296,0.1809027940034866,0.80608378048629,1.0,0.2132413053297199,0.0120931913130365,0.4322827992297046,0.6531960946542245,0.6344857869104102,1371703.mp3,atmospheric
79.71428571428571,105.46875,0.4906905460258498,0.6370771789550782,0.0497241951525211,0.4655966618457038,0.7238737154188936,0.2561909734431551,0.0007637869417937,0.299995611158088,0.4898805517563874,0.6199245999036301,275803.mp3,soundtrack
166.55802721088435,166.70866935483872,0.5174473834962436,0.4023506927490233,0.0874932780861854,0.1714253280323517,0.2074184779075227,0.1784678363964931,9.00536064045097e-05,0.5660956528008281,0.4782772585574101,0.6358421283995448,1241403.mp3,classical
142.34666666666666,126.04801829268293,0.5983595004427824,0.2222244262695312,0.248947337269783,0.4262560873575717,0.6503846070031186,0.7817935512362219,0.0002452223183811,0.3700581775124269,0.539383039975776,0.6817444334219667,7203.mp3,punk
157.83735416666667,127.8409090909091,0.5619127791499885,0.3967728118896484,0.2338180243968963,0.3288296112500604,0.6212329300199639,0.3502764051832976,0.0002702840844956,0.2999999997382894,0.4430683018878661,0.6955608284053094,1115703.mp3,indie
173.62501133786847,156.60511363636363,0.5744522590076601,0.2118428039550781,0.2820737659931183,0.4997769254885377,0.8465631469798905,0.6019567646027514,0.0009196287266665,0.5443736973248658,0.5840485136199195,0.6847368530335387,564203.mp3,metal
278.2884353741497,120.18531976744184,0.5683857437936862,0.2832882995605469,0.2083494514226913,0.2023465970496688,0.4731036140594528,0.1767856161665496,0.0002917306193353,0.4172028340073602,0.3832309968177432,0.6983596031486203,965603.mp3,classical
198.9,99.38401442307692,0.5512248562697328,0.4346911315917968,0.1444086730480194,0.4032563376841669,0.7549894757704307,0.241069059184638,0.0014031128557213,0.6964039666084689,0.5294316774964157,0.6461007867980039,1388303.mp3,classical
417.1134240362812,117.45383522727272,0.529949125681161,0.5955182876586913,0.0712494477629661,1.0,1.0,0.6733468291596744,0.0034423033396708,0.299999941946755,0.6849076704545455,0.5886682671037587,253303.mp3,ethnicrock
369.0,120.18531976744184,0.5078528625562349,0.5657038574218749,0.1657726615667343,0.6975421064451761,1.0,0.2401774477724641,0.0058728428659457,0.7833774461301766,0.6629942807439313,0.6270793020152381,1053503.mp3,club
288.8817006802721,114.84375,0.5857830726480577,0.6218632659912109,0.1329598724842071,0.5825663430398708,0.9268017601910165,0.2601793956692932,0.0013580741865451,0.2999999999999641,0.5354432874111954,0.6407768966120755,633103.mp3,electronic
150.0,107.666015625,0.5668989427808435,0.3280096893310547,0.1139199063181877,0.2054751543402316,0.3886814468609293,0.2140553499962244,0.0001901726669627,0.5384426709228346,0.4753945692303752,0.6459322524284725,1299803.mp3,ambient
225.1528798185941,139.6748310810811,0.601427903683241,0.6190014953613282,0.1867087632417678,0.4424512829763349,0.7677883623013309,0.353037021759307,0.0017393970194557,0.2999999999999975,0.5086784134936699,0.6654794720683025,243403.mp3,electronic
293.472335600907,105.46875,0.5694403571145326,0.5161010131835936,0.1717355102300644,0.4585101428887692,0.891454729123616,0.1311692998249707,0.0058784530442119,0.4654889437569909,0.4382791006328854,0.6741689635562461,1121103.mp3,jazz
342.6742857142857,90.66611842105264,0.6003967967582504,0.6675227355957031,0.1552656292915344,0.4285366330877909,0.7211628351812662,0.3109422256304145,0.0004962334630767,0.9274312758108024,0.4260004206214049,0.6706955424206714,218703.mp3,electronic
212.4269614512472,161.4990234375,0.5920233230489206,0.1761214599609375,0.2988085150718689,0.5160728397355965,0.7828527849243314,0.6860202325584496,0.0006971656257432,0.4682186820912979,0.6935108132081722,0.6688689027842384,1119003.mp3,rock
172.10206349206348,172.265625,0.5132999516723276,0.537440673828125,0.13143290579319,0.3424699498760166,0.5666749792178877,0.2430567438432074,0.0005079586691519,0.5679253594256155,0.6619884326002103,0.6149181595655063,1318103.mp3,classical
207.4122448979592,87.5926906779661,0.544741400302245,0.5485604095458985,0.1343128979206085,0.5725859630456941,0.825135884101928,0.3712687677643596,0.0014359944481411,0.9394500630942324,0.4878992854303525,0.6507727861653486,1074803.mp3,dancehall
149.0,90.66611842105264,0.5199377424227847,0.4054923706054689,0.101576492190361,0.303631297040475,0.5013221441972919,0.4089210443296578,0.0004483848278144,0.4093879271516806,0.4659611766449231,0.6433753018595454,1385303.mp3,postrock
312.4395238095238,103.359375,0.5541296221203935,0.3839772033691407,0.1288798004388809,0.2323710623645532,0.4743048028841084,0.2852010890055393,0.0001684695059163,0.7409803878472863,0.3666692268932526,0.6730628827793466,1194703.mp3,ambient
30.137097505668933,117.45383522727272,0.589072097910781,1.0,0.1110657081007957,0.4104483335042538,0.6002374422323857,0.3225994964109888,0.0002530339219143,0.2998070800191461,0.6082506408924349,0.6183335267377994,1274103.mp3,chillout
192.16,151.99908088235293,0.53499297161385,0.7683370208740233,0.189778447151184,0.7838600853926931,0.9923528480023892,0.3853225312098457,0.0046076939679647,0.806076723305843,0.7442386213439853,0.6194725167056292,1319503.mp3,pop
223.7098866213152,105.46875,0.600202295851535,0.7677661743164063,0.2961027920246124,0.6185639460291079,0.8535914821770703,0.4603876566556417,0.0013747034939046,0.4324655959809954,0.4893636188516763,0.7087242813585253,193603.mp3,electronic
236.9321315192744,120.18531976744184,0.5503410874931849,0.3134378356933593,0.2000102698802948,0.4567427012936447,0.8828932279389533,0.3122787811570785,0.0028488153129663,0.6117673412255811,0.4784791484284634,0.6763078674712135,941403.mp3,indie
212.7582766439909,120.18531976744184,0.4888523820521111,0.3497297668457031,0.0740347653627395,0.2307159263251604,0.443724702477368,0.1213906405134115,0.0009219884941451,0.3583817547397769,0.4954514170618248,0.6275622321182213,1347803.mp3,ambient
480.0,114.84375,0.5497152043392888,0.7187346649169923,0.0996623560786247,0.4925297268030535,0.8747679904613215,0.2290750302046364,0.0013388688332874,0.3,0.566609451492027,0.6225565578898995,950503.mp3,electropop
87.25197278911564,117.45383522727272,0.5970197615016435,0.4891296005249023,0.0744555369019508,0.0980327541541327,0.2474720955116286,0.1779949116681161,0.0001247536816525,0.4654864532064706,0.2404470138362314,0.678714590517456,1384403.mp3,ambient
264.25333333333333,117.45383522727272,0.561516174483894,0.3828448486328125,0.1967280060052871,0.8749786749096343,0.9394146426688926,0.7422814591926069,0.0017840744484049,0.5767088140618033,0.6849076704545455,0.6338405480709942,1160603.mp3,funk
291.95521541950114,107.666015625,0.507950526241711,0.8764817199707033,0.0334961712360382,0.1685862947570199,0.3174194917360791,0.063871266222902,0.0029092849601119,0.2995733756014879,0.3638638177007176,0.6392858581048302,1048303.mp3,ambient
219.42857142857144,139.6748310810811,0.5657646161955289,0.2889909362792969,0.2013178914785385,0.2829902456870157,0.4729751927814702,0.3309764227212136,0.0001762460627433,0.4831805688623155,0.4691327160843129,0.6786478977154112,1378003.mp3,atmospheric
276.1404081632653,120.18531976744184,0.575123086312149,0.6119483642578126,0.0718166828155517,0.2857574179962352,0.5358686234280303,0.1561880053528305,0.0005537379654146,0.2999962527053295,0.4185752298049116,0.6421389598526164,387403.mp3,atmospheric
274.2857142857143,126.04801829268293,0.5448258435966953,0.4488626861572266,0.1888363361358642,0.553200782337046,0.875483149559393,0.4014248461285933,0.001257272128227,0.299999999996509,0.5486020521613737,0.6582606705766364,1153403.mp3,dance
167.44489795918366,99.38401442307692,0.5633689449985532,1.0,0.139976754784584,0.3323988603841855,0.5982465272384152,0.1365944976096783,0.0006316532607724,0.29999999998709,0.4019496958376103,0.6700016925549281,1209403.mp3,chillout
39.99868480725623,139.6748310810811,0.549086631278423,1.0,0.0508943274617195,0.4375646705652503,0.627099789812099,0.1431465254873094,0.0023981835780571,0.2988380974920703,0.5998850146741042,0.5983449549513982,893403.mp3,classical
116.63414965986397,105.46875,0.5484795012965957,1.0,0.0448647104203701,0.2093367289194851,0.4271374527329861,0.0740106863594763,0.0012081358129956,0.2996358441166857,0.4639398620969958,0.623363323331934,1110303.mp3,ambient
181.0,147.65625,0.5454963680757954,0.7441315460205078,0.0516113750636577,0.2505788235055552,0.3470692841361432,0.24486140378048,8.916675507349557e-05,0.2999997776147467,0.3400798438670913,0.6505641262494986,1357103.mp3,classical
528.770612244898,143.5546875,0.5922423753616615,0.5545335998535156,0.2148697972297668,1.0,1.0,1.0,0.0160667282282724,0.3,0.827109375,0.611931252002716,18503.mp3,electronic
254.6533333333333,166.70866935483872,0.5664908471617671,0.49495263671875,0.1939356476068496,0.559243694651611,0.838221447680228,0.4248276782289135,0.00134057169405,0.299999994273496,0.6458244093693889,0.6406519512645881,434903.mp3,pop
223.21632653061224,123.046875,0.5791171188374022,0.17621435546875,0.14554463326931,0.6879957112379759,0.8772800900267161,1.0,0.000518469891175,0.7537077552109325,0.6538394669926739,0.6216281745784168,230903.mp3,blues
70.06185941043084,95.703125,0.5653821549206097,0.748055130004883,0.115837424993515,0.7146701631310736,0.8790258569100892,0.2632941984763675,0.001633627111296,0.9211370809420658,0.6893690476178969,0.603827663474086,219003.mp3,easylistening
291.3175510204082,90.66611842105264,0.5625535535890183,0.790180679321289,0.1739442944526672,0.4667359903010344,0.7439445984394902,0.2143151379307998,0.0023759379905534,0.4597675240796218,0.4325103148755593,0.6761178830278483,116103.mp3,disco
207.6948979591837,120.18531976744184,0.5566420270321439,0.4098230056762695,0.0692220777273178,0.6782297318805772,1.0,0.2619913018582394,0.0085232218244953,0.729752268643145,0.550073143075179,0.6149053193667986,408503.mp3,flamenco
202.92024943310656,139.6748310810811,0.5458969895631925,0.5577014007568359,0.116157941520214,0.4621668693647912,0.8572452758317225,0.1888791985923177,0.0016320711508999,0.7840260343435745,0.4208438499896616,0.6576480889493448,3103.mp3,pop
45.062290249433104,126.04801829268293,0.5301838164864145,1.0,0.0903077274560928,0.3961350690045009,0.676745010800656,0.2090323067063746,0.0012417430930543,0.3,0.4858532670964086,0.6353401284649117,1163803.mp3,alternative
239.11111111111111,129.19921875,0.5741996013407265,0.2815298461914062,0.1559145450592041,0.2702474365817225,0.566078708344942,0.2417651544936502,0.0001910730453107,0.6491393240281915,0.37694309679123,0.6807406168630675,1268903.mp3,avantgarde
243.4612244897959,143.5546875,0.6012632865918699,0.51462646484375,0.0895087495446205,0.5148583418172861,0.8639997254744795,0.3154867755820756,0.0018003567639616,0.2999997881342728,0.5534093834789746,0.6215412731402684,1143803.mp3,ethno
222.01469387755105,161.4990234375,0.52952148501707,0.3734522399902343,0.1853171437978744,0.4501324428409232,0.7467908602813481,0.2494031577349711,0.0011493397206309,0.2999999999537917,0.5702868040090399,0.6526568109654268,1008803.mp3,ambient
192.0,120.18531976744184,0.5949324690589162,0.630069351196289,0.2174426019191742,0.3276696497325893,0.5656322684332848,0.5485760805122866,0.0002126270716341,0.2999999999501103,0.532258831857528,0.6718275703193971,760903.mp3,celtic
180.0,120.18531976744184,0.5843932150555882,0.88766650390625,0.1002970412373542,0.4067384542362172,0.5945830175576121,0.2001478768657655,0.0005707547941783,0.8928396744584968,0.4894156495037355,0.6382238049447004,1154903.mp3,ambient
256.0,120.18531976744184,0.5398699483869918,0.6357987213134766,0.1163832545280456,0.3841179448278885,0.5296258426700914,0.272099158159964,0.0003515736174494,0.5355639969298417,0.5091078544162925,0.640076400746838,34403.mp3,ambient
285.0454648526077,120.18531976744184,0.4881081249946029,1.0,0.1288829445838928,0.3689227514259961,0.619775159863533,0.2056556914542752,0.0006976434312563,0.2999213812532668,0.5881556944617843,0.6287667211578446,1182603.mp3,newage
118.4,151.99908088235293,0.5380855331179903,0.5902323913574219,0.18557770550251,0.4193831312613814,0.7950031741226123,0.170750838795769,0.0031246881535851,0.6803886789504446,0.518452940406848,0.6631173858995341,1279603.mp3,folk
177.0078231292517,156.60511363636363,0.5779028440985202,0.4882265319824219,0.1437014937400818,0.3249346999818545,0.4869914780839072,0.2838127292534157,0.0002789591534043,0.2999995388527561,0.370044269971627,0.677723683752104,1282103.mp3,atmospheric
288.0,123.046875,0.5514384180138495,0.4296975402832031,0.1929006427526474,0.497812397585965,0.7431953225696568,0.4761924987734579,0.0004017238539003,0.2999999999999997,0.5367248765788389,0.6620992560751853,1280403.mp3,dance
252.2279818594104,161.4990234375,0.5945396064551893,0.4657963562011719,0.1958321630954742,0.7032590810826075,1.0,0.414993387713496,0.0062634174306241,0.8150080902994317,0.6540422135917303,0.6396911359960247,1274503.mp3,acidjazz
289.79660416666667,130.8139534883721,0.5733334586036589,0.5688600769042967,0.290498673915863,0.4781225177132238,0.7333525215684161,0.2371790302613541,0.0009948596007389,0.7794940877795816,0.6004259445149365,0.6844943337067234,1159203.mp3,electronic
215.48315192743763,92.28515625,0.6123892503628743,0.7343375396728515,0.129258707165718,0.5174436447859416,0.8059093806412128,0.3833111914439008,0.0009924246208327,0.8233241149386208,0.478390178292143,0.6508550989212298,1132203.mp3,easylistening
338.88,125.0,0.5983547676811612,0.5892597961425782,0.2559156119823456,0.582822175959275,0.885989340349109,0.357853572555429,0.0014876909034401,0.2999999999996849,0.5467856489794319,0.682772490517758,887203.mp3,electronic
204.0133106575964,123.046875,0.5034911073360023,0.4865399780273438,0.1378846168518066,0.5716745385672443,0.85253638201168,0.3344687595854505,0.0015898223546843,0.654018045951736,0.5670320428177058,0.6362320535031092,1306203.mp3,alternative
185.3333333333333,89.10290948275862,0.5332265123070281,0.4896551818847656,0.2448318153619766,0.2296182968872323,0.4910905411650308,0.1237616955222421,0.002113357774839,0.3449011321659372,0.3385343426791506,0.7204325849944815,37703.mp3,electronic
184.2561678004535,120.18531976744184,0.5606315389457932,0.2634471130371094,0.1834125071763992,0.642620358124994,1.0,0.369505663804669,0.0036018376283028,0.3078115069978518,0.5529466486088517,0.6554391728617334,436603.mp3,instrumentalpop
282.7733333333333,129.19921875,0.5355861355967827,0.5866150512695313,0.0386378392577171,0.2335823329904669,0.3577212248423674,0.0942360437276007,0.0009182833010412,0.2805376740892578,0.5138012406290128,0.6111493740069756,153603.mp3,classical
141.2789569160998,112.34714673913044,0.5456326915701795,0.5825805358886719,0.1544774919748306,0.3160472643110559,0.4903763370157621,0.1599770708858374,0.0006919782986748,0.2999999999999999,0.5390834194726162,0.6477952132164159,18403.mp3,soundtrack
247.1733333333333,143.5546875,0.5666296844352079,0.3303804626464844,0.1732105463743209,0.439467221019336,0.757725331598514,0.3498889894488424,0.001219820559207,0.768527547088343,0.6239681292332278,0.6375621708481101,1126703.mp3,jazz
440.0753287981859,117.45383522727272,0.5901667247983554,1.0,0.062226366251707,0.4722265555593594,0.6438717337968543,0.1335496636327661,0.0014095247106483,0.8406253123104623,0.5324073144723368,0.6159200289561473,1375803.mp3,80s
232.0457142857143,120.18531976744184,0.5260347128985092,0.4938989562988282,0.0872564390301704,0.2709125299569369,0.4681686795397178,0.226023012519113,0.0003368357206887,0.4726654426823411,0.5105584137599963,0.629300635298862,438203.mp3,instrumentalpop
223.3208163265306,129.19921875,0.5576161477351849,0.3972383117675781,0.1961499601602554,0.6648378791759395,0.8817854307500693,0.7589986255445835,0.0017217280649596,0.3217688318072371,0.6166541925793871,0.6472831471418146,1051503.mp3,house
349.5,135.99917763157896,0.5810023359452001,0.3478053741455078,0.2439461499452591,1.0,1.0,0.8008552465274853,0.0219449621220228,0.4146894270840139,0.7219983552631579,0.6434209429276617,365703.mp3,electronic
271.57759637188207,129.19921875,0.5643469408050132,0.8120698242187501,0.1056529954075813,0.5286912453171879,0.8983663465812184,0.0989971555837309,0.0025677337000208,0.4630694376539456,0.5414801883839524,0.6297390406699388,506003.mp3,ambient
254.22367346938776,139.6748310810811,0.6194551294532493,0.1107380676269531,0.4368176758289337,0.5391989994712205,0.8524337031942212,0.7687509049718317,0.0005093246493494,0.4264278711669387,0.5783222692115593,0.7415899094561043,1299903.mp3,electronic
170.7208163265306,105.46875,0.5419033745592868,0.7362906188964845,0.0790734887123107,0.3625204787632476,0.7516849883480597,0.0957895522511838,0.0026422107750051,0.668922432357136,0.501439567476429,0.6281785424411461,1181303.mp3,folk
188.17451247165533,109.9567819148936,0.586411340450534,0.4237711181640625,0.1175765171647071,0.2362647186286458,0.4008221047049035,0.3498583292329315,6.784484161186833e-05,0.2976976759028416,0.5758175311439897,0.6271640399504966,1336203.mp3,soundtrack
342.0,117.45383522727272,0.5818377860632125,0.2586366119384765,0.2928616404533386,0.4606033788040241,0.6948628491840086,0.3529027685551483,0.0007004979089693,0.299999999999961,0.5918055999881945,0.687069070565563,1315103.mp3,atmospheric
216.860612244898,117.45383522727272,0.5288166265511667,0.526281768798828,0.1710534393787384,0.2961696932132791,0.4530459902205322,0.2590155372082121,0.0001590151499019,0.2998269930833108,0.450410185897677,0.6714972009968104,1311203.mp3,chillout
127.20625850340136,99.38401442307692,0.5189557372625457,0.8961991271972655,0.0573483482003212,0.5300709693515647,0.8116492265383816,0.1019822499037256,0.0042863680147183,0.2999999999999996,0.5128689450397994,0.6180716163441557,1165503.mp3,electronic
171.36326530612246,132.51201923076923,0.605737632605077,0.8373876190185547,0.0413257591426372,0.2550111782519463,0.5159092195072625,0.100038499605916,0.0018010223783471,0.2999224216468867,0.6007422748658116,0.594728818318187,543403.mp3,ambient
230.8,129.19921875,0.5557221443072294,0.308481903076172,0.123746283352375,0.3212537707259084,0.5703016645526062,0.3353368994454532,0.0002741603276341,0.3905411102384364,0.4528769487176943,0.6539732722633161,134103.mp3,ambient
240.16319727891155,117.45383522727272,0.5210557671651523,0.4084174346923828,0.2180168181657791,0.4290486795096545,0.6347543963340898,0.5055812461827606,0.0002429561588589,0.5900612076009509,0.4910213714852753,0.6802817802426254,956103.mp3,pop
248.11102040816328,178.20581896551724,0.5600195601608673,0.3637184143066406,0.0897117033600807,0.3191007370151789,0.6258978822155673,0.1770890801416554,0.0022282491107071,0.5155843836043161,0.624396684556735,0.6074168762982821,399203.mp3,jazz
1724.6302040816329,120.18531976744184,0.6290254451271979,0.2656659393310548,0.2130375802516937,0.6772911130568428,1.0,0.402068084094687,0.0027024617886058,0.95226314642627,0.6656637883373627,0.6435607712231373,117803.mp3,psychedelic
245.12501133786847,123.046875,0.5923168688212257,0.7149444274902345,0.208410158753395,0.7663950214460092,0.9925189409468368,0.5078576923876655,0.0033293487609382,0.3,0.746095468146858,0.6258085635218507,22803.mp3,electronic
136.6442403628118,129.19921875,0.6170197226521781,0.1981625213623047,0.2881609797477722,0.2025044588544809,0.4443845577904606,0.3439231614066352,0.0001051900363259,0.8250247351249878,0.3954000533552939,0.7246579420381392,1302903.mp3,darkambient
224.0063945578232,132.51201923076923,0.5670965209339222,0.2543623962402344,0.2826858758926391,0.6783754195192497,0.8373361973967791,0.7530612631858373,0.0016313876949062,0.3983691924492292,0.653153145754541,0.6711362861704419,810903.mp3,indie
80.69333333333333,103.359375,0.5889054757551808,0.3277450561523437,0.2031778991222381,0.6806224010625509,0.950696486797774,0.7675365186970817,0.0020680986076242,0.2999999812952794,0.595351823156229,0.6540736790527599,213203.mp3,gothic
137.81739229024944,107.666015625,0.6057168842419842,0.4516554260253906,0.1516074389219284,0.3929843084167224,0.6309231543089517,0.4330171292615125,0.0001930045226266,0.8280400887395041,0.4530193378999223,0.6639748104319098,201903.mp3,instrumentalpop
297.12433106575963,132.51201923076923,0.5881394819154002,0.7509784088134766,0.065216414630413,0.5081423696795447,0.7789426882865351,0.3423687688992702,0.0010379134204224,0.7574276093943535,0.6418575675730981,0.595106395752329,1379103.mp3,poprock
160.33680272108845,151.99908088235293,0.6146413428823179,0.3996113586425781,0.0973815396428108,0.4467248197422336,0.6598598893235892,0.4537143422263272,0.0002754198919109,0.6328943227261729,0.6688807154892731,0.6012812111735573,1103303.mp3,orchestral
176.45820861678004,107.666015625,0.5149364008836448,0.6280484924316407,0.0830080658197403,0.180390868440228,0.302857998044608,0.1239805571290794,0.0010275798942634,0.2999925042534061,0.3085753863466227,0.668167826425782,26403.mp3,easylistening
72.0,79.50721153846153,0.5898798467094275,0.5375135803222656,0.2070125937461853,0.9292242626289172,1.0,0.6364831171691272,0.0071674855344856,0.9304126872097274,0.5995129202854848,0.6546219496915298,1250203.mp3,poprock
317.9066666666667,151.99908088235293,0.5352213229525169,0.4008576507568358,0.0790510103106498,0.4074610035074035,0.7158481444491024,0.2419817173375327,0.0010507667234729,0.4678308633421166,0.5356454656874666,0.6213292705743406,26003.mp3,popfolk
231.7268253968254,120.18531976744184,0.5758537339286272,0.4592534790039063,0.1468193978071212,0.6296764218932669,0.926927475183356,0.5725182071459993,0.0021797859502279,0.3927402822607736,0.6702499290481554,0.6188049974009326,181603.mp3,pop
236.08,166.70866935483872,0.5913458301105405,0.3589227600097656,0.2387620657682418,0.4728758732290487,0.8925823845108316,0.3082802089392912,0.0023014645571278,0.6479295187189388,0.3924933917498805,0.707455665326591,47003.mp3,easylistening
262.24,120.18531976744184,0.5666737352558564,0.3449189453124999,0.1040769591927528,0.3545115359618517,0.5649376336985169,0.2834764411926039,0.0003208302507168,0.2999999999999996,0.4672792460743771,0.6440118560945156,1079803.mp3,ambient
243.9710430839002,120.18531976744184,0.541577349577232,0.6228244476318361,0.1643132716417312,0.3073350101119971,0.4846093327031244,0.2319570924842207,0.0008173358673628,0.3570455752927001,0.4313198515482261,0.672888807481378,710603.mp3,alternative
172.5387755102041,126.04801829268293,0.6044066439733766,0.2901053009033202,0.214636281132698,0.6106941554410612,0.8812200866432134,0.5740099976696174,0.0017036919339407,0.901539841893186,0.6156566370090677,0.6541377338059577,39103.mp3,metal
68.50299319727891,99.38401442307692,0.5361132125280543,0.4225627899169922,0.0836750194430351,0.1063872548345704,0.2567459193008568,0.1193075997867248,0.0008883808010303,0.2972771198471495,0.5965595125422822,0.6108111044910363,1357403.mp3,classical
123.12,114.84375,0.5378306854911261,0.3614367065429688,0.1625837981700897,0.3985974671226159,0.4505229813698851,0.3730803463621623,8.730066337608652e-05,0.8028958899484373,0.5075359952872547,0.6570229682837814,1269103.mp3,classical
128.0,120.18531976744184,0.5383547265340898,0.51666015625,0.151097297668457,0.2027646248984061,0.4740492516506782,0.1493060747766919,0.0012038766294967,0.6618136310868435,0.378911696703844,0.6786126878198757,1104703.mp3,ambient
110.442947845805,156.60511363636363,0.5139648330543911,0.7884071044921878,0.0816115587949752,0.1576588151413639,0.2859750832661169,0.106323823881569,0.0002807046813109,0.2995892955146225,0.5525164738549169,0.6188768663952078,1195903.mp3,classical
282.48138321995464,101.33272058823528,0.5077487596084409,0.47625732421875,0.1651959419250488,0.5854164625924686,0.8956524702354489,0.4784539646802082,0.0036683155891067,0.445897944922871,0.5954272212367574,0.6403850948456661,38003.mp3,chanson
334.2365306122449,172.265625,0.5555996683492213,0.4574808044433593,0.2313090115785598,0.4943236942741997,0.8002504908150374,0.5024786736804114,0.0006374856309953,0.4000442969532933,0.4405731407636563,0.6951566160155503,174903.mp3,newwave
248.5760090702948,139.6748310810811,0.5241610694487742,0.6188746643066406,0.1336000114679336,0.227172378377881,0.4826090288331011,0.1848120011254757,0.0007720041047515,0.8533427507509297,0.4401232968411684,0.6600713447602224,1388603.mp3,experimental
160.92,120.18531976744184,0.517174775516689,0.4277323150634766,0.0502378456294536,0.1654475400052958,0.2250149983964042,0.2175607644540481,8.189189995597288e-05,0.2972442080628898,0.3779367142295681,0.6424982815806897,1390503.mp3,ambient
328.0,75.99954044117646,0.5336159842650059,0.7626878967285157,0.058915015310049,0.1250458471139556,0.203263202305977,0.109246571794615,0.0003512256280443,0.5104371472823506,0.361239823737473,0.6489614407641231,1117703.mp3,classical
128.45278911564623,120.18531976744184,0.57251188637038,0.6310236968994145,0.0683585777878761,0.3080954223483966,0.6108726250040659,0.114619377734672,0.0007601547512159,0.2989956763454764,0.3706435884158384,0.6504803703204677,1379503.mp3,ambient
793.0919047619047,123.046875,0.5315039141914828,0.5075183868408204,0.0999147891998291,1.0,1.0,0.7695183362420344,0.0031644807515512,0.5060659166162556,0.69609375,0.5967505741119384,262003.mp3,ethnicrock
164.93333333333334,82.03125,0.5966767086249227,0.6711974029541016,0.1206424534320831,0.4036473256592933,0.70892510986414,0.1732866141218602,0.0018366438477551,0.6768845828917331,0.3877492371611103,0.6658814358033278,565803.mp3,funk
185.79244897959185,105.46875,0.5807630396473227,0.3962187805175781,0.2505770623683929,0.8876224966296719,1.0,0.5186643358028906,0.0098829510523265,0.8385160323768264,0.6343815417421733,0.6633314341041867,1135703.mp3,electronic
232.8992290249433,126.04801829268293,0.5653260634956843,1.0,0.1347745358943939,0.4839669587876679,0.780145969856051,0.1278704828322397,0.0036799612459031,0.3,0.5190011000198831,0.6447186129180051,944903.mp3,disco
296.3009297052154,129.19921875,0.5984868926705179,0.3050333099365235,0.2611105442047119,0.537481916747743,0.8067001195528951,0.5740996290144705,0.0010450519732151,0.6225549828466408,0.6451400679853253,0.6649717823166311,1149703.mp3,bluesrock
315.6923129251701,129.19921875,0.597717359166056,1.0,0.2773906588554382,0.3682718624711215,0.5855976367531529,0.1430881751447699,0.0040198634705506,0.3,0.4630740720783202,0.7072458227722938,1083603.mp3,electronic
179.5,95.703125,0.5775960781418681,0.8364198303222656,0.1235872656106948,0.494168533949461,0.7541136433438785,0.2486732155336558,0.0016024614157066,0.3,0.4737028705839308,0.649750841503064,659903.mp3,experimental
185.5477551020408,120.18531976744184,0.5545722214889539,0.8201598052978513,0.0694601908326149,0.3212259978804836,0.6560268243590125,0.1686433823417198,0.0005957939380913,0.603656173873647,0.5235952118760471,0.620286626324532,1060603.mp3,folk
187.2369387755102,79.50721153846153,0.5847294390793157,0.775184226989746,0.1608692705631256,0.3858165202495999,0.6418070618716445,0.3364187112853272,0.0007823990923214,0.3480770056750071,0.3698040885823414,0.6839521196862569,1121503.mp3,easylistening
175.67331065759635,129.19921875,0.5739137674342967,1.0,0.1028476133942604,0.3946413217324517,0.6635169730000225,0.2998420404505393,0.0006180509461625,0.2999996602226721,0.4250610670405898,0.6520129274138158,824303.mp3,orchestral
62.25086167800453,123.046875,0.6299230686910064,0.6651893157958984,0.0215470548719167,0.1415897280826909,0.4912909673473914,0.1072242792551013,0.0005716638688961,0.9153383838122664,0.3143431863382287,0.6448883024862443,1125403.mp3,ambient
194.4533333333333,120.18531976744184,0.5821215615604973,0.4494765930175781,0.1481282263994217,0.3540081856591541,0.6467223483726887,0.2943945688785205,0.0016652801405596,0.2864435090226921,0.4540217229626421,0.6625218169112633,1603.mp3,alternative
239.9139229024944,129.19921875,0.525680824802671,0.3042339172363281,0.1509380787611007,0.4923527391875462,0.8571495822353875,0.2961399326066815,0.0017153166539866,0.5071268337856831,0.5447747717948299,0.6453827539950303,1296703.mp3,disco
148.0,120.18531976744184,0.6215202949891967,0.6025288238525391,0.2295567393302917,0.4989408524831229,0.8211440543419356,0.3432741243007032,0.0020016419498212,0.3,0.5876914941533503,0.6651021273282349,197103.mp3,ambient
149.4204081632653,135.99917763157896,0.5684976348382502,0.6666943359375,0.128719687461853,0.6638248653912521,0.988066164581576,0.1315056915622376,0.0056736431987244,0.8776565792921256,0.7010742847742837,0.6061242305314104,1193203.mp3,jazz
393.695873015873,117.45383522727272,0.55208703566177,0.8533924865722656,0.0669993609189987,0.1505602997408013,0.2237670905580742,0.1210679893062974,0.0003709735728053,0.2912923576086862,0.4679757401807143,0.6305246218946967,1150103.mp3,electronic
76.01337868480725,120.18531976744184,0.4523379479726533,0.5936295013427734,0.0523316748440265,0.2420752027691557,0.3703286891036671,0.1498599460643354,0.0004028932833491,0.2999999992645303,0.522219736691742,0.6143954556055011,1338303.mp3,classical
294.312925170068,132.51201923076923,0.6116234214699392,0.7809822082519531,0.2576676607131958,0.7274818451200114,1.0,0.4932292082575277,0.0037760255966307,0.3,0.707042196393054,0.6513519185781397,872003.mp3,breakbeat
253.08,129.19921875,0.5267568909627105,1.0,0.0546809993684291,0.3378302101780754,0.5225790151267479,0.1561848328240611,0.0004670157889953,0.5771417580654723,0.561598089381071,0.6073655418964203,80703.mp3,chillout
202.0,170.45454545454547,0.5596412626530493,0.3427340698242187,0.2479322403669357,0.9055021221102552,1.0,0.7132246689453904,0.0034207516417875,0.9109066543793624,0.6230769230769231,0.6646402219167122,1036003.mp3,easylistening
266.7944444444444,161.4990234375,0.5413797884317696,0.563750244140625,0.169795274734497,0.4916599191335948,0.9686968959446682,0.1402447515336772,0.0020308509541617,0.2999998703042931,0.6531103432788296,0.630504230248653,1095103.mp3,ambient
134.81795918367348,129.19921875,0.5954788682153198,0.2720515441894531,0.073385439813137,0.1671066524512471,0.3853079742160153,0.1909113630015143,0.0005213762834943,0.8810529262308302,0.4655462162267789,0.6333095150873735,1414003.mp3,electronic
288.0816326530612,120.18531976744184,0.575198542744046,0.4078824310302734,0.2789423167705536,0.4313529432724733,0.7724931285675326,0.288232056254632,0.0013332848654474,0.9005099105268579,0.5583708806725797,0.6887450579028833,679803.mp3,blues
223.81910416666668,108.17307692307692,0.5828349285959931,0.3971845092773438,0.1432666778564453,0.6087756804787603,0.8444128410992006,0.5837999683847391,0.0005695733328118,0.808223923188776,0.5507643746979494,0.6414231290887304,1046003.mp3,alternative
160.8081859410431,105.46875,0.567572938915989,0.6765643310546875,0.2624316215515136,0.6334283179254218,0.8884221734491853,0.3386540727005711,0.0018341317283263,0.2999999996428014,0.6593872013014078,0.6625979434982634,1366203.mp3,hiphop
256.5,87.5926906779661,0.5771735399578484,0.395402847290039,0.259771466255188,0.8107670401514155,0.950304246655246,0.9014004464295572,0.0020576537768424,0.4373385089601752,0.7116750250374747,0.6511827228443727,1086703.mp3,funk
272.61333333333334,117.45383522727272,0.5718019003252939,0.5622030639648438,0.213327944278717,0.3741656804714205,0.6707375218803402,0.298785006247916,0.0010812396584437,0.4764632992900756,0.366797496234522,0.7034385606934338,338003.mp3,folk
224.87501133786847,101.33272058823528,0.526503544494618,0.6288905487060547,0.1511512100696563,0.2419350138764198,0.5415956023831163,0.1944704534293665,0.000362979040038,0.4917001899370705,0.450506678028384,0.6643131000193996,1337503.mp3,alternative
49.13333333333333,132.51201923076923,0.5498235652902532,1.0,0.0789739564061164,0.5439503969425985,0.803483347720643,0.435414265295772,0.0021326721342871,0.3320584934502649,0.5666729126558365,0.6150960417750346,1269903.mp3,folk
444.1027664399093,95.703125,0.6289845772668015,1.0,0.0340447872877121,1.0,1.0,0.0621457701558088,0.0169743596297112,0.3,0.64140625,0.5839748734235765,311903.mp3,alternative
565.5692290249433,120.18531976744184,0.5388767979436309,0.5513443603515625,0.0860986113548278,1.0,1.0,0.2310300578526672,0.0088629850472513,0.2999999999998897,0.7803706395348837,0.5749213721807612,102903.mp3,electronic
341.25,139.6748310810811,0.5555431269971038,0.7632604064941407,0.376530110836029,0.2446481513414404,0.590562573201275,0.1021562293328509,0.0005966381892123,0.2999999995221208,0.3077389902946655,0.7740030418420373,1170703.mp3,electronic
238.4,147.65625,0.5555058132693965,0.2703237915039063,0.1811255514621734,0.3791380909526322,0.5867448762513126,0.3649374357877983,0.0003045319290085,0.2999999979677145,0.5383731652235488,0.6575305654816727,1066803.mp3,indie
231.53918367346932,103.359375,0.5988627980201668,0.2074131622314453,0.2686828076839447,0.7373872234181992,0.9736642909280436,0.7566393218083806,0.0026956900094021,0.5243610653173842,0.5999193797646231,0.6767419348132955,842403.mp3,alternative
151.82367346938776,105.46875,0.5919571325223891,0.585149383544922,0.2078723311424255,0.6845159429842163,0.9239381858578732,0.5537875933890093,0.0015795903271192,0.8192084463414893,0.6144377031531499,0.6519464985806432,75003.mp3,hiphop
232.01562358276644,120.18531976744184,0.5766705396204979,0.8162089538574219,0.0900479033589363,0.620578784017754,1.0,0.1000374671247338,0.0253653854482451,0.6463060362239785,0.6082956043346687,0.6107581243422834,1404703.mp3,deephouse
272.41,129.19921875,0.5803553926672799,0.4505973052978516,0.1737072020769119,0.6106356441493294,0.8816356850839582,0.8323636416555097,0.0009938134658261,0.7636108063375489,0.5804389510720663,0.646446802533275,945203.mp3,dance
115.99766439909295,143.5546875,0.5548544062712557,0.5827347564697266,0.1538192331790924,0.4714910945696968,0.7780225696014058,0.5533426741393115,0.0009164223084027,0.605460848108947,0.5789666705890256,0.6395815898266681,1082103.mp3,classical
653.4825623582766,93.9630681818182,0.5359601155499305,0.3681287536621094,0.0841340348124504,0.3543977942915846,0.6330396976573831,0.2679906593689917,0.0008746023951526,0.7086002754098599,0.4880873916425658,0.632670774203969,1086303.mp3,fusion
380.7051700680272,120.18531976744184,0.5424677647673114,0.4070606536865234,0.1273426413536071,0.2977682520654389,0.4508758115228312,0.2525440470311021,0.0001554246250218,0.2999999999383212,0.4508714092289392,0.6556690690415108,136303.mp3,ambient
190.5,120.18531976744184,0.5962692222065289,0.4507267150878906,0.2233076840639114,0.671346939393373,0.937517608749652,0.4136977179388468,0.0027916698736028,0.8177915183780176,0.6729594992651515,0.6457988664099779,993603.mp3,indie
252.55827083333327,86.53846153846153,0.5937301460214184,0.5116949768066407,0.1812840700149536,0.455984872155139,0.6284106191928263,0.3626610273197925,0.000275892245563,0.8804977671687628,0.4457224625454105,0.6761177726963011,1046903.mp3,dub
229.5249886621315,123.046875,0.5848019455883366,0.8228007888793946,0.2406763285398483,0.6423479934258538,0.8653557401086025,0.5420516426712066,0.0010397307562692,0.4938487232723645,0.7012206525673892,0.6463993477608675,1311303.mp3,hiphop
475.6636734693877,132.51201923076923,0.5872308012245164,0.3651406860351562,0.2820436358451843,0.404216570143916,0.7718837002305755,0.1373767644098056,0.0044094373675765,0.5275187944623011,0.5451408955166286,0.6925075298009407,1414103.mp3,electronic
135.69333333333333,120.18531976744184,0.541199650255577,0.6232717208862306,0.1493843793869018,0.2587010447061165,0.5920864545815692,0.1385874192417489,0.0007793969710939,0.4464561468176384,0.4863090919919997,0.6565165581808847,1135203.mp3,ambient
235.3127664399093,120.18531976744184,0.5351968307143683,0.6078747863769531,0.0540577061474323,0.1689260234214361,0.2397602611676326,0.1903153800890221,7.78316282199325e-05,0.7611643702122426,0.3587386910638686,0.647713036000302,903603.mp3,classical
152.61333333333334,95.703125,0.5993240277290266,0.218334732055664,0.2172533273696899,0.6243303082158517,0.7933922438205637,0.9919586037485204,0.0008338678866946,0.3556974517771675,0.5548738413881711,0.6672364295754541,373403.mp3,metal
143.75,120.18531976744184,0.575682342550871,0.7246161727905274,0.1120181083679199,0.5661057691429743,0.9102562833608396,0.3057613136299348,0.003650830517811,0.4324097231390005,0.614636211075796,0.617399276797292,588703.mp3,minimal
113.24,109.9567819148936,0.5795000063550623,1.0,0.1372466534376144,0.3167588448295414,0.644460142229769,0.0618022874918107,0.005273760938507,0.2999999960615985,0.4045143363645767,0.6685059279646258,1045703.mp3,folk
305.31201814058954,139.6748310810811,0.5982244243617638,0.6570478668212891,0.0961717739701271,0.3779643081410395,0.6865853230081898,0.1998675592505411,0.0012394809303602,0.3,0.4831131217811737,0.637999214273011,1107103.mp3,experimental
128.37340136054422,95.703125,0.554679808033177,0.5200310668945316,0.0889213979244232,0.4161715525576274,0.8009172727223318,0.1367137355584082,0.0060318071607206,0.7361112954119378,0.5067346681290071,0.6306647696269909,966303.mp3,jazz
492.9423129251701,129.19921875,0.5643503487698736,1.0,0.1534451693296432,0.7058543751255814,0.9534750965815042,0.1993887934357334,0.0055835852313402,0.8231366467645688,0.6436433565378191,0.6265115896511076,1097203.mp3,electrohouse
300.06857142857143,120.18531976744184,0.603660154339044,0.5778081512451172,0.2300256639719009,0.2444720738940213,0.4926890893212733,0.2199102375609378,0.0005921039731944,0.726992963717839,0.4780268916809109,0.6872038606937022,1391103.mp3,dance
200.58351473922903,123.046875,0.5698650145911885,0.5623434753417967,0.2755895555019378,0.7287466750927519,1.0,0.3226401376706943,0.0062886034127672,0.709704959744138,0.6237274116141036,0.6744667576578769,1420503.mp3,chillout
270.16777777777776,132.51201923076923,0.5948009361782685,0.4251759338378906,0.2249107211828231,0.5907239661748156,0.9737594995329514,0.4363972326071075,0.00256763085325,0.2999999999997914,0.5494674737388594,0.6710743648780444,115203.mp3,alternative
155.0037641723356,143.5546875,0.563086690721238,0.4056038665771484,0.0675774738192558,0.4906783439098343,0.9548257818737113,0.1460495331490653,0.004185657892496,0.6276206169898045,0.6222197688991499,0.5998839367951021,1115403.mp3,jazz
228.0,120.18531976744184,0.5628838252712511,0.2508594665527344,0.1828393936157226,0.1012721933932089,0.1939300712979351,0.1447776264004302,0.0004739650450339,0.7146100407690813,0.3491001137290793,0.6960021589558444,1062503.mp3,ambient
185.07755102040807,120.18531976744184,0.531743918438168,0.8223049697875976,0.1328677386045456,0.2279876549013205,0.442852565316815,0.1352928756987984,0.000917149738681,0.8803660757580172,0.4850333838884286,0.6508257091199506,1231903.mp3,80s
92.33333333333331,126.04801829268293,0.542526932732567,0.7936978302001952,0.0382486060261726,0.2089033981602478,0.3041397346115357,0.1798523643478607,0.0001256341387353,0.2999957867747376,0.4259271372885109,0.6285840707117201,1057703.mp3,chillout
186.92,129.19921875,0.4958670367886691,0.696194450378418,0.0528679899871349,0.1433532025522877,0.2606629296595298,0.1751692167853355,0.0001559026414032,0.3383322159332437,0.3339570353445675,0.6522410693264551,1374303.mp3,alternative
373.6816326530612,129.19921875,0.5713958622708635,0.4204683837890626,0.2139624506235122,0.9005635653521836,1.0,0.6241930729494638,0.0029072769079415,0.962297815386262,0.7083984374999999,0.6353467947244644,1197003.mp3,electronic
316.17445833333335,133.92857142857142,0.5511490191269952,0.8684014892578125,0.0563894398510456,0.2722912718446463,0.4845972605083939,0.1300883222717929,0.0008532387971774,0.2941694586415568,0.4590681355215489,0.6284865712420666,729303.mp3,classical
330.0,129.19921875,0.5863679014031249,0.7752869033813475,0.1786779314279556,0.7048903898431754,0.8401596014660989,0.6240212668099099,0.0023585690825263,0.2999999999998241,0.7459959692702682,0.6151248614600104,1341603.mp3,club
217.74485260770976,97.50884433962264,0.545799642477902,0.562349060058594,0.248160570859909,0.5888601790827781,0.916010364314076,0.3634974738443732,0.0023443255683078,0.2999999999999999,0.4956558310405823,0.6902066393014508,1138103.mp3,hiphop
275.9777324263039,120.18531976744184,0.506699992101788,0.6697117614746094,0.1804484277963638,0.6340732631198418,0.8942139253422632,0.3925906848988981,0.0013932265468214,0.2999999999999996,0.5891211693966035,0.6471372001273703,860803.mp3,dance
376.6595918367347,117.45383522727272,0.5884683055307962,0.6291344604492188,0.0993724390864372,0.2427189418979077,0.483274957465361,0.1547730616473319,0.0013995814781251,0.3,0.3965243376246116,0.6564692105461951,74703.mp3,fusion
155.50666666666666,147.65625,0.5549481571795496,0.3264241027832031,0.2426788210868835,0.5342705549052047,0.7907044221651117,0.654443321588871,0.0009566515105687,0.6023177454441255,0.6105526017694691,0.6652538552373842,1354103.mp3,country
69.1025850340136,129.19921875,0.5732595829385987,1.0,0.1306783705949783,0.4384498963998132,0.6227196115976705,0.2946667595350571,0.0005267897178334,0.6623579210524029,0.6201523935733281,0.6230137346995266,80803.mp3,electronic
191.564693877551,147.65625,0.5260669737008572,0.4243217468261718,0.1832378804683685,0.3056269263600071,0.5470784613362039,0.2205507131127307,0.0003780572437558,0.5485920249992096,0.4899441450422168,0.6679768079601693,1324903.mp3,easylistening
114.0,161.4990234375,0.5441509037874809,1.0,0.2285692989826202,0.2532406480577035,0.5281188587777511,0.1035810441607471,0.0017055048382423,0.2999999999999999,0.5741122360661062,0.667462500420522,1304003.mp3,funk
151.2192290249433,90.66611842105264,0.5889605995912002,0.6274537658691406,0.1979133039712906,0.4699957223990266,0.806956162730928,0.3371782219933523,0.001553701670406,0.6264424368890859,0.5240054116837045,0.6664477070929238,938303.mp3,hiphop
208.3265306122449,95.703125,0.5584369015192923,0.6191481475830077,0.2018550187349319,0.6034685815290569,0.8561655054493132,0.4254762785033111,0.0013917986775688,0.3769271171617604,0.5307467904760282,0.6665184486493698,1393203.mp3,latin
215.0133333333333,114.84375,0.5034316873071525,0.6663555450439453,0.117880068719387,0.3372370008001971,0.6780455368888072,0.1144700521519254,0.004149132373078,0.5778447280229246,0.4985763010234834,0.6427215645342828,1166103.mp3,chillout
275.8791836734694,90.66611842105264,0.5721088308613593,1.0,0.115895539522171,0.5610022205695084,0.762030155334567,0.1195605383651361,0.0030836050866802,0.336512786468045,0.6028114911438899,0.6211600959992035,279603.mp3,acidjazz
267.61333333333334,135.99917763157896,0.5671145772598765,0.6376885986328125,0.1714694201946258,0.876614652930129,1.0,0.4099222191302213,0.0132111903426593,0.3,0.7759867159904581,0.6065316480719737,11703.mp3,dance
167.61904761904762,126.04801829268293,0.5713228681590503,1.0,0.0963373556733131,0.9291488204194832,1.0,0.2860128590204034,0.0128873152604639,0.6239309713665802,0.7020960365853659,0.5942622407253195,136803.mp3,electronic
221.16,93.9630681818182,0.5990251861953592,0.6613755645751954,0.2369477748870849,0.5741587250689988,0.8360120333147196,0.2863511939056398,0.0014637807501305,0.8602032598044036,0.5072089278671066,0.6838594133859293,1115103.mp3,hiphop
246.31655328798183,139.6748310810811,0.5919886429238616,0.5938066864013671,0.2003066092729568,0.6582820909586965,0.9750642119447188,0.3095130688297833,0.0022307333725033,0.4023383891125298,0.6238694640425791,0.6473364865297486,1208603.mp3,70s
60.81306122448979,139.6748310810811,0.574867707117384,0.4914656677246093,0.0991836339235305,0.7000934064649144,1.0,0.3006270978915172,0.005906131554479,0.3,0.7139188777314353,0.592922332666184,759303.mp3,soundtrack
166.31231292517006,120.18531976744184,0.5721223577430279,0.4552944946289062,0.2251209467649459,0.4945788060752942,0.8223950563600035,0.3055929851445111,0.0019486855619917,0.7432093095149874,0.48816326044725,0.6834108887459306,74603.mp3,pop
238.9594784580499,161.4990234375,0.5894688272415887,0.8699150390624999,0.1523787379264831,0.8485229113046913,1.0,0.2033904370525996,0.0123820464689634,0.4465074654496372,0.7554558188379062,0.6037651818859526,1295503.mp3,70s
449.9866666666667,161.4990234375,0.5770052058873283,1.0,0.0997395813465118,0.3843953461854565,0.508631068141745,0.1047419356259663,0.0014110568867803,0.2999999997685635,0.6606356742102777,0.6037791144426887,373003.mp3,easylistening
178.57142857142858,109.9567819148936,0.5761562068270791,0.6409963989257812,0.2386345267295837,0.7095561400153131,0.9937037678102336,0.4192920946178449,0.0038730297951993,0.6753064605450241,0.5803865884149171,0.6698311119396667,1288103.mp3,disco
277.9733560090703,143.5546875,0.5767922209575298,0.5244927368164062,0.1408064216375351,0.8458633434470306,0.9895875691123832,0.4284274746017727,0.0036902710848957,0.6243423576280842,0.737109375,0.6032684367895127,950103.mp3,90s
124.4,135.99917763157896,0.5724851733867042,0.812925811767578,0.184756800532341,0.5671972251099016,0.776093947897566,0.762447901847194,0.0006380301035067,0.938734438275594,0.6004859708616785,0.6464152540193071,297803.mp3,alternative
43.14605442176871,89.10290948275862,0.5452843797289688,0.3310757141113281,0.2132265567779541,0.4168793942665406,0.7713938138507287,0.416844163599021,0.0015808972303162,0.915522080516441,0.492262891351765,0.6783089821697105,1002003.mp3,chillout
254.7983673469388,112.34714673913044,0.5274598406904586,1.0,0.0853758454322815,0.6394237237284163,0.9664077367238736,0.12106838314476,0.0045320950242942,0.2999999997994294,0.6698760911290509,0.5967600861298111,19203.mp3,ambient
441.4285625,140.625,0.5895043957403132,0.4666710510253907,0.3182549774646759,1.0,1.0,0.6423343769006993,0.0057534898106087,0.9224512388544168,0.73125,0.6683217918872832,796003.mp3,drumnbass
105.32571428571428,161.4990234375,0.6096775311768468,0.6198880615234376,0.1748847067356109,0.3110386576513025,0.5175395026656329,0.2283317159193855,0.0004658233366761,0.2999999995844664,0.5195799181933175,0.6590425107861564,1075203.mp3,chillout
220.0,86.1328125,0.5422588965960808,0.3772292938232422,0.156662032008171,0.3006054044148932,0.599408884185575,0.2405954051097239,0.0009337309959951,0.7619789111831999,0.3420047069744357,0.6879973901280545,579303.mp3,ambient
276.0,132.51201923076923,0.5251028320715552,0.4176974792480468,0.1885824650526046,0.4183586722065246,0.5927952196439158,0.4015358682169668,0.0001667746538516,0.2999999994210129,0.536213330101379,0.6606470213986618,975403.mp3,ambient
238.6525850340136,120.18531976744184,0.5805062127220597,0.2990003967285156,0.2454810291528701,0.4910407667914266,0.8579056487920537,0.3528872941969349,0.0013883794538686,0.4288618878132079,0.7095183031341936,0.6464695098681945,926203.mp3,folk
160.0,120.18531976744184,0.5925257996017615,0.4239826507568359,0.1858967393636703,0.5971118000922364,0.9284713175611332,0.4585549904258293,0.0024234036867062,0.889290918973477,0.6363417627185871,0.639654473627204,1163003.mp3,acidjazz
186.1892063492064,120.18531976744184,0.574912309496336,0.3391493072509766,0.3212741911411285,1.0,1.0,1.0,0.0266823094298197,0.8489089026619616,0.6903706395348838,0.6775845809038296,969703.mp3,ska
308.33108843537417,97.50884433962264,0.5820155946430654,0.3656356658935547,0.2688384354114532,0.5045793404583927,0.8742276950599207,0.4582676847176635,0.0014699011584101,0.2999999899950281,0.5488003486135776,0.6870217670254076,1165403.mp3,folk
395.07249433106574,92.28515625,0.5905646713813018,0.5002153015136719,0.3182361125946045,0.3908064248238835,0.6266783542082168,0.4843980277940838,0.0002341400981158,0.6633008737470438,0.4165472622089389,0.7312555480922698,320003.mp3,electronic
270.3082766439909,120.18531976744184,0.5720660705179765,0.3904555816650391,0.0625096336007118,0.3361984531017382,0.5962850686176805,0.2549738477670822,0.0005797932997375,0.5544505046535536,0.448672431505611,0.6327689817951341,345903.mp3,dance
244.78666666666663,151.99908088235293,0.538813988100357,0.75086669921875,0.1119041293859481,0.4716807124250143,0.836798023221167,0.0825520396536666,0.0055246554621725,0.9445266587094026,0.548806067372738,0.6305242731043939,75203.mp3,blues
196.07036281179137,117.45383522727272,0.6033255607849068,0.2624975585937499,0.2660778760910034,0.6571195680761773,0.8218409010976904,1.0,0.0007873025977716,0.7662577018312182,0.5541001573046054,0.6849680039318402,1196903.mp3,heavymetal
162.9461224489796,143.5546875,0.5554185458896097,0.6838616180419922,0.250445157289505,0.6091681448080585,0.8492262089135764,0.4304992736447741,0.0014540148797465,0.8069067272702328,0.6120560192188997,0.6677490527804418,1179603.mp3,dancehall
276.0,99.38401442307692,0.5432955098597212,1.0,0.1237312480807304,0.2003780037599258,0.4082755401215188,0.0816000525293605,0.0015272617244461,0.299999999999986,0.3441451984780337,0.6757142096134562,1114503.mp3,ambient
252.94347916666663,100.44642857142856,0.5902158630216698,0.6383356170654296,0.0977880284190177,0.6292366187160261,0.8082103185694374,0.2106624264353464,0.0021234826054811,0.4898592661077788,0.6336793653234871,0.608467817166149,400703.mp3,electronic
248.57809523809524,123.046875,0.5947111035991406,0.2765396118164062,0.2311553657054901,0.5602937263300715,0.7118994559541945,0.8833556036274949,0.0003530670629443,0.3545284904364842,0.592876335399846,0.6646406645740073,1317903.mp3,alternative
340.8195918367347,151.99908088235293,0.6062848534126422,0.1925010681152343,0.3912400305271148,0.4360840000030647,0.7147006072792376,0.6075194666648942,0.0005232903185572,0.9167284274775916,0.3688863015214167,0.767069150685478,294403.mp3,electronic
406.0,120.18531976744184,0.5899562379900174,0.6123521118164063,0.1241655945777893,0.5299278005623265,0.7586994605013114,0.4784662812027034,0.0007896245790122,0.2999995595573859,0.6298094511370753,0.6187377238205891,455503.mp3,metal
329.221224489796,114.84375,0.5526896358804443,0.3427242736816407,0.1488208621740341,0.3495941054627388,0.6625412142964119,0.1848423884669075,0.0009872327745994,0.874110585247305,0.4363053218659139,0.6663144460094695,81203.mp3,electronic
82.34945578231293,101.33272058823528,0.5983382893540572,0.7322924194335934,0.1851916164159774,0.5902611289228157,0.7760721169160427,0.634730221826397,0.0005006530719185,0.6223865983419979,0.5549105119703444,0.655686879515683,1371803.mp3,funk
188.74666666666667,120.18531976744184,0.5747252095650264,0.7282402191162112,0.1771555095911026,0.5392183044523235,0.8845643958312838,0.1486256672137394,0.0034698641642357,0.4645922451223975,0.5216565632922013,0.6594446707943566,195303.mp3,electronic
249.46938775510205,139.6748310810811,0.6043685069047897,0.2338402557373046,0.4744643867015838,0.428472221045428,0.7170235009442522,0.5294206182009699,0.0004962739745115,0.2999999999841466,0.5085534636830594,0.7690964864759583,1294103.mp3,synthpop
181.0,107.666015625,0.5883506390783992,0.3624504089355468,0.1821930110454559,0.5530986461243891,1.0,0.3124989244889563,0.003029836572785,0.9717857711131596,0.5919697307517213,0.6471955378260199,492103.mp3,electronic
170.05714285714285,105.46875,0.5524917651951666,0.9369415969848632,0.0580975115299224,0.358541157360465,0.6410073931177399,0.1881691998241664,0.0007152355996331,0.5118588734498596,0.4194494224555586,0.6370252196596604,1211603.mp3,pop
274.2857142857143,139.6748310810811,0.5966778773499684,0.851580696105957,0.2405106127262115,0.4347675971690435,0.5998240177828537,0.3381380166125372,0.0004147831013223,0.2999999999999161,0.5569978771262465,0.6751842451561869,1385203.mp3,chillout
202.9090929705216,135.99917763157896,0.5451649402627893,0.3929485855102539,0.0855076611042022,0.3513762453030067,0.5816296627622666,0.1659189671196403,0.0014179820525722,0.2999999999781876,0.5737944250066347,0.6160238729961859,303803.mp3,alternative
312.6073469387755,120.18531976744184,0.5926333286879506,0.2477635192871093,0.1614800840616226,0.5233862113529524,0.7351767738907756,0.6554681937668371,0.0006448126485462,0.7955613491266513,0.6296708941854965,0.6321986514250849,422703.mp3,grunge
300.16,95.703125,0.6112540408872846,0.2936679992675781,0.2582867443561554,0.383604854933719,0.6542521003158626,0.3366512140405692,0.0004542112125674,0.7378656777177197,0.3960163811760885,0.7137799517329982,1417803.mp3,progressive
146.99603174603175,109.9567819148936,0.5556981695944242,0.2903691711425781,0.1564363986253738,0.715272396590051,1.0,0.4613323522273289,0.0049803455043784,0.7829956061191999,0.6803913009442484,0.6202388433162849,1394403.mp3,easylistening
400.8933333333333,107.666015625,0.5550950307796102,0.4383099365234375,0.1329012215137481,0.4216024590811887,0.7959185610181124,0.2323172320947384,0.0017085223778388,0.3,0.4461787521912016,0.658608689306709,146403.mp3,easylistening
271.63312925170067,151.99908088235293,0.5607573890496069,0.2194997863769531,0.229551076889038,0.5407602617616779,0.7645233767621288,0.5970523633945148,0.0008174986373687,0.6134950337631709,0.6106535776640517,0.6605076721472434,1027903.mp3,fusion
440.0753287981859,117.45383522727272,0.5901786623298511,1.0,0.0622260309755802,0.4722296665052145,0.643931520021715,0.1334679445725996,0.0014107425689101,0.8406253123104623,0.5323973230985248,0.6159219065315039,1378903.mp3,80s
223.3333333333333,178.20581896551724,0.5222835193465583,0.3099658508300781,0.1812589317560196,0.1508598766752338,0.3552391080045292,0.1652739829368455,0.0005863699809362,0.4127163104064623,0.4818285088711689,0.6688875136579332,1375003.mp3,chillout
284.8478911564626,156.60511363636363,0.5634711375595537,0.6024264068603515,0.1367485076189041,0.6135941625235011,0.8562267937291047,0.3595790980530551,0.0014243086283219,0.8189243620085247,0.6568220474022779,0.6178650532623499,28103.mp3,reggae
185.7158276643991,99.38401442307692,0.5280179428334046,0.4850696716308593,0.1747332066297531,0.5376763638579749,0.8325879652282729,0.4024132573638045,0.001720913185025,0.549870227810276,0.5915768716000456,0.644588580066702,1036803.mp3,alternative
71.62063492063493,87.5926906779661,0.5711129753799078,0.6819098663330078,0.1084816828370094,0.727185839895773,0.9907478807183144,0.3349058431417512,0.0043111377912317,0.6657884220974029,0.5497302988391963,0.6291073460534842,1320003.mp3,downtempo
858.6438095238095,120.18531976744184,0.5446402176083001,0.4803212814331055,0.0914908349514007,0.1790241984863337,0.373547167058301,0.1756414814208987,0.0002235817385943,0.2786641768983084,0.3872551459326103,0.6554856713959822,25003.mp3,alternative
144.94224489795917,90.66611842105264,0.5360224258288591,0.5087637939453125,0.2006459385156631,0.2507680221593792,0.5902731861882031,0.155982300712074,0.0012908224075286,0.3504353507031924,0.5032622118779677,0.6715800954900453,1361403.mp3,ambient
412.94367346938776,126.04801829268293,0.5612830811697467,0.2376634216308594,0.1460235565900802,0.6228219141134008,0.9689417784265392,0.641733518293883,0.0031288043644392,0.9124829504373444,0.4962676233972013,0.6533149556929887,1337403.mp3,bossanova
82.0,120.18531976744184,0.560205967165752,0.6709321594238281,0.1359202712774276,0.5243535497112788,0.828661031981926,0.3784179319918641,0.0018519903200867,0.7862951681477319,0.6335421980656342,0.622222858046747,1405303.mp3,dance
568.6334693877551,139.6748310810811,0.604448418947627,0.6982432556152344,0.2133113443851471,0.5183681409412846,0.7992310809154433,0.2125944468983471,0.0013112559416942,0.3023597229516616,0.6355701025558165,0.6496780634674896,1361703.mp3,psychedelic
230.68,132.51201923076923,0.5354412841840244,0.4890594940185547,0.2296946197748184,0.4713613832872113,0.8015939992130614,0.4764594252887672,0.0009686292782381,0.4325104742175235,0.6107482760642924,0.6605404079060762,1159703.mp3,folk
283.26666666666665,139.6748310810811,0.5249266071730138,0.593067642211914,0.1419399231672287,0.6953477737717313,0.9673483303553764,0.3233039338877342,0.0050179882077521,0.4823782810484456,0.6298149302162472,0.6251353862969529,11903.mp3,electronic
426.1447845804989,123.046875,0.547789953306849,0.5078500747680664,0.0793669000267982,0.2551898479403982,0.475437589245582,0.2509332560769622,0.0002402775558049,0.6752207042236287,0.4248325650251339,0.6436055710046207,1118703.mp3,classical
105.01333333333334,135.99917763157896,0.5376474249014496,0.7922214508056641,0.1611043661832809,0.3290527403302458,0.6018036775136293,0.2098186504748089,0.0013609327606058,0.2999876547221343,0.403681082664836,0.6772613552930139,114903.mp3,experimental
387.24097505668936,129.19921875,0.5803526818227581,0.4353570861816406,0.1240844652056694,0.7802839935630637,0.9611965252220086,0.3633452402279982,0.0052361027327181,0.2999999999999939,0.6797325406539199,0.608723899343257,1378203.mp3,alternative
195.13469387755103,97.50884433962264,0.5804288809239984,0.57332568359375,0.1966316848993301,0.6888160647089655,1.0,0.2445020373573559,0.0060962139979254,0.885570169435081,0.5323710199147923,0.6643132025808004,82803.mp3,alternative
371.8309791666667,140.625,0.5820895610571565,0.5309886474609375,0.2097993344068527,0.7327894666833906,1.0,0.4089761135132866,0.0034064029811231,0.6670511628698482,0.7209028089757816,0.6313471985913107,629103.mp3,progressive
240.0,120.18531976744184,0.5400800925345541,0.4530483093261719,0.0930747836828231,0.280718630119737,0.4791962596033485,0.2810180378313071,0.0001484264074677,0.7403721617445936,0.4304643206383716,0.647414057998142,1046703.mp3,ambient
344.32,161.4990234375,0.6283882781576976,0.8367894744873045,0.273186981678009,0.3512414314496137,0.6060294568639197,0.2179434167394476,0.000823603033651,0.2999999999999663,0.6070541636810274,0.6769364806678777,191403.mp3,industrial
88.55616780045351,117.45383522727272,0.6171880825390028,0.6845740203857421,0.1477325707674026,0.3041412729122962,0.549394738312134,0.3560067530407868,0.0001820846314601,0.5404463375309485,0.3049349860389087,0.6921967282684832,818603.mp3,soundtrack
148.36773242630386,126.04801829268293,0.5431125187228429,0.4942436981201172,0.0826264172792434,0.3175089729161321,0.5205814024282641,0.2599965647543799,0.0002289805891515,0.6352631718762449,0.553230435159665,0.6190994231885947,1349403.mp3,soundtrack
75.69231292517007,129.19921875,0.643063673900047,0.6932265396118162,0.0986615717411041,0.1410967412745019,0.4686605743835386,0.0677936555439173,0.0045408601502675,0.5745768153339391,0.354634986219699,0.6645911685828576,1370403.mp3,hard
240.0266439909297,132.51201923076923,0.5742484350509629,0.2489825439453125,0.2246271818876266,0.888257545807331,1.0,1.0,0.0051146778185371,0.8727412733301942,0.8050240384615384,0.6198609777872379,1388003.mp3,electropop
300.37333333333333,90.66611842105264,0.5701941169588698,0.984680725097656,0.2069185376167297,0.5343376044641308,0.8052428654775483,0.290897658638396,0.0018948671141175,0.3809356460182114,0.476230344573142,0.6792446046273943,92403.mp3,drumnbass
216.16326530612244,109.9567819148936,0.6025313964148333,0.8835909118652343,0.1050539910793304,0.3267521777675754,0.558043902026242,0.1436311452109633,0.0010442955985665,0.7413574517360961,0.5077494906431833,0.6362695386599223,250003.mp3,electronic
97.5,120.18531976744184,0.5163131232406563,0.4961210327148437,0.0841838419437408,0.3145128961143218,0.508490898794199,0.1427395605225402,0.0009911904610651,0.2999999990244379,0.459094448315613,0.6384872934366241,1173503.mp3,ambient
87.88704166666666,156.25,0.5220187192129937,0.464582763671875,0.1137641370296478,0.4383797120532895,0.6789939819395293,0.431021785460573,0.0004662610334288,0.2999961416437289,0.572243664170786,0.6265063564965161,47403.mp3,classical
288.09369614512474,120.18531976744184,0.5560481478767518,0.5403412170410161,0.0078355781733989,0.534054858639862,0.91842435256881,0.2834147324346505,0.0017110987291604,0.5349509110350809,0.5977449223995641,0.5832718236625107,318603.mp3,world
202.5,161.4990234375,0.4710394352401832,0.3855687866210937,0.1634729504585266,0.3088546239200795,0.5046448397772781,0.2472252287022354,0.0003638835140781,0.6312462164197641,0.6149518796731888,0.6358598862304319,1369703.mp3,chillout
318.0104081632653,120.18531976744184,0.5483002572813231,0.3981024475097656,0.1774986535310745,0.4102237822152513,0.6016175564275764,0.3913806060519717,0.0002904374525616,0.2999999999999952,0.4497685209410524,0.6739458110829764,235303.mp3,electronic
141.17646258503402,135.99917763157896,0.5956147282481599,0.6561632232666015,0.1667641103267669,0.3905294919203966,0.6299523937335375,0.2213077663671373,0.0009483157333687,0.2999999987950273,0.4924644620528788,0.6615421873070604,891603.mp3,electronic
275.1216326530612,129.19921875,0.5247910019500437,0.5633124618530274,0.0835901796817779,0.4781049298806117,0.8282566500002302,0.1668960435068103,0.0038831975885249,0.3716939514296402,0.3877289837338123,0.6525466679386775,986803.mp3,folk
1122.208798185941,123.046875,0.4387152399401561,0.7498205795288087,0.0566983595490455,0.2643528811379064,0.3827024716487968,0.0871379691450545,0.0010151356788186,0.2693559277793094,0.5073563714554625,0.6189401351465639,433603.mp3,easylistening
176.79560090702947,109.9567819148936,0.5174007707789217,1.0,0.0713460221886634,0.2287324421788478,0.4162436859937048,0.0768446443329681,0.0018272592257965,0.5420959419439656,0.386301128648698,0.6484243422581792,1217503.mp3,easylistening
357.44759637188207,129.19921875,0.5709764782790752,0.4475744476318359,0.2774876654148102,0.6976124229364163,0.9282625972734622,0.4481037908339327,0.002800771791364,0.6979958603423466,0.6209689286094938,0.6757017738274329,1196503.mp3,electronic
164.0338775510204,132.51201923076923,0.5794226082471917,0.2920858459472656,0.2009551078081131,0.6306006493692117,0.8732121899102526,0.7634241285437838,0.0011512028381482,0.2999999990227198,0.6124995102294908,0.6498439367650226,1066503.mp3,pop
192.0,129.19921875,0.5933816139736448,0.8539055328369141,0.1855444014072418,0.7397596343762207,1.0,0.2891248241300891,0.0052855107335642,0.9661982703340524,0.7416803557838605,0.618459913349835,1297203.mp3,dance
157.29507936507937,120.18531976744184,0.5756894377704944,0.4469525756835937,0.193247765302658,0.5736926720268852,0.8082616850637581,0.4341038579032923,0.0012876463396523,0.2999999999939917,0.6196759955620299,0.645633996396551,1248603.mp3,downtempo
203.8247619047619,129.19921875,0.581519816254449,0.5851924743652342,0.1975169479846954,0.7916606381605444,1.0,0.6276393127888674,0.0031072815512913,0.4452532254056646,0.739778287494798,0.6231504437755307,1068103.mp3,electronic
252.63160997732427,86.1328125,0.5569483147509803,0.7807959823608399,0.1656711846590042,0.3571842751849103,0.6803400697352238,0.1361119081779053,0.0015887589636808,0.7423161708973967,0.369712938913415,0.6856990386945585,1264203.mp3,funk
353.1034693877551,87.5926906779661,0.6068793735172948,0.6133239593505858,0.2668780386447906,0.7846455867351743,1.0,0.7776896711559343,0.0021655248010806,0.2999999999999677,0.5971602975640402,0.6766440343993165,1337903.mp3,drumnbass
188.9991836734694,139.6748310810811,0.5832820451798908,0.8003072204589844,0.1688363254070282,0.3129430990296865,0.5757600901284688,0.1317321867321867,0.0014041484016474,0.8662581486354552,0.5490471014427718,0.6509716568579758,1271903.mp3,electropop
230.26938775510203,126.04801829268293,0.5685738901405009,0.5991198043823242,0.1183542609214782,0.1977455829132777,0.3387335983973387,0.3008261251312725,7.955088987013995e-05,0.2985570978304205,0.339720499886583,0.6746634339544156,169203.mp3,easylistening
426.858231292517,139.6748310810811,0.5668999574184408,0.7190795135498047,0.1453101933002472,0.2798544236969816,0.5255756699063945,0.2039136367646756,0.0004856514469739,0.5215105549903238,0.5591875407442938,0.6404741614392302,1307203.mp3,ambiente
272.1259863945578,126.04801829268293,0.5821561254603895,0.7170796508789062,0.1876942366361618,0.7250263963503836,1.0,0.6789286981568139,0.0054958644697989,0.9512360761410774,0.6158411980716348,0.6444016855746914,1358803.mp3,electronic
248.18748299319728,120.18531976744184,0.5831069386622199,0.4672951660156249,0.2620848417282104,0.6241140270799438,0.8833568637714801,0.5341102888996895,0.0011653257251125,0.2999999935811143,0.683994950240009,0.6575515529741539,1417903.mp3,electronic
144.44414965986394,151.99908088235293,0.5136097413530158,0.3610465087890624,0.0941313207149505,0.1260615817186973,0.1750993800997419,0.1575536832365591,0.0001340461579544,0.8517005620432262,0.3678467319730264,0.660317929062777,151103.mp3,classical
210.03863945578232,126.04801829268293,0.5529077310304685,0.5142048645019531,0.1006711423397064,0.1954632601104882,0.2939968291398428,0.2092149609313913,7.026080113280221e-05,0.4836559013309055,0.276091785933271,0.6810232540556401,1392703.mp3,ambient
258.02666666666664,139.6748310810811,0.5552312920967734,0.7897072296142578,0.2146943062543869,0.5597378404109827,0.8384517124610801,0.2911956980987132,0.0035979952495949,0.3921082218742976,0.6648336336541092,0.6443232235207574,462203.mp3,chillout
331.8666666666667,95.703125,0.5640818403021601,0.4247807006835937,0.1818473786115646,0.6005138263466688,0.8282383838697338,0.6464625400495739,0.0013411609419342,0.6992997975269621,0.6187225550539578,0.6417205452893717,12303.mp3,blues
105.0,123.046875,0.5928164413041042,1.0,0.094827301800251,0.7192150712391528,1.0,0.1805115370923722,0.0127183981836401,0.2999999999999856,0.5994172330560841,0.6142543820368735,1028803.mp3,chillout
159.77333333333334,99.38401442307692,0.5938319414252295,0.4241060028076172,0.2226830571889877,0.6957971233748322,0.9896997314039352,0.7285802900174039,0.0027685547236934,0.4561743322124178,0.5647683378834385,0.6672122330113478,415103.mp3,pop
289.710875,106.13207547169812,0.5575709860176469,0.5720562744140625,0.1141637191176414,0.4884020148507071,0.8286984879618796,0.2351933951208736,0.0007117555518937,0.7143879509104676,0.5601727181478443,0.6290643952527821,1076603.mp3,chillout
154.84614512471654,135.99917763157896,0.5247362199727753,0.6124397430419922,0.1383603513240814,0.3570563726242984,0.8011951150416649,0.080356143642408,0.0070448122020918,0.4911078005007913,0.460118840869375,0.6577859583027943,1397803.mp3,folk
320.39183673469387,90.66611842105264,0.5596980465422279,0.4885216064453125,0.0602440796792507,0.5948405878781914,0.7480427482259572,0.6661277250885347,0.000575720384764,0.6308080843194241,0.7137918353702891,0.5789295016104724,142203.mp3,pop
189.50063492063487,120.18531976744184,0.5691275409585925,0.2727122802734374,0.1574891805648803,0.3546141346884706,0.6888249909183611,0.3274535557338665,0.0005150450135835,0.2999999999965154,0.4407451009240264,0.6685470848185517,1242003.mp3,ambient
167.83780045351477,161.4990234375,0.5443698837628353,0.5989884338378906,0.1537076234817505,0.3974060438212554,0.6608456251850554,0.4248454204815963,0.0006734402598483,0.2999999999999027,0.479304909312378,0.6594737625909546,992503.mp3,easylistening
90.0,93.9630681818182,0.5448681234446084,0.4355479125976563,0.0795679241418838,0.1514988769568873,0.3394710948037181,0.162957159757356,0.0001166429883581,0.3774891090216364,0.5047930850641702,0.6276858356782442,1116403.mp3,classical
160.0069387755102,126.04801829268293,0.5322592753906228,1.0,0.0682157278060913,0.138951343522915,0.380739005702387,0.0787202112334575,0.0018696297791097,0.2933057973404317,0.5341629677896498,0.6177250684522628,1157603.mp3,classical
191.4360317460317,84.72079918032787,0.5679324437789832,0.5149046020507815,0.1761251986026764,0.4932147466309807,0.7915028843350091,0.2856304794474957,0.0011603814400991,0.5858614584702304,0.4418235294161813,0.6750403656137273,1070603.mp3,hiphop
46.148866213151926,126.04801829268293,0.559632327293009,1.0,0.1087899208068847,0.7630495263466687,1.0,0.5091247123791993,0.0094623227409325,0.3,0.6760816886122846,0.6039480337680215,1167303.mp3,electronic
62.04371882086168,105.46875,0.5507547525157381,0.8759984893798829,0.1515368521213531,0.2861189775193374,0.5411449897005312,0.2883743640055671,0.0003337652072733,0.3,0.3845897376562609,0.6776353192324349,1001903.mp3,chillout
100.24326530612244,120.18531976744184,0.5925598782242651,1.0,0.0434824787080287,0.7145494930147461,1.0,0.0169678139167031,0.0459198386885981,0.5661240127560927,0.6055627771921603,0.5945411368964583,1404303.mp3,easylistening
61.26369614512472,120.18531976744184,0.5391289911603858,0.6076021728515626,0.1139129102230072,0.2394726345673202,0.4562641923669945,0.1763723845311221,0.0003756206448437,0.783372382656389,0.4176650998159027,0.657475627717102,1352903.mp3,soundtrack
246.3057142857143,151.99908088235293,0.5736834068781521,0.7328353500366211,0.0690570250153541,0.5847037088698216,0.9432802472176144,0.1449278961115403,0.003012459579565,0.6079305557438368,0.6908192664867568,0.5866966757081761,74103.mp3,alternative
136.88401360544216,114.84375,0.5215877722675796,0.6908894348144531,0.0611646510660648,0.2485601707349492,0.3123566825660316,0.1275797373358349,0.0001546301634069,0.2681614620192417,0.4569976795541146,0.6306197384729605,390003.mp3,classical
368.5760090702948,139.6748310810811,0.5491466884754502,0.3205060424804687,0.084491416811943,0.2856876559569035,0.4988025577210919,0.2522051248168638,0.0002785265950452,0.2999999999999509,0.561115390625984,0.6181938319271028,1366703.mp3,experimental
400.8260317460317,97.50884433962264,0.5751701477338939,0.461259490966797,0.1718752235174179,0.3785235094571052,0.660396694015717,0.1974621430211405,0.0014858816506483,0.299999999999347,0.3988680231850857,0.6821014758292533,1247403.mp3,electronic
265.58666666666664,143.5546875,0.5935383245338157,0.3359843444824218,0.2458564341068267,0.5733687155332189,0.821451016335622,0.7766646480068577,0.0008793568828012,0.541249922792939,0.6925481203585407,0.6499986922067496,604303.mp3,alternative
158.4065306122449,129.19921875,0.5214975950792157,0.9159623413085938,0.0432400740683078,0.1872780101874677,0.3882389696749299,0.1241040674239648,0.0009776909645331,0.29999956205058,0.5019511096003805,0.6151762047445147,1235603.mp3,jazz
235.2,147.65625,0.5674573871823945,0.5050968627929687,0.2131295651197433,0.7940258350483287,1.0,0.4512993321847923,0.0043835292112537,0.629214497117994,0.7112950616578902,0.6344676311115295,1138703.mp3,hiphop
131.4753514739229,139.6748310810811,0.5624497852639154,0.3761058349609375,0.1254711896181106,0.3463567335709538,0.5986059924843407,0.4000512572013137,0.000405833010718,0.3527652950012216,0.4915885937613024,0.6468519095102593,1162103.mp3,classical
172.28655328798186,105.46875,0.5372243929365794,0.53039794921875,0.0920301675796508,0.2500175295082823,0.437315926287504,0.19126454539478,0.0003476672621077,0.2999986832278509,0.3163741153280977,0.6698560372630548,1132803.mp3,classical
114.494693877551,139.6748310810811,0.5172031314034224,0.2487571868896483,0.0745688900351524,0.5103423138791592,0.6535190521034145,0.637112147637396,0.0003271031526273,0.6582055355559836,0.6058127977958133,0.6056822408534923,1306703.mp3,ambient
150.96308390022676,120.18531976744184,0.5896941492167378,0.314326629638672,0.1364371180534362,0.5718753915334149,0.8114197020612712,0.3673422455981078,0.0013765947592669,0.299999999997654,0.6411391508372561,0.6208895323317858,890103.mp3,rock
30.52952380952381,109.9567819148936,0.5556592377415461,0.5559202728271484,0.1482722014188766,0.6266581797866507,0.9128778505708136,0.4514476490772512,0.0024441824923498,0.439072245614118,0.637300913553066,0.6259178098001824,1088603.mp3,pop
176.31655328798186,147.65625,0.6009857440961797,1.0,0.1793861091136932,0.7466702491423349,0.9402530161714584,0.1814048279417409,0.0069847993505289,0.6616279619934835,0.705838216566383,0.623411355967653,147203.mp3,reggae
560.5,120.18531976744184,0.5714235766843534,0.4346569290161132,0.0657756626605987,0.2409196753960231,0.421747677530582,0.2849019752470195,9.563073183036029e-05,0.2999918883097358,0.4116390724650963,0.6413514240647963,1081003.mp3,pop
58.87700680272109,120.18531976744184,0.5978173838769738,0.4451031799316406,0.24205282330513,0.2417491928657883,0.5260991758863661,0.0972041624990382,0.0077640587573902,0.3,0.5469408116849999,0.6777508540528469,1349103.mp3,ambient
379.200022675737,99.38401442307692,0.5515558113731902,0.6373579711914062,0.2728206813335418,0.4726273417329608,0.821009361464509,0.2692304475552256,0.0016367547223638,0.3,0.536488217478448,0.6909178017843856,326903.mp3,ethnicrock
239.9998125,95.33898305084746,0.50052619363345,0.727991897583008,0.1382611542940139,0.2999100186868511,0.6204303884868981,0.0792830352303523,0.0040091175968114,0.2999999999991893,0.3642634568845188,0.6769213241689414,1110503.mp3,ambient
292.0761678004535,120.18531976744184,0.5482446315414802,0.8990263824462889,0.1388290226459503,0.6179093376573286,0.8794844921798253,0.2215370565344098,0.0037088857915648,0.2999999977280828,0.5716331758482143,0.6356518129828993,464403.mp3,world
229.9375,110.29411764705884,0.5858258219017021,0.6901536865234377,0.1733889132738113,0.3962224027668278,0.6870998317266627,0.1482513178334919,0.0010498996729541,0.3,0.4332593379109533,0.6757681411963815,108303.mp3,electronic
319.0,93.9630681818182,0.530973873716236,0.6090595092773438,0.1994584500789642,0.4328199026536487,0.643533849489298,0.4013032629507428,0.0006526161125209,0.5974591892707255,0.4610289839972418,0.6795992452289787,1403903.mp3,blues
166.66122448979593,156.60511363636363,0.530986767408311,0.677877311706543,0.1445582956075668,0.4912308444376994,0.7207092218895186,0.2565290963581132,0.0017023939146849,0.2999999999609951,0.5164008110026617,0.6487608242181917,1031803.mp3,asian
346.1224489795918,120.18531976744184,0.5584544700501188,0.5530899047851563,0.1890513151884079,0.7217167076647544,0.922830368050982,0.4727773855406014,0.0020817761237411,0.8048416338976208,0.6181260929495797,0.644433254877911,243803.mp3,ambient
162.06367346938777,95.703125,0.5713741844211953,0.4065621185302734,0.2687139213085174,0.2666121807691115,0.571353321773538,0.1746540638758823,0.0011893173844719,0.6996458603672895,0.4282629882214684,0.7110844140267726,1294203.mp3,flamenco
348.76081632653063,166.70866935483872,0.586621505302503,0.6100681152343751,0.1692053526639938,0.4757903016081924,0.7152310131301506,0.2543918677535643,0.0010105872683154,0.2999999999999153,0.6001660230498082,0.6408807223490761,23103.mp3,reggae
196.05632653061224,139.6748310810811,0.5100480210416705,0.3591285400390624,0.0391140580177307,0.1882348185375541,0.3430871459016886,0.1850483919655327,0.0002779875824968,0.2999899621294987,0.28672225125314,0.6567366106357551,1221303.mp3,classical
209.28138321995465,139.6748310810811,0.5991563758665563,0.1200953674316406,0.3801726400852203,1.0,1.0,1.0,0.0065898819203499,0.8977055564151686,0.8193496621621621,0.6729922179982468,242903.mp3,folk
239.1157596371882,114.84375,0.5717510257237743,0.55899658203125,0.2673843801021576,0.79998504986575,1.0,0.5914802305917797,0.004911487093951,0.4439338554278101,0.7347664943227445,0.6493050779722278,1155003.mp3,80s
238.55369614512472,129.19921875,0.5829665822547401,0.7559755783081055,0.22003935277462,0.6400857314872619,0.8224576925023067,0.3156991126072444,0.0012594841204541,0.3667918071552001,0.7422203581017649,0.6307700953785103,1211803.mp3,electronic
252.5257142857143,129.19921875,0.5723254905512014,0.8156189727783203,0.1562484502792358,0.713580680710274,1.0,0.4211809717747768,0.0041650045837153,0.3,0.732786121311999,0.609692217838125,1133503.mp3,dance
161.73684807256237,95.703125,0.5444912150236065,1.0,0.1564210206270218,0.4061966546020519,0.6914436221682073,0.0940930124253507,0.0129081173893704,0.3,0.4134512250378864,0.6736213224181505,1281203.mp3,gangstarap
155.85333333333332,120.18531976744184,0.6237346891286846,0.2233013916015625,0.3183922469615936,0.7601561188818833,0.9457121915392316,1.0,0.0037651630521346,0.7197517786102422,0.7704096692553546,0.6605392750551028,78103.mp3,hardcore
218.26360544217687,126.04801829268293,0.5259715194984875,0.4006332702636718,0.1857662200927734,0.5971304843438459,0.9397139717259472,0.2821715101193565,0.0032868020943663,0.6151404446863751,0.569847257861013,0.6529063876611959,1249603.mp3,chanson
346.5,161.4990234375,0.5965448224587898,0.5160375213623047,0.1005245149135589,0.3960160313418108,0.7578087193572222,0.2321340605351372,0.0004817110783533,0.6939588281716699,0.5506876472626372,0.6260512959163538,827703.mp3,folk
151.42858333333334,165.44117647058823,0.5733401533019773,0.5467789001464843,0.2308385968208313,0.5734921779192866,0.8734607832047326,0.5674702831412339,0.0010270218512005,0.2999999999726275,0.4736352985205113,0.688374835151397,100603.mp3,country
178.39904761904762,93.9630681818182,0.5021695472041396,0.9281205749511716,0.0434036329388618,0.2216339945289222,0.3634021727921694,0.0524913220759721,0.0031195668670844,0.2953254642858107,0.4666968815141504,0.6222859315551601,1109903.mp3,electronic
264.6,139.6748310810811,0.5943512831413569,0.210091552734375,0.2580019831657409,0.5058012797204525,0.724261190696879,0.8529158386226485,0.0003269008221499,0.5071346508395327,0.5575520014612149,0.6813703136474238,311503.mp3,rock
666.8196825396825,117.45383522727272,0.5342865014242554,0.7481559371948242,0.0591594539582729,0.3539752671943639,0.6045169731761689,0.2239342538630484,0.000266793205031,0.500170876520696,0.5390548073739705,0.6134864419501841,1161503.mp3,choir
195.7395691609977,129.19921875,0.538116988894854,0.2910333709716797,0.075237937271595,0.2802080223043146,0.693662467130932,0.1180048028238289,0.0026041253540768,0.6964979690103354,0.4102413173717488,0.6450373939434245,25803.mp3,easylistening
529.4714375,125.0,0.5584972601613625,0.6632252731323242,0.0824684724211692,0.3876506717690738,0.5839840144011511,0.4664109617042018,0.0003039718097203,0.3705706868425898,0.4925221658634679,0.6311842168989273,1030903.mp3,rock
193.8557596371882,99.38401442307692,0.5571892512125995,0.4910245819091798,0.2522920370101928,0.5839747406678973,0.9055606696058236,0.4157664566225252,0.0013577074466265,0.2999998818229479,0.7116905302664566,0.6484870272703781,1243203.mp3,poprock
234.3820181405896,147.65625,0.5779858025931798,0.2872341918945312,0.2661539018154144,0.7848273022815144,1.0,0.6110775780830922,0.0047587860248915,0.7275642191145408,0.6421721383490095,0.6673809769837473,1336603.mp3,90s
192.93242630385487,95.703125,0.5382235621468143,0.6711721954345703,0.123201385140419,0.3536820236134151,0.6037496156756379,0.2836128323974297,0.0007919981214288,0.7999228219218014,0.4026812096583183,0.6638162567188871,1323603.mp3,90s
204.094693877551,120.18531976744184,0.5497945330025726,0.4516011505126952,0.2260171473026275,0.789852844084707,0.928601129778321,0.9388667832070812,0.0027875122616476,0.4025355919043715,0.6878338505560606,0.6437994029177337,316203.mp3,instrumentalrock
247.24,126.04801829268293,0.6016384963937171,0.378404312133789,0.1345136165618896,0.1342251861215467,0.3962488825617974,0.1528414817393854,0.0003214079474265,0.2882619436866317,0.3347096343347465,0.681482975095331,1049703.mp3,ambient
129.0487074829932,120.18531976744184,0.5305577230167935,0.8400498580932617,0.030798690393567,0.1675450117407297,0.3695141808589663,0.1413063130271461,0.0001789794718829,0.2992329124219848,0.4255701828473672,0.6259734919722107,1377103.mp3,classical
206.0,133.92857142857142,0.5171812467993371,0.6979880981445312,0.0377718620002269,0.1046926446251702,0.1976546214767639,0.1066257657864726,0.0005301968167115,0.2819635084880402,0.2102691129601293,0.6715440477280559,1012003.mp3,ambiant
332.3077097505669,129.19921875,0.5871285704627953,0.4432386169433593,0.310514360666275,0.7559032568827707,0.962678424080962,0.7174015779566663,0.0025130571868266,0.8438332448245132,0.725931728716902,0.6665988240964785,1285503.mp3,edm
154.30530612244897,126.04801829268293,0.5175660830406263,0.6488348388671875,0.0632591322064399,0.2083628707839166,0.3257892819280227,0.1592517217776195,0.0003113674301391,0.2754469505403968,0.4818528233544562,0.6264027229234272,783503.mp3,ambient
128.3478231292517,114.84375,0.5561574114786986,0.4060873413085937,0.116385780274868,0.4248686385987879,0.720994395651256,0.3932338308457711,0.0008744749561216,0.6357947635198938,0.4743244216352238,0.6470339965719076,1197103.mp3,soundtrack
164.5595238095238,105.46875,0.5820414400276119,0.6208734588623047,0.1414021849632263,0.7307763106705985,1.0,0.1604535270694883,0.0052469499274631,0.656600487738983,0.669520724939944,0.6170006415987727,1420603.mp3,chillout
244.92408163265307,99.38401442307692,0.5597694069640288,0.3351820373535156,0.1585721969604492,0.3815933382063063,0.7974411063299761,0.1969617689256477,0.0018217775455002,0.8659800580645598,0.3999496667850604,0.6770960575487497,81803.mp3,electronic
189.48056689342403,123.046875,0.5476713561722693,0.7124594116210937,0.0382249392569065,0.0983329643872288,0.3367630518814655,0.0854183074028522,0.0044277560168951,0.6526390250910663,0.3450157377826163,0.6447578305759631,1227103.mp3,jazz
182.86861678004536,103.359375,0.5505797357703446,0.2844784545898438,0.2598026096820831,0.6033256556339573,0.9652712245580944,0.5324347970163722,0.0022815360845899,0.922444631280902,0.5173334341175237,0.6900622526620451,414103.mp3,pop
42.545419501133786,109.9567819148936,0.5134133358756536,0.3488403625488281,0.1851473599672317,0.1886928384455573,0.4391908953441849,0.177495757495092,0.0005661805174337,0.3472972307775953,0.4404479070530456,0.6785634681775943,1366003.mp3,classical
154.96875283446713,161.4990234375,0.5395371718921207,0.4388004302978517,0.1594647467136383,0.3623155310601302,0.7561103498536207,0.1432150244487161,0.0026016877109988,0.2999999999999732,0.5161334485239477,0.6541806191121202,1083303.mp3,rock
118.0,129.19921875,0.5526301790916772,1.0,0.0173618420958518,0.1859303148239085,0.3660909952728384,0.0685240110960731,0.0014360360806637,0.2997528664259261,0.5042493674333483,0.605400389667837,1042003.mp3,classical
192.1733333333333,112.34714673913044,0.6004601781427179,0.9146678314208988,0.1058756485581398,0.5756859378532133,0.989247465138142,0.1136279180105883,0.0064827723705845,0.2999999999999917,0.5307250272222555,0.6319702280364793,3903.mp3,electronic
146.526125,95.33898305084746,0.554609728230841,0.3171956787109375,0.1131653040647506,0.3438894815385328,0.6906915410555321,0.2163695343002785,0.0012673176976429,0.7252910989898452,0.377779998280206,0.6651835098072691,1112003.mp3,alternative
115.19548752834469,99.38401442307692,0.5832657381639945,0.550791473388672,0.1386920362710952,0.4938586098742377,0.7999152107028853,0.3952502562413511,0.0009769237150817,0.931957489299768,0.5573354806823441,0.6384620369211255,1164203.mp3,electronic
139.92977324263038,143.5546875,0.5491483948007156,0.7137418518066405,0.0682575330138206,0.1893850669892747,0.3288501293316977,0.2326015383276706,3.899013692173722e-05,0.2998807133444963,0.4565619929928591,0.6332603132864036,1151403.mp3,classical
219.6140589569161,120.18531976744184,0.5876109438795631,0.4071326446533203,0.2974572777748108,0.5044658336366087,0.7717605991456518,0.6473144427997463,0.0004163013733872,0.299999980305772,0.5253721130271667,0.7020101973934986,1257403.mp3,poprock
183.0661224489796,126.04801829268293,0.521706820486331,0.49858251953125,0.0454274266958236,0.2184761824470545,0.3377566932720397,0.2111298951787159,0.0002151633266961,0.7780203258884251,0.5247740223461792,0.6113990691412607,389703.mp3,indie
233.61412698412693,172.265625,0.5681601811564632,0.5804786376953125,0.259089857339859,0.1981368376358205,0.4278240547558113,0.1459851006421802,0.0014449920065132,0.6483654004205726,0.5743804753119469,0.6783962535799599,299403.mp3,alternative
250.029410430839,120.18531976744184,0.5498214614826316,0.3087477874755859,0.2618267834186554,0.4062651774499005,0.7872678551317346,0.229283468633349,0.0018713294106437,0.3,0.5376316953578204,0.6867313029591519,1147703.mp3,chillout
181.8947392290249,95.703125,0.5762450403330703,0.731872573852539,0.2916119694709778,0.7064625965155404,1.0,0.2432750923118115,0.0134430968400746,0.2999999999996536,0.69256198979936,0.6664679110496801,1210703.mp3,electronic
382.92,126.04801829268293,0.5867275831232168,0.7683331756591799,0.1911187767982483,0.3953142606634918,0.7760796585428642,0.1498891487004737,0.004631079492856,0.3,0.4585512048984099,0.6770925186676874,1349703.mp3,dance
146.52321995464854,97.50884433962264,0.5750194586077104,0.1884916687011718,0.1470656394958496,0.2423410299361647,0.4807508692066689,0.2841203491664106,0.0002287855342469,0.3762647974187575,0.3525544710275999,0.6824327360129859,1158503.mp3,blues
741.1809523809524,120.18531976744184,0.5217593165408612,0.7070491027832031,0.0903046876192092,0.2478019111091617,0.4359953990845406,0.229019198229137,0.0002501258679088,0.2874081595972877,0.3515515624223866,0.6621993750584381,1028503.mp3,ambient
486.71267573696144,120.18531976744184,0.502201241839111,0.8640106353759766,0.0359837152063846,0.572406392693521,0.9470896927761429,0.2656225673463261,0.0217554294656132,0.2954850069575028,0.5403139667164484,0.6048913441310089,1118603.mp3,ambient
163.04,120.18531976744184,0.5411998172196807,0.3837513275146484,0.1757376492023468,0.474565435335276,0.6701386647948493,0.5598978124500699,0.0005606971426552,0.299996280024124,0.7114187779158974,0.6209817981296654,1333703.mp3,country
259.0933333333333,120.18531976744184,0.5524654410025787,0.6961107788085937,0.0336540043354034,0.2638261336693326,0.4186726303845269,0.139566140654013,0.0005868367681122,0.4220145724457786,0.4733414027646009,0.6174471610078252,1171003.mp3,ambient
204.0,112.34714673913044,0.5481168823436706,0.8062409973144531,0.0578327886760234,0.1563148634555687,0.2510313680700414,0.1428589274511001,0.0002818514922343,0.2999763212052546,0.3722577724773966,0.6463682494278892,1137403.mp3,easylistening
756.1919954648527,126.04801829268293,0.5260982355525595,0.3299910583496093,0.1560503542423248,0.3054842325910213,0.4987054394251374,0.3037156617248084,0.000161387472462,0.3077661935629131,0.542873651557235,0.64760339721579,1089303.mp3,newage
305.93634920634923,93.9630681818182,0.5178759228044016,0.3501746978759766,0.1104124337434768,0.2451463357151054,0.3168595856330942,0.375628822545056,9.573821428350544e-06,0.5351744335259452,0.3875264037889215,0.6622431953898673,1330503.mp3,classical
37.00099773242631,120.18531976744184,0.5910313446891055,1.0,0.1424565613269806,0.4136910200794972,0.6498524254563214,0.6060608378982159,0.0003297833662565,0.5213263920136973,0.5815320458447517,0.6349779529087627,1397103.mp3,classical
93.81818594104308,109.9567819148936,0.5885462446166849,0.4388758850097656,0.1408434063196182,0.6399566731197766,0.980139798916518,0.6845403702149878,0.0023127402442004,0.386093243552404,0.5502508577284666,0.6406534547293692,1087103.mp3,easylistening
333.6881632653061,99.38401442307692,0.5317967114223099,0.5360729522705078,0.1686513125896453,0.3651923077134957,0.6269770827966024,0.2574997751230035,0.0006501194178449,0.8897787565107675,0.4200029890268241,0.6767138747269076,335303.mp3,club
226.66666666666663,107.666015625,0.5660245218654906,0.5403712005615235,0.1215987727046012,0.8054596337520518,0.9171070199301432,0.3331584391443177,0.0023964880746556,0.2999999997659929,0.66533203125,0.6107091519236564,1181203.mp3,electropop
248.88888888888889,135.99917763157896,0.5749738258457475,0.2985050201416015,0.1942915618419647,0.8177641165308331,1.0,0.5649066280755167,0.0050378029362701,0.6452602500462785,0.6635756380816344,0.6372298346467804,1104503.mp3,dance
235.2058276643991,129.19921875,0.5703378971009105,0.3966095275878906,0.1588204056024551,0.5335612514155933,0.8121166545473707,0.5450368941716961,0.0008175335654248,0.2999999999284704,0.66047789005724,0.6250797680054359,873803.mp3,country
157.97469387755103,105.46875,0.609359422377759,0.906508361816406,0.1725690364837646,0.5357230493322579,0.8526639479253734,0.1694013303769401,0.0034111219130631,0.4850589527894664,0.517083835544463,0.6587080860252627,362503.mp3,electronic
220.2,98.6842105263158,0.5526800749187422,0.769322006225586,0.0460660047829151,0.2711393689954399,0.5111741957473683,0.210405905454133,0.0003500595135748,0.9149198922505032,0.4593147327357097,0.6247208151747075,1168003.mp3,classical
267.1804081632653,112.34714673913044,0.5749174503149772,0.5973527603149413,0.1187034994363784,0.4152420951500612,0.598913964443752,0.4046578222799695,0.0004444591786657,0.7163057584370649,0.4513392689160957,0.6524654060138771,373103.mp3,rock
276.0,161.4990234375,0.532884021102656,0.5223143615722655,0.0984270721673965,0.1689031629741796,0.3492814537406506,0.1373566856435821,0.0004797316704005,0.299999216342274,0.5477720655846199,0.6258793328633387,1394303.mp3,ambient
352.4807256235828,129.19921875,0.597358184908833,0.5561241149902344,0.1830776035785675,0.9590232488648036,1.0,0.6280819183146544,0.0048461515260979,0.8455491971457745,0.7983984375,0.6062282497882843,1209803.mp3,minimaltechno
347.0526530612245,95.703125,0.5839133953386024,0.5849342651367188,0.1564884185791015,0.520525199305639,0.8756870118373371,0.2253185956741646,0.0024937629642629,0.2999999999999148,0.4597427734573601,0.6643872759970045,1300203.mp3,ambient
254.93004535147392,126.04801829268293,0.5843064175546694,0.6715865478515625,0.2696541845798492,0.5179793486601424,0.7477632942120515,0.3217946012231777,0.001009302800126,0.4592070655555342,0.6155822792176572,0.6739590506052143,934003.mp3,rock
300.7131292517007,109.9567819148936,0.5924942981507013,0.1985010223388673,0.1826740652322769,0.4205065948636342,0.8101213693044147,0.2803582358269726,0.0011152495772842,0.8011844084322337,0.4386807042307007,0.6780265226374795,1257803.mp3,pop
123.22666666666667,112.34714673913044,0.5016438611527003,0.6963030853271485,0.0822324007749557,0.3903039133453718,0.508851239102207,0.321952138684756,0.0003038746540859,0.2999508240826193,0.4224220612781894,0.6451192520233462,1389403.mp3,easylistening
194.4022448979592,92.28515625,0.578235378614504,1.0,0.2706835269927978,0.7838421542343775,1.0,0.4538260419928774,0.0076123693820603,0.3,0.6619105072992633,0.6650639682575545,1151903.mp3,dancehall
152.4830158730159,161.4990234375,0.5666087769980326,0.1918043365478516,0.2404748052358627,0.5509248321335686,0.861699179763799,0.5629574331376023,0.0015709647331053,0.7707819880865803,0.6832461094224397,0.6499217080004226,1236403.mp3,chillout
229.12,86.1328125,0.5519349861828878,0.6675888671875001,0.1613879054784774,0.5031476212919084,0.7390411006615933,0.3092841120455795,0.0009869541303618,0.6855785683735725,0.5541012104914596,0.64727940387396,1225503.mp3,hiphop
245.35267573696143,139.6748310810811,0.5707251886057172,0.4382431030273437,0.4884917736053467,0.5236647244143565,0.7549843582769532,0.6931528888468272,0.0006490870667181,0.2999999999986187,0.5867968832860987,0.7584976618407051,1294803.mp3,electropop
103.49092970521542,95.703125,0.5814309187799511,1.0,0.0854145959019661,0.3805609956377916,0.5909444137872492,0.4075403448672135,0.0005661442338342,0.3905911981705537,0.4192830562209803,0.6468926432805118,89803.mp3,folk
355.344,102.27272727272728,0.5251010015004576,0.6182632369995116,0.1529547125101089,0.4672634013323523,0.8071787946507528,0.3332114089586594,0.0005922837928077,0.2999999996956134,0.5574740033686669,0.6435688958299058,156203.mp3,easylistening
71.31727891156463,126.04801829268293,0.5043815804785018,0.3054606323242188,0.12974514067173,0.2907425211929624,0.5976762498771103,0.2206143816281073,0.0008364675888574,0.5341883773587504,0.3861624853059729,0.6694757535806283,1380603.mp3,ambient
228.1534693877551,161.4990234375,0.5310635624364279,0.6723763427734377,0.2099081128835678,0.7231136542202319,0.9998346239518898,0.3111612794328635,0.0043495225045117,0.6049328075365124,0.7039560898888916,0.6347757026603061,1367203.mp3,hiphop
289.6666666666667,99.38401442307692,0.518985249317744,0.5125408477783203,0.1142730712890625,0.3635953539213704,0.6518673725956718,0.1733873600860257,0.0008261997288173,0.7418436381864828,0.4020045896461357,0.6607373877348354,496503.mp3,ambient
183.2540362811792,93.9630681818182,0.5410330852177607,0.2602810821533203,0.0452526956796646,0.5348619616263032,0.8952678965694733,0.5660100280445314,0.000875995425809,0.7775691358594485,0.581197375899132,0.6000514952648529,1053403.mp3,ambient
485.2266666666667,95.703125,0.5563103062292547,0.6515634918212894,0.0721781924366951,0.23628910045233,0.3300118505182045,0.2002936586766451,8.843108159719749e-05,0.5309263642421644,0.380611244091193,0.6498619004589716,1095603.mp3,classical
248.4184583333333,122.28260869565216,0.5246485030544907,0.2223561096191406,0.2110401690006256,0.120965778210078,0.30468302763914,0.1440346008440763,0.0003063844066805,0.4633974393993418,0.2809351283174987,0.7197874351767255,1110703.mp3,ambient
332.0817233560091,129.19921875,0.5672012287348892,0.4069813690185546,0.2261280268430709,0.5040410674128375,0.7756351606425681,0.4804252176908568,0.0006616427769544,0.2999999999794064,0.5338683038082681,0.6746324289018519,1314303.mp3,atmospheric
114.8353514739229,105.46875,0.5551248489925885,0.3872186584472656,0.1662291586399078,0.4553948518254652,0.7281567330750679,0.3796544140128016,0.000855071940893,0.4850487805695113,0.5602885364880081,0.6477847898127652,1363603.mp3,popfolk
210.0,120.18531976744184,0.5485002670157915,0.4975755310058594,0.1605011969804763,0.3368169230017147,0.5905740475027612,0.3066539195909429,0.0003350237262227,0.2999999963376851,0.4613742590375238,0.6655055791054667,186603.mp3,electronic
209.4769841269841,99.38401442307692,0.5697704295826915,0.4799989013671877,0.1873766034841537,0.6015805650541867,0.9913480712161222,0.3786758732188552,0.0031110638810677,0.2999999999998597,0.5993562570236006,0.6475843258495751,350503.mp3,pop
234.81333333333333,139.6748310810811,0.6087938225448495,0.3838825988769531,0.3192311525344848,0.8455062768390504,1.0,0.6240907018978229,0.0073190379850993,0.8321240682132868,0.6928944768499403,0.6763443195424265,1103.mp3,metal
185.22607709750568,139.6748310810811,0.5130822971089675,0.621771728515625,0.1212057843804359,0.4185967376289232,0.6479814465358055,0.2219846978162667,0.000856513583633,0.2999999999999842,0.6253450399648803,0.6185650743839809,379203.mp3,dance
190.96090702947845,97.50884433962264,0.5614365869232201,0.3656568603515625,0.0632116794586181,0.4108158297194844,0.6391270797297206,0.3780088937128656,0.0004344664835753,0.2999999999995563,0.4405703636413371,0.6346421318768352,1209203.mp3,ambient
216.02666666666667,120.18531976744184,0.6046453727930752,0.3620384521484375,0.1994827389717102,0.2615981325883574,0.5980913538281651,0.1844063406507123,0.0012462560412464,0.5804466593554027,0.4170118781725143,0.6884114103953128,17503.mp3,easylistening
375.0922448979592,161.4990234375,0.605884941300985,0.1989166870117187,0.3268004655838012,0.424676070505073,0.6001160672650662,0.6820502057936266,0.0001501276680375,0.9683110999873304,0.6644145530296514,0.6847652570042381,108603.mp3,breakbeat
499.13614512471656,147.65625,0.5694849790762383,0.425510009765625,0.1406496614217758,0.6468918062036687,0.8515094398562792,0.2320495735834478,0.0064352731033269,0.2999999999943543,0.6418424395707694,0.6222653901976855,381503.mp3,alternative
81.0,120.18531976744184,0.4830329214775147,0.5237242736816405,0.1477856934070587,0.3390665104690575,0.4814056382276511,0.3620872763120636,0.0003006526177011,0.299386515450278,0.4826369648194836,0.6566754566626444,1275303.mp3,atmospheric
179.77469387755102,132.51201923076923,0.5795124852492863,0.5083703308105468,0.3298885226249695,0.4266549414889163,0.6315658395884483,0.4788429400600109,0.0003529173256571,0.96222267759317,0.4276036987906116,0.7332391283868668,311403.mp3,hiphop
308.2105442176871,126.04801829268293,0.5602930288880559,0.4533372802734374,0.1276994049549102,0.4634687296191043,0.6894087238919198,0.5118044811606772,0.0003239386668739,0.2999999999997181,0.5898188216367632,0.6280080214564151,1238103.mp3,electronic
316.62503401360544,109.9567819148936,0.5425520586381056,0.5124286651611328,0.1058904305100441,0.3454116405994991,0.6023496828571315,0.2262665540999792,0.0010790006711414,0.2999999204924074,0.5060361438289984,0.6369133262178162,49403.mp3,blues
256.36337868480723,109.9567819148936,0.5702095409856225,0.6599089965820313,0.2671778202056885,0.4170034017524732,0.7428952731953906,0.3907374066947806,0.0011304724583483,0.2999999999400753,0.3923411396159554,0.7177157873508567,683803.mp3,indie
270.9677551020408,92.28515625,0.572183590209332,0.490675064086914,0.2581890523433685,0.7305419374331875,1.0,0.5228066545446945,0.0030625368892487,0.4619049142365174,0.5502436928389096,0.6828993202758308,1337803.mp3,hiphop
240.9012244897959,161.4990234375,0.5243917660949047,0.3966936645507812,0.1404433995485305,0.4150343768664591,0.6980051208790926,0.4059803702615339,0.0003597319571945,0.2999999996542555,0.5657787608205305,0.637403871673365,167303.mp3,easylistening
124.42666666666666,123.046875,0.5663900935330425,0.7120441894531251,0.0379404798150062,0.1195758363060822,0.2056373681365978,0.129804887151316,0.0002447344999023,0.6140190195968139,0.3659038584572352,0.6404778010419552,1028903.mp3,classical
367.5,107.666015625,0.5863649206319681,0.5919552307128906,0.1659994274377823,0.7423781728322157,1.0,0.3092073286310673,0.0042601882691177,0.3,0.7725163474972038,0.6052565243781609,1208803.mp3,drumnbass
90.0,120.18531976744184,0.5465556780844929,0.982731887817383,0.0746894255280494,0.2363704716373866,0.4490766310505493,0.2268242341866143,0.00018705655029,0.2999296786233447,0.4960300607691787,0.627682181036262,1119403.mp3,classical
190.71231292517007,114.84375,0.5478424024439781,0.3953281249999999,0.048788946121931,0.2131739873540836,0.2855606211515668,0.1836574824018161,9.413066185047602e-05,0.3789515895897205,0.5589552884011921,0.6057729629236568,259903.mp3,classical
75.15392290249433,120.18531976744184,0.5537622125118694,1.0,0.086589902639389,0.3269054593574076,0.5758278509660694,0.1819480548836999,0.0007359655554504,0.2944552869283856,0.5412214123370349,0.6229280824827731,988503.mp3,classical
263.9977777777778,139.6748310810811,0.5750796587233666,0.5841455078125,0.2354207634925842,0.6998671476166592,0.8902229337054579,0.5299091814964941,0.002657635527506,0.3,0.6328785250975949,0.6581757698378113,82603.mp3,dance
103.939410430839,132.51201923076923,0.5374085024705972,1.0,0.1556626558303833,0.1542743814915501,0.314632275082998,0.1095553200589528,0.0006596578838848,0.7717548629602462,0.3319128331119628,0.6896559894765454,1415803.mp3,atmospheric
153.00024943310655,109.9567819148936,0.5101677726710934,0.4554431457519531,0.1481390446424484,0.4155016681472898,0.6363287548561579,0.4350839010325,0.0004600659185335,0.2999691189638807,0.5854648151070356,0.6362370930498743,80503.mp3,pop
129.58984126984126,99.38401442307692,0.5506521064565565,0.5468411331176758,0.0850164964795112,0.1551288296356607,0.3406437513950493,0.1785251353678202,0.0002123428872824,0.2999999999919315,0.4158279516622541,0.6474403484001733,373203.mp3,ambient
277.6289569160997,132.51201923076923,0.5851173360234153,0.6367145996093749,0.2613304257392883,0.3258999990171417,0.6137166488051637,0.1794709072420043,0.0008322967053399,0.6060552215226545,0.448302793626061,0.7044183945409316,1203203.mp3,alternative
219.69333333333333,120.18531976744184,0.5374824604996434,0.5955565643310545,0.0809873938560485,0.5441414613219695,0.881636919353837,0.2383123905223093,0.0029288754084641,0.7951802877513807,0.5294213095788337,0.6232711998724108,170003.mp3,folk
207.1219954648526,120.18531976744184,0.5565918900505076,0.606045150756836,0.1177319437265396,0.2807165090458939,0.4748592025024001,0.3517141251789178,0.0001325106546044,0.8177567714299365,0.5215491064494036,0.6380736784516736,1412203.mp3,blues
305.9060090702948,107.666015625,0.571948351439874,0.4794209289550781,0.1172519028186798,0.1862280056359523,0.352705018551333,0.1979113383300518,0.0001904783272756,0.2999999999943409,0.4409107637967922,0.6540285322553663,182903.mp3,easylistening
585.0,107.666015625,0.5754009744063898,0.4787759475708008,0.0777643397450447,0.6781341348789394,0.9308695430376968,0.3353410703671219,0.0028690304518803,0.6133898160421036,0.634550325292133,0.6010850972497895,1375903.mp3,ambient
256.1044897959184,126.04801829268293,0.5440630711929217,0.4547879333496094,0.2421243488788604,0.5732334198954989,0.8282687928258503,0.624876500895562,0.0009535764240054,0.349970847086487,0.5742333045380483,0.6723181046887801,1080503.mp3,guitarrock
199.22666666666663,143.5546875,0.5054473107365489,0.8527249221801757,0.0337752848863601,0.1386877438840676,0.3033989679692885,0.0987557564386832,0.0005952591673505,0.3276032444254585,0.2760357762181792,0.6569519473154539,965303.mp3,classical
151.7191836734694,172.265625,0.5998602726970428,0.7666798400878906,0.2483845502138137,0.5815387512767554,0.8994335316516153,0.2579293020721163,0.0048715295983546,0.9617200886389964,0.6392474905393664,0.6615689399690996,290003.mp3,electronic
246.0,123.046875,0.5633338881831792,0.3366027221679687,0.1443951874971389,0.2221372650577597,0.419598593685724,0.2073153465500392,0.0002617425662293,0.2957020205860987,0.4766022453601676,0.6566618184269365,1054103.mp3,ambient
52.29714285714286,120.18531976744184,0.5824929114368171,0.7665586853027344,0.1321541965007782,0.0637055844397212,0.2657430043607435,0.0355778132698086,0.1593881268337487,0.7357608766066353,0.2729001579023831,0.6929954791598035,1044303.mp3,ambient
119.97972789115646,114.84375,0.5489703172851021,0.5913447265625,0.1363371461629867,0.4931251520381243,0.816907259989358,0.2219764711435213,0.0014221413031245,0.7087918192719502,0.4897969583651189,0.6511219809456514,1317803.mp3,chillout
203.862970521542,143.5546875,0.5935979212277809,0.348417465209961,0.2016355842351913,0.4489845450152742,0.7291668562636228,0.433997722095672,0.0007234788762125,0.4069178712921498,0.5703125091360794,0.6585263084974531,40303.mp3,fusion
249.00024943310652,107.666015625,0.5824683123767095,0.2621364288330077,0.1759867966175079,0.2161756584410558,0.3999946334468611,0.2729956059351716,0.0001121104683304,0.299999999557453,0.3707059886527155,0.6892140490517598,365603.mp3,classical
378.4455102040816,123.046875,0.5409728226376838,0.6974779510498047,0.056413359940052,0.2869152950853375,0.4236598986520333,0.2265028129926665,0.000156602887988,0.2782704652743155,0.4991896987458448,0.6204708698292498,768503.mp3,classical
222.59997732426305,112.34714673913044,0.5914530864906684,0.7789290084838868,0.1542443186044693,0.5249014397989312,0.7258811024526971,0.3314900513144069,0.0008984831986303,0.8985742109079542,0.6237053572945578,0.6307868832386974,494203.mp3,acidjazz
332.7636734693877,105.46875,0.5641047166880845,0.24544091796875,0.1708766371011734,0.4085774694399698,0.8327922935073715,0.3208847951992184,0.0011221578101048,0.7318132138126756,0.4244961051247158,0.6766163683314793,361003.mp3,easylistening
89.35498866213152,99.38401442307692,0.5457651743942888,0.221763427734375,0.1802424490451812,0.4492040770822635,0.7742957438725097,0.3996032663977412,0.0005052878024136,0.6423658085200665,0.53577445789488,0.6577323900772892,36703.mp3,celtic
246.4666439909297,126.04801829268293,0.5754469960261954,0.2829381713867188,0.2234437465667724,0.7310921155846618,0.9419571617327954,0.7184088953330063,0.001049102170156,0.7190885670088766,0.6635889732433194,0.6477219541153741,1373103.mp3,electronik
347.5562811791383,79.50721153846153,0.5547128708685648,0.5286276550292969,0.2009794116020202,0.4882190461549843,0.8639624663103146,0.2679263852464158,0.0016673440881393,0.3764887338120073,0.4243910067964154,0.6874743868174442,1312103.mp3,indie
179.6961224489796,123.046875,0.5576799987329945,0.2691588439941406,0.2525716125965118,0.2361543549094257,0.4095877559375114,0.292427962269027,7.013735079375596e-05,0.4009927655537266,0.4175465314525147,0.7074164742442414,1193603.mp3,classical
179.2959863945578,139.6748310810811,0.4771128566705814,0.4952378997802734,0.1372623443603515,0.3685583691366265,0.5450232990247614,0.2064579503603894,0.000550753691364,0.9380168112629516,0.6036085518878819,0.6286927335921503,1375203.mp3,classical
90.44197278911564,101.33272058823528,0.5089104430426536,0.5294253540039062,0.1436098664999008,0.4597693400745301,0.8299297487327957,0.1838606772667649,0.0024054207534082,0.4849761141297787,0.4396697156524898,0.6637656088094663,1105603.mp3,60s
317.9246485260771,151.99908088235293,0.5878231225238593,0.5689033813476562,0.4022360146045685,0.5081684534654309,0.792179598701945,0.2985713573174294,0.0023243859259473,0.9695330837358468,0.5547236703162082,0.733860231194403,321103.mp3,techno
406.3333333333333,139.6748310810811,0.5736147931714901,0.7562539672851563,0.1477702111005783,0.6177686225466499,0.8628596410952113,0.2909448980772273,0.0025959278740033,0.2999999999999955,0.6053909951860358,0.632119076959001,101903.mp3,ambient
375.92603174603175,99.38401442307692,0.5623536964828486,0.4725768127441407,0.1494361907243728,0.5298252299399928,0.7036748615885242,0.2656029768450865,0.0013333052099152,0.3482329464861193,0.5813415600224738,0.6375287166562794,168803.mp3,electronic
223.84984126984128,112.34714673913044,0.4649484062214738,0.8163507843017578,0.1111283525824546,0.2086482874346595,0.3392420641685449,0.0825665605341287,0.0032174533566831,0.2999999999999986,0.2692203258554752,0.6861621417585887,409703.mp3,alternative
244.27798185941043,90.66611842105264,0.5800694892062628,0.6164810180664062,0.2299263328313827,0.5663535354913687,0.8282102871993113,0.3164676166508825,0.0013280554699912,0.2999999999981668,0.6757496757533087,0.6476235446686361,1072903.mp3,christianrap
149.6758276643991,97.50884433962264,0.5901313214100349,0.8935968780517578,0.0868105590343475,0.5762269307004799,0.7746149829555604,0.3504541129332801,0.0018110997352727,0.7011898025100336,0.5200724829236276,0.6272373046676396,320803.mp3,funk
146.4250566893424,109.9567819148936,0.4786999425249479,0.5265927124023438,0.1299424469470977,0.1626418251803109,0.271180399473753,0.1420949736334753,0.0003335462864268,0.2999999999964631,0.4482467306962992,0.6571299347616953,535703.mp3,ambient
182.4933333333333,156.60511363636363,0.585505046698023,0.4446266784667969,0.3077269792556762,0.615286733583524,0.9847726927340876,0.2619657118385548,0.0026606147487408,0.7558772652208112,0.6263366458815671,0.68551438335573,661603.mp3,70s
265.1428571428572,93.9630681818182,0.5679449462411141,0.4623734283447265,0.1981482654809951,0.5710615912678422,0.8803408931353983,0.7176150574886955,0.001952025384219,0.515562996577346,0.5757172574505756,0.6561899240830431,275103.mp3,folk
100.38857142857142,132.51201923076923,0.5621342702258336,0.28461328125,0.328612208366394,0.653940631971292,0.8907106869782956,0.6595819218282388,0.0015216313554042,0.299999999989571,0.637387343318881,0.6908229263481256,192603.mp3,instrumentalrock
246.10356009070296,129.19921875,0.5785592396683196,0.5983541107177733,0.2250089943408966,0.311078550212648,0.5696743655440029,0.2216447018701718,0.0005674744223512,0.2999998643456342,0.4386797543684275,0.6932672870890373,1366603.mp3,breakbeat
111.59825,140.625,0.5229926056890275,0.6045509185791016,0.0596696957945823,0.6722462776812573,0.9836003187705322,0.1392810437709652,0.0031405445522203,0.8107218855977429,0.7234959983305218,0.5767818908199452,95403.mp3,soundtrack
183.9560544217687,120.18531976744184,0.6015294836436096,0.3174012145996094,0.2811670303344726,0.6397733722486392,1.0,0.4764439039783266,0.0056571793191021,0.2999999999999994,0.5420970519801297,0.6928007205243842,1288403.mp3,dance
264.04,120.18531976744184,0.577144567547934,0.3808977661132812,0.151862546801567,0.5464487058557064,0.8274213841083293,0.5456707665612469,0.0007724005984124,0.5170969446563224,0.546590746529633,0.6453523675426376,287503.mp3,pop
377.1239909297052,120.18531976744184,0.6001595177297359,0.2776614990234375,0.2830687165260315,0.4680591539598684,0.7054863835188663,0.5321790084569564,0.0004905955020317,0.7784044204133699,0.5079271416712197,0.7003193096151274,1226703.mp3,funk
400.3333333333333,123.046875,0.5205471495682813,0.8427155532836913,0.0571304857730865,0.3322820654457658,0.5101809820954691,0.2248846694139466,0.0003012020248054,0.668339004741394,0.530834907536712,0.6143999933709687,480403.mp3,classical
209.35111111111112,123.046875,0.5348883269663589,0.5247587585449218,0.2080853730440139,0.1976233759369305,0.4362717568543497,0.1782950769118405,0.0006642298397243,0.3855561201240717,0.3128344566546803,0.7123438429649089,1333003.mp3,rnb
119.98789115646258,117.45383522727272,0.5725533360438689,0.2654198608398438,0.2080598324537277,0.4364031907580553,0.8225551928734879,0.2641957827415719,0.0012663202633165,0.6849629786747002,0.4531155867035658,0.6842784223426288,1317804.mp3,chillout
199.70029166666663,144.23076923076923,0.5365509624392271,0.465184356689453,0.2775847911834717,0.8457594230947004,0.9539654028448742,0.9502601608646146,0.0014767736931145,0.6550802664584774,0.7384615384615385,0.6522382171337421,1056204.mp3,eurodance
566.2253741496598,123.046875,0.5559775558963373,0.534751205444336,0.0709881484508514,0.1824631163499836,0.3293181254944977,0.1566812745078917,0.0003261656543193,0.2966502558224079,0.32309429923236,0.6609368735958345,1395104.mp3,ambient
123.0,161.4990234375,0.6100828135847818,0.4364923400878905,0.1478492319583892,0.5505349479504981,0.7940971578694723,0.7415467489266682,0.0002975362422163,0.9435725340896736,0.6508943634992456,0.623046850805171,409704.mp3,alternative
224.8933333333333,105.46875,0.5410858233789488,0.8468043518066406,0.1124687492847442,0.240838302417257,0.5067264120519315,0.1159198248324437,0.000974810746546,0.2999996390217386,0.4600117504888066,0.6484863996447466,1045704.mp3,folk
326.25,79.50721153846153,0.5449798501996987,0.4028206634521484,0.0770123675465583,0.391467831271813,0.7663173887669713,0.1237227040787542,0.0046461750488571,0.3,0.3708929832955916,0.6535458556576427,1121104.mp3,jazz
189.2010884353741,161.4990234375,0.5532950747839855,0.4699563903808593,0.182029590010643,0.4960712699074531,0.8266347628713343,0.231621262030869,0.0015314972927352,0.3,0.6819514377127579,0.6291403648612799,1324904.mp3,easylistening
246.0,79.50721153846153,0.5263578070526115,0.9045499877929688,0.1365174800157547,0.3656729252992465,0.6408667673166704,0.160114371354672,0.001464605162952,0.6586037896912513,0.3687027565921401,0.6754057414872437,1329204.mp3,rock
181.81333333333333,103.359375,0.5780793302008349,0.6492134094238281,0.1395345479249954,0.3335518196123349,0.7225642637331776,0.2170988676236293,0.0015923618474584,0.2999999999868714,0.5344414775868204,0.6433441417356343,1135204.mp3,ambient
301.42657596371885,172.265625,0.5446300263021651,0.7545067749023437,0.0707393512129783,0.2141541160121171,0.4639322236065635,0.0837910985896439,0.0007357314483774,0.9348959633321204,0.5036476686922023,0.6247366326982318,1044604.mp3,ethnicrock
219.42857142857144,139.6748310810811,0.5311942953860984,0.2408612060546875,0.2600655555725097,0.2324016921490897,0.4961415409575191,0.2240678967818195,0.0007603763251856,0.4439278395208141,0.3836713149253214,0.7168893370210392,1375004.mp3,chillout
250.4620408163265,123.046875,0.5245507371642248,0.3754766693115235,0.0655443519353866,0.286119834301751,0.417974082658325,0.3232104136189225,0.0001832260843774,0.3732661321848154,0.4006595663186436,0.6434640534330105,389704.mp3,classical
210.0,123.046875,0.5273006623854049,0.4560768585205078,0.161916121840477,0.2259225207326147,0.4977745064265539,0.2059807876937681,0.0003144309396327,0.2987109063360645,0.4742943546655453,0.6634309329294628,1299504.mp3,newage
315.08897959183673,120.18531976744184,0.5806540743747415,0.8167781372070313,0.1541807204484939,0.4924373089155604,0.8059635789105329,0.2033420205978036,0.0041943961697317,0.299999999999996,0.5029825675720826,0.6549085458470413,116104.mp3,disco
128.0,89.10290948275862,0.5608172430001181,0.4359130477905273,0.0872844234108924,0.7987131784362151,1.0,0.6617162095800171,0.0053597642041462,0.651122749235933,0.6822860102279359,0.5949651903823342,1219404.mp3,ambient
315.19274376417235,184.5703125,0.5588021685316733,0.318487060546875,0.2454789131879806,0.5415059808040973,0.9382195774169308,0.3162317437016501,0.002150281315567,0.9598360839524152,0.7347630920830457,0.6414197903310639,196704.mp3,easylistening
123.2748299319728,101.33272058823528,0.5446988302962634,0.3505310363769531,0.218298852443695,0.4846261543499063,0.710667199932887,0.5182284859857733,0.0008237236874633,0.2999999962797336,0.4738276263349519,0.6838220616127398,1124804.mp3,rock
222.0157596371882,132.51201923076923,0.5283917349583075,0.7923448791503905,0.2587248980998993,0.4668787828927265,0.7060617162922209,0.2210621101138585,0.0018977606589151,0.644416294360113,0.5171649424483293,0.689707974826298,1393704.mp3,triphop
252.0,120.18531976744184,0.502300852942797,0.417791748046875,0.0977895706892013,0.2517218178668854,0.3838285299621474,0.2401595152964337,9.529010385449452e-05,0.8894334633955094,0.43609344728238,0.6479855559916365,1185304.mp3,classical
317.5384807256236,129.19921875,0.5685462957265768,0.5535476684570313,0.2541692554950714,0.8623014899409812,1.0,0.4960005921217487,0.0049340178713801,0.2999998597852342,0.7635302254145186,0.638794886895322,1371704.mp3,atmospheric
35.21836734693878,109.9567819148936,0.5870652416552056,0.5464850463867188,0.2321938425302505,0.260602833647603,0.5935789441376706,0.2189510748106822,0.0005450395199843,0.9150003400275086,0.364216948164562,0.7107463936779778,1202104.mp3,chillout
330.6666666666667,90.66611842105264,0.6234969917826225,0.3065928649902343,0.317262053489685,0.4510579983894623,0.8491149916603458,0.384096930710196,0.0010042134103257,0.8307390422646098,0.5052244442900432,0.7131694503982781,76304.mp3,electronic
255.58204081632653,90.66611842105264,0.5556752096560058,0.6641175231933596,0.1731459498405456,0.632267256543699,0.9286112001443152,0.1573669837084471,0.0055558454953671,0.9095671472635244,0.6083295653290407,0.6406666288767883,81504.mp3,electronic
194.00002267573697,90.66611842105264,0.536614854887529,0.7105072174072266,0.1318483650684356,0.3987000301269621,0.7107158953967605,0.2726049831413933,0.0009830471086436,0.299999999875093,0.4113473055273466,0.6651959503191675,992504.mp3,easylistening
136.56492063492064,87.5926906779661,0.5650125521808564,0.5199046325683594,0.2602835893630981,0.4007120939427319,0.7504392114466061,0.2288618922914554,0.0024732220487525,0.658407937063727,0.3816456331475321,0.7173729655412089,31504.mp3,pop
54.00961451247166,120.18531976744184,0.5938131789322689,0.4850360107421874,0.1452833414077758,0.3963343001273404,0.6287269474510029,0.6024175328793907,0.000237830171332,0.4784468106382679,0.5731538438381566,0.637671234139168,1397104.mp3,classical
238.06260416666663,110.29411764705884,0.5644129969212341,0.3273605651855469,0.1033516004681587,0.4477482742120629,0.6836242931301625,0.3962750757038463,0.0005565804223934,0.5992183381166907,0.5702197955078261,0.623162617066972,1030904.mp3,rock
243.71462585034013,166.70866935483872,0.561011673962843,0.479994613647461,0.0836662799119949,0.9018293665622232,1.0,0.975518896861987,0.0032409259281347,0.299999999999938,0.8734173387096773,0.5554363930263827,1310104.mp3,atmospheric
138.46154195011337,129.19921875,0.5546506568231853,0.221595001220703,0.2277830988168716,0.2727514254894423,0.5821601886448083,0.2831996269992045,0.0002913816115453,0.6122280634394903,0.4204263108768462,0.6979166533987046,1354704.mp3,easylistening
193.73548752834463,129.19921875,0.5454094218566832,0.6034875488281248,0.0557591989636421,0.1674906866228911,0.2773723350820255,0.1445541804851739,0.0001154341168182,0.2481574185605965,0.3486202061730456,0.6503492703923021,390004.mp3,classical
74.67784580498866,120.18531976744184,0.6189514556224291,0.3765315246582031,0.1598139107227325,0.36536701395407,0.7130323382550238,0.3477867550321702,0.0003746132513015,0.6575053932506014,0.3592166482058105,0.6856896782190216,818604.mp3,classical
264.28337868480725,129.19921875,0.5384653571808844,0.452828872680664,0.2029749006032943,0.5714253031386107,0.9007366989788714,0.3154192970501134,0.003699302831966,0.2999999978254447,0.6369989001345033,0.6456711841902852,1288104.mp3,popfolk
327.21791383219954,109.9567819148936,0.5857913969822055,0.4889368896484375,0.1045481711626052,0.6100585017121619,0.9004997239433981,0.4786856873358515,0.0013293428905134,0.2999999999999893,0.6448479507111717,0.6086677514763036,642404.mp3,acidjazz
180.7150566893424,99.38401442307692,0.5882218365206133,0.6241139221191406,0.2049296200275421,0.2139882977899958,0.429258957549409,0.1264607352484934,0.0005362387369449,0.7536434213126972,0.3374437503649942,0.7062859131369164,366004.mp3,darkwave
156.08149659863946,120.18531976744184,0.5795648045029125,0.3074205474853516,0.1825705170631408,0.7787717970622786,1.0,0.5202944826234933,0.0040619951536827,0.8326202620289938,0.6473746830850785,0.636250449525715,229004.mp3,alternative
242.7143083900227,120.18531976744184,0.5866204587292326,0.268673095703125,0.2483082264661789,0.6191510976281726,0.857351862157792,0.9178525012074956,0.000889676984741,0.9613767693452404,0.7065804482846958,0.6480748718708852,1388004.mp3,electropop
352.86204081632656,135.99917763157896,0.5176945757915414,0.5852950439453124,0.0987715423107147,0.4031551952491006,0.6860101744242221,0.2668519300182802,0.0007322717822519,0.2999985774603211,0.6013295383145099,0.6152918475689554,986804.mp3,folk
193.89016666666663,92.21311475409836,0.5452406186080436,0.8773289184570313,0.190559446811676,0.4166822864428655,0.8569352327667721,0.129250581646536,0.0029040325649354,0.7627229939810526,0.3814579455139235,0.6923098117494186,1095104.mp3,ambient
227.17430839002267,101.33272058823528,0.5736140280435741,0.784504524230957,0.0835296511650085,0.4461059816895041,0.8048439665413204,0.2345359771054783,0.0021176914094395,0.3,0.5349816227254308,0.6230743498743169,94704.mp3,instrumentalpop
261.1951020408163,147.65625,0.5659195357362837,1.0,0.1321395188570022,0.2609868968602716,0.424141269073943,0.1660596389055721,0.0002168505426947,0.2999999999997945,0.4823683416227263,0.6510965584639756,1092304.mp3,electronic
63.20417233560091,147.65625,0.6471570356100342,1.0,0.0543783120810985,0.6288861247714649,0.8773290848563405,0.1527374061396749,0.0108210218178531,0.2999992063420224,0.6920346999336817,0.5811692523624592,1261204.mp3,eletronica
96.0491156462585,139.6748310810811,0.5974090670240086,0.3498999633789062,0.5300211906433105,1.0,1.0,1.0,0.019511359923572,0.7669035154804602,0.7293496621621622,0.7449376961991594,1294804.mp3,synthpop
144.0,120.18531976744184,0.5647177007802147,0.2768727569580078,0.2360969185829162,0.39916978645098,0.6628167868277964,0.4752872794771159,0.0002864425065157,0.9586665425272682,0.4735584059537396,0.6902832094991019,1236404.mp3,pop
432.4368707482993,123.046875,0.5987330186660366,0.9183247070312502,0.1188790649175643,0.3947253328373255,0.7335740183872379,0.1496885738831615,0.0047687080713544,0.6312177398818786,0.4524830369081877,0.6522998559886857,306904.mp3,electronic
313.6271882086168,95.703125,0.5569791611310898,0.3456094970703126,0.27627032995224,0.5698841344389736,0.9644474894213,0.3461663058179408,0.003710811871943,0.6768735585165193,0.665269462491527,0.666403426284501,462204.mp3,dance
99.8732879818594,117.45383522727272,0.5854769300032174,0.4908519897460938,0.1826613694429397,0.5020371301000148,0.7986017935185384,0.3154894917541527,0.0013514323202663,0.8914485701440316,0.4891625350076207,0.6679255859979342,939804.mp3,electronic
382.0714512471656,107.666015625,0.5060747541232791,0.5087809143066405,0.1536213457584381,0.7782125034770568,0.9800133236362156,0.6723141197196408,0.0043144759125183,0.6093369051746889,0.6528106593090147,0.6247415526112348,38004.mp3,chanson
280.0,135.99917763157896,0.5862448914148118,0.815406524658203,0.1664618104696273,0.8766932273321081,1.0,0.2365479481977836,0.0075201044823124,0.7849611359909378,0.7219983552631579,0.6155265807164343,1295504.mp3,70s
170.5795918367347,97.50884433962264,0.546894670337596,0.3614093322753906,0.2630460262298584,0.6774414735674054,1.0,0.3873399146432763,0.0036184323434138,0.892100758986414,0.5196187674646514,0.6907728159498188,1239104.mp3,hiphop
431.85333333333335,107.666015625,0.6104307903232954,0.5963563232421875,0.1099457442760467,0.306858224187474,0.6163699339451584,0.1128012552808809,0.0014652970000359,0.5697891962840026,0.332905372717361,0.6729993933959046,373004.mp3,easylistening
228.48238095238096,143.5546875,0.5544010338577227,0.826787010192871,0.1551662534475326,0.4245856538144834,0.6886273851379151,0.5441148621852072,0.0007477424212965,0.3519798867360375,0.5409510910292052,0.6476696330352707,78304.mp3,alternative
249.102358276644,178.20581896551724,0.5555705743426499,0.4336719512939453,0.0757399424910545,0.1772992855672616,0.3151938260905606,0.2372546879831214,0.0001465579118651,0.838192658261167,0.4934468681245835,0.6285770056718629,1081004.mp3,pop
210.74437641723355,92.28515625,0.586003560473212,0.8637115783691407,0.1575719118118286,0.4093546822803018,0.7543381159067463,0.14676980086608,0.0023855374334252,0.3,0.3940464160184861,0.6779166050485611,1121504.mp3,atmospheric
320.0,90.66611842105264,0.5841191474172163,0.296330841064453,0.1606825292110443,0.2191446867204917,0.4546708718505827,0.2464949919607674,0.0001792332258763,0.2999999517988815,0.5093764991133887,0.6559704106932982,1378004.mp3,ambient
161.0448979591837,120.18531976744184,0.5651224158027711,0.4551944122314452,0.1150858551263809,0.3331193644993358,0.6216241115822327,0.1899843868680901,0.0012680633865618,0.7848818508176921,0.5307882373593644,0.6352732603736242,1060604.mp3,folk
161.45455782312925,109.9567819148936,0.5721092909864215,0.9021746368408204,0.1641783267259597,0.6605553666398698,0.8962949644868825,0.4374277210809787,0.0014071340153966,0.3859019131129077,0.5797039439461076,0.6431634088321241,892004.mp3,dance
64.22902494331066,120.18531976744184,0.5518640188081707,0.9487820739746092,0.0604561455547809,0.3963420950949926,0.4811281267944564,0.0903078204828677,0.0007559617060612,0.2999999975740804,0.5655273910360833,0.6086587341925045,1379504.mp3,ambient
281.06448979591835,114.84375,0.5583481797704193,0.4788428955078126,0.2217345684766769,0.6068145489548853,0.930357790816228,0.3997467178604208,0.002291739162251,0.5104185784082956,0.5378172484602712,0.6722609949595494,19204.mp3,ambient
316.3965759637188,120.18531976744184,0.604535891345312,0.3678040466308593,0.2495227307081222,0.7420821195054463,0.9221254553526526,0.7343256012092649,0.0023077495094708,0.8560166505354365,0.5852808984837771,0.6727720033581686,1124504.mp3,bluesrock
144.55256235827665,117.45383522727272,0.6135394858069537,1.0,0.1094821169972419,0.3859117078168944,0.661950121527596,0.2928796002280158,0.0004670197083642,0.2999991650574569,0.5859870256815796,0.6222161569826913,824304.mp3,orchestral
126.31945578231291,126.04801829268293,0.6104144267452536,0.3032513427734375,0.3182903528213501,0.1587138653448758,0.3731141012792147,0.2024701818564918,0.0002165577395213,0.6651267552123412,0.3660460434796677,0.7413753183197525,1302904.mp3,darkambient
224.32,132.51201923076923,0.4404009088969601,0.6852794036865234,0.1001049354672432,0.4665903645103192,0.9289361402013884,0.1357572942254627,0.0037208816653732,0.3,0.5318029970070874,0.6296771773667901,189604.mp3,alternative
33.61768707482993,120.18531976744184,0.5253749695056029,0.8913779067993164,0.1067829057574272,0.3167488631387549,0.5309354650068294,0.1360244576202668,0.0010230397267095,0.6964350132804479,0.5389524540117341,0.630651355270327,1057804.mp3,classical
339.69197278911565,129.19921875,0.5808363726499268,0.7663857421875,0.2576958537101745,0.8309053919252459,1.0,0.7014282034545969,0.0065679600675856,0.2999999999999999,0.7814471161651115,0.6364810841026405,1081704.mp3,trance
324.0698639455782,120.18531976744184,0.5701357294768413,0.2139728851318359,0.1797478795051574,0.5283283842803574,0.8433938326423619,0.5007593007792226,0.0007786985907523,0.7806527467971489,0.5113149202950031,0.662446252562856,1179204.mp3,celtic
193.41061224489795,120.18531976744184,0.5483509490772192,0.5536753845214845,0.0140747465193271,0.266328351748017,0.3951920153796213,0.1314224226275876,0.0003392416882188,0.2903226782587951,0.5657813487296833,0.5919106390010211,145304.mp3,classical
244.28571428571428,112.34714673913044,0.5121686937465386,0.828513038635254,0.0921529605984687,0.130822022121922,0.2742204185798835,0.0888673292207686,0.0012875235459833,0.6756147176479201,0.3406331370202184,0.665048438411405,1221304.mp3,classical
197.81079365079364,129.19921875,0.5885139131062209,0.7295941162109375,0.1922632306814193,0.9306059948439194,1.0,0.8068162135932058,0.0033327020993201,0.2999999999999924,0.7083984374999999,0.627535075545311,1171704.mp3,electronic
262.3216326530612,120.18531976744184,0.5448958887639295,0.6813736267089844,0.2332891374826431,0.3276133681536199,0.6320928901795849,0.1611999201204669,0.001223910157537,0.2999999999999823,0.4196990030105536,0.7000442888916408,1294204.mp3,flamenco
191.22263038548752,129.19921875,0.6023026349512046,0.2214567565917968,0.302468478679657,0.5723783914105633,0.7975756201440757,0.9300301638800492,0.0006911151316528,0.5542930035717878,0.5922046814844787,0.6904477160277808,429204.mp3,grunge
428.8261224489796,120.18531976744184,0.5485843610721,0.6296080017089843,0.1311893612146377,0.4540538874091375,0.717538840712109,0.1777251576019022,0.0009445061802482,0.9140928680909816,0.5873502137201946,0.6297581272932307,81204.mp3,electronic
103.41462585034012,123.046875,0.5221531092936791,0.815948471069336,0.0758985877037048,0.7550197819224774,1.0,0.117452659708456,0.0072452322175501,0.2999999999994395,0.7359174854727613,0.5801399944787814,464504.mp3,americana
104.0,132.51201923076923,0.5264655542930144,0.7075542678833009,0.1169293522834777,0.4682866160112335,0.8800594081479655,0.0985591295966543,0.0078692256933077,0.3678255380289651,0.4975563404186893,0.6425832987383142,1397804.mp3,folk
220.9697959183673,129.19921875,0.5602355186064898,0.2699049987792968,0.2173860520124435,0.645697186933519,0.8827604705440238,0.7624949221698385,0.002023823368431,0.89931932233999,0.6135298605074826,0.6555530066229831,395904.mp3,instrumentalpop
103.42444444444445,129.19921875,0.5302646200900085,0.8641092834472657,0.0233474057167768,0.2753187060118313,0.5136732533984167,0.1722494928395237,0.0004323756357622,0.2814624388820569,0.5323626075628412,0.6019325445454715,966304.mp3,soundtrack
66.7392970521542,126.04801829268293,0.5458871291074765,0.3958748168945312,0.2023241221904754,0.3905422236675278,0.6910402123677822,0.2020966530764629,0.0009963727133817,0.401812617640562,0.4906180718979221,0.6747130696089867,1371804.mp3,ambient
243.05104308390025,117.45383522727272,0.5702809840746388,0.4289395751953125,0.1596399098634719,0.7036011326272835,1.0,0.3769295205252029,0.0034743568847465,0.3,0.5851540042592049,0.6404395666990089,531904.mp3,dance
81.74303854875284,120.18531976744184,0.5818386231884303,0.3277392578125,0.1274756640195846,0.3453061519646278,0.7208604224340242,0.2074788434292523,0.0028749147595391,0.3,0.5133173919398313,0.6432277606590843,1195904.mp3,pop
72.88888888888889,135.99917763157896,0.6390235207231866,0.6358620910644531,0.0784310698509216,0.2355002229317332,0.5925727735895799,0.0841947024343631,0.0039291933191435,0.7864298611963263,0.4917897964675038,0.6298772258528311,1370404.mp3,drumnbass
182.4391836734694,112.34714673913044,0.5453527057846548,0.516433624267578,0.0991668775677681,0.2247359430090793,0.4280443994223487,0.1382581501284309,0.0006472805680363,0.3885493434048562,0.4671102331758059,0.6422780292892354,142204.mp3,pop
204.6533333333333,105.46875,0.5692738181036006,0.8240939559936525,0.1024608090519905,0.5461296772751136,0.8547562780821485,0.4635322408363634,0.0012701538443875,0.4120900248930208,0.5634671520593049,0.6241924608468556,213204.mp3,gothic
162.93086167800453,93.9630681818182,0.5866775053557474,0.8042278594970703,0.2066389769315719,0.5345164595015256,0.8733828024699167,0.3299940562466762,0.0018968682529547,0.9278924095748372,0.5597998463963143,0.662430062416103,938304.mp3,hiphop
254.0,90.66611842105264,0.5430330895667049,0.4312796325683593,0.1321203410625457,0.5320568402599224,0.8545822548628441,0.2146849825752119,0.004896267248127,0.6557246216102521,0.5474475626826367,0.6380738102459892,1098504.mp3,chillout
227.11138321995463,129.19921875,0.5168348848715516,0.5241383819580078,0.1402927041053772,0.3824377246718858,0.6851114721169999,0.2617877866745133,0.0009128815536249,0.4731270928134857,0.4789528752496093,0.6547147984280139,1298304.mp3,pop
263.73156462585035,109.9567819148936,0.5982602738072431,0.2388859558105468,0.3169760406017303,0.6289427522462498,0.9977563476318289,0.6246777816431096,0.0033122067836166,0.2999999974695216,0.5232748833295431,0.7094563979507142,1414804.mp3,alternativerock
296.1645351473923,161.4990234375,0.5633433113760807,0.4097933044433594,0.2080985009670257,0.5381960403166315,0.775744174541032,0.4532736086278934,0.0010417308784326,0.2999999160935138,0.6344479368915401,0.6480258729698212,1027904.mp3,alternative
102.65696145124716,123.046875,0.6028849272725273,0.9128171081542972,0.0450681671500206,0.3631875323493174,0.6362563176535454,0.1009347341013837,0.0017034027499177,0.67810920797194,0.4769380330391998,0.6208369335661674,1209904.mp3,ambient
174.18090702947845,117.45383522727272,0.6109143782558879,0.5175192871093749,0.1493502408266067,0.3862088984067574,0.698795900164294,0.3174415523399385,0.0003385872446702,0.2999999999989649,0.4549119364187957,0.6627836994138193,588704.mp3,atmospheric
96.09989583333332,140.625,0.5481964460380859,0.8264937591552735,0.0900575444102287,0.7649097817466536,1.0,0.1129763677215018,0.0077603396861789,0.9426220340371784,0.56067054229585,0.6202866075285124,1110704.mp3,ambient
283.45,161.4990234375,0.5861587832117121,0.6239646606445313,0.4697475135326385,0.7269015809464023,0.9907513864724204,0.6230795742321544,0.0037661398599104,0.3954708228597667,0.6719708598107609,0.7347149329095978,335304.mp3,electronic
355.744693877551,139.6748310810811,0.5676719564407731,0.608352294921875,0.1943149864673614,0.4507418879751934,0.6811481762117441,0.4114679198485738,0.000374939213275,0.2999999999805829,0.5372239862823417,0.6625085978717818,1104504.mp3,trance
608.2873469387755,126.04801829268293,0.5930964506661104,0.2800421905517579,0.1654273718595504,0.6714616094519738,0.9959027247599324,0.6346738641643012,0.0015314739241193,0.5085794915551282,0.6825792855171458,0.623037996766009,1391104.mp3,dance
310.288253968254,139.6748310810811,0.5872438595732283,0.5380634765625,0.2020634263753891,0.291269201759684,0.580542659179818,0.206042852436606,0.0006414177938993,0.2999999999277521,0.5504826917219807,0.6626462951507439,1307204.mp3,celtic
210.0767346938776,120.18531976744184,0.5310548077296569,0.7357437286376952,0.043815080076456,0.1740219166024195,0.2517375189010692,0.149817696574313,0.0002107979870318,0.8133922697271438,0.4781747206818964,0.6201384846911449,979204.mp3,classical
278.5,120.18531976744184,0.5770412936039747,0.4869320831298827,0.1548593193292617,0.7387242823755716,1.0,0.8588554439821537,0.0017138600545468,0.7457763565980526,0.7110552538928462,0.613538304179965,174104.mp3,electronic
202.66666666666663,90.66611842105264,0.5754939166780769,0.593164306640625,0.1731162220239639,0.433104105763382,0.5901121041651879,0.4170565445128588,0.0005783349488586,0.3,0.5372017653523212,0.6548814868581628,1248604.mp3,downtempo
188.1338775510204,74.89809782608695,0.5616008089352987,0.5061136779785157,0.0973008424043655,0.6249256402731894,0.9948699014781164,0.2275904004334705,0.0066552064592157,0.5030609768546102,0.4653950125779227,0.641949300749987,759304.mp3,soundtrack
221.91020408163263,139.6748310810811,0.5668110539457176,0.5435984497070314,0.112258143723011,0.6464790860324849,0.9135078683270365,0.2109300550994418,0.004223811478961,0.8832905077980588,0.6119171131362509,0.6180295091130338,1396204.mp3,dancehall
250.5926530612245,132.51201923076923,0.6039700782978908,0.5141319274902344,0.3909934163093567,0.3808726986004914,0.689861746033986,0.2747140347011531,0.0011588093265428,0.8448116316065009,0.5561851060349876,0.7295206086643709,331204.mp3,electronic
318.9224263038549,112.34714673913044,0.5299580485417434,0.4661444931030273,0.067924752831459,0.2997430841561019,0.5636693474902692,0.1703403269198327,0.0007163163188975,0.4717041928686172,0.4132039277658302,0.6418121254661592,181804.mp3,pop
329.25897959183675,132.51201923076923,0.6125985767061093,0.3100025939941406,0.2379928082227707,0.3508210395466367,0.6721016608118527,0.3730478387961483,0.0003229331125305,0.8076590335537805,0.5572222626631901,0.6742329584275595,155504.mp3,electronic
132.25587301587302,99.38401442307692,0.5309781677982325,0.4475809707641601,0.0904076173901557,0.6950671603043004,0.9748765582180132,0.4829538058372157,0.0035234284558246,0.8569080166493329,0.664021247858105,0.5997424926888351,1105604.mp3,folk
210.76,126.04801829268293,0.556461297309293,0.6365115356445311,0.1883978694677353,0.608060212294753,0.9404808090945888,0.4130614230015826,0.0042475488960962,0.3040483537545773,0.5684963921406009,0.6541239545802645,117104.mp3,chanson
252.1249886621316,135.99917763157896,0.579738735842357,0.5339569091796875,0.2247449904680252,0.7836983781707579,1.0,1.0,0.0022447122656748,0.6997509537404734,0.7094314562466542,0.6390219053191581,1179404.mp3,alternative
169.83968253968254,129.19921875,0.5599271268126789,0.2974706115722655,0.2059763520956039,0.6902684483095862,0.8319712366963166,0.7193336323273685,0.0017700016042341,0.521588138850864,0.6614898933466221,0.641853508085093,1218204.mp3,indie
114.91265306122447,139.6748310810811,0.4933026178096117,0.6146567306518554,0.0908852368593216,0.3032052653633644,0.4263275236976221,0.2710752110552021,0.0001733500757717,0.2999980588667936,0.4044010413484184,0.651838476999672,1306704.mp3,chillout
472.7367346938776,132.51201923076923,0.571135322051102,0.7958193359375002,0.2479444742202758,0.8103480636272473,1.0,0.5804886434630205,0.0082996933333901,0.6743019874620269,0.8050240384615384,0.6282552030269917,1381404.mp3,electronic
415.0,97.50884433962264,0.5682654740811397,0.3608604431152343,0.2400814145803451,0.6916283912174754,1.0,0.3019255096596174,0.006644405194649,0.6822025685882733,0.5293951094305872,0.6805502873628068,1410604.mp3,atmospheric
229.97043083900223,129.19921875,0.5632042817454315,0.3509298706054687,0.1164164915680885,0.3523074600401503,0.5586173874783523,0.4006094790616238,0.0001769731318664,0.5654966026800317,0.5878610165478486,0.6243377336549422,1143804.mp3,orchestral
85.0,120.18531976744184,0.5594721520947865,0.3639698333740234,0.2287075519561767,0.3465034535982209,0.7576608305102864,0.2178140052364741,0.0009700862136629,0.5726708331595133,0.5153651554115627,0.6792616876219111,1405304.mp3,dance
298.04,117.45383522727272,0.5289604210559569,0.6978883514404299,0.0803796574473381,0.3269710385343448,0.532990344574724,0.2386426513844446,0.0003988485803636,0.4229588291820286,0.5341904892357439,0.622098578833893,285504.mp3,classical
224.0,161.4990234375,0.5631506494749186,0.9368323669433596,0.1343608498573303,0.4507300121680969,0.725289884154235,0.1646041863134501,0.0035599156886632,0.3,0.5680155395025172,0.6347667980481355,565804.mp3,funk
283.9436507936508,143.5546875,0.5397647589061421,0.8967087097167967,0.120368592441082,0.368058572268773,0.7260431744071242,0.1482117444554255,0.0017387747421811,0.6969773346210482,0.3461686721971913,0.6740989588393513,1271904.mp3,rnb
620.391768707483,139.6748310810811,0.6142366168695632,0.8479337921142579,0.1985840946435928,0.5685555659951278,0.958118784790552,0.2045122658685838,0.0040611584946414,0.4108757621907012,0.5487872666898381,0.6617328207337257,316604.mp3,trance
95.53086167800454,126.04801829268293,0.5384743843265605,1.0,0.100754402577877,0.274435566248347,0.4108601983298869,0.2781181366316033,0.0001098096901791,0.4168874383019115,0.4127999171081737,0.653711601506401,1132804.mp3,classical
97.22666666666667,87.5926906779661,0.5178428404391532,0.4090281219482423,0.0826629847288131,0.3172835899632772,0.6741940877380805,0.2232259191845649,0.0004508928394337,0.6817266397374127,0.3777642079512291,0.654205832912127,965304.mp3,classical
1274.5433106575963,129.19921875,0.4522708034524951,0.4837552642822265,0.0443144775927066,0.1406852501298447,0.2237362288189493,0.064483547177407,0.0015835191139859,0.2590073289742191,0.3605487561047779,0.6438434607124188,433604.mp3,easylistening
330.00233560090703,129.19921875,0.5932718855834873,0.7020677947998046,0.2013396173715591,0.8667762210222638,1.0,0.5609342514533324,0.0044396561699964,0.9673353964120586,0.6848426162598944,0.6355137390017824,1209804.mp3,minimaltechno
321.82666666666665,135.99917763157896,0.5483353638505548,0.4359854888916015,0.2003692686557769,0.6583334180498507,1.0,0.3458371168127266,0.002340779712937,0.4200003078504415,0.5980612865139864,0.6525206794132824,147504.mp3,classical
171.39707482993197,107.666015625,0.5366057950374797,0.7664518280029298,0.0979986414313316,0.1559183196945149,0.4835127622688057,0.0800964177087412,0.0034185001029224,0.7190187587772636,0.5765322665388153,0.6199730576075163,26404.mp3,easylistening
214.2969614512472,129.19921875,0.5965177791205303,0.6283391723632812,0.2100498229265213,0.6644509472957805,0.9257813043111612,0.4450377170763419,0.0018140964845476,0.6907148767933795,0.6043495471197358,0.6547480268296004,1166704.mp3,electronic
270.767052154195,151.99908088235293,0.5404687076722354,0.5239884719848633,0.0746876075863838,0.147135927954098,0.206244831905389,0.1823332308445286,0.0001026518409447,0.3783255221613726,0.5539792795817305,0.616091682814752,1241404.mp3,classical
182.78748299319727,161.4990234375,0.5676565253424595,0.3821211547851563,0.0453570187091827,0.2692864071131521,0.5586825601638296,0.1830431650775701,0.0004630492423614,0.2999999999999902,0.4970204986255014,0.6169244270102056,1209204.mp3,ambient
225.90374149659863,107.666015625,0.5564393684236719,0.536000015258789,0.1381059437990188,0.4015453838226396,0.753245874134397,0.1350478453905723,0.0013965298456935,0.8239927693143658,0.5263033992724191,0.644457459913163,181604.mp3,pop
170.0,120.18531976744184,0.5595885287959241,0.7006952819824218,0.0924190878868103,0.5944647856536184,0.914313432261068,0.2980466817575367,0.0014541701935855,0.2999999999999204,0.6458975665448191,0.6040913583302878,1341304.mp3,chillout
267.5,95.703125,0.579660357948239,0.609451904296875,0.1433784067630767,0.5944296499252674,0.8291169549115007,0.2871297295065741,0.0012640914428519,0.2999999999999787,0.6002062929416918,0.6315749678463694,1385204.mp3,dub
183.1444897959184,151.99908088235293,0.5794701327496585,0.2106032104492187,0.3234860301017761,0.6451363405006382,0.7753550267395738,1.0,0.000274245472119,0.6326326393473345,0.7732869021988987,0.6617975903968596,112604.mp3,alternative
112.681179138322,90.66611842105264,0.5640543017109028,0.5090108489990235,0.2149825245141983,0.2992682712356311,0.5524291108409909,0.298387218366311,0.0003096567656282,0.5261977566965134,0.3700369772246788,0.7033863133801755,1265904.mp3,ambientmusic
344.0500226757369,120.18531976744184,0.5489344717132632,0.34856201171875,0.0391528755426406,0.3582430769459615,0.5998531695372764,0.2806901104038374,0.0004876374222149,0.6144899148061775,0.539927186689053,0.60610959785754,318604.mp3,world
388.8,99.38401442307692,0.5844863424793336,0.3060859680175781,0.0617831796407699,0.6740278201683709,1.0,0.4565876381687762,0.0013317172412506,0.5792169454039879,0.5325436227043504,0.6157332201298071,1053404.mp3,ambient
379.37503401360544,132.51201923076923,0.5858402538605538,0.784513153076172,0.187515452504158,0.5700394189827993,0.8501724270721225,0.3945181103737469,0.0014197866179012,0.7041715861038674,0.5780869580540725,0.6518881712906824,326904.mp3,ethnicrock
289.71732426303856,139.6748310810811,0.5552840429877831,0.3479951171875,0.2483072131872177,0.4970303263628693,0.8379190117187124,0.2300460829493087,0.0033169824877232,0.2999999999999953,0.5252090958366302,0.6843487775800723,1366704.mp3,experimental
284.1836961451247,139.6748310810811,0.572600007584682,0.5662879791259765,0.067290760576725,0.4101827033715927,0.6451395583467623,0.2147489333378504,0.0007255329091822,0.6020707882851264,0.5287711119781179,0.6184704514119975,827704.mp3,ambiant
294.68356009070294,105.46875,0.5918975234669809,0.5576513061523438,0.1137329414486885,0.5146925572199125,0.7001080940087161,0.4001748886766308,0.0004567570408337,0.3216233751375302,0.5101203447556912,0.6389197899703896,1136904.mp3,dubstep
229.0,120.18531976744184,0.53746195847609,0.2146404418945313,0.1271418035030365,0.4050526417335564,0.708299864556252,0.4515846548579554,0.0006653654610448,0.7375875690301181,0.4677625527407697,0.6522185387129391,1227904.mp3,pop
236.22530612244896,120.18531976744184,0.5797383401963239,0.4606584472656249,0.1612154841423034,0.6155432609281588,0.8907097793895671,0.3709997398789538,0.0015628571538286,0.8035941737588788,0.5774020428757356,0.6425571657160821,81804.mp3,electronic
184.36,107.666015625,0.5306779011270589,0.5815764694213869,0.0678834095597267,0.2553722810263402,0.4029265475880513,0.2465512686613012,9.804340685705636e-05,0.5937251582351772,0.4144635072252563,0.6415453259964503,1057704.mp3,chillout
435.744693877551,139.6748310810811,0.5668417332232525,0.3799560546874999,0.1934884041547775,0.4886076578313362,0.7949338156550583,0.346439201149978,0.0008317920397699,0.2999999936730906,0.6330951875719839,0.6430367879813231,1153404.mp3,trance
143.14285714285714,126.04801829268293,0.4847683624010451,0.849297203063965,0.0345709323883056,0.4597791150790437,0.6603694622776904,0.2235349039621783,0.0009266922730253,0.353452121253898,0.5065254319023643,0.6111404492793171,1170404.mp3,classical
195.4132426303855,99.38401442307692,0.5715785644362591,0.4551180725097656,0.2742985486984253,0.3509161618225289,0.5947509763381386,0.333432254474636,0.0003194010258607,0.6949679115974395,0.3978901398853471,0.7191694495543637,1015404.mp3,electronic
140.90984126984128,126.04801829268293,0.5395134574761968,0.5057425842285156,0.1264808773994445,0.3553245886688201,0.6785698168932924,0.2489452731719374,0.0006607347724931,0.675709907534632,0.4514561158146537,0.6552418927008693,1151404.mp3,classical
399.2826984126984,129.19921875,0.5999441904602989,0.2598199615478515,0.259823739528656,0.2462012353268245,0.4523565948107372,0.249544845936945,0.0002481566525019,0.4846532992191424,0.3786809856962753,0.717800349091061,1413904.mp3,ambient
192.86666666666667,129.19921875,0.5787509723413168,0.1875065307617187,0.2281510680913925,0.6308351564434984,0.7991511407803036,1.0,0.0004968991024414,0.6749200664790067,0.5605127550808171,0.6700318334967379,400404.mp3,rock
409.4209523809524,135.99917763157896,0.5612915006490515,0.5956264038085939,0.1736997067928314,0.7267385638141208,1.0,0.2569910745470704,0.0082230220653758,0.2999999999622214,0.6242644697474552,0.6376790004959283,1097204.mp3,electrohouse
203.4,126.04801829268293,0.6529316576909447,0.3935113525390625,0.2846274971961975,0.1151179005018171,0.3220762351585922,0.1107492482459071,0.0003341598818959,0.4469349759418157,0.3502918261015164,0.7324075337703277,229604.mp3,alternative
195.9226303854876,147.65625,0.578781334757849,0.4074763488769531,0.2586894631385803,0.6229751050215209,0.9188396163759968,0.2351750790558391,0.002476336480407,0.9572209728164388,0.5870028613651515,0.6757276344568586,321104.mp3,hardstyle
217.52163265306123,90.66611842105264,0.553010191417433,0.412127685546875,0.2505290508270263,0.5599905232626331,0.8199280794997842,0.3718457749265793,0.0011154861436477,0.9190710572857864,0.5682109221784724,0.6765482738620351,1074804.mp3,dancehall
301.2266666666667,112.34714673913044,0.5664353842054594,0.8861674499511719,0.0440124161541461,0.1883518788263823,0.3069504591271699,0.1562081095257881,0.0001470640750596,0.2987363655072377,0.3875569816689404,0.6383330734817045,326504.mp3,classical
79.99403628117913,120.18531976744184,0.6014823480040075,0.51141357421875,0.1324413567781448,0.5966296146809372,0.8834563312611682,0.5472574690918872,0.0016135985294596,0.9271297500708102,0.5580887677915352,0.6360611348818251,1164204.mp3,electronic
68.74954648526077,135.99917763157896,0.4191524264793603,0.2808004608154297,0.1203562170267105,0.1869477572786776,0.1816938820230191,0.2357492936631494,2.1786265613495504e-05,0.7011432473942065,0.3149792688108397,0.6803323843674478,1345304.mp3,baroque
241.25333333333333,147.65625,0.5913100929331442,0.3962264709472656,0.2987399101257324,0.6958613247342761,1.0,0.4532869316181131,0.0035820927217488,0.8164963218961492,0.6635675253005083,0.6748328625851621,1104.mp3,rock
147.0,156.60511363636363,0.5492769644222846,0.3628964004516601,0.0808957144618034,0.221941881894166,0.4620766991802938,0.1779694187717426,0.0005840474012737,0.2997708689493085,0.4771515299057994,0.6336921512250894,37804.mp3,ambient
229.39997732426303,129.19921875,0.5753847702919644,0.4132557373046874,0.2366693764925003,0.6634076633412421,0.9138688472016891,0.6381590852701886,0.0010091765219704,0.2999999999999361,0.6146587787680248,0.6622692197836951,1373104.mp3,electronik
280.5902494331066,156.60511363636363,0.53529981746631,0.3670698547363281,0.0887747630476951,0.1773739437080842,0.3284970926452062,0.2379803194779848,8.481616451405034e-05,0.2996534485695526,0.4750398804519991,0.6369509386067704,1066204.mp3,ambient
234.3589795918368,117.45383522727272,0.5585458356860378,0.3076305389404297,0.2841477990150451,0.8047576681076691,1.0,0.5572106241224901,0.0060321776253412,0.7075592886685194,0.7207945262116296,0.6581343024030903,564204.mp3,chansonfrancaise
211.93249433106573,126.04801829268293,0.5994747648771735,0.7886982727050781,0.1074887663125991,0.474591656707118,0.7302946448228215,0.2774713242613116,0.0010177607056881,0.6516517763499898,0.6092072891454651,0.6168544980434427,1132204.mp3,easylistening
186.42666666666668,139.6748310810811,0.5557947351125908,0.8097568893432617,0.1986825466156005,0.6177162782329938,0.947631200396735,0.1838238823289964,0.0076248198108275,0.6326792918377959,0.5848396928651671,0.6545577782085829,1319504.mp3,pop
120.0,126.04801829268293,0.6001133626882573,0.6667613983154297,0.0525982491672039,0.6487161436828398,0.7026979854551354,0.8433526202522088,0.0001654504193068,0.4988376593162961,0.6525496754555937,0.5884254346090746,1380004.mp3,ambient
242.6198866213152,120.18531976744184,0.569231950998073,0.4881014556884765,0.2245377451181411,0.6615561319648897,0.9888601470719652,0.4760906050059639,0.0025310143396317,0.6653634514912687,0.574550897688203,0.6659234087048902,174904.mp3,newwave
64.64290249433107,103.359375,0.5513128898048958,1.0,0.0275093335658311,0.2119551969901776,0.3526168837238395,0.0953637510513036,0.0005201918530757,0.2956327098228409,0.6570995661297283,0.5784834468577535,974304.mp3,classical
105.33333333333331,90.66611842105264,0.5104633367082778,0.6099082489013672,0.0375150926411151,0.1886982828385061,0.2736377418972445,0.1448355210985153,0.0001823394491294,0.299992814825108,0.4386650681532418,0.6257724197201531,303804.mp3,classical
245.5624716553288,99.38401442307692,0.5552672354018954,0.6156570434570312,0.0984492748975753,0.5186556377996261,0.9633077863614344,0.1423707118731629,0.0039272482696718,0.6274179186841402,0.5043898771873246,0.6345637635256622,506004.mp3,ambient
223.83421768707484,161.4990234375,0.5934541702766323,0.6000567626953125,0.1617278456687927,0.5600765857190932,0.6406376827646904,0.4878516850521202,0.000662294786253,0.5957501983254803,0.7431629280363605,0.6095894388334933,133104.mp3,electronic
321.5034693877551,132.51201923076923,0.5773705672147124,0.5913392944335938,0.0885736793279647,0.7479394843878613,0.9258986591374756,0.565178637486216,0.0024072199125089,0.8187305743888763,0.7543122076116417,0.5810240830357389,28104.mp3,dub
249.2353514739229,139.6748310810811,0.5999263486471924,0.4396515502929686,0.2184701710939407,0.6297669162378535,0.789685503077581,0.7359345957908991,0.0005354574827057,0.4880431219220263,0.6524590237153373,0.6481574568507512,279604.mp3,acidjazz
261.3097505668934,90.66611842105264,0.5804589131948572,0.900119659423828,0.1778869181871414,0.5378954426758485,0.8632111473675266,0.2857433888005132,0.0029971229630759,0.3,0.7170731266794572,0.6206246652114794,372604.mp3,chillout
158.6677551020408,120.18531976744184,0.5499185087808445,0.2513499755859374,0.077395424246788,0.5475609095775184,0.6696031148033241,0.8231535102356219,0.0003528597098867,0.471921721732603,0.8115089803195605,0.5655605566649317,1041104.mp3,60s
64.22541950113379,109.9567819148936,0.595361674921207,0.5239042816162109,0.2834802269935608,0.5968147892459762,0.9324665430791657,0.4333095250692203,0.0014028302747795,0.2999999999999687,0.6314255357255185,0.6757677745725782,1264204.mp3,breakbeat
210.4656689342404,135.99917763157896,0.5496803883101098,0.5586787109375,0.2610487341880798,0.4505747129735226,0.7475133836279723,0.2621898077329275,0.0010774911337057,0.2999999600458031,0.6229519646769008,0.6693871513723286,1312104.mp3,indie
227.16818594104308,151.99908088235293,0.5553271907204963,0.8331954803466798,0.1394210755825042,0.3230807713995874,0.6283185082092787,0.284697356300491,0.0007585384058834,0.2999999999970736,0.4857245344230813,0.6530466803250853,768904.mp3,postrock
313.2390702947846,143.5546875,0.5294399980376863,0.5372805786132813,0.0548969805240631,0.1685551052908134,0.3068925885003861,0.106510905144632,0.0009504010007331,0.2999900311603341,0.2870449237629208,0.6623539282360786,1150404.mp3,minimalism
209.97333333333333,135.99917763157896,0.5689223276458357,0.3106922149658203,0.0835576206445694,0.5960350407205106,0.7491522087025008,0.8372744853181142,0.0005488007494339,0.8683096868882652,0.6135396142510651,0.6073728205818321,1393404.mp3,alternative
440.70666666666665,112.34714673913044,0.5219234496550624,0.3994660797119141,0.0817553997039794,0.1945659764117054,0.3106266988855348,0.1557157727004035,0.0001646597250196,0.3135915280174924,0.4869277274961522,0.6320463983942022,299204.mp3,electronic
240.0,120.18531976744184,0.5945527541065374,0.386632064819336,0.327688068151474,0.5473796198019502,0.9589691809469796,0.4132437891716378,0.0016156434135343,0.3,0.5100398263491241,0.7159597392647058,1279204.mp3,dance
328.50666666666666,120.18531976744184,0.5688549323479946,0.4590365600585937,0.1680631339550018,0.5515933276214405,0.8561510828429293,0.2775291862333381,0.0017873782701105,0.7653109331420087,0.5196798599050446,0.6565667562427917,1053504.mp3,club
467.8356462585034,105.46875,0.5171579702530199,0.5598948822021484,0.0407199002802372,0.2671019426757923,0.4573781157384505,0.1998676897208955,0.0002487651417911,0.2999999443048169,0.3939799863917066,0.6358631668225441,1396104.mp3,classical
193.0,99.38401442307692,0.5292168933560262,0.8173263854980469,0.0510135069489479,0.1556266606648478,0.2416827453438559,0.1093030352825183,0.0003607224494605,0.2999931183150116,0.3388314952673285,0.6505985634481556,1117704.mp3,classical
164.99671201814058,99.38401442307692,0.5756150322642615,0.5531636810302734,0.1945815831422805,0.7753339721364191,1.0,0.4923784778236186,0.0048500741208312,0.8310661443449618,0.594035155759199,0.6512423387793812,1343404.mp3,electronic
101.38122448979593,126.04801829268293,0.6104426649921328,0.290466552734375,0.2246117144823074,0.5354450041859293,0.793456051024896,0.7430330146654267,0.000792451436071,0.4981810967404547,0.5481141432728077,0.6712373885590691,39104.mp3,metal
280.81632653061223,132.51201923076923,0.5431308265492019,0.3440647735595701,0.299993485212326,0.4245676499356221,0.7388535615561995,0.2442313664909429,0.0015663415468463,0.7813061154227422,0.492724710712684,0.7094527125339006,330504.mp3,dance
50.40832199546485,120.18531976744184,0.6218189694288432,0.8438886260986328,0.1135948598384857,0.5442325216843065,0.7607932510378885,0.4324465515498085,0.0003778438622542,0.6065241483518908,0.6251029480420958,0.6158735599334357,1349104.mp3,ambient
474.72326530612247,178.20581896551724,0.5658847333784188,0.6727233657836913,0.0742488279938697,0.4540754245659462,0.7832410825730873,0.2586296369199936,0.0013655308762639,0.7314309386195694,0.5987907221616015,0.6069714336454728,36204.mp3,easylistening
189.9334240362812,107.666015625,0.5558100119539731,0.3488270721435546,0.2760808765888214,0.358582820167474,0.6568727018728733,0.1983860098992187,0.000844949519105,0.4229328740993886,0.3538382144015873,0.7286214726916582,1215804.mp3,indie
284.0,95.703125,0.5836825769979539,0.5492926559448241,0.0661704912781715,0.6265878675493978,0.9022637623045376,0.4892911055674206,0.002381320537082,0.4831793652469497,0.5276639236723629,0.6182885921256691,452504.mp3,pop
73.11673469387755,114.84375,0.5642078139139125,0.8550552368164063,0.0435714647173881,0.2028372427993978,0.3417560723830531,0.133907783345855,0.0003023499842048,0.2735393556659347,0.3430504987963211,0.6470756275389955,1042004.mp3,classical
215.9999319727891,120.18531976744184,0.5261874135583936,0.5481444702148438,0.2462234199047088,0.4566651099880399,0.8194564551113054,0.3482056357784754,0.0023982201717136,0.5357934650365158,0.5514762058655406,0.6783451899925871,1328504.mp3,80s
248.0,135.99917763157896,0.5753760818544391,1.0,0.1831631064414978,0.1656421560009137,0.3339658596798841,0.1270882312306106,0.0005630106200672,0.2999999824301582,0.4022373685418611,0.685491244610567,1114504.mp3,ambient
34.05145124716553,107.666015625,0.5745622167887964,1.0,0.1002034917473793,0.3547834429851575,0.5349753171233194,0.3250762974728282,7.458430401368261e-05,0.2999999998105008,0.499598851431488,0.636153486742759,1330504.mp3,classical
259.52,161.4990234375,0.5643633337925014,0.6454609680175781,0.2525501847267151,0.6361826864759219,0.9729475270251988,0.3802536567908401,0.0026668863631346,0.4847173192437823,0.6506023989175065,0.6607975867181161,1159704.mp3,folk
378.8596825396825,139.6748310810811,0.5630464556190959,0.7126361999511718,0.2179314643144607,0.4026413989566899,0.6222059909478161,0.256526649291866,0.0024494542608606,0.7899539436951971,0.5943202444975563,0.6595912782536946,1247104.mp3,experimental
232.87497916666663,160.71428571428572,0.573188583210811,0.2327351989746093,0.1733448058366775,0.4542951782766493,0.7214395009066996,0.4646135353397687,0.0003851312897265,0.6931687758042717,0.5659387012614401,0.6492163898489159,988504.mp3,classical
226.90662131519275,112.34714673913044,0.5702854063982429,0.4710597839355468,0.2027187198400497,0.4127492912716348,0.7606317633237646,0.1936965975952929,0.0018817901104006,0.5290669013519345,0.3842943087457172,0.6961198773932745,1274504.mp3,acidjazz
104.0,120.18531976744184,0.5806509376736276,0.7689596328735351,0.1100042760372161,0.1032453938766796,0.2074666856478731,0.1845212618234688,7.648128343422871e-05,0.1766884424085668,0.4667954574107535,0.6462424478912472,1173504.mp3,ambient
142.78666666666666,139.6748310810811,0.5261949919262664,0.6905792236328128,0.1042120158672332,0.3809117581290017,0.6783059498182958,0.2100912427938817,0.0014415971737725,0.7096315608246945,0.5063769984949655,0.6362409260132109,1294004.mp3,folk
222.0533333333333,112.34714673913044,0.574974298310289,0.3382913208007812,0.0964895039796829,0.4673687871696469,0.7723764437462552,0.3626950537294362,0.0015504133539852,0.2999999994402573,0.5697167091693498,0.6207928795988159,218404.mp3,pop
157.52292517006802,99.38401442307692,0.5905516729462728,0.9024159088134768,0.0291696265339851,0.7711522979381937,1.0,0.0122461746433502,0.0752501824566054,0.5706140650621578,0.595113574839952,0.5914783505842443,1404304.mp3,jazz
468.75,129.19921875,0.5778947446731172,0.5942854919433594,0.2427907139062881,0.7229977971243138,1.0,0.3355261496639733,0.0091530931616066,0.7577231340496773,0.575413439219159,0.672321969162432,870104.mp3,electronic
298.32528344671204,99.38401442307692,0.5644548237272846,0.3557164001464843,0.1845905184745788,0.4639003122755923,0.8267640418993181,0.2919941985845761,0.0014213830849314,0.4814966093894621,0.5348663812087162,0.6594793104091052,1074704.mp3,folk
114.86160997732426,139.6748310810811,0.5982343792385024,0.7576069030761718,0.1966128647327423,0.7751686578312085,0.9448523065263494,1.0,0.0037858246348913,0.2999972791964511,0.799746496274553,0.6108313320488766,1405004.mp3,dubstep
216.35816326530613,112.34714673913044,0.5537567084307515,0.411954345703125,0.1221079379320144,0.2674507774958138,0.5435561643474472,0.2381179359121344,0.0007204026790518,0.3454080372307737,0.389791870522181,0.666000483551089,300704.mp3,ambient
227.36,114.84375,0.5493334150056566,0.1591911773681641,0.2035852819681167,0.6834161653032151,0.8005956828367958,0.9715646421170094,0.0006934126056095,0.4719563628883161,0.6505415413258038,0.6431823932433612,119404.mp3,hardrock
246.6220408163265,120.18531976744184,0.5416209802809361,0.3308816223144531,0.1185420826077461,0.2778501612149642,0.5722341057557783,0.2098683870612184,0.001451058210005,0.8031378277026272,0.4992591120574733,0.642823327327294,946804.mp3,acidjazz
285.0815419501134,97.50884433962264,0.5940208927161263,0.659236083984375,0.1719704121351242,0.3842579834484615,0.7653815165663342,0.1375099204871095,0.0020087289034188,0.299999999999998,0.3909829971304464,0.6837127489425554,1323804.mp3,ambient
193.58526077097503,109.9567819148936,0.6088405891468156,0.8829597320556641,0.1209864318370819,0.491049870944121,0.8864492318062005,0.1674696310381394,0.0026244476433528,0.2999999999940177,0.5624500898491758,0.6310650974915144,891604.mp3,electronic
201.7708616780045,112.34714673913044,0.5698752307398538,0.4286185607910156,0.2329078018665313,0.5710662275977961,0.9179491160602148,0.4812091273962222,0.0016479315138016,0.7885204316872287,0.6142384638342693,0.6609991159050974,1168804.mp3,electronic
227.320045351474,103.359375,0.5316682981543772,0.3983937377929687,0.1914949417114257,0.2686325395591746,0.5630509584513056,0.1451628092378983,0.0020046595435111,0.5172281068728306,0.3795304236570306,0.6930320942847072,277804.mp3,folk
208.5763945578232,126.04801829268293,0.6069108799003082,1.0,0.350240558385849,0.7491045549880897,1.0,0.8314792439920392,0.005901735315186,0.2999999858384642,0.6345851601022313,0.6991695689984594,1248104.mp3,8bit
261.5585208333333,130.8139534883721,0.5186910003292258,0.4933503112792969,0.1422391980886459,0.2328829949151177,0.473211697123772,0.2084165338839588,0.0003106131594615,0.2999813669888692,0.533406513777668,0.644524808556379,1148304.mp3,classical
205.72879818594103,120.18531976744184,0.5956491747028151,0.1787376403808593,0.3233698010444641,0.5016267879740495,0.7662223966795182,0.735026240054173,0.000557327860586,0.2999826795115107,0.4569771421231013,0.7250176999513868,774004.mp3,bluesrock
215.4960090702948,126.04801829268293,0.5592435951602528,0.5368546752929688,0.152542233467102,0.6194832691637348,0.9056034279737498,0.2755829507438485,0.002392570329654,0.7369422105471715,0.6618964542527406,0.6225359131976086,23004.mp3,electronic
114.13668934240364,114.84375,0.5197235808705309,1.0,0.2217404842376709,0.5246026252988072,0.7961805612751772,0.406917391725031,0.0014431653142374,0.7540989092528777,0.5167358349052125,0.6764794073445191,1076604.mp3,chanson
134.77650793650793,117.45383522727272,0.6380248298906764,0.3500661010742187,0.1193398237228393,0.0789168394068176,0.1593419705693591,0.148060482930611,0.0004244584220606,0.2999994614880902,0.2124593359116779,0.7004704693578866,727904.mp3,ambient
211.32,130.8139534883721,0.5952424078896792,0.4554290466308595,0.2678345441818237,0.5869446870250979,0.8504258044046898,0.4953959906043639,0.0007730561723817,0.6162781540489282,0.5663986466400952,0.6831407065774375,887204.mp3,dance
240.0,97.50884433962264,0.5900930956517279,0.4694641723632813,0.2467332482337951,0.5167035294903624,0.7778640539429011,0.6824713999848976,0.0008476232167175,0.8559257215785017,0.5887645298064315,0.67107106340288,1337804.mp3,gangstarap
187.7942857142857,129.19921875,0.5757225659934356,0.6678255462646484,0.1484411507844925,0.6844547421364033,0.9282936664775696,0.4576207449759957,0.0015695175505147,0.2999999997526674,0.6232300539193629,0.6287928034985447,1291604.mp3,electronic
106.82666666666668,139.6748310810811,0.5048043144030918,0.6060398330688476,0.0564072839915752,0.1769679231971669,0.2636321700370202,0.1835078270365403,9.996249577029925e-05,0.3810240178469291,0.4353562596245471,0.6332353703120577,1374304.mp3,classical
356.00979591836733,126.04801829268293,0.60436467211101,0.7540306701660157,0.1140680685639381,0.6588405681077878,0.9179196338033204,0.2555808043650304,0.0035114609650145,0.2999999999999949,0.6060686088055298,0.6198507829219118,219004.mp3,electronic
202.72609977324265,120.18531976744184,0.4908279748204005,0.3004678421020507,0.0634402707219123,0.2803302846886313,0.4866616614763815,0.2792692704157599,0.0001320297990923,0.2910121834781433,0.5418521566608123,0.614468066127726,1347804.mp3,ambient
153.93333333333334,120.18531976744184,0.6019468807439696,0.3032825927734375,0.231405884027481,0.5418013849804273,0.7512716638211525,0.6369387383443184,0.00067672574108,0.9655242121172716,0.6219762535462249,0.6589108675406482,1417804.mp3,pop
310.2933333333333,86.1328125,0.5499996938614113,0.4250404052734374,0.2103290259838104,0.5885871701305435,0.9902000460724772,0.3385493978410431,0.002622975368754,0.7861729752125317,0.5535772017396176,0.6650030090062482,1194604.mp3,jazz
222.0930612244898,147.65625,0.579342021426849,0.949632713317871,0.1288499385118484,0.5999887673697623,0.794647053264038,0.3566883837160379,0.0012012141346289,0.2999999999999559,0.5112848174312323,0.644129014378019,1031804.mp3,asian
280.8843764172336,117.45383522727272,0.5765595855277117,0.8098028182983399,0.1293031126260757,0.2371873157936844,0.5902183208057123,0.0788879323033124,0.0032269880963444,0.2999998898386781,0.5431636564030586,0.6379163892647756,1049704.mp3,ambient
341.26784580498867,147.65625,0.5937963421587087,0.2770177612304688,0.2261301875114441,0.8488785303874009,1.0,0.4733434838345662,0.012278417140029,0.8072703476510885,0.6881678298817826,0.6437733015277634,130604.mp3,techno
230.70068027210883,147.65625,0.5498563875997559,1.0,0.0481547228991985,0.4554493665731482,0.6647687591655574,0.0541924682494774,0.0086571259987792,0.5229534188187849,0.4292752990195937,0.6314806404397927,1387904.mp3,classical
132.54637188208616,109.9567819148936,0.5894488445799988,0.5779543762207031,0.1298237890005111,0.6320784022721312,0.9669412353869534,0.5032354405176704,0.0030117483321819,0.5181679145115078,0.640960195086705,0.618544525022843,1087104.mp3,easylistening
280.6249886621315,129.19921875,0.5794350387655818,1.0,0.1473443359136581,0.4157830489361469,0.7779089630315577,0.1038770922211952,0.0025199603405024,0.3,0.5758694336048377,0.6378700742079494,235304.mp3,electronic
177.0,123.046875,0.5847896910407062,0.3838218688964844,0.3017933070659637,0.7592587311541696,1.0,0.4979334043635596,0.0047189222115787,0.6945773953703515,0.7125534569957115,0.6661348991446046,1420704.mp3,dance
197.01551020408164,139.6748310810811,0.5635969651933839,0.7381902923583984,0.0935004353523254,0.4831925517416054,0.7231960172040489,0.315313681245239,0.001604045440533,0.4733812132117324,0.6479502699146295,0.6040701027439113,373104.mp3,rock
388.0286621315193,139.6748310810811,0.5746314118111358,0.960617965698242,0.1181733906269073,0.3829228860134379,0.561642978982295,0.1518778875069964,0.0008689748181057,0.7260511450722539,0.6018324600332176,0.6221759286190431,229104.mp3,electronic
172.094693877551,120.18531976744184,0.5858223903608916,0.260814208984375,0.1539340019226074,0.4594515189509235,0.7861396183016244,0.4929484816974451,0.0012782068801123,0.64962126687673,0.5821766335847098,0.6389809139751967,152604.mp3,blues
151.89755102040817,129.19921875,0.6041343232206413,1.0,0.0683038607239723,0.3975514521831355,0.6334442814602953,0.1516180626495962,0.0005461213399557,0.39785444283078,0.6632327815770054,0.591942833545229,1326604.mp3,ambient
477.0307482993197,120.18531976744184,0.5094876198819068,0.4809289245605469,0.0594770610332489,0.307839230889692,0.4141188995571191,0.1759527355550028,0.0003779116122451,0.2764483546793655,0.4641061296936035,0.6285905160332489,1028504.mp3,ambient
169.5,120.18531976744184,0.572835123493812,0.4332623443603516,0.3032192587852478,0.5682901974037808,0.7449170755567985,0.7903184096224524,0.0004568462599057,0.6444181080345468,0.5062441082178792,0.7079101115191133,1417904.mp3,breakbeat
320.6269387755102,139.6748310810811,0.6154121693895562,0.2598880920410156,0.4997559487819671,0.7287198640045425,0.9339427822657576,1.0,0.0014033323233652,0.624559474363551,0.8015296281632978,0.7196062159288485,1299904.mp3,powerpop
278.28375,106.13207547169812,0.598005626822012,0.8368694381713868,0.0996565669775009,0.3091351995913182,0.5414953629381098,0.2047529658125251,0.0007140230330908,0.2999999338583807,0.5198476317829935,0.6319068377553017,1137204.mp3,ambient
164.28,120.18531976744184,0.5596020707372886,1.0,0.02078846283257,0.1252561723575241,0.2421212081263087,0.0918814099801775,0.0006832353930196,0.2988749373133827,0.4699249088137627,0.6134988648569727,1028904.mp3,classical
368.96553287981857,172.265625,0.5850079812383195,0.7025247192382813,0.1922204196453094,0.7557900007922079,1.0,0.1383772019023484,0.010869260242509,0.5384385181632686,0.7066761303151031,0.6278641250092908,769504.mp3,atmospheric
333.6881632653061,139.6748310810811,0.576034383156758,0.3860605621337891,0.4254335761070251,0.6821090317138153,0.8888486592767627,0.8592215691831959,0.0010764229848544,0.715359123179253,0.6244992334734704,0.728256240703835,454904.mp3,electronic
316.0,120.18531976744184,0.5743807289186775,0.5600036468505859,0.1369286775588989,0.5837744750998725,0.860716920139537,0.5317813355222244,0.000935339509644,0.3,0.6422519032621813,0.6208439432687674,1300204.mp3,ambient
192.85,166.70866935483872,0.6034120078685918,0.4667172241210937,0.2473333328962326,0.7943829089029654,1.0,0.2779395375676711,0.0157464399221087,0.6374809769742977,0.6661741640029644,0.6558051670420509,945204.mp3,dance
320.40097505668933,129.19921875,0.5994210317468832,0.3142932586669921,0.3331396281719208,0.5830203220342234,0.8624338525770695,0.4101771248888661,0.0022327978985959,0.7675326859266618,0.5500350555067441,0.7099232550405427,1378204.mp3,ambient
348.7797278911565,161.4990234375,0.5991275145506068,0.3128490600585938,0.2229656428098678,0.6102798878459983,0.8838290079045545,0.601069559527231,0.0015097991413058,0.5236669411637747,0.6526659606242466,0.6497344392867032,1033504.mp3,hardrock
234.89585416666668,119.6808510638298,0.597198968261865,0.2712907714843751,0.1464897990226745,0.5636032539961805,1.0,0.3718598474696036,0.0020171247889733,0.5703828115228398,0.4979036369343743,0.6531556002612879,262004.mp3,easylistening
325.8666666666667,109.9567819148936,0.5878135697103676,0.4446212310791015,0.3235591948032379,0.5003888483598484,0.7795163023651434,0.4123148659874798,0.001220057897847,0.5062090047746206,0.5829482903935274,0.6998916520504601,530904.mp3,ambient
205.10185941043085,112.34714673913044,0.5350461780930971,0.9344967651367186,0.04780925065279,0.1272495443844968,0.3592355950890242,0.0775512288999609,0.0029212821963088,0.5548695730536946,0.3493672147410812,0.6473378872867882,1227104.mp3,easylistening
188.10666666666663,103.359375,0.6016895452973721,0.3055265502929687,0.2906190454959869,0.4417838116362441,0.7286339471941004,0.5394821494965552,0.0009140712081368,0.2999999999899674,0.5314299607598745,0.6983368642265804,1352704.mp3,alternative
295.5232653061224,129.19921875,0.5693215088024921,0.8066372070312501,0.1143302246928215,0.5978701473175801,0.8449412231863387,0.2360209072921607,0.0018962959734288,0.9815852643492042,0.6734848283732959,0.6064619152147566,473104.mp3,electronic
123.2,126.04801829268293,0.5170760616615253,1.0,0.0365664325654506,0.3680200876253993,0.5944043853810822,0.1934496612210751,0.0007039057283371,0.2999079033819963,0.4859148148441796,0.6159809527547263,1070704.mp3,classical
390.24326530612245,129.19921875,0.5858287385654621,0.3153037414550781,0.2800522148609161,0.6373270212492844,1.0,0.210705933317031,0.0083980464592867,0.8990041640533804,0.6130686570040028,0.6782050659491292,1414204.mp3,dance
186.6736054421769,90.66611842105264,0.5385693436137774,0.665066131591797,0.1869981586933136,0.412303799483629,0.6545786974316936,0.2874035061639254,0.0011723706108038,0.3520580657574587,0.502822104420115,0.6667549162455699,1287604.mp3,classical
282.07020408163265,123.046875,0.5892826621305624,0.5985208129882813,0.2567119002342224,0.5203502681205668,0.7561962835295918,0.7070114924066594,0.0005576855747686,0.2999999948900846,0.6358258588914563,0.6652511123060288,875004.mp3,alternative
426.6666666666667,161.4990234375,0.5944819709351137,1.0,0.1273145973682403,0.7068151543312793,1.0,0.1382973484710222,0.0120075202563588,0.3,0.7767500567222072,0.5904832437081251,1310504.mp3,ambient
73.2607029478458,139.6748310810811,0.5478186135955753,0.5094757080078125,0.082859382033348,0.3007757479291157,0.6369216746264572,0.1708035910972324,0.0021475687636826,0.3876121254938259,0.4529567121613956,0.6392380350997262,1279604.mp3,chillout
121.41158333333334,85.22727272727273,0.5755276960612579,1.0,0.1398500502109527,0.3289190549683399,0.6843049287257701,0.1449075750530851,0.0011783670664742,0.5343999993838378,0.4431063509749402,0.6617247478809549,1112004.mp3,alternative
295.9259863945578,107.666015625,0.5540671896749181,0.6735877380371094,0.0790959671139717,0.3433015811784778,0.6288649518107176,0.1500959285162705,0.0020621689463465,0.2999999997344688,0.5055370287136924,0.6273671424182913,175004.mp3,alternative
406.2236054421769,120.18531976744184,0.5633890132671062,1.0,0.0977488160133361,0.3069855292197519,0.6527703848215313,0.0647626151025728,0.0063659094641885,0.2999999449913123,0.4225825901271895,0.6506730557393632,1097804.mp3,jazz
144.8648752834467,109.9567819148936,0.5283326122216001,0.6104712677001953,0.0575838685035705,0.238027273314193,0.2931089418525854,0.124678360744178,0.0002297905220497,0.6427398761317281,0.4209971040638892,0.6365307718485076,646804.mp3,darkambient
120.0,114.84375,0.5367171854795689,0.3878913879394531,0.1231263130903244,0.1990953883681817,0.5229398598994389,0.13957373706864,0.0004866610576025,0.2993871548179705,0.5447700791632045,0.6353714568798758,1399804.mp3,ambient
182.3738775510204,92.28515625,0.5804288546942861,0.1991592102050781,0.3123991787433624,0.5201306875269277,0.8216347210213792,0.7784361613429618,0.0006874172341823,0.2999998934057258,0.4686160600867417,0.718740492330262,82804.mp3,alternative
360.6666666666667,143.5546875,0.5469073400448696,0.4213965606689453,0.2139433175325393,0.3633244074955974,0.643615215643788,0.3111148098540793,0.000446896814157,0.7057513979830321,0.5110975746154014,0.6748000793886338,229904.mp3,alternative
276.95743764172335,112.34714673913044,0.5594976530487339,0.4236843109130859,0.132799282670021,0.3630584483589295,0.8616978355268663,0.1647513127545762,0.0021591733012474,0.2999999973963144,0.4890836684683118,0.6499910080675453,1604.mp3,easylistening
71.40498866213152,120.18531976744184,0.5706894765519879,0.6390098571777344,0.1665668934583664,0.5798066178745543,0.9417400981065172,0.3224040508979305,0.0041701762335947,0.4668963755077072,0.5375230286401668,0.6524594759169785,89804.mp3,folk
107.87990929705217,112.34714673913044,0.4856797823847191,0.5510645599365234,0.1229185387492179,0.3264145681974918,0.6998196455744142,0.1655250608246962,0.0015394421875596,0.9141124961654437,0.4201271660304316,0.6602252407436322,1375204.mp3,classical
240.9370068027211,126.04801829268293,0.5907878812123617,0.2585419006347655,0.2185269743204116,0.5196070379893258,0.738551729176698,0.7221079996662251,0.0004161279929446,0.8771506485726133,0.6457500472632496,0.6495197013026983,580904.mp3,alternative
188.5881632653061,112.34714673913044,0.5951384407359466,1.0,0.1955137103796005,0.5637229687770245,0.7977438444903765,0.3151758848295205,0.0035747255238674,0.3,0.6244569529381229,0.6454935451490316,1273904.mp3,hiphop
92.525,160.71428571428572,0.5313516720060645,0.772572036743164,0.0766449198126792,0.1667143965475328,0.4117662375834669,0.0897532860054825,0.0010224997512434,0.2999492518685383,0.2556924280680443,0.6764536855189557,1115604.mp3,ambient
132.5,120.18531976744184,0.5351016942833505,0.555477249145508,0.0788315013051033,0.437792329051608,0.7692702794942098,0.1477382445777493,0.0027306119901142,0.6432368331505758,0.5647115591871662,0.6154370286324039,1197104.mp3,soundtrack
322.7167346938775,120.18531976744184,0.6183115774802348,1.0,0.0899277031421661,0.2930762855291421,0.5203235484009703,0.1925099830917005,0.000948543665615,0.2999910590960916,0.4530417073119722,0.6417656316687854,169204.mp3,newage
304.26396825396824,120.18531976744184,0.5648046970723157,0.4506040802001954,0.1816406995058059,0.8065109781205251,1.0,0.91690453855088,0.0069207843820325,0.6290636558773811,0.6474976007084758,0.635891131680395,1379104.mp3,poprock
88.89469387755102,109.9567819148936,0.5250204613098659,0.9199715423583984,0.1322734206914901,0.1913534008442366,0.2941417966048592,0.2907901903885174,6.375363767628889e-05,0.4375113273947991,0.3693227550605015,0.6737538804368362,225604.mp3,instrumentalpop
306.6533333333333,129.19921875,0.557921581235505,0.3886664123535155,0.2166237384080886,0.5799866915693999,0.9302275192867532,0.4834119931703993,0.0024639097550306,0.4546225265160237,0.6500553827369341,0.6479734692795251,12304.mp3,blues
186.79766439909292,132.51201923076923,0.5427955576878878,0.4222338409423827,0.2366370856761932,0.4569304373140279,0.6452279632329824,0.6647164577301459,0.0002272041949792,0.8130887874973614,0.5365423260063289,0.6778808856421639,901204.mp3,pop
242.5,95.703125,0.5743697427662526,0.4106142578125,0.1168711706995964,0.728375134118227,0.9420591311936646,0.6248577780683974,0.0044698689231888,0.7521227428565851,0.5630961084290206,0.6294543997660506,1098804.mp3,electronic
189.78666666666663,129.19921875,0.5584966742168337,0.7939613037109374,0.0508978627622127,0.3709584342873572,0.787825158917727,0.1404688262335,0.0010902696137858,0.8415332187158375,0.6688844765139692,0.5845463352916027,75204.mp3,blues
233.71755102040817,105.46875,0.5576016953781228,0.3191622924804687,0.2186401933431625,0.5931132256968047,1.0,0.2701391253145555,0.0029618336789741,0.4685520305063255,0.515362343481476,0.6756380009072434,1374704.mp3,alternativerock
267.5722448979592,129.19921875,0.4901777628825006,0.837626205444336,0.1177287474274635,0.6786842395914696,0.998533366556134,0.1236233063506493,0.0068516532561522,0.4866778803052936,0.6133159672475225,0.6197191556243824,1349604.mp3,folk
257.2708390022676,166.70866935483872,0.5336942642938194,0.2734024963378906,0.1671305000782013,0.235611973555324,0.5707860416799205,0.1892174429867042,0.0003987682539614,0.4967748053007118,0.4185641138620936,0.6764541572557338,1115404.mp3,jazz
659.2696598639455,123.046875,0.548676888176582,1.0,0.1006937325000763,0.1885946556981185,0.3678324375852254,0.0953125288583166,0.0015546087510201,0.299985815008521,0.3859077304693918,0.6590681976061491,1232304.mp3,electronic
233.63637188208617,132.51201923076923,0.5249714480068547,1.0,0.1277077049016952,0.5656251419530663,0.7226731927307505,0.2688981970320597,0.0026043806691035,0.7421850823635945,0.5445806590596242,0.6370586419526854,1415804.mp3,electronic
273.1280952380952,120.18531976744184,0.5693312905808112,0.5952267456054687,0.1959738731384277,0.3644289790516985,0.5772247343802387,0.3187825405415492,0.0006214619811989,0.5492333398975614,0.4537441319466862,0.6798017679404968,1344204.mp3,80s
222.07195833333333,160.71428571428572,0.5952509569314718,0.5172568283081056,0.1060031875967979,0.4337564161173949,0.7422479044551461,0.16031606569668,0.0010632639585211,0.2999999999926738,0.6519885140446157,0.6077634447259241,373604.mp3,easylistening
186.66666666666663,90.66611842105264,0.5705680521517131,0.6900822448730469,0.1230375692248344,0.5321818105121396,0.8323074275457915,0.1981873038457979,0.0013022105746361,0.3,0.4724296929568308,0.6498075863295742,1242204.mp3,classical
128.0,120.18531976744184,0.603023108116903,0.7607441711425781,0.2100861966609954,0.1558703427202641,0.3480901718095568,0.1807014904903266,0.0001193846842971,0.2999903627012568,0.3329133955674516,0.7090483516844681,365604.mp3,ambient
310.2133333333333,126.04801829268293,0.5238469390074938,0.5118855133056641,0.1680207103490829,0.5318339264429292,0.8828098854894317,0.1580350883598656,0.0058576731778273,0.7354635423325655,0.5994077648278346,0.6406059027601029,241004.mp3,ethnicrock
163.15501133786847,156.60511363636363,0.5188580673764558,0.969057876586914,0.0458632372319698,0.2507616505141323,0.4041021030681352,0.194034508012648,0.0002212694644615,0.299999996881421,0.5884067574878904,0.5988294139059311,238204.mp3,classical
164.04897959183674,120.18531976744184,0.5816354709913091,0.4535719299316406,0.1065966561436653,0.2928632398379437,0.4857466676676989,0.3266473468640991,0.0004466019851953,0.5576668005527627,0.5187902926627583,0.6346167376791678,438204.mp3,country
78.336,95.33898305084746,0.5872110995243741,0.6269859313964844,0.1931073069572448,0.429178138766409,0.720295545492918,0.1804990951202909,0.0028293480380459,0.9151384826017768,0.409227234030193,0.6876731836985696,248404.mp3,electronic
413.8291156462585,161.4990234375,0.563757108390828,0.4694304809570313,0.1113687828183174,0.3567214439221738,0.6997559553461323,0.2328773234709482,0.0006404134295826,0.908195116335891,0.4552772443429203,0.6490373129460103,1289304.mp3,ambient
158.4,99.38401442307692,0.543821992783377,0.9307001647949218,0.030764989554882,0.1138755973648312,0.2719398564012177,0.0655819407798299,0.0019937409343974,0.2999703568051237,0.3148915237346602,0.6480970914928255,1210604.mp3,atmospheric
208.6671882086168,178.20581896551724,0.5638334288487843,0.4706657409667969,0.2519915103912353,0.4322560754835183,0.6437254600972768,0.2884592107298618,0.0004610962096077,0.29999999999984,0.6865758540486315,0.6534017729311185,1409404.mp3,electronic
391.9066666666667,92.28515625,0.55388503831088,0.7670955657958984,0.076387733221054,0.8288463260077628,0.9834131934174282,0.3955530090597289,0.0019695932937925,0.6919298255030558,0.6345703125,0.6005855214595796,1160604.mp3,funk
204.15609977324263,99.38401442307692,0.572045409998049,0.7594825134277343,0.097568079829216,0.1456567788863091,0.3449649641744114,0.0945143102838477,0.0017548524785591,0.2999998284454754,0.3241191060314786,0.670300687532222,1385304.mp3,ambient
241.19727891156464,135.99917763157896,0.6111007420441961,0.5007792282104492,0.0600109659135341,0.2718800164907307,0.6952253876079224,0.0507837373329451,0.0061517946370302,0.2999828755670206,0.5223953038143261,0.6171248869660071,38404.mp3,alternative
150.0,103.359375,0.5557636991370787,0.2234183807373047,0.1176811456680297,0.1436900099174404,0.3108698021792016,0.1636139847466586,0.0003157634753521,0.2999830999108501,0.3242694058994452,0.6775113312606017,1299804.mp3,ambient
196.9052154195012,123.046875,0.5399305470088448,0.9596102905273436,0.0692141875624656,0.264477790697594,0.4225570028434722,0.1257142281935171,0.0005725883705883,0.2757959642547659,0.4764547998537323,0.6296261475517412,1336204.mp3,soundtrack
288.0044671201814,139.6748310810811,0.5548526117997079,0.5223599853515624,0.1852627247571945,0.4925800375775125,0.7579691579046933,0.3300579006515666,0.002064285346993,0.3,0.6357303494272017,0.6395485110271497,606904.mp3,ambient
203.0,139.6748310810811,0.5317927199777804,1.0,0.1010826826095581,0.3615341765789246,0.653563370847444,0.1444089358823242,0.0024091444812322,0.6275805084357151,0.4914653383128985,0.6380966980768613,1166104.mp3,folk
742.4,139.6748310810811,0.5765082417716199,0.4205150604248047,0.1770402789115905,0.480419303014337,0.7849162049909741,0.3106441944537044,0.0010863836859673,0.2999999728752816,0.6288562451112708,0.6379632513859185,1146204.mp3,ambient
149.3001814058957,135.99917763157896,0.5301242838864462,0.3266740112304687,0.110262781381607,0.0995520398901377,0.212602500431081,0.1278659484884118,0.0004711643919663,0.2932626768540529,0.3770370110123253,0.6642871990949135,1357404.mp3,classical
216.3571428571429,166.70866935483872,0.5845180909458421,0.5316691589355469,0.191106304526329,0.5694934687180069,0.868901121505034,0.4046717865762044,0.0021684138836954,0.874457913437007,0.6336192723230974,0.642074415164859,1352504.mp3,hiphop
184.14637188208616,135.99917763157896,0.5316054041318254,0.3333464965820312,0.1471738219261169,0.4045685283927951,0.7341475231108281,0.2520722942697841,0.0012199015283772,0.6462964768896697,0.5031600629389951,0.652350563305603,1217304.mp3,ethno
430.6495464852608,120.18531976744184,0.5949799877012166,0.2681562194824219,0.2613868713378906,0.6424091101302328,1.0,0.3354709919558353,0.0018577755031891,0.3,0.5589294083042322,0.6823133920207942,1361104.mp3,atmospheric
176.0,99.38401442307692,0.5700059793194253,0.577918701171875,0.1701459437608719,0.4893595106950709,0.8247666028856464,0.2632775596885257,0.0015383937152105,0.3909561853635015,0.4653930833833781,0.6681739230772382,1296704.mp3,ambient
249.31090702947847,120.18531976744184,0.5691351620345796,0.3336596145629883,0.0658594518899917,0.4262495023024436,0.7237466614700635,0.2151391245681107,0.0008522518476308,0.5860592089511647,0.4937866957242601,0.624952063535545,1242604.mp3,soundtracks
286.4306802721088,147.65625,0.5745541158314318,0.2970820465087891,0.2225740998983383,0.5602890811044582,0.8631588247405387,0.4745102575052988,0.0015094950742014,0.5366996786371527,0.6994548616953884,0.6402357036243241,1149704.mp3,rock
264.9077551020408,99.38401442307692,0.5547289032738553,0.57724845123291,0.134143590927124,0.370239881647035,0.5985271732137664,0.2447695336800856,0.0006194288919307,0.8522261756354561,0.5003055043388793,0.6482305918659887,399204.mp3,jazz
123.40798185941044,139.6748310810811,0.5800556904229606,0.7001630554199219,0.2249019742012024,0.56189565357469,0.7664495912621206,0.1856701007273478,0.0014279721201428,0.8688354551998482,0.5832950852865497,0.6643056936551229,1154904.mp3,ambient
133.35510204081632,139.6748310810811,0.5641863671821699,0.7934265747070312,0.0944681093096733,0.6682131880113337,0.7539987304048483,0.5754105914002468,0.0006447231193144,0.3,0.6964029591649956,0.5947279275184832,1295904.mp3,drumnbass
650.4751020408163,129.19921875,0.6040026928670772,0.5191779327392578,0.2262807041406631,0.6389943565185039,0.8833760154817641,0.3052848140389735,0.0043337455421572,0.9197280416222366,0.6733868048989735,0.646783692510844,1414104.mp3,electronic
225.88,114.84375,0.579798938252587,0.4425868225097656,0.2880874574184418,0.4462903794052079,0.758413191856354,0.3528063322368421,0.0006969661935881,0.2999998722490824,0.4766865759978634,0.7083741694710664,322104.mp3,rock
172.0,92.28515625,0.5826942541493324,0.9896586151123046,0.1410572379827499,0.5386221492263559,0.9118357328901204,0.2204068058905361,0.004212412748481,0.3955570185702219,0.5463673923732444,0.641507127199141,659904.mp3,experimental
122.69696145124716,120.18531976744184,0.5082419973807658,0.4805882568359375,0.1589061617851257,0.2112445860278187,0.2684339602066433,0.2265853427765047,8.020595606002559e-05,0.3911181513503103,0.4177958415762611,0.673647049927393,1193604.mp3,classical
299.73215419501133,139.6748310810811,0.6136112632488042,0.78985595703125,0.0522677861154079,0.5029347349729133,0.7701713217092244,0.0535332646195501,0.0049672063982259,0.299999999999431,0.5618151099231679,0.6064533810169133,1118604.mp3,ambient
314.04408163265305,120.18531976744184,0.5941342570632815,0.6689129333496099,0.1110954657196998,0.7466564270105406,1.0,0.2479284071953473,0.0043090053133991,0.9095506500402446,0.6283474917819736,0.6143248693026973,1391904.mp3,dance
181.00351473922905,156.60511363636363,0.5655919144296642,0.732000732421875,0.1485960036516189,0.4969700198112993,0.7909754785556016,0.1511797769507423,0.0027509148164793,0.921346268973252,0.4209781175549379,0.6692989378035953,1225504.mp3,hiphop
213.59526077097505,90.66611842105264,0.5805990649946795,0.9270860366821287,0.1195809990167617,0.6778282961241421,0.9317261407585924,0.235584992006024,0.0027022937559304,0.3540620432624264,0.5564206125091882,0.6317650371441966,718304.mp3,acidjazz
308.0451927437642,114.84375,0.5922856310470683,0.445057403564453,0.3132019937038421,0.4526220800945323,0.7279544242494073,0.3018771837739106,0.0006082656578169,0.691441846845372,0.539905805046058,0.7047715567241716,934004.mp3,rock
240.15858333333333,100.44642857142856,0.5664593972258782,0.4995203247070313,0.1415848582983017,0.2870891242236325,0.5393008370200564,0.2719349160180476,0.0003318750199971,0.5112904210419671,0.3765566388325418,0.6756592212208803,1115704.mp3,indie
117.68,105.46875,0.5563090765619365,0.8746408538818359,0.1164372563362121,0.4718916146536966,0.7288190764802311,0.2490008830245153,0.0012196725949541,0.5742669253997582,0.4707910913668867,0.647759194007659,1163204.mp3,folk
176.0,120.18531976744184,0.6556372693276618,0.0383295593261718,0.6641020774841309,1.0,1.0,1.0,0.054904923557754,0.8893141061788816,0.7803706395348837,0.7830026199873102,362504.mp3,electronic
267.39292517006805,132.51201923076923,0.5880234588287624,0.4110555877685548,0.1658565253019333,0.4765816663650362,0.8451616752253159,0.3355784952430976,0.0013227083249354,0.5082387070692704,0.5113583423888951,0.6574366806309169,1135704.mp3,folk
148.82074829931972,129.19921875,0.5476257439898042,0.7699588165283205,0.0854970887303352,0.2859578590107637,0.5431010616470019,0.1899337682822182,0.0005411678013007,0.299411274652565,0.3836301043794168,0.6540529310670373,1136204.mp3,classical
246.57333333333327,161.4990234375,0.5894052142594217,0.2753255310058594,0.2961302697658539,0.6514955260006925,0.9835715304457208,0.8089396060399702,0.0014605657373203,0.7583360141272377,0.6014324601546893,0.6863204050847695,381504.mp3,instrumentalrock
327.9331746031746,101.33272058823528,0.5707576740727127,0.2710326385498047,0.2245057076215744,0.5114374325937177,0.75750591838446,0.4808430461986415,0.0008237576245326,0.2999999999999944,0.4732817107017321,0.6861657126034204,1315104.mp3,atmospheric
477.17648526077096,112.34714673913044,0.5839795493827271,0.4948509216308593,0.1506892591714859,0.5508733942954409,0.8963476310416656,0.1850848089269681,0.0027349142480576,0.5008157483772606,0.4418913146703983,0.6658698703676553,677104.mp3,chillout
350.184,170.45454545454547,0.554109493978579,0.2601307067871093,0.1657483577728271,0.3867200424325948,0.6320850589987649,0.3627372346827336,0.0001392067707365,0.2999999999999972,0.5652928380958262,0.6466108411790525,156204.mp3,easylistening
273.18857142857144,156.60511363636363,0.5857042854364243,0.5528273010253906,0.1683892756700515,0.4358187054055636,0.6672278695641869,0.2275178254736098,0.00109773978592,0.2999999999999913,0.5658033071529737,0.6474594778106239,23104.mp3,reggae
268.6084353741497,123.046875,0.5634290474111123,0.2952518920898438,0.2165545970201492,0.5344501700029929,0.790694348766358,0.6156393992517528,0.0011806942341929,0.8332074133435514,0.48765829692292,0.6804279955426696,902704.mp3,powerpop
196.8896371882086,129.19921875,0.5670425524005962,1.0,0.292787492275238,0.5823433143245629,0.8145118582534662,0.6451893303649116,0.0032652547469556,0.2999999992807767,0.555447549312021,0.6943139873566815,1157904.mp3,electronic
129.5673469387755,132.51201923076923,0.5730247459210318,0.3491923522949218,0.0785945579409599,0.3064347426583171,0.4843009319429864,0.3968977340521546,0.0001080760760554,0.6188536838377253,0.411503297170217,0.6459933814247021,186604.mp3,easylistening
114.60024943310655,132.51201923076923,0.5226552524832033,0.5140657043457031,0.0247067734599113,0.3161522857958665,0.4837818103948805,0.1362824336378304,0.0004228739423819,0.2893096565553188,0.5073044261749315,0.6074335532105817,1193304.mp3,chillout
491.1628117913832,172.265625,0.6015100325722271,0.7747829055786133,0.2071987837553024,0.4610887710809682,0.7008866690217288,0.3800369664453984,0.001718333855186,0.3,0.5953957780403574,0.6555124065438374,646404.mp3,electronic
307.72225,160.71428571428572,0.5244152070144277,0.4159291992187501,0.1570434123277664,0.3936934878455844,0.6586903226325646,0.1725142436352783,0.0007602713305165,0.3535760380406592,0.5428648930914304,0.6479626498197097,400704.mp3,easylistening
411.6666666666667,143.5546875,0.6167141967054309,0.3371216125488281,0.2496871948242187,1.0,1.0,1.0,0.0088081740525842,0.3,0.7984281372941285,0.6302017626778931,87504.mp3,electronic
109.08734693877553,120.18531976744184,0.5721892902702628,1.0,0.0597020015120506,0.3919748305664087,0.5221601878089552,0.1623673357091132,0.0004559611144824,0.2999999999545204,0.5990705690757623,0.6016786067291858,1074904.mp3,classical
252.7677324263039,147.65625,0.5825279055395263,0.5660233154296875,0.2392851561307907,0.4645430094904804,0.8162155888676264,0.3289189964286194,0.0008875610647384,0.551182454834501,0.6423157513391826,0.6576795059392481,1165404.mp3,folk
184.9208163265306,129.19921875,0.5632773037137335,0.3186255950927734,0.2274466305971145,0.288606266736799,0.5850035000815416,0.237198490769438,0.000880995393816,0.2999999994163464,0.4208850151515214,0.6977037839846569,1400604.mp3,experimental
318.4631292517007,109.9567819148936,0.5692070741247024,0.3722271728515625,0.1627652794122696,0.2512748838565705,0.4651202568214248,0.1701418459264976,0.0004584898154616,0.780754428525054,0.4441641735314934,0.6697626658821183,99404.mp3,ambient
399.7245625,140.625,0.5588907939021682,0.8852956085205078,0.0735534951090812,0.2353440579428004,0.4567947846063256,0.1330710880424347,0.0007167892025917,0.2983659748311815,0.4460911236610477,0.6372610335070596,729304.mp3,classical
277.1947845804989,132.51201923076923,0.5666057685633448,1.0,0.0153791774064302,0.1589554312732247,0.3709546081212858,0.0901194790972872,0.0012938444107743,0.296201070461181,0.4861498653465853,0.6083065307969978,1150104.mp3,electronic
286.9210657596372,129.19921875,0.5364862440017475,0.5231889801025391,0.0730225890874862,0.207333699697044,0.4729954878390713,0.1312699230415465,0.000319776763188,0.6854258970221727,0.4278687522098556,0.640714381629524,1412804.mp3,ambient
182.8160544217687,123.046875,0.5621053777939882,0.4296895751953124,0.253781110048294,0.5821212716212885,0.8438964053295863,0.5111666643433438,0.0009833636618883,0.4765813712682867,0.6565247806402875,0.6600562434893283,698504.mp3,pop
190.3928571428572,139.6748310810811,0.521932841802275,0.3479673919677734,0.233112946152687,0.3170650145063431,0.6601349127224183,0.2314351576442593,0.0007786201735172,0.6631696685810307,0.3735387362173563,0.7092129133714962,1189904.mp3,easylistening
219.1563038548753,92.28515625,0.5639581622055623,0.6101571044921874,0.1872407346963882,0.4997188056284672,0.682876376443326,0.5493044187209367,0.0005654509730024,0.7099336510317813,0.4171963864459956,0.6839673872015006,1403904.mp3,blues
293.3379591836735,135.99917763157896,0.5468129330490337,0.4303362426757813,0.2050154358148574,0.4859994089621813,0.7155677890802894,0.4278058626551358,0.0006531550698646,0.2999999999970599,0.5430760443313836,0.665190348027072,1314304.mp3,atmospheric
194.0,105.46875,0.5939459019925292,0.7124207534790039,0.166666567325592,0.3063949975228956,0.5770224991930233,0.1826314022565719,0.0006355358715745,0.3,0.4885623471515198,0.6622874948069091,1420604.mp3,chillout
196.92,112.34714673913044,0.5924238690340878,0.3500041198730468,0.218342125415802,0.4529769871213899,0.6705828897210302,0.7394710126797059,0.0003698948173706,0.4413383161570591,0.6793815371650926,0.6427268577166702,7204.mp3,punk
195.13333333333333,126.04801829268293,0.5789683838007296,0.3300380554199218,0.2578535079956054,0.7868773153658477,1.0,0.6449127012688499,0.0058220074548455,0.4302594092303256,0.652634010659009,0.6623004607466161,206604.mp3,pop
268.81875283446715,99.38401442307692,0.562391419400794,0.7358941955566408,0.1369260847568512,0.539170885121604,0.7722816678939806,0.1694521016900948,0.004425602995556,0.9274187328852432,0.4886214146698501,0.6515691075784964,1281204.mp3,gangstarap
143.22938775510204,84.72079918032787,0.5697581486184524,0.7847911224365234,0.0679587572813034,0.7727766368338899,1.0,0.2814500105769478,0.0043510193704887,0.8800641430040796,0.5930529287310801,0.6058545668750532,128304.mp3,electronic
216.9649886621316,126.04801829268293,0.5451443890832361,0.6114627914428711,0.0677361115813255,0.3094149074540473,0.5045562068800646,0.2045342778984296,0.0004258590520703,0.2999999999993143,0.3259486293692432,0.6591952742954285,192704.mp3,darkwave
177.28,112.34714673913044,0.5812690309049009,0.7615190124511719,0.3007878959178924,0.4299590843437518,0.6657036837160356,0.1959911830945421,0.0013484167430377,0.8135468909967603,0.4696051465468445,0.7143626132210724,492104.mp3,electronic
262.50666666666666,120.18531976744184,0.5361609904087372,0.3115101623535156,0.125814601778984,0.7772798103577755,1.0,0.6249166442838636,0.0027741324228805,0.7345504198919088,0.5898191148874298,0.6273294336629484,347604.mp3,folk
35.160816326530615,120.18531976744184,0.5475262222914833,0.6446316223144531,0.0856398269534111,0.2666598616796611,0.4801782540678002,0.2258364267366674,0.0002537850320655,0.345481659456673,0.4242420623252183,0.6459819252381843,702504.mp3,orchestral
226.0,120.18531976744184,0.568654020813512,0.3727201232910157,0.1129612475633621,0.733900441953574,0.934327751753286,0.8156830759246103,0.0014588918694072,0.2999999999999966,0.6331406164157619,0.614037925839658,1171004.mp3,ambient
199.2764172335601,129.19921875,0.5667287002330768,0.8096941833496095,0.2134627103805542,0.6062037828157139,0.9319619071263932,0.1374279766683481,0.0051175252580938,0.835038965616604,0.6408332448045693,0.6486799267760857,434204.mp3,electronic
346.4172789115646,99.38401442307692,0.5732350303026388,0.314836441040039,0.0834635123610496,0.3918070943647141,0.6110914601419221,0.4925652180310261,0.0001920137208775,0.4374623119340517,0.4368841639478223,0.6426700316604134,91104.mp3,ambient
394.0,143.5546875,0.577503575267978,0.5740314025878905,0.1418347060680389,0.4599023637104349,0.7091801727077821,0.3592020221112721,0.0003936488579452,0.3,0.640028311547802,0.6230548318749336,1054104.mp3,electronic
155.16734693877552,95.703125,0.5758202150407623,0.5908797454833984,0.1863920390605926,0.8419738538998394,1.0,0.599162052970223,0.0075393262947573,0.6328594262405285,0.6096866144742257,0.6451638111669683,1393204.mp3,latin
173.26933333333332,90.7258064516129,0.592615228693216,0.6020842895507812,0.2000104337930679,0.6557569313392121,0.9233036483937256,0.3529058847375177,0.0005733258114445,0.3614044828084916,0.5199702235273487,0.6680097114600347,1080204.mp3,hiphop
196.5986167800453,114.84375,0.5692165250228641,0.8185196228027344,0.1952437758445739,0.434867062388207,0.6503348965366335,0.3130345358018361,0.0006041254588851,0.8117194483812804,0.4860267793821882,0.673082403427609,1123304.mp3,acid
235.05868480725624,123.046875,0.6145108789741034,1.0,0.1431984007358551,0.4451700633492356,0.8684742955388417,0.0890827548073969,0.0104714834448677,0.3,0.5534759797455423,0.6408562283157995,944904.mp3,dance
365.9000453514739,99.38401442307692,0.5624159954340644,0.6587682189941407,0.092005468904972,0.3634657620154402,0.5476605662805089,0.2816974501565937,0.0004194173236642,0.7241317141802609,0.4237339236127927,0.6483751840832315,320804.mp3,funk
219.03024943310652,129.19921875,0.5603286953697538,0.3082234191894531,0.1577253639698028,0.6442957519187827,1.0,0.4337603069659446,0.0046926901529879,0.5861869203207117,0.6672616649090926,0.6233287980473106,941404.mp3,indie
269.9504761904762,139.6748310810811,0.5655699488970991,0.3447882843017578,0.1221357285976409,0.244211747694884,0.501152905995998,0.2409825748008039,0.0002308414845937,0.2999129169435369,0.4322200284333587,0.657524856608479,1403004.mp3,atmospheric
125.44,139.6748310810811,0.5768436537987922,0.5740245361328125,0.3865183889865875,0.5438296935593002,0.7057116526464511,0.5410480694348823,0.0004975967638787,0.9564028954169094,0.5666213100140419,0.7258223580323632,338504.mp3,dub
378.08222222222224,147.65625,0.5757604854049211,0.7282267379760742,0.0778711587190628,0.8266027977397918,1.0,0.2706058840358716,0.0075182630074207,0.9729911397489532,0.7162349572310845,0.5847866256926457,49404.mp3,alternative
223.9738775510204,123.046875,0.5328608865248743,0.5001061782836914,0.0862746313214302,0.2392249580539528,0.5055414542573493,0.1229580819548606,0.0017866488601342,0.2999999073214967,0.4019012363871923,0.6506786199982764,873804.mp3,folk
340.0,99.38401442307692,0.5526607726044568,0.4828071975708007,0.0811454430222511,0.4123768577791094,0.721602874256226,0.2099483146029985,0.0012980266942745,0.5918344749153752,0.3536265120336423,0.658487057081282,1270604.mp3,chillout
306.97678004535146,129.19921875,0.5970181832147994,0.7136561584472656,0.338447242975235,0.6940410724431538,1.0,0.381246050802477,0.0050844184045772,0.7564000005073792,0.6622162313875177,0.6893977611935811,1234504.mp3,dance
208.065306122449,120.18531976744184,0.5297226917423143,0.6528940658569337,0.1027475446462631,0.1653892739460042,0.2423200653081618,0.2246477282315508,9.265751522485912e-05,0.4255500012726777,0.3810758853418569,0.6607739390042834,374604.mp3,classical
178.05061224489796,114.84375,0.5493175048541106,0.7650961608886717,0.0886929780244827,0.6615525412362706,1.0,0.1480157184045596,0.0064965590430733,0.5346120744090964,0.5603596757423336,0.6198575369403471,1121404.mp3,instrumentalpop
288.0816326530612,120.18531976744184,0.575198542744046,0.4078824310302734,0.2789423167705536,0.4313529432724733,0.7724931285675326,0.288232056254632,0.0013332848654474,0.9005099105268579,0.5583708806725797,0.6887450579028833,785304.mp3,blues
288.307619047619,109.9567819148936,0.5826059233896905,0.6197334594726561,0.0799657553434372,0.4536194912829246,0.7295036938145144,0.3473540813610528,0.0006924969275996,0.2999999999991863,0.5703869716518271,0.614710277593272,74104.mp3,pop
89.03204166666667,93.75,0.5585742598630207,0.5973429565429689,0.2161986380815506,0.5215783944283626,0.9119847142176972,0.2133355930420452,0.0032523994128139,0.649176773520604,0.6313151669999264,0.651568476309373,1110004.mp3,electronic
265.82204081632653,151.99908088235293,0.5410276009066937,1.0,0.1029339730739593,0.2974348751066941,0.5927611776775173,0.1773918619650886,0.0010076962430004,0.6206329008305709,0.4995451158260091,0.6371472071414235,577204.mp3,poprock
588.0,99.38401442307692,0.595486720494143,0.4312576293945312,0.3305384814739227,0.445772285410553,0.916536519340154,0.2254194624004407,0.0020020543178282,0.5796822823897081,0.4181462629428835,0.7353646007420355,1302604.mp3,electronic
996.4842403628118,120.18531976744184,0.6063145670384648,0.7175612030029298,0.0625146105885505,0.1890148389243124,0.4362021662984967,0.1933957368934052,0.0005334020801731,0.2946715436290812,0.3431158791357152,0.6538820839847352,45104.mp3,alternative
400.39529166666665,165.44117647058823,0.6121810321169793,0.7345632095336915,0.1703179031610489,0.3888475302776604,0.6591087491349178,0.1789016398342363,0.0003725588069414,0.3,0.4731032603754122,0.6666937930628951,725504.mp3,ambient
221.02997732426303,120.18531976744184,0.5970702639999498,0.6721055908203124,0.2661890983581543,0.4243735978120815,0.6938211895322481,0.2716487435911233,0.0014036856848527,0.5411244574100902,0.5597605483540402,0.6838759657381275,1375604.mp3,pop
798.0045351473923,99.38401442307692,0.6026655405655938,0.4843504791259766,0.0944393649697303,0.2572748183819275,0.4448276494528929,0.2702434766254987,0.0001653411413981,0.2999999993944607,0.4607592455124512,0.6418463222866126,584804.mp3,ambient
433.26138321995467,161.4990234375,0.5937973375085659,0.1849718322753906,0.2306953966617584,0.2821274095985437,0.3860133552556576,0.539175951045665,1.412792994710838e-05,0.2999999997712204,0.6295866843991704,0.6571330059183988,1183604.mp3,ambient
221.43750566893425,120.18531976744184,0.5976440087662395,0.5844383392333984,0.2630448341369629,0.548078538261422,0.7889270068110183,0.5713270778508351,0.0022960242633714,0.3342003549560848,0.6181301146554452,0.6710701173582176,22804.mp3,electronic
187.5041723356009,112.34714673913044,0.4053989346084515,0.2344284057617187,0.3372955620288849,0.6494887132980633,1.0,0.5050346501236048,0.0464793328304826,0.8565285198518691,0.4679463352341778,0.7278371352835631,1167304.mp3,chiptune
399.3861224489796,95.703125,0.5725670714585958,0.6053176879882812,0.2504627406597137,0.6187561913491931,0.8863070988368672,0.3442703381424675,0.0016446495346488,0.7327956823763262,0.5146889217962676,0.6872288022782435,186304.mp3,electronic
204.98666666666668,99.38401442307692,0.5765994783737138,0.4058385925292969,0.2376780956983566,0.4297651053767016,0.7525837247515769,0.1715994623841577,0.0016844041737587,0.7714256545111968,0.5237649156599731,0.6808111313194137,661604.mp3,60s
165.2362358276644,139.6748310810811,0.5503169073551734,0.2626997680664062,0.2204605489969253,0.42792217295876,0.7114887237260786,0.4407452279398787,0.0006293841616887,0.468454667533087,0.6085439647990277,0.6576570046790875,1363604.mp3,indie
373.5175510204082,139.6748310810811,0.5707766168068183,0.4414200439453125,0.2848194241523742,0.3744072043974765,0.4562441694001614,0.2605065753513967,7.582828479644761e-05,0.2999999977271184,0.6426158521221442,0.6740118222704258,1214604.mp3,90s
141.6562358276644,147.65625,0.5352446909629853,0.7809152145385738,0.0810259506106376,0.1932381776412056,0.2521974063562647,0.25907468187942,2.427592618567309e-05,0.3530047410841114,0.3189191665243258,0.6653855089149644,903604.mp3,classical
219.7355328798186,123.046875,0.5504134694896686,0.3572437896728515,0.0495177879929542,0.2599503504158635,0.5657661782731667,0.1574307963716822,0.0006882069963892,0.7946308582163439,0.3465531291356178,0.64851577785034,188704.mp3,pop
445.9998185941043,120.18531976744184,0.5958342781747751,0.3142772674560546,0.1476296037435531,0.326799885372146,0.6054349320516966,0.243654066903018,0.0006350981798848,0.2999999998025665,0.440867451102371,0.6649731671272049,682504.mp3,electronic
216.00002267573697,109.9567819148936,0.596042530490889,0.4526326293945313,0.1999112218618393,0.2725544421248689,0.4399508553561636,0.4935804039040121,4.908977755817088e-05,0.2999218132204447,0.4099014021391555,0.6899877594424311,760904.mp3,celtic
229.5,95.703125,0.5595672492839643,0.702151626586914,0.187147319316864,0.7471701066239561,0.9717929751836896,0.4440408741400243,0.0031116335860344,0.8739965761301597,0.5990160974206087,0.6475698154699494,1086704.mp3,funk
405.3336281179138,178.20581896551724,0.585351330561513,0.6890992279052734,0.0930823683738708,0.3683631674177159,0.5917979780992518,0.1781386903892812,0.0013709601331094,0.3,0.6637238115504936,0.6007648903044948,364904.mp3,easylistening
157.98666666666668,117.45383522727272,0.5591623613655865,0.8994812927246094,0.0776410847902298,0.5751582766700164,0.7583633174764547,0.1423427395649618,0.0018182686367122,0.6131625602417209,0.5744745253868571,0.6130558854471113,1179604.mp3,90s
182.04734693877552,97.50884433962264,0.5560367590849009,0.6004756164550781,0.2362137585878372,0.3864451702863881,0.5884123808020392,0.2810270624229104,0.0006870465425523,0.626265194072777,0.4230517869153407,0.7004265957085533,311404.mp3,hiphop
111.90666666666668,151.99908088235293,0.5299373234531308,0.4773573303222656,0.1426383107900619,0.3968592953333919,0.7233912688085752,0.199505059476365,0.0012165184400801,0.2999999775480844,0.6389120833795277,0.6235673752085168,80504.mp3,pop
248.12975056689345,132.51201923076923,0.5803839757734109,0.3432160034179687,0.2318283021450042,0.4409095722792266,0.711702942857059,0.6116855891807877,0.0001898351966892,0.7204496624671005,0.6006047668580423,0.6633372354005931,133704.mp3,dance
162.72839002267574,120.18531976744184,0.5478372636765712,0.328383285522461,0.0701980516314506,0.717075149446917,0.9509328386336746,0.5609376767235604,0.0018410272698306,0.6820350618885609,0.5710402208488988,0.6110632544175425,579304.mp3,folk
405.8122448979592,120.18531976744184,0.5665443302990882,0.5232681427001953,0.1007119193673133,0.3586216169272367,0.5861666709413903,0.344501553958722,0.0004930886292344,0.695034262463911,0.5463924825147618,0.6269777944692805,1167404.mp3,orchestral
35.93108843537415,90.66611842105264,0.5745701477605634,0.7996454010009765,0.1415722817182541,0.4355886869343534,0.7488576568199525,0.2710871192718389,0.0027199974705669,0.3947562852246247,0.4169332656031572,0.66757936829794,1002004.mp3,chillout
138.61333333333334,135.99917763157896,0.5044918100688672,0.5729794158935547,0.087656520307064,0.4699554221413183,0.714661506951499,0.2415345017771785,0.0009703874880732,0.5745911287073777,0.5568636437444674,0.6201836185616496,170004.mp3,folk
299.66963718820864,103.359375,0.5813702127607595,0.6482786102294922,0.1689222306013107,0.4738843504019764,0.7869530042007741,0.2740461044777812,0.0013068545432119,0.3,0.5525864684674359,0.6502947093229847,1394904.mp3,hiphop
213.06260770975052,123.046875,0.566135402038876,0.8145590057373048,0.2128146588802337,0.5769338447829576,0.8604052868222957,0.2339499117528228,0.0030397637074886,0.8346797455218327,0.6420037740363018,0.6482125223896238,768504.mp3,electronic
65.94195011337868,161.4990234375,0.5034888946302235,0.3939899291992187,0.1795124411582946,0.314850298779629,0.5723539255269529,0.2584627275850223,0.0007735930722367,0.5743546682400978,0.519627620634608,0.6606989546900645,1361404.mp3,ambient
213.5855782312925,92.28515625,0.5454466063249901,0.5042598571777345,0.1428588330745697,0.406065260221136,0.6906229752963197,0.1797262809286243,0.0010214050696584,0.7626734512996278,0.422960824944804,0.6668370149178843,1163304.mp3,chillout
110.26927437641724,120.18531976744184,0.5464291476953753,0.3111824951171875,0.1616045087575912,0.2536916739788326,0.4962324315763409,0.2601646559737865,0.0003646327508173,0.5113298093454022,0.3477796818818755,0.6886216867763578,1001904.mp3,chillout
178.74238095238096,95.703125,0.5892462227949642,0.2827239990234375,0.2682427763938904,0.5439438423289633,0.8272959882117057,0.6473623177385321,0.0008741701119184,0.8692807248603742,0.5727112032386126,0.682025158854078,1317904.mp3,alternative
270.0157823129252,117.45383522727272,0.525810424719916,0.5832606811523438,0.1304841041564941,0.3628990966932608,0.682128460289923,0.1841458171224588,0.0008664029729434,0.299999999873891,0.4987972111561422,0.6472148352651095,1393104.mp3,electronic
103.95312925170067,120.18531976744184,0.549481709568529,0.4287536010742185,0.1088982298970222,0.2509108252549943,0.3176982068286605,0.1514298010972068,0.0001643294107213,0.2880285335589888,0.4842016111328238,0.6423630405363633,1204904.mp3,ambient
247.6756462585034,178.20581896551724,0.5506521239218236,0.5865640716552734,0.253927618265152,0.6276376031449831,0.9022126906109256,0.4294164587844434,0.0036220464508187,0.8220186689926081,0.7677858454811314,0.6378567734792285,896604.mp3,hiphop
335.5,120.18531976744184,0.5739137841391003,0.4939850540161133,0.0887361764907836,0.4106304559904754,0.7630342905575732,0.2769385677800303,0.0009476105758727,0.7048299646051968,0.5539240619037566,0.6211602111559309,408504.mp3,blues
308.8533560090703,143.5546875,0.5704854919014595,0.6188595275878906,0.1903840154409408,0.8836725995253387,1.0,0.2332909455471279,0.0166418870888496,0.7347603014960096,0.6927403555872458,0.6299901744412895,950104.mp3,90s
1766.0,120.18531976744184,0.58070442809706,0.4424436950683594,0.1824637353420257,0.2305048112958878,0.4096897428176801,0.1253418115237091,0.0006488736645155,0.4288749089696457,0.4811490521349402,0.6694571342961413,1190104.mp3,ambient
158.1820634920635,87.5926906779661,0.5761475053592575,0.9030796508789064,0.1463804095983505,0.4391893427699842,0.7025230446426401,0.1868409040053703,0.0017098635528225,0.5538623529660363,0.6092852350914204,0.6308399004371221,1320004.mp3,downtempo
374.3608163265306,143.5546875,0.6032529876364952,0.6938733367919921,0.194298043847084,0.7639095498989362,0.9800659638099904,0.6369793766475422,0.003002745320301,0.4646228664441855,0.7618767698886744,0.6175719418072154,18504.mp3,electronic
56.6084126984127,143.5546875,0.4757287255631867,0.2784420013427734,0.1974277049303054,0.5001969703838194,0.7049718350588369,0.4977440525020509,0.0004628295552424,0.2999972156172051,0.6563153370509385,0.6398109063647223,36704.mp3,celtic
330.71020408163264,126.04801829268293,0.6251016425935736,1.0,0.0432845614850521,0.7625636869072935,0.9525592410132164,0.0311958120634355,0.0144005014723879,0.7357608766066353,0.5406409217268233,0.6074542577892541,1044304.mp3,ambient
107.33333333333331,178.20581896551724,0.6003890469446262,1.0,0.0914730206131935,0.552157510465066,0.8857427950217615,0.1727979527496735,0.0053147018427063,0.3,0.6428759454080364,0.6043550983391424,1028804.mp3,chillout
172.83891156462585,112.34714673913044,0.5520831572383746,0.7243947448730469,0.0648973807692527,0.1617162814986599,0.4618424671476746,0.0763984089330415,0.0018452430571926,0.2999996528816188,0.4395067205202082,0.6354617129728893,373204.mp3,ambient
39.04800453514739,132.51201923076923,0.5527505225760186,1.0,0.0605317652225494,0.2884868897237977,0.4107687983358523,0.1855587134943881,0.0002329116456822,0.3986613794476395,0.4727257280789875,0.6272462898643203,893404.mp3,classical
98.26684807256235,132.51201923076923,0.6097826013279857,0.7533696289062486,0.1122426018118858,0.2391356623790297,0.4531672880159265,0.2598856122052065,0.0001757017834803,0.2999979565928098,0.4317313380270579,0.6540610690468673,1103304.mp3,orchestral
198.8573242630385,139.6748310810811,0.5815236394770631,0.4696458129882812,0.2197691798210144,0.8628129533214994,1.0,0.5866960752624631,0.0099904462031527,0.3045517037160829,0.6720527579719001,0.6447063531411852,432804.mp3,dance
159.7459410430839,109.9567819148936,0.5461052421581787,0.5173838348388672,0.0986664146184921,0.3285757497912105,0.568069495944837,0.2458905275099262,0.000278332438728,0.299983749438987,0.518158618079007,0.6318881856468558,1346204.mp3,ambient
347.25850340136054,92.28515625,0.5784964651766729,0.6578451538085938,0.1485511362552642,0.3028526184722348,0.5547535366563798,0.2104921021795554,0.0005804319582145,0.5216591838017473,0.4627780800426517,0.6609227930433648,40304.mp3,fusion
255.6266666666667,139.6748310810811,0.5931392462581059,0.8352044448852538,0.1319117993116378,0.4602497014754053,0.6702417935746545,0.2588020001373599,0.0006319087264112,0.2999999939001324,0.5461502061115185,0.638258206529886,3904.mp3,electronic
211.0297052154195,139.6748310810811,0.4913920008460993,0.6266330871582031,0.1801491826772689,0.3161381316784024,0.6413310264183367,0.146843303719388,0.00265510728114,0.3675790756161915,0.553310610933526,0.6541915835771116,683804.mp3,indie
193.7424716553288,109.9567819148936,0.6007741894611619,0.9793050155639648,0.2305135130882263,0.438035085081211,0.6516944559045398,0.3092381264176975,0.0006755836160629,0.2999999998936265,0.4794211530194033,0.6871006341078808,1070604.mp3,electronic
137.60489795918366,114.84375,0.574415980823904,0.6350677795410159,0.2250363975763321,0.836478815338483,1.0,0.4728867653141224,0.0043475401990325,0.6308741745593713,0.7448023838901544,0.6320526263494487,1420504.mp3,chillout
101.6,99.38401442307692,0.5294616527619489,0.8066981506347656,0.1184156090021133,0.3732430793680152,0.6945037419143647,0.1668535693583626,0.0007891885359724,0.3,0.5161043473127578,0.6394087497782093,1109904.mp3,electronic
120.0084126984127,139.6748310810811,0.5112905459449273,0.7938331909179687,0.0793944373726844,0.380927395732321,0.6914177734875736,0.1318002817253673,0.0010679223440135,0.331005946888556,0.4204611801308077,0.644489761428005,1163804.mp3,alternative
231.53572916666667,104.16666666666669,0.5879123054522877,0.6247610778808595,0.1451572179794311,0.7792061566289232,1.0,0.3572070153833707,0.0056544522107234,0.5005132091925244,0.5710039012744819,0.6380558182176989,108304.mp3,electronic
33.28,117.45383522727272,0.5447056668887803,1.0,0.0671935901045799,0.4551583788189804,0.6133361066454505,0.1526946668141254,0.0006527684897206,0.820062762725543,0.6352145380252892,0.597146784832591,1127404.mp3,jazz
199.68,126.04801829268293,0.6006197994639497,0.8087271881103514,0.2848904728889465,0.2778911065723664,0.5384350997204859,0.1150422575155984,0.0024719147597326,0.8983231990587408,0.492789686684126,0.7040026329031955,1289104.mp3,deephouse
151.67888888888888,105.46875,0.582299388299802,0.4268171691894531,0.0928631275892257,0.1608851998045455,0.209473949293857,0.2582778415614236,1.662065262343659e-05,0.5261499769600884,0.3616626957366319,0.6610981867847949,900504.mp3,ambient
227.34375,127.8409090909091,0.5966001132561991,0.4646376342773438,0.4358474910259247,0.4828934874771737,0.8600259540595214,0.2363315535191572,0.0022055049757694,0.8907886247686255,0.4689618081337099,0.7631127351425908,948204.mp3,dubstep
101.47650793650794,147.65625,0.5791457707728854,1.0,0.1233300045132637,0.2701638346128944,0.4894398477255142,0.2022623967230405,0.0004992650181799,0.3,0.4706527531060893,0.6502682510035571,1400504.mp3,electronic
300.0,107.666015625,0.6179893467729654,0.3680741882324219,0.2390559166669845,0.540096060138421,0.8312848538190727,0.4166784338896021,0.0011005901732429,0.7009110276941786,0.4582569084457969,0.6944087483109551,106004.mp3,alternative
412.7098185941043,109.9567819148936,0.5679550706633025,0.4289062957763672,0.2564109265804291,0.3864617816015616,0.7844848693107483,0.2035510899724728,0.0014458312080224,0.2999999932118644,0.3669689386085174,0.718914145847251,1121204.mp3,ambient
102.42718820861678,129.19921875,0.5359536772040361,0.4429818572998047,0.0478117130696773,0.1906801707612203,0.2632716639663009,0.1952828389215548,4.919081595928493e-05,0.5173772147223088,0.4197724280941,0.6332577310862639,1219604.mp3,classical
242.39020408163265,99.38401442307692,0.6286099113749697,0.1931511840820312,0.2297689020633697,0.5962190911637266,0.8504787096948309,0.6267201558882147,0.0020992757549874,0.8301122866244457,0.4917120031889583,0.6843744041050214,218704.mp3,electronic
231.4619954648526,126.04801829268293,0.5018387378888514,0.9359514160156251,0.0822926014661789,0.398104065015736,0.7513491720180338,0.1594985178923365,0.0007842248193582,0.5516961255635711,0.5505748826831862,0.6195103599911872,1375904.mp3,ambient
190.6038095238096,139.6748310810811,0.5620282836613655,0.1092648620605468,0.3929221928119659,0.4300528182682692,0.7093460515964627,0.4547976789306204,0.0005952187496661,0.6195325813656974,0.3588118774300341,0.769689613926301,1257404.mp3,poprock
159.50843537414966,92.28515625,0.4921957065419691,1.0,0.0434110201895237,0.1998820244253419,0.3371981146176368,0.1333664714476681,0.0005084313022413,0.2999702577047961,0.3455064234765953,0.6465266825729095,1338304.mp3,classical
218.5290702947846,72.78829225352112,0.5832726092143893,0.4600292663574219,0.1439649015665054,0.2801184505141931,0.5447029615319171,0.2885180688389788,0.0004010446317643,0.4899427735558692,0.3107918368781927,0.6896689971883034,674304.mp3,newage
201.1092970521542,105.46875,0.5861662612001892,0.634621337890625,0.2059879899024963,0.6577416325021039,1.0,0.3291327052853742,0.0018611838578962,0.3,0.5597871555314314,0.6621982452586125,1208604.mp3,chillout
312.00528344671204,117.45383522727272,0.5541435039523425,0.3850049438476563,0.1928193122148513,0.5429181734518069,0.8870295120520907,0.4643131360985411,0.0017482330200309,0.7861987579917304,0.5570463810637712,0.6580056761845923,810904.mp3,indie
155.24571428571429,114.84375,0.5899497997337539,0.351884536743164,0.2601783275604248,0.6290197574694064,0.8648620095422015,0.8856832259617841,0.0009886867648122,0.2999996277496747,0.7010436746911626,0.6534554629835204,275104.mp3,folk
300.4731065759637,129.19921875,0.563888740195932,0.6707516479492187,0.2089732587337494,0.6199977710929309,0.9725526096599856,0.1983268637601178,0.0061423867836686,0.4854617248443855,0.6428155892706633,0.646667255290017,1289004.mp3,ambient
234.66666666666663,120.18531976744184,0.5790289073316759,0.4559032592773437,0.2882156074047088,0.3837674658603291,0.7586744594092182,0.2197779019298133,0.0008884709504454,0.4297528496905993,0.6316433198150304,0.6774289547026892,1208804.mp3,bossanova
260.37333333333333,161.4990234375,0.5829520213530723,0.4481438293457032,0.2571899890899658,0.6102079611156651,0.9176840953342108,0.4762745688722326,0.0036091491808733,0.5910259400892388,0.4693781382716774,0.6987127684180522,457904.mp3,funk
223.92551020408163,135.99917763157896,0.5532338465712449,0.5756806182861328,0.0718795657157898,0.1179171264835291,0.2354173983837604,0.0936098269112098,0.0011824385659868,0.2874562179453149,0.4061977136608812,0.6446371009255081,1048304.mp3,score
140.88927437641723,161.4990234375,0.5668538563390173,0.3585977172851562,0.0896185413002967,0.2723729590105671,0.6103626149352912,0.1713286010579288,0.0010349213240078,0.3335041807739711,0.4781982475805916,0.6366230253519886,25804.mp3,easylistening
360.7936734693877,161.4990234375,0.6054002059793742,0.4800608825683594,0.2578796744346618,0.343123764638486,0.7110685082792847,0.3111319876592915,0.0007089000890595,0.2999999999338503,0.5990011743078301,0.6730364479349122,1079804.mp3,ambient
160.7997052154195,103.359375,0.4754284842116819,0.3428715515136719,0.1467141658067703,0.8378207944799507,1.0,0.4535356256746453,0.0070552254360031,0.8073157687326424,0.7426654411764706,0.6042840114551432,74604.mp3,pop
207.9,103.359375,0.5617590258159192,0.3855487365722656,0.1494893133640289,0.3690454979630064,0.8369665101954592,0.1868098192931895,0.0026942322400914,0.4602978415494442,0.397840986759817,0.6742479554590871,1337504.mp3,easylistening
71.14303854875284,123.046875,0.6311580225083744,0.5854433288574219,0.0204492341727018,0.140267590803832,0.4767200058955794,0.1129601031650003,0.0004386226714978,0.7668397555996191,0.4819947735882784,0.610962769584517,1125404.mp3,ambient
312.0,161.4990234375,0.5702808677159233,0.3960352020263671,0.1657284796237945,0.4001691349288322,0.718676055513937,0.3151708878106865,0.0007347374639583,0.2999999968489167,0.6354421525354659,0.6325738221574728,679804.mp3,blues
39.09598639455783,191.40625,0.6012866720677825,1.0,0.0517047196626663,0.5125033515917664,0.7338737572815606,0.2686678060367302,0.0015970338104125,0.5696110187580641,0.7618425512664095,0.566245188825278,394604.mp3,easylistening
214.4825170068027,139.6748310810811,0.5715633784011449,0.2643724517822266,0.2855370640754699,0.7810273392258948,1.0,0.6671842035081604,0.0040793200813876,0.5392047214924087,0.6707230619721544,0.6686487306727382,1336604.mp3,90s
268.08,105.46875,0.5775915516727205,0.2198526000976562,0.1131118908524513,0.2836281346237085,0.5543010631556751,0.2975582293175147,0.0002181431876474,0.3126245958424726,0.3861061118276174,0.663499058341359,1390504.mp3,ambient
160.45698412698414,117.45383522727272,0.5868709021207954,0.5637895202636719,0.1658904254436493,0.5290119900547791,0.880100922883739,0.2934996408787617,0.0014184051129411,0.448830074889646,0.5137684964086571,0.6569668538779823,1274104.mp3,chillout
202.73632653061225,120.18531976744184,0.5825586505076334,0.5667830505371094,0.2094126790761947,0.4410991677062023,0.7224683503437023,0.2212647506993881,0.0012321361730662,0.935384277206802,0.5588691960816312,0.6636147252511039,1032804.mp3,hiphop
346.0469841269841,99.38401442307692,0.5934365922046503,0.3913492736816406,0.1488538682460785,0.4125900102870509,0.6395197170242197,0.4600296050935817,0.0003892191713794,0.2999999999980488,0.4896706625276237,0.6556532600630636,1210204.mp3,metal
132.92308390022677,129.19921875,0.5782181962731141,0.5524500732421875,0.1957919299602508,0.6603134244626935,0.9475649311482706,0.393058259665566,0.0030284326121893,0.9345523079641274,0.6841877652313939,0.6336475417394115,1297204.mp3,dance
57.7,147.65625,0.555759789428121,1.0,0.2098677307367324,0.4254587718930767,0.6372230232161725,0.1391971340236541,0.0011094651148626,0.3765434769737768,0.6280752689290036,0.649937329279423,1304004.mp3,funk
90.0,99.38401442307692,0.5460933414266493,0.4649997482299806,0.0899216830730438,0.1581412950098216,0.2879191296667218,0.1906264945002391,6.855748399680238e-05,0.6176994791342363,0.5236421721867305,0.6276433714689497,1116404.mp3,classical
116.4712925170068,161.4990234375,0.5840709676866667,1.0,0.0611354894936084,0.5053221199095664,0.8461123344863358,0.1148342178129246,0.0041482904257297,0.3,0.5332418125885249,0.6153604136999941,1075204.mp3,chillout
220.07843537414965,109.9567819148936,0.5917521765565251,0.5276278686523438,0.2528814673423767,0.8036153142321466,1.0,0.5322044889577404,0.0084794025967926,0.7036845060506842,0.6931784890183819,0.6524016304395792,1257004.mp3,dance
156.8130612244898,139.6748310810811,0.5878880656663232,0.6786146545410157,0.5046465992927551,0.6673231280165053,0.8652037098719344,0.7958969784411696,0.0007882251574441,0.45881186899165,0.6573671928197645,0.7501993371814389,1294104.mp3,alternativerock
61.0,117.45383522727272,0.5768005572419548,0.7204269104003908,0.1387638449668884,1.0,1.0,0.1333345710241117,0.0585980940181698,0.2999999953839569,0.6969605144721478,0.6105628812936503,963304.mp3,jazz
286.53820861678,126.04801829268293,0.6035394617729992,0.4969302368164062,0.2681472301483154,0.6836076488334045,0.985295846681358,0.34598906436372,0.0083968868359798,0.7394648155638585,0.6766243450474142,0.6612081338439106,348704.mp3,club
65.02832199546485,135.99917763157896,0.4964019554961751,0.4700923690795898,0.0216445475816726,0.2058939679039986,0.4250310551412202,0.1451920481361186,0.0002785221326035,0.299965987330568,0.3239280143563995,0.6430064342581222,1162604.mp3,pop
256.99185941043083,132.51201923076923,0.624637806327657,0.3523293304443359,0.262286365032196,0.8158018755540863,1.0,0.9623343940342186,0.0024180274811334,0.8470364857954904,0.7387680288461538,0.6466694856423598,220104.mp3,metal
257.0,120.18531976744184,0.5726601362284407,0.3888506774902345,0.2275226563215255,0.4491837064684642,0.6399807579376702,0.6180166303628072,0.000295335013344,0.2999997948133596,0.6133624916669747,0.6592356579423543,926204.mp3,folk
169.61065759637188,151.99908088235293,0.5889848509738196,0.3164549865722656,0.1667472720146179,0.8710478510015911,1.0,1.0,0.0065351354185159,0.5846878844856278,0.7496784936221665,0.6100933192008292,165304.mp3,alternative
166.4,132.51201923076923,0.519199325667633,0.4057112426757813,0.1947564631700515,0.4275582469961171,0.6749413765863516,0.5621368392571806,0.0008242291173086,0.3345579810045515,0.5279395488518153,0.6645244169708555,1209404.mp3,easylistening
94.32149659863946,120.18531976744184,0.5263156194289129,0.3453819580078125,0.1963377743959427,0.2753813808651629,0.4857082199937299,0.255457861163227,0.0001727783538413,0.6498393960648834,0.5069739174434822,0.6692868152938429,1276504.mp3,country
149.00834467120183,117.45383522727272,0.6389962801060307,1.0,0.2036456614732742,0.4931219174670538,0.6834358535456945,0.2742364152897469,0.0010626638354873,0.5096281676234002,0.5200152461399689,0.6693093889023849,1247404.mp3,electronic
202.03102040816327,107.666015625,0.5747596545660658,0.5082301788330078,0.298412412405014,0.5093999981220121,0.7496076676312142,0.3733069649970146,0.0006955351490871,0.7748368074373877,0.587007492203759,0.6900269700250532,1078404.mp3,reggae
164.70133786848072,123.046875,0.5738475187711314,0.7380265808105468,0.2598574459552765,0.3515505299028092,0.6479643603281049,0.1540957283119035,0.0014783135524331,0.4582972933175555,0.4442718470074919,0.7046943111424011,1353304.mp3,chillout
367.1999546485261,101.33272058823528,0.5461412534601258,0.5175338592529297,0.0548832342028617,0.1972547809745966,0.3828518397771698,0.176089263295567,0.0004662990979788,0.2999253833731491,0.3583750341412844,0.6480829574847733,794804.mp3,classical
508.7866666666667,114.84375,0.588652592178268,0.9827877044677734,0.0902308896183967,0.2990181666028774,0.556937399655233,0.1570484821770452,0.0011463814451009,0.7570558647098471,0.4104389563335986,0.650395328995903,124404.mp3,alternative
305.05333333333334,139.6748310810811,0.5961140821226385,0.6426018142700195,0.0920090079307556,0.3887988128072631,0.7122139331862575,0.2403643870507817,0.0014346048339579,0.6935247479586004,0.4872195185574816,0.6356793391435758,80704.mp3,chillout
204.37501133786847,129.19921875,0.5231254578432928,0.459916488647461,0.1497395187616348,0.5601253572422259,0.8528120634093016,0.3889861505977022,0.0020560523528566,0.3,0.553627869662323,0.643180652821724,764604.mp3,dance
282.70666666666665,114.84375,0.5641732445909117,0.7008175659179687,0.2955561280250549,0.3695076128175575,0.6134103228111977,0.2435272353216325,0.0008234572672063,0.6161573368190996,0.4509038887491309,0.7162194283391936,174404.mp3,electronic
101.11483333333334,119.6808510638298,0.5767940787370238,0.5084450225830078,0.1056209206581115,0.2622113010606248,0.4659156477236948,0.2205799114953174,0.0002005859488078,0.4872163442231625,0.4950281506457166,0.6390179013077768,1012004.mp3,ambiant
288.62666666666667,86.1328125,0.5958419161958313,0.2110365295410156,0.1971292346715927,0.571220108187192,0.805067486280761,0.7350460756930486,0.000753269039166,0.8141864863622816,0.4918599756862333,0.6725945293445268,1056504.mp3,indie
148.15070294784582,147.65625,0.5592081964608528,0.34599609375,0.2518272697925567,0.2763145156743708,0.538301481117557,0.2958530278038459,0.0003393009633755,0.9090434552428932,0.4700285599829685,0.6966521051287267,718504.mp3,easylistening
440.0937188208617,129.19921875,0.5715606789399299,0.6734454650878906,0.2583822906017303,0.3577715486348817,0.7155473348022757,0.1749082961059383,0.0019003490538246,0.2999999999965259,0.4451423518848923,0.7039891542396445,1366604.mp3,dance
64.61537414965986,139.6748310810811,0.5455582968117421,0.1677425384521484,0.2337770611047744,0.320492804833213,0.6183227190875386,0.1987099375125982,0.0010943539443766,0.916494482008062,0.5321043677048168,0.6777388684567555,1250204.mp3,easylistening
199.15755102040816,117.45383522727272,0.5352035920963283,1.0,0.0615782514214515,0.3887133111160676,0.7368128154636492,0.1213589154836462,0.001448229087632,0.2999853377091215,0.4405271145758691,0.6340627475965488,1211604.mp3,pop
301.3007256235828,129.19921875,0.614686371342594,0.1331828613281249,0.3187921643257141,0.6838586449906334,0.8817887683596409,1.0,0.0010322488859819,0.5141318073780636,0.6488914061155876,0.6849868979341395,159204.mp3,metal
137.04,120.18531976744184,0.5803062674731014,0.5746298828124999,0.2009770274162292,0.6840379165279452,0.8531250373191506,0.3587122182641684,0.0016423812249792,0.4505047950422639,0.5527130297027674,0.661809123929289,1115104.mp3,hiphop
230.28,112.34714673913044,0.5992095125354064,0.274839080810547,0.2411657720804214,0.6172352628644712,0.774991885695593,0.9655838718205684,0.0005823228347224,0.4412969796398888,0.6311462736684045,0.6605904232152708,373304.mp3,metal
367.804081632653,135.99917763157896,0.5485776036291398,0.989917449951172,0.0570622012019157,0.1579511443257474,0.2957922739444823,0.1849473524563849,0.0001461811338367,0.2998700583363466,0.4078232474768191,0.6389777429373258,1377104.mp3,classical
192.651179138322,95.703125,0.5613710902827925,0.3908308715820313,0.148720696568489,0.3751931685530202,0.637424789571064,0.177924727421313,0.0008939805782597,0.2999999999922783,0.4021101372516997,0.6731174233143161,302304.mp3,blues
233.6896825396825,114.84375,0.5129651662037331,0.223529541015625,0.0729653462767601,0.3726710781174158,0.5776616357564867,0.3215266409706175,0.000334083917292,0.2999789843490669,0.5787552731000728,0.6105164700396191,843404.mp3,newage
205.71429166666667,140.625,0.5857234639426523,0.2993070983886718,0.3310365676879883,0.9032988874831392,1.0,0.4833358204991362,0.002801275057519,0.953573709428292,0.6867750975448512,0.6818181448587055,796004.mp3,drumnbass
222.8897505668934,103.359375,0.5593330808980487,0.3516657409667968,0.0924224853515625,0.4816114864294815,0.8031550851004126,0.2554533455121519,0.0013670861528169,0.2999999996835793,0.4822846712779262,0.6368151604709772,1178104.mp3,classical
206.0,114.84375,0.585917345650458,0.1854780120849609,0.2388548851013183,0.671098305667051,0.8778704287356895,1.0,0.0014815642408871,0.409667584084628,0.6126692745365496,0.6634539037291647,1196904.mp3,heavymetal
250.6533333333333,93.9630681818182,0.5604029650303832,0.5420362396240235,0.1468878984451294,0.3941218335233836,0.6798583234991084,0.3494162835097549,0.0004192861482718,0.5195326111040273,0.6865903150129672,0.6155615804376531,37704.mp3,electronic
364.6171428571429,120.18531976744184,0.6038322902540714,0.9326077270507812,0.0460360534489154,0.4361808234101408,0.6323584992789916,0.0878597067827648,0.0019510628039339,0.2998251603053712,0.5069681318732815,0.6151793528669534,543404.mp3,ambient
176.0130612244898,147.65625,0.5724524534182576,0.2584640502929687,0.2425046265125274,1.0,1.0,1.0,0.0124739056638957,0.9559398084417404,0.7539981617647058,0.6365020331915687,316204.mp3,instrumentalrock
120.0,120.18531976744184,0.5419993132856455,0.5644916534423828,0.1251693367958068,0.9302804393504246,1.0,0.3078852978932266,0.0032514008091576,0.7843000565746804,0.6903706395348838,0.6069868333395138,267904.mp3,acidjazz
423.2960090702948,109.9567819148936,0.5885214814178306,0.3181546173095703,0.2965686619281769,0.5218007552227071,0.7930590060458961,0.5362334934375126,0.0011262619194711,0.8870288925072676,0.5086213305033329,0.7050404521934771,1226704.mp3,hardrock
223.99995464852609,120.18531976744184,0.5528759105648849,0.50213330078125,0.226037323474884,0.7044501533771693,0.9118575305898814,0.62337236143171,0.002724854641926,0.8358562005128594,0.62804819039926,0.6557637983711062,1318704.mp3,pop
206.4,126.04801829268293,0.5859747646070235,0.8831895370483399,0.2455783635377884,0.5583220910524417,0.7913037407175575,0.3230635836564238,0.0017949345633825,0.2999999999181519,0.6291057797156435,0.6625870549304751,1083604.mp3,electronic
228.939433106576,129.19921875,0.5819527035357697,1.0,0.2119941413402557,0.7560308723457339,0.9545238382198602,0.161033988027507,0.0025066471788803,0.6884436274994137,0.6974061555864335,0.6368366597652054,1072904.mp3,drone
229.4595918367347,123.046875,0.5506563010321983,0.51568603515625,0.0818590149283409,0.4900785972608459,0.7924557539375666,0.3133286852220913,0.0011789200951828,0.2999999999853138,0.5112423658437973,0.6272207722054433,1235604.mp3,jazz
248.39832199546484,120.18531976744184,0.5301721884843601,0.3408228302001953,0.1444313675165176,0.3610201202898153,0.5754807650145662,0.3076335216520982,0.0003421158363272,0.299999903333675,0.4612459337630208,0.6597461055533422,464804.mp3,pop
107.80444444444444,143.5546875,0.572431598544187,0.7014583587646485,0.0956257730722427,0.2495385920496201,0.4487665185487046,0.1721568792254797,0.0001932482291263,0.4684563507035394,0.5510698326990301,0.6242113117662014,1119404.mp3,classical
149.4726530612245,135.99917763157896,0.602117429527993,0.5185722961425782,0.5504074692726135,0.5714008214644282,0.902898402195608,0.5100881837556239,0.0027078877392818,0.4706565276096239,0.6350877899981969,0.7711291309385016,1345604.mp3,electronic
144.58045351473922,120.18531976744184,0.5744542114729405,0.2752353515625,0.1395482718944549,0.5748825643646773,0.798056692122885,0.3958865209336211,0.0009380787701837,0.2999999999985004,0.6621250260592472,0.6178123726701543,890104.mp3,chillout
207.8740362811792,126.04801829268293,0.5923574876252923,0.6479169311523438,0.2397663295269012,0.6933928527859533,1.0,0.3278694464688294,0.0043369390333602,0.4751652814012972,0.5985061781887238,0.6666146429919397,1147704.mp3,chillout
238.5,114.84375,0.5657609564873127,0.5630333251953126,0.1939090937376022,0.2312963557573558,0.5200966013142082,0.2066855602110029,0.0004628281428008,0.2999999993368097,0.4189346707185526,0.6860203396018263,1268904.mp3,ambient
194.63510204081632,107.666015625,0.5255988343505857,0.2117203674316406,0.1418857127428054,0.3422243274435752,0.5333620116685244,0.5132449280949714,9.868196058045536e-05,0.6981523216678807,0.4318234462081202,0.6647141673457859,152804.mp3,alternative
367.033514739229,139.6748310810811,0.583675181421546,0.4185531005859375,0.2087945342063903,0.8873114240861103,1.0,1.0,0.0036499142485027,0.299999973166694,0.596963135893117,0.6557734051356772,1125104.mp3,trance
86.25,129.19921875,0.5707394234406964,1.0,0.1613198220729828,0.5347808566683265,0.7347254969290432,0.4279937883508597,0.0046054218277512,0.3,0.6279002299834768,0.6324950899495784,1341604.mp3,alternative
424.3069387755102,139.6748310810811,0.5857808846972978,0.5461836547851562,0.3664752542972564,0.4331211373307902,0.6413121439597839,0.5657422083291345,0.0002922657293653,0.2999999999998727,0.6113893062319791,0.7096532303006166,502604.mp3,electronic
361.985306122449,135.99917763157896,0.5535140751841017,0.2571394653320312,0.133269116282463,0.1915014628505907,0.4093848397151051,0.1788653870373977,0.0002203955503372,0.2999998863051138,0.3674086403125386,0.674495153799179,1398804.mp3,ambient
62.48489795918368,129.19921875,0.5216714523987309,0.3711571350097656,0.1423582881689071,0.36977372240391,0.5667371922831637,0.3709872543644626,0.0003309114741789,0.5240372485322586,0.6650641352311453,0.6182361566945775,47404.mp3,classical
131.04147916666668,98.6842105263158,0.5860694024155482,0.3816650390625,0.12863290309906,0.1771127746957815,0.2728611714356476,0.2137535088520346,4.048357971401386e-05,0.2981991805432967,0.3594245511226782,0.674422934891126,1110504.mp3,ambient
67.90625850340136,139.6748310810811,0.6092230874360782,0.6143732604980467,0.1822874993085861,0.3380443982113705,0.5403291714846148,0.1858654178950748,0.0010199870038747,0.7186112306886501,0.3364610324141425,0.6983312932682624,80804.mp3,electronic
303.93333333333334,120.18531976744184,0.545512458119864,0.5607151794433594,0.1399934440851211,0.5198830760547268,0.8166705110257861,0.1761933555009181,0.0025635937024998,0.2999999889010526,0.5896226507252874,0.6324731097255861,11904.mp3,electronic
215.76,109.9567819148936,0.5630095572479163,0.3047863159179688,0.3055960237979889,0.4560035876412264,0.741895707425922,0.4474166814307368,0.0005948968685806,0.7230292406405987,0.5641684352995504,0.6971808815073659,1354104.mp3,country
372.19265306122446,129.19921875,0.589155626398932,0.4214513244628906,0.2120063602924347,0.721144825023662,0.9421538174738784,0.6583981211470619,0.0019820461385223,0.4964113504455044,0.648580144044446,0.6466062608963873,1051504.mp3,house
489.3333333333333,178.20581896551724,0.5947017703481119,0.943285842895508,0.0984635949134826,0.5073634371887963,0.8495254793149685,0.1398426450810963,0.0069488443321087,0.3,0.6133372719728833,0.6127794397742771,665104.mp3,chillout
173.86002267573696,109.9567819148936,0.5621320580723805,0.5019639587402344,0.1369122862815857,0.4065968502820819,0.7918802820812295,0.1976518527204502,0.0017139679325867,0.2999999999999996,0.4363370532641231,0.6620210124085462,1009604.mp3,blues
395.42639455782313,120.18531976744184,0.6134155268887165,0.3583346099853517,0.1585212349891662,0.140969056849115,0.2356033468304358,0.168589719719863,0.0001619101371333,0.2996490280475637,0.3702269579896757,0.6830222529981647,136304.mp3,ambient
327.9129791666667,119.6808510638298,0.603970041199273,0.4788717193603515,0.0716444104909896,0.4642953342097693,0.7664918412234414,0.1442277269041638,0.0013379590075755,0.2999999999619054,0.4930582111424172,0.6271803455482728,1075104.mp3,avantgarde
209.106625,119.6808510638298,0.5532750440115402,0.3317504730224609,0.0738035812973976,0.1542011062514553,0.2370991923608948,0.251569863790864,3.171902973802835e-05,0.4620775756592816,0.6260697759316152,0.6013553340807402,1122004.mp3,classical
292.0,120.18531976744184,0.5496773930065676,0.6955296325683594,0.2039406448602676,0.3010801964334094,0.5255177480425872,0.2259711343485348,0.0003874923847692,0.2999999873205572,0.4474272447195352,0.6839331832057893,34404.mp3,ambient
119.053537414966,123.046875,0.5769719641836559,0.3078967895507812,0.0724678859114646,0.1029492840070168,0.2514393771932958,0.1424157163073337,0.0003977118271053,0.2616206645140568,0.4237620840746455,0.6413360221131982,1384404.mp3,ambient
240.87149659863945,129.19921875,0.5296933191547846,0.3840106506347656,0.235304445028305,0.4082850172758662,0.6044928664511019,0.4577042581531035,0.0002494519992462,0.4706094138044329,0.6055774144716393,0.6635941173158619,1119004.mp3,rock
188.2,126.04801829268293,0.5439453379473177,0.3583979797363281,0.1773805469274521,0.5307019327107416,0.7161520811999113,0.6463861485200504,0.0005900552732127,0.2999999917380695,0.6533769877901625,0.6331815993358502,1333704.mp3,country
294.93750566893425,161.4990234375,0.5636664989850955,0.3814371490478516,0.2548467516899109,0.5446784968442673,0.8010375446328648,0.5965812950524404,0.0006884322841112,0.4828725180560601,0.6355826564845277,0.6646282993114624,1165004.mp3,alternative
230.0,123.046875,0.5541960733442327,0.2045663452148437,0.1888767629861831,0.1308029589767733,0.2281786763402881,0.2035117223616837,7.493971264144524e-05,0.2621582767053905,0.4446579664940103,0.6790640413762239,1062504.mp3,ambient
148.56,143.5546875,0.6046967727295249,0.2227985382080078,0.1829982101917266,0.7976925640683834,1.0,1.0,0.00231462371171,0.8345401467899125,0.7308293910170958,0.6197134774656025,212204.mp3,alternative
243.0171428571429,107.666015625,0.5691289152115113,0.5700350494384766,0.2285830825567245,0.3590781525533035,0.5793762262380162,0.2694739761271107,0.0002729658702915,0.2999999975437938,0.5373182785537186,0.6748262540096771,822004.mp3,soundtrack
367.04,99.38401442307692,0.5105809895426963,0.4341196594238282,0.1831212341785431,0.5236334537723822,0.8024490602123749,0.3831816481062169,0.0009989187362839,0.4048409776692151,0.7531210566860183,0.6152994329670719,90404.mp3,popfolk
203.090589569161,161.4990234375,0.5330618547743691,0.6093648681640625,0.0534901842474937,0.4601656960828462,0.8318515852590109,0.1812242667101684,0.0020669471094799,0.3707814899231194,0.5569318716059957,0.6078700920078985,345904.mp3,bebop
340.54315192743763,126.04801829268293,0.5894872232493449,0.6079827117919921,0.2986486852169037,0.5684962252496022,0.8186731374600068,0.3422473748806764,0.0019169618760915,0.7127731610080372,0.5337441595101692,0.7007646947760515,1336504.mp3,electronic
374.4598639455782,99.38401442307692,0.5915768198537656,0.3286184692382812,0.2307631224393844,0.43563093336283,0.8239506796011372,0.2717947632133356,0.0019647088867992,0.6381022817775559,0.408083027564799,0.7014581185652187,1178804.mp3,electronic
167.45165532879818,99.38401442307692,0.5807415712504248,0.2220492248535156,0.3145845532417297,0.4629879602133666,0.7191033702845707,0.6265982847016491,0.0003615388172667,0.6097285399735226,0.5513033351702934,0.7029897721329641,811704.mp3,easylistening
183.25673469387755,107.666015625,0.5583885832348414,0.7360734863281251,0.0849208235740661,0.3510187716374048,0.777114998843869,0.1594406545269127,0.0018386157609569,0.29999990314843,0.4181903134054709,0.6469334338055697,166604.mp3,alternative
242.7559183673469,123.046875,0.5898492017652386,0.2260905609130859,0.3036387264728546,0.622918197542279,0.890613334941347,0.9368473481004536,0.0011195222911195,0.8164739731539776,0.6754212526674923,0.6742256909967292,1080504.mp3,guitarrock
263.04,143.5546875,0.5424067781713358,0.8001907196044923,0.0962046161293983,0.2482496664064978,0.5708314704279345,0.1281645579840183,0.0032638350764155,0.7009728761413925,0.4467820172631198,0.6452772583539594,1051204.mp3,folk
171.85845804988662,112.34714673913044,0.5022745648136442,0.9308424072265626,0.0531164817512035,0.2075071106024942,0.4922582170285355,0.0993839416202714,0.0016919439645403,0.2999973472693286,0.3300512351949327,0.6531116863914467,1217504.mp3,easylistening
251.294126984127,84.72079918032787,0.5569875612729389,0.5768314208984374,0.1603721976280212,0.5104117214314123,0.6454379659546837,0.5429693107741889,0.0004535612306549,0.2999999993357923,0.4849853240811792,0.6607369263298518,1066804.mp3,indie
90.84,123.046875,0.4604940344275754,0.6014044799804688,0.0673501119017601,0.093708538417917,0.1762285242495166,0.0474451803942959,0.0085574196803118,0.8290658917350839,0.1943588937897827,0.6853742615266771,193604.mp3,alternative
208.0494557823129,139.6748310810811,0.6071334079257089,0.2797838745117187,0.4739486277103424,0.5085533473483274,0.8241599979386665,0.5508098323170731,0.0005529253103766,0.2999999999901572,0.6511427470984349,0.7403929565560362,259404.mp3,alternative
232.8816326530612,129.19921875,0.5969096648495649,0.1270370483398437,0.341852068901062,0.6259227492284156,0.8244548942430491,1.0,0.0006631351122556,0.2999974173546926,0.6145403098580785,0.7001586828327666,378604.mp3,heavymetal
159.18666666666667,90.66611842105264,0.5929556092154719,0.2393722991943359,0.3965668380260467,0.4722367313723702,0.705062379637428,0.6597301277855252,0.0003984407263341,0.7014123943076773,0.4448592352846727,0.7537922146324423,863504.mp3,alternative
158.77331065759637,151.99908088235293,0.5141265314017142,0.4535565185546875,0.1704656034708023,0.7210335339921777,1.0,0.3149255594632577,0.0049668160767558,0.3151140584104264,0.6756514558268772,0.6262373260841133,1347104.mp3,pop
276.15414965986395,120.18531976744184,0.5231211497817672,0.7622808837890624,0.0844784677028656,0.3752241726834275,0.6168078948566605,0.2362845125129969,0.000734546898208,0.2999999999999739,0.5575422177762652,0.6189038048177785,1181205.mp3,electropop
280.941179138322,112.34714673913044,0.5672772658375027,0.541822509765625,0.0983440205454826,0.6864156559553815,0.8630790101129429,0.6816062748007123,0.0012296822815061,0.3465022518519148,0.5620650970301697,0.6229908279903398,1136905.mp3,dubstep
188.2644897959184,126.04801829268293,0.5672704795392381,0.6706076812744141,0.0929671302437782,0.7604904518653883,0.9684590595644028,0.2371999350235239,0.0034732755576844,0.3,0.6675414884916487,0.5999598691894303,269905.mp3,electronic
328.82938775510206,120.18531976744184,0.5195420991796851,0.5257624511718751,0.1848582625389099,0.5216958225758785,0.7606378825063347,0.5310850747965183,0.0005343119894803,0.6280226880300257,0.5932452179150397,0.6478999309309996,81805.mp3,electronic
210.42666666666668,99.38401442307692,0.5884426666590403,0.5752755126953125,0.1643391251564026,0.6018700769961381,0.8458130851080171,0.2606325988225399,0.003380378964645,0.8921875726544896,0.5999218627503607,0.6391777125062328,492105.mp3,electronic
638.5643310657597,109.9567819148936,0.6174470138146739,0.4544781951904296,0.4050764143466949,0.4228937602791835,0.9256412736768912,0.1740940684196849,0.0029707956213259,0.7429121906677496,0.418565609762779,0.7621143872122543,1355005.mp3,minimaltechno
233.04283446712017,132.51201923076923,0.5209654786811448,0.7642851562499999,0.0475585870444774,0.2078325760608996,0.3331265437800138,0.0695801786892476,0.0010608517386298,0.2906438648267084,0.4506616077428115,0.6269887697874497,399205.mp3,alternative
214.97333333333333,92.28515625,0.5188429151094682,0.7417196960449219,0.0658046826720237,0.3761356101107366,0.7146835256776194,0.1147404428626562,0.0036809398202769,0.6406926708739102,0.3881392980763691,0.6460618261466547,1269805.mp3,folk
319.32081632653063,120.18531976744184,0.5617085146602241,0.4738566284179688,0.2693358063697815,0.4328904997050014,0.8206862176892705,0.3047655193512488,0.0013455895912795,0.2999999992367262,0.5604164983049806,0.6848775906321253,1312105.mp3,indie
167.0530612244898,92.28515625,0.5819911156622154,0.5215903930664062,0.1699622273445129,0.3767262879130185,0.679227202868611,0.2156559295803535,0.0057805975763989,0.7237239306505476,0.3888847605033432,0.683409449743356,415605.mp3,easylistening
119.98798185941044,120.18531976744184,0.6062362534220644,0.933448455810547,0.1481073498725891,0.5195543290911769,0.7714573755085951,0.2586597755672767,0.0013612463661404,0.8630015263732227,0.5134106225394148,0.6506365214462491,1154905.mp3,ambient
196.85333333333327,101.33272058823528,0.5784083003437297,0.2846479034423828,0.0902778133749961,0.1327185896485684,0.2834310063527331,0.1282869866915229,0.000513842034547,0.5606857954724693,0.4053602445437317,0.6514279639062522,380605.mp3,blues
144.52,105.46875,0.5765936876815545,0.3816169738769531,0.37615567445755,0.5127954484338139,0.7320959873817227,0.6899304031600727,0.0005092131379878,0.9482549972712884,0.4987067059889965,0.7356747016069187,863505.mp3,alternative
288.0,126.04801829268293,0.5471434471743966,0.4766809997558595,0.1777799576520919,0.5339607487309894,0.8047258612272864,0.3125034534902127,0.0018708376288224,0.4401860894554541,0.5415442588615345,0.6556919329824462,1400005.mp3,pop
365.5384807256236,129.19921875,0.5406265547253817,0.5185830078125001,0.2421528846025467,0.8283838361472577,1.0,0.4041394857016698,0.003914286942641,0.2999999998879817,0.751075896756392,0.6369598591056383,1371705.mp3,ambient
336.0,161.4990234375,0.5786348508120744,0.722279052734375,0.1793840527534485,0.4853031750188187,0.8397591246425782,0.1826990319244956,0.0032820410470857,0.3,0.6555878656612343,0.6334606858589946,1208805.mp3,downtempo
215.46666666666667,109.9567819148936,0.5451001091414345,0.6066970520019531,0.218890830874443,0.7242753455181766,0.8717350817834926,0.4176523388166152,0.0017636250315656,0.9059937616190584,0.6286495276811779,0.6530707935785639,193905.mp3,experimental
274.2187528344671,120.18531976744184,0.5532912761287783,0.7270015792846681,0.0348598174750804,0.1278946124929756,0.2084086777203858,0.1292678796389996,0.0002973090998219,0.2989604554119371,0.3952643280106493,0.6334966686888992,1150105.mp3,electronic
207.20433106575965,126.04801829268293,0.5290749391370835,0.4455125579833984,0.1986932903528213,0.4775308564858926,0.838625393494599,0.288408074690339,0.0025512331810952,0.8450364149440641,0.4965951087196416,0.6722105627830873,1347105.mp3,pop
222.8928798185941,126.04801829268293,0.552607934120803,0.3823721008300781,0.041782222688198,0.2474621026106868,0.5512629899386721,0.1425343545586088,0.0005132429696081,0.8000901315166937,0.285623933094397,0.657916813548872,188705.mp3,pop
236.20024943310656,139.6748310810811,0.5617034542012962,1.0,0.0911680981516838,0.5802075859220421,0.8523625207919165,0.0858934597701838,0.0051624201275253,0.3461781068032225,0.5838903189338991,0.6160424515478263,3905.mp3,electronic
229.9239909297052,172.265625,0.5532341746497389,0.5107515716552736,0.0731544643640518,0.4127066606423071,0.6386398692158283,0.2973287110301045,0.0005034876290512,0.5890465500910556,0.6800287956989509,0.5903298480312684,320805.mp3,folk
183.02401360544212,151.99908088235293,0.5821177713478797,0.7486818542480468,0.2133016884326934,0.5652065518677527,0.9766726207497852,0.2052818453969506,0.0030670602441614,0.2999999842166192,0.677871978014232,0.6412142122329233,953505.mp3,hiphop
140.5291836734694,126.04801829268293,0.518199797245456,0.8618295745849609,0.1451113522052765,0.4440896846436226,0.8245733152596962,0.196891427650336,0.004192198297468,0.4307746943845014,0.4842938934347593,0.6553813081069477,1076605.mp3,chanson
383.45142857142855,120.18531976744184,0.578252946592358,0.5436925659179687,0.1617608070373535,0.5298286643518355,0.9254573690236924,0.1661107943887965,0.0029038176595889,0.789980585728562,0.5839558719131871,0.6414427161508098,1414205.mp3,dance
390.48572916666666,181.4516129032258,0.5592862952096684,0.4371122131347656,0.1027665585279464,0.3916782170855259,0.6518650847837264,0.2415002575003214,0.000851657756858,0.2999999992546698,0.6808023391941024,0.6008354932312403,1030905.mp3,rock
121.4456462585034,90.66611842105264,0.5788104735713393,1.0,0.1401126831769943,0.4792219943870264,0.7445817408349,0.2339365028293242,0.0012442988947498,0.30054266106535,0.4592867345486506,0.6585832190339878,1320005.mp3,downtempo
176.58775510204083,129.19921875,0.5760876299913288,0.3068431091308594,0.1208503469824791,0.1974797303894291,0.3222993856619277,0.3053422507139409,4.5161835338423626e-05,0.2996643925926891,0.4028465361860431,0.6629368176764838,169205.mp3,classical
272.96,92.28515625,0.5952188240083547,0.5267741394042968,0.2182222008705139,0.7012186992148665,0.9138021608460418,0.4879600726592948,0.0015174925364396,0.7508999729815151,0.5807896240030276,0.6624020675127795,1061705.mp3,funk
289.5531972789116,107.666015625,0.5413271943446956,0.5549952697753906,0.1584845632314682,0.401665155877452,0.6982490656510734,0.1732676433456127,0.0021823402192193,0.2999999999991896,0.6365563650958967,0.6297431697441491,1108005.mp3,newage
566.9384126984127,123.046875,0.5529872841037581,0.4898473815917969,0.0791007727384567,0.2975828578871769,0.5153077334636539,0.1425135841266876,0.0008055063603487,0.2988748163853759,0.3910190886402711,0.6502724604577902,1028505.mp3,ambient
191.70666666666668,123.046875,0.5613058585779787,1.0,0.0289974529296159,0.4956106066480765,0.5176356964376001,0.1612228650597533,0.0004382520442368,0.6322063693906015,0.6156318523003094,0.5873127125945999,1380005.mp3,electronic
350.9289795918367,139.6748310810811,0.5624974230394582,0.3322067565917969,0.3638200163841247,0.7646470115572671,0.9310237391964932,0.8810259282001958,0.0009430221885618,0.795145013591279,0.6934286266400422,0.6922894805702765,454905.mp3,electronic
251.7344671201814,139.6748310810811,0.5538638533617051,0.95268017578125,0.0975054875016212,0.4258702672483648,0.7544543572313201,0.1611265653771697,0.0010639374727457,0.2999999999999992,0.5271652536364312,0.6296689247732975,1406405.mp3,freejazz
246.00607709750568,99.38401442307692,0.6035913682923304,0.5294079437255861,0.2652023732662201,0.8402412819858124,1.0,0.8163273057931146,0.0078061344792831,0.9374314083065176,0.6021794072970741,0.6750369729164244,1388005.mp3,electronic
352.0522448979592,120.18531976744184,0.5859205625328249,0.4696326522827149,0.0731823444366455,0.2638005540828416,0.5541553326362294,0.183314190482625,0.000187067396779,0.5094844256801081,0.409904218822396,0.6443648002327133,248705.mp3,alternative
246.11467120181405,156.60511363636363,0.5809382134684804,0.6859420928955079,0.1429144144058227,0.8217526692067088,1.0,0.7130676895711832,0.0031485419347674,0.2999999999990604,0.7632102272727272,0.5988071437315508,1266505.mp3,drumnbass
286.76643990929705,151.99908088235293,0.5667936906677917,0.3619241333007812,0.1675183624029159,0.8886658575410226,1.0,0.3794764900403953,0.0135984470179461,0.7669181602139312,0.7074706457987531,0.6188124813052991,1135605.mp3,ambient
204.0,120.18531976744184,0.5848756195696456,0.3040869750976562,0.1530975550413131,0.2387713866148409,0.3818469103593364,0.2960360995597209,7.552159478640178e-05,0.2999999999916202,0.5008683399687556,0.6549414518211216,1378005.mp3,chillout
349.70666666666665,99.38401442307692,0.5273313491191945,0.7737468719482422,0.0862182453274726,0.2630341564724462,0.4822001941511162,0.1456689138964957,0.000883983434189,0.2999999999999999,0.2855452487823862,0.6739295185614129,320005.mp3,easylistening
184.8,132.51201923076923,0.5754160400453436,0.4506936340332031,0.1878733485937118,0.3239708060465914,0.5408092528267879,0.3713369432978159,0.0001994635289971,0.2999999999841373,0.4876487565898973,0.6701046541757567,1294005.mp3,ambient
294.5454648526077,109.9567819148936,0.5848629119466686,1.0,0.1763060837984085,0.3501634962548881,0.7540681069286069,0.0505112904977932,0.011334840816077,0.3,0.3939502232512997,0.6846801455171672,665105.mp3,chillout
208.1969841269841,139.6748310810811,0.5940715444181901,0.8611740417480469,0.1177176609635353,0.9018186607245134,1.0,0.3565390416632097,0.0057959612026299,0.4227612196172357,0.766926645760835,0.5889930287947057,195105.mp3,dance
240.005328798186,139.6748310810811,0.5684802596292435,0.4729870147705077,0.0915564447641372,0.2729173832100617,0.517809429697092,0.2935753362757833,0.0002760295185819,0.8647608658090739,0.4589236081638299,0.6411755984823234,1366705.mp3,experimental
225.3749886621316,109.9567819148936,0.5824517780091891,0.7167056884765625,0.2406945377588272,0.561743592125909,0.7847046297987245,0.4574885071984702,0.0020395835930058,0.2999999999999965,0.6105571533083618,0.6645386029315055,22805.mp3,drumnbass
204.8261224489796,114.84375,0.5197242096205492,0.9213842315673828,0.1838661134243011,0.5029087011821429,0.742273050340951,0.5047706338311471,0.0008286022907914,0.4227652764087515,0.6190047123321791,0.6423908583663126,875005.mp3,alternative
313.49551020408165,99.38401442307692,0.5739605327455884,0.3540835876464844,0.2274015098810196,0.7517996752188371,0.9994220134861788,0.7114409148757637,0.0029577182379834,0.2999999999995511,0.6945666299731976,0.6429512175625275,188505.mp3,metal
174.86975056689343,109.9567819148936,0.5543807383548587,0.4690951385498047,0.0714579075574874,0.3544907756473697,0.5488161775587165,0.2379301243719467,0.0002477024908692,0.4631516646054763,0.4527525934026866,0.6351743280401583,1346205.mp3,atmospheric
279.97015873015874,132.51201923076923,0.4399676806181781,0.5956785583496095,0.051891915500164,0.50954656741302,0.6987688743053097,0.118403989016046,0.0024838009760636,0.4467872233777632,0.6006284856839845,0.5985553924432622,1086405.mp3,classical
226.9257142857143,129.19921875,0.5530501568398807,0.555675277709961,0.1543290168046951,0.5484185028202571,0.8108971489951654,0.4629464452835463,0.0012980286749075,0.8161966221580488,0.5426230681773092,0.6470338324142284,367005.mp3,dance
90.00521541950113,120.18531976744184,0.4104200357868497,0.2095968933105469,0.1289252042770385,0.1560448691214347,0.1682596551971468,0.2156100077703988,4.043922010567144e-05,0.6495100473530961,0.2780656693594863,0.6907999396678366,1345305.mp3,baroque
302.39036281179136,120.18531976744184,0.569294569402396,0.4164372253417969,0.2669322490692138,0.5341121922192027,0.833807262315796,0.4868948558179431,0.0012204144579459,0.3242358433126235,0.5316317983000622,0.6897692500049046,378605.mp3,pop
225.88371882086167,101.33272058823528,0.5781543349536492,0.5148057250976562,0.0779791921377182,0.374618404220275,0.7617969217050996,0.3213339734774744,0.0004800835313501,0.2999999999999943,0.4861665386724089,0.6308392014350969,1209205.mp3,ambient
259.2715646258503,107.666015625,0.6145736882290009,0.2190409698486328,0.3030541837215423,0.8718731739068845,1.0,0.8548000681511382,0.0106049662165386,0.7061586974502672,0.5986979254125246,0.6893599210572503,1106305.mp3,metal
271.7653287981859,161.4990234375,0.6126152344761624,0.1599054260253906,0.3453366160392761,0.577240105255263,0.8490195697077773,0.8536552023073205,0.0006724539842211,0.7570857365624011,0.642940535915234,0.6957330745910926,1226705.mp3,hardrock
124.8,147.65625,0.5128731955449348,0.8144031524658203,0.0899835303425788,0.3634677395009361,0.7593454340831755,0.126812932501418,0.0037073580924221,0.3577428394047283,0.5021978546341259,0.6319544999965032,1406705.mp3,folk
193.0,120.18531976744184,0.5707861649324073,0.3830822296142578,0.1560111790895462,0.7022258603005883,0.9799558503657076,0.4785176882086434,0.0030838580019793,0.3405524437846515,0.714141625972218,0.6133356992777931,1313105.mp3,postrock
90.0,114.84375,0.5201434625071157,0.8711504058837892,0.131520614027977,0.5368495923373758,0.8461642443571066,0.2396442145536006,0.0012787872525346,0.2999999999481692,0.5582094311080797,0.6357055348284558,1271205.mp3,classical
141.59374149659865,123.046875,0.5851443816090498,0.5569056701660157,0.2623132169246673,0.4931913669073853,0.8313843198132638,0.2547936548568503,0.002386422127456,0.3,0.580168431341269,0.6783990718246264,1353305.mp3,chillout
304.5,90.66611842105264,0.5174204930057948,0.7881875610351563,0.1221939027309417,0.4705768865889195,0.643806583260007,0.2630076961132582,0.0012537031403614,0.7710629669250003,0.4696467509129854,0.650060454800542,1403905.mp3,blues
198.20960416666668,175.78125,0.5530472519854228,0.4960245971679686,0.2276967167854309,0.4817305188751127,0.7877338739499485,0.3259480537548743,0.0005050607915677,0.7956527038265238,0.6154451663786286,0.6588817847670294,1056205.mp3,eurodance
115.86746031746031,114.84375,0.5785395795531267,1.0,0.0961915329098701,0.1992982042490726,0.4628495134643531,0.1754572559753653,0.0008073256437247,0.2975892570104345,0.484833436019683,0.6376622646436166,824305.mp3,orchestral
223.5921088435374,95.703125,0.5954084238711734,0.6281561584472657,0.260396659374237,0.7723892906810386,1.0,0.3015824087312995,0.0106578750098198,0.5495309253398937,0.5601632682995759,0.6817101437148102,1281205.mp3,gangstarap
125.0,123.046875,0.4907235925806457,0.3163529052734375,0.1127615198493003,0.384326140929783,0.660905717368513,0.2464313949352923,0.0007544786005544,0.2888927393561061,0.5878347039133689,0.6230272063630744,1380605.mp3,ambient
60.0,139.6748310810811,0.5566928683638063,0.3942283782958985,0.2360905259847641,0.5407514996407887,0.7887657794469515,0.5368638148455788,0.0009662865125372,0.3231415845546149,0.6591570858581567,0.6531611721828837,1294205.mp3,easylistening
124.50065759637188,120.18531976744184,0.5960769277236917,1.0,0.1960096359252929,0.3569390715657444,0.601168073652095,0.2812451669835609,0.0006937999650667,0.2999999999933401,0.4468476257469047,0.6811939437837246,565805.mp3,funk
216.44961451247167,120.18531976744184,0.5500158023166339,0.9328236465454104,0.1259100586175918,0.5172750193707528,0.7511879359461371,0.3974516093584021,0.0015737982628394,0.431923881434293,0.6235358186628649,0.62062045736976,1379105.mp3,poprock
243.68419501133783,114.84375,0.5819719156325621,0.8423736114501953,0.1908347010612487,0.527585360874522,0.8390952161704303,0.2406400260286547,0.0027731198648246,0.2999999999999999,0.5880586124315891,0.6510887698957317,564205.mp3,blues
201.5880045351474,86.1328125,0.5749537200273216,0.1840590515136718,0.2639597654342651,0.6842106117895431,0.8407965339870273,1.0,0.0010769552835488,0.9729838375872776,0.6216934835631713,0.6706868188437012,1393805.mp3,gangstarap
306.97333333333336,120.18531976744184,0.5559345544631863,0.5606432342529297,0.0578128285706043,0.5968736260691894,0.9879024350465444,0.3511582621593773,0.0020657544868485,0.3414910241932774,0.5516719470156469,0.6104782288822882,628405.mp3,pop
109.18913832199549,90.66611842105264,0.5566218553562895,0.6113856506347655,0.0716472640633583,0.3097120071728994,0.516878938784033,0.179779826506399,0.0003650023779567,0.4497012063422331,0.388924546184506,0.6480081058259077,1073705.mp3,classical
322.0566213151928,117.45383522727272,0.5679720659396931,0.4663084564208984,0.2149246335029602,0.3372597741819096,0.6043007988316662,0.2922214992878119,0.0005114327933227,0.29999999998409,0.4282928870713999,0.6917142906467857,1314305.mp3,atmospheric
108.00809523809524,112.34714673913044,0.5729720194621317,0.7193923873901368,0.0643184706568718,0.1066225701007156,0.2360040315869351,0.1539306461422309,0.0001424239445637,0.2837455142898361,0.4017571495066796,0.6428032195351379,1384405.mp3,ambient
118.0238775510204,120.18531976744184,0.5599193504823619,0.4755371856689453,0.1439897418022155,0.255814667419059,0.5649946622403061,0.2221705061827325,0.000643306083364,0.6421358700408988,0.4914860503462194,0.6535390969795537,1405305.mp3,dance
157.94659863945577,109.9567819148936,0.5598109787439018,0.4664952697753907,0.1475333571434021,0.3342494998599269,0.6859368010621522,0.1719210118231281,0.0018945743887823,0.64223910113134,0.4948031450149086,0.6541513795686431,1217305.mp3,bossanova
100.79780045351474,109.9567819148936,0.5218292177681112,1.0,0.1241237446665763,0.365671760903827,0.7116598292099299,0.1780246206055702,0.0007661038599148,0.2920980565589061,0.4955055325505939,0.6455834415698487,168805.mp3,electronic
430.3531972789116,143.5546875,0.5952060781546615,0.4108013763427734,0.2834849655628204,0.968820012385215,1.0,0.9884587850410717,0.0060529853987057,0.3,0.827109375,0.6366327126026153,87505.mp3,electronic
283.0,92.28515625,0.5530492883840752,0.7135517883300782,0.2402729988098144,0.50775804958846,0.7757976922248608,0.3299442874638789,0.0008572039239002,0.7433454022803851,0.5566782667046306,0.6751626262306071,273605.mp3,reggae
451.6048979591837,139.6748310810811,0.589961439946958,0.5866755981445313,0.3938304185867309,0.6036136830645001,0.750432504567531,0.7772014955554064,0.0006045344254365,0.695082139168703,0.6302710230183282,0.7157247460875575,502605.mp3,electronic
234.76,139.6748310810811,0.5991722457704325,0.3104270935058594,0.2224157154560089,0.7454173144578307,1.0,0.6988578644997172,0.0032005944639964,0.2999999981648478,0.6676260817494946,0.6465444412142642,945205.mp3,dance
232.5,129.19921875,0.5591116579793274,0.6103356170654297,0.2669005990028381,0.7440195662718841,0.9873242029954156,0.431837879049918,0.0038259776928044,0.5334015976941854,0.654609611681823,0.6651622933046571,1328505.mp3,dance
267.6767346938776,99.38401442307692,0.5581734553918125,0.4555403137207031,0.0982731059193611,0.281664731062414,0.4967158287948902,0.2848720400805673,0.0003249552857104,0.478725182558353,0.3839168869457268,0.6585949407418247,26905.mp3,instrumentalpop
316.15385487528346,103.359375,0.5874467264483992,0.7957003479003906,0.1459844261407852,0.3807244446867375,0.5905455095769404,0.1981173511793872,0.0006294196961604,0.2999999999999989,0.4385890761806811,0.6648365781745464,919605.mp3,ambient
203.5461224489796,129.19921875,0.5891871848422487,0.5478840026855469,0.1627543419599533,0.632590145946631,0.9058022384443128,0.5354482766295752,0.0009936792700353,0.5969333413576131,0.6760386694573416,0.623383829214115,1359805.mp3,drumnbass
295.0693197278912,129.19921875,0.5680249749676699,0.2492396545410156,0.2454988807439804,0.5114829520129212,0.894179281585934,0.4858255218529522,0.0013352291635788,0.4098215342885392,0.6216867781575621,0.6640422414363205,1165405.mp3,alternative
240.8003401360544,123.046875,0.5476045043280645,0.6235055541992187,0.0703335553407669,0.2414424491364367,0.452669715027166,0.1656450461616616,0.0002639969767747,0.2673404936442536,0.4311364909784826,0.6390927817269796,1151405.mp3,classical
150.0,114.84375,0.5840027450595474,0.9826634674072268,0.047089084982872,0.964334015570989,1.0,0.0361930831382617,0.0185218202144871,0.5262185095780543,0.7696875000000001,0.563014570593834,963305.mp3,jazz
107.07698412698412,129.19921875,0.6455473365752616,0.7717400970458985,0.0702071040868759,0.1262706259561178,0.3774506962282602,0.0721600029618424,0.0035685412740095,0.6819764292270618,0.4429773625228578,0.6366790849667038,1370405.mp3,hard
296.9139002267574,126.04801829268293,0.5814171509954507,0.2745950927734375,0.3041462302207947,0.6326168292696501,0.8655836394604309,0.9336362205850796,0.0008546199692796,0.5975768588499508,0.5880268506965223,0.6918872727401816,1234505.mp3,dance
341.4262131519274,126.04801829268293,0.5751083272385693,0.1821687316894531,0.3496586382389068,0.6051868367196298,0.9014666750501332,0.6572804575337399,0.0010592108061482,0.6809678360754237,0.6525622655126295,0.6953646566634806,786205.mp3,ambient
548.1273469387755,120.18531976744184,0.5878411039733875,0.64910782623291,0.0905321761965751,0.3127138548520101,0.5960405614583468,0.1704760881379888,0.0007082351582481,0.3293921515961093,0.4428326581769827,0.6440250517953705,543405.mp3,ambient
520.0,105.46875,0.5671759554498266,0.8277372741699216,0.0522966533899307,0.1603694274033801,0.2744516202282984,0.1848133566399294,9.26238012405686e-05,0.7317326579686809,0.3581654130575876,0.6471937126088576,1333205.mp3,classical
930.6249886621316,123.046875,0.5821718381406356,0.8935044403076172,0.0047392710112035,0.5711902446492995,0.8386902063431104,0.1140778060890716,0.0007477070522369,0.2968845927052796,0.5696039183671436,0.5877853538906046,1118605.mp3,ambient
317.28,117.45383522727272,0.5839174503869276,0.4799022216796874,0.2791305780410766,0.3587772671485321,0.6764556581097991,0.2484738359769707,0.0009566150179058,0.2999999999505696,0.4325582862395379,0.71397535084688,530905.mp3,ambient
242.64272108843537,161.4990234375,0.5458970141258548,0.6589623413085939,0.1544617712497711,0.6028939503783737,0.916717415162894,0.2681505426537519,0.0022881916663375,0.8222298888187578,0.6304573392692345,0.6295147697960707,1271905.mp3,dance
180.0,139.6748310810811,0.5949620790768946,0.4529465942382814,0.1946572363376617,0.4242002521035681,0.782842812509429,0.3978686853432001,0.001069486197793,0.3,0.5054677696241675,0.6689830511567247,1163205.mp3,folk
343.1581179138322,166.70866935483872,0.5246189198476926,0.4346510772705078,0.0831132754683494,0.3987710273798954,0.7043892689739255,0.3377765748697476,0.0007727330322481,0.5378505848554124,0.6638844840450769,0.5971438823595904,1178105.mp3,classical
30.0,129.19921875,0.5592608886811721,0.7246878356933593,0.1249212697148323,0.234024655453886,0.4526880790429776,0.2375424752699539,0.0001834332309794,0.2999999999999992,0.4139288823957857,0.6621858806181825,1419105.mp3,ambient
278.2220408163265,135.99917763157896,0.5680684751022054,0.3610384216308595,0.245189681649208,0.6635258029759781,0.9553087057818908,0.7346412705520754,0.0025013324685879,0.8225087688334409,0.6375582207978738,0.6607566412341401,1380905.mp3,poprock
275.7866666666667,87.5926906779661,0.5445202963639907,0.4730760955810547,0.0721997544169426,0.3071584031679142,0.5587069673630428,0.2727144477927625,0.0002478488061359,0.7244097848193687,0.4708677892543094,0.6318183537392374,1057705.mp3,chillout
199.4733106575964,87.5926906779661,0.5916718810421033,0.3079473266601563,0.2383815944194793,0.4851681275010773,0.7507024401997092,0.7806723428659034,0.000561933927483,0.2999999999118616,0.452813827247323,0.695254608541548,78305.mp3,electronic
268.4271882086168,166.70866935483872,0.5583485602140585,0.4092010498046875,0.2473655939102172,0.7185823350404529,1.0,0.478392887471109,0.0041267099539878,0.5851269710598042,0.5218625336013064,0.684679107087417,1151905.mp3,reggae
1041.2527437641722,132.51201923076923,0.5801150533788559,0.7187789611816406,0.069497026503086,0.4485615606856526,0.7495175847485974,0.166157316216533,0.0011473369277052,0.3111860422536623,0.5161484939622357,0.6217892307486639,145905.mp3,electronic
183.04179138322,109.9567819148936,0.5509303422105494,0.5779947280883789,0.1244982033967971,0.5486821387216014,0.8565765052464933,0.2885248589895515,0.0013917434620417,0.7485809032222941,0.5240033318485422,0.6400186868531386,873805.mp3,country
161.09333333333333,99.38401442307692,0.5624863023056831,0.4264174652099609,0.2050410211086273,0.4233447985100427,0.7047917784994182,0.3925082085931842,0.0007409244853846,0.4493460114057125,0.4340250951003941,0.6870097485790271,1196205.mp3,ambient
147.47945578231293,123.046875,0.5727138116105591,0.5095478515624999,0.2310497015714645,0.7755303602252989,0.9714970398821382,0.4496475770079278,0.0037188822629221,0.8723880370961591,0.6690090808159014,0.6493760764025469,1179605.mp3,dubstep
194.79510204081632,120.18531976744184,0.5841176819685725,0.2238486022949219,0.3134533762931824,0.5925831415648887,0.7364148590515271,0.923790045338322,0.0002553062188561,0.4457740284076045,0.6773037157732957,0.6773824723108866,112605.mp3,alternative
185.6255328798186,89.10290948275862,0.5938434926606821,0.5230352478027344,0.2280783951282501,0.7485177419748105,1.0,0.3322854584478047,0.0058623004712601,0.5142136936597892,0.5556538914909291,0.6709774439479842,1061405.mp3,electronic
300.0,95.703125,0.535485101115589,0.5667770538330078,0.0536655895411968,0.4237595332005476,0.68761939852989,0.1577255908781998,0.0017456000907997,0.5496470060203706,0.516174152480671,0.6160847817386966,785705.mp3,blues
153.6,126.04801829268293,0.580224583119076,0.7423190307617188,0.1189172714948654,0.2304721912408615,0.4439131250611484,0.2366194690591755,0.0002477117511604,0.299967103961291,0.4965159400045677,0.643507029737238,1132805.mp3,classical
196.86428571428573,103.359375,0.5772001346309839,0.6084407653808593,0.0839670896530151,0.6944910074290217,1.0,0.2468533751799745,0.0038528078127442,0.5561044785511607,0.5652202922351229,0.6171840938280608,74105.mp3,pop
605.3599319727891,139.6748310810811,0.5604956025849106,0.3106678009033203,0.1854473501443863,0.4357035923865488,0.6648766280124231,0.6630485606378829,0.0003524106833489,0.2999999998563348,0.3954853483426909,0.6876639763834409,768905.mp3,postrock
84.89365079365079,151.99908088235293,0.530568972120666,0.6302598266601562,0.2214006334543228,0.1199869517236257,0.3099744299193973,0.1356615182451564,0.0004190945779722,0.5558044291164635,0.283263314788899,0.7230515650857765,1375205.mp3,classical
219.50936507936507,99.38401442307692,0.5045823357452534,0.4026144409179688,0.2097751200199127,0.5051531204192659,0.8543686475594755,0.2936496613075297,0.0043203275536046,0.4190464016743994,0.4655346412154755,0.6824121149640735,38005.mp3,chanson
296.1739229024943,92.28515625,0.585792474298352,0.5486178588867188,0.1610993891954422,0.4971720552336962,0.8549633063114832,0.163623726159256,0.0021613381386274,0.5040711179153236,0.5308593969372705,0.6518239007229052,436705.mp3,ambient
288.6041666666667,122.28260869565216,0.5468114073015957,0.4406214904785156,0.1053140833973884,0.4459878547796085,0.7649918951558307,0.2450236492607746,0.0010586921241818,0.8766095266543661,0.5618784039564088,0.6255373892317782,269005.mp3,instrumentalpop
252.20868480725625,129.19921875,0.5593646188897565,0.5380496368408203,0.1515008509159088,1.0,1.0,0.4427841973135253,0.0334127718164431,0.7935570698470473,0.606642783260699,0.6332117496775874,1379505.mp3,electronic
144.7,105.46875,0.5177228221705936,0.7565680236816408,0.1225202605128288,0.2825876316654203,0.6289797857226807,0.149828579479633,0.0009277986967972,0.4482242456890104,0.3810023973509266,0.6679068143144331,961605.mp3,classical
989.9653514739229,129.19921875,0.4021779070483451,0.7594853515624999,0.0775097906589508,0.2022665048322876,0.3078420905370551,0.142267240918196,0.0004711280869048,0.4034618125929972,0.4229689211694588,0.6433097404033306,433605.mp3,easylistening
286.0,120.18531976744184,0.5900298443088183,0.5165516967773437,0.3568916618824005,0.5028106753706174,0.8705187913016041,0.439414491571237,0.001620768205023,0.3,0.5796688724353444,0.7125472237905954,1342005.mp3,chilloutlounge
276.97739229024944,132.51201923076923,0.5756872170416509,0.4839375915527343,0.1804913282394409,0.4878946400055433,0.6488288897126919,0.5566349090158127,0.0003622030790899,0.9395510948023984,0.5685794581796211,0.6512609865302745,1317905.mp3,ambiant
73.34879818594105,147.65625,0.6261806602181677,0.3487359924316406,0.1791321337223053,0.3103624149159021,0.5714145938615943,0.4705680247685667,0.0001399822108563,0.4879048821441296,0.4807039183657276,0.6683467844668843,818605.mp3,soundtrack
102.94149659863946,151.99908088235293,0.5937788119483177,1.0,0.0571564957499504,0.5119546881545863,0.9142669855313608,0.0617504751792753,0.038553591284921,0.3541201365080988,0.5471569343164912,0.611144951606684,1404305.mp3,jazz
88.24997732426304,112.34714673913044,0.5223421125439538,0.771724853515625,0.1307381242513656,0.1769160045625113,0.4536411015501977,0.0914765690671902,0.0011612723945528,0.6181898531149144,0.4373095077453686,0.659603823181418,1399805.mp3,ambient
441.19981859410433,129.19921875,0.5762007102612539,0.4442311096191407,0.1467750072479248,0.5730385154963734,0.9042883367155194,0.2740866013470407,0.002308368469073,0.2999999999999999,0.640068054458602,0.6248253917175325,203705.mp3,acid
341.84868480725623,129.19921875,0.5994205564606678,0.5261578369140625,0.267561137676239,0.8593496917032638,1.0,0.5373136355917814,0.0072443312627908,0.2999999999883002,0.7629759668449652,0.643726816194453,1289005.mp3,electronic
38.05172335600907,120.18531976744184,0.5816656241193161,1.0,0.0618663355708122,0.3589744778068973,0.606434506847488,0.3315317192220122,0.0005909229503861,0.4006736729579122,0.5534584165331303,0.6115801974988663,1297805.mp3,easylistening
480.0,90.66611842105264,0.5638561291933397,0.2856292266845703,0.4335236847400665,0.517928430905632,0.9382932795426634,0.2431002463565657,0.0043161747557828,0.4048045363180316,0.6880694845796561,0.7184546295904927,1349805.mp3,chillout
192.0,114.84375,0.5570632537351656,1.0,0.052373569458723,0.2099179205228649,0.3719435360693657,0.0382200342743541,0.0071571441355061,0.2999999800901582,0.4003628467522847,0.6387819156546833,1114505.mp3,ambient
465.648,133.92857142857142,0.5815348034746377,0.5692233886718749,0.2462276518344879,0.6636669071268159,0.9415999261070964,0.1931690555938889,0.0034689020054655,0.6155943071508443,0.5972298069956788,0.6691959932612799,328005.mp3,electronic
192.41378684807256,114.84375,0.4999475948179043,0.6870456237792969,0.0345814377069473,0.1538393511649107,0.3104726644068417,0.1120865181138839,0.001039589567069,0.591404733453391,0.4542432539544132,0.6216006667836185,1221305.mp3,classical
300.0304761904762,139.6748310810811,0.5154298625065623,0.4129162292480468,0.1018545478582382,0.1199231467592885,0.1496164401326827,0.1824157695200757,6.418041805931099e-05,0.2999552427721089,0.4017960857023887,0.656308420088488,1391005.mp3,chillout
223.66666666666663,120.18531976744184,0.55793096184874,0.9280762481689452,0.0707929134368896,0.1287698644647042,0.2369990464150142,0.1266596278544535,0.0003756601943874,0.2983821131544982,0.2216191621902184,0.6811616163992367,1385305.mp3,ambient
191.97659863945577,161.4990234375,0.564021446596563,0.4303267669677734,0.2489002794027328,0.7411934729391255,1.0,0.410461727258782,0.0104485598607522,0.8091965002062425,0.6768822018969427,0.6542276602055953,1066505.mp3,pop
383.85253968253966,139.6748310810811,0.5558676717095288,0.7869261627197264,0.0539990775287151,0.3262115210626163,0.7016482160621874,0.1148841494766458,0.0016242230875591,0.2999999999998392,0.5515241481029668,0.6091348382897441,25805.mp3,easylistening
209.45292517006803,161.4990234375,0.6122431665303344,0.6427450561523438,0.1506784707307815,0.3161771245079605,0.4510570050626877,0.3658022850390912,0.0002024366690881,0.7828665186970025,0.365485321673523,0.6811471851283768,1046905.mp3,dub
305.2030839002268,161.4990234375,0.58963234082517,0.442418701171875,0.1459416151046753,0.2798004297828652,0.5760792336231941,0.2141170052576937,0.0009436238563627,0.2999999987934519,0.5712509942680326,0.6382887825840766,1303605.mp3,ambient
175.71247165532878,161.4990234375,0.5034573309509047,0.31122509765625,0.1154335513710975,0.2411059278179137,0.4619803801861591,0.1758827463398519,0.0001079893676681,0.2999802717999308,0.5008060033711038,0.6413948778193743,900505.mp3,ambient
184.79020408163265,129.19921875,0.5486358309146158,1.0,0.0955804139375686,0.4136033360448933,0.6215454396526666,0.2141729122260752,0.0010557037546159,0.3,0.5921516414223247,0.6159786207330598,1031805.mp3,asian
60.24886621315193,99.38401442307692,0.5754586929028882,0.6751143264770508,0.1828900277614593,0.7449834396262546,1.0,0.4007443958832651,0.0097658812433285,0.4737149221570627,0.5578208567801741,0.6542762386380905,1285605.mp3,pop
247.58857142857144,90.66611842105264,0.6011888795236654,0.5762219619750977,0.0761469677090644,0.5139862866802598,0.7981656148225369,0.1934379882108865,0.0023163682125602,0.9345511212665734,0.5471413887399439,0.6179846306272745,1396205.mp3,punkrock
30.107142857142858,139.6748310810811,0.5531949045577509,0.3821878814697265,0.2301979213953018,0.5741847640141502,0.8219108538145714,0.552003685804013,0.0012118024952789,0.4988235488212823,0.674118190169362,0.6480476136684363,1293705.mp3,easylistening
204.0,92.28515625,0.5721745629030168,0.4693043212890624,0.0723581835627555,0.2619703763668653,0.3193273432700613,0.2937536435459961,3.078804025429047e-05,0.2999999957741094,0.3894224878858205,0.6481644485054279,45605.mp3,ambient
190.97832199546485,107.666015625,0.5447696753789284,0.6847541122436521,0.0250315945595502,0.1731228094465459,0.2984351967161169,0.1355922603602935,0.0001793527800746,0.2453710945857637,0.4621127119303229,0.6165888316553736,974305.mp3,classical
190.98873015873016,83.35433467741936,0.5657194201337188,0.7304507446289062,0.073064848780632,0.1783368023710468,0.3014091268743224,0.166532689094443,0.0002468198204905,0.9391065907458702,0.3972059104732524,0.646862163466377,409705.mp3,alternative
274.99102040816325,126.04801829268293,0.5898967983086454,0.9170737075805664,0.1741855442523956,0.5188041613729005,0.6992669418399609,0.1971548491132973,0.001292276819629,0.3,0.5549360586846916,0.6517195841939242,473105.mp3,electronic
258.0,120.18531976744184,0.5895989227538433,0.2369182739257812,0.1720282137393951,0.7156871422533432,1.0,0.600600783850614,0.0098314361426122,0.642046684466919,0.5731991936347582,0.6472903182192306,236405.mp3,8bit
147.78666666666666,132.51201923076923,0.525335500649944,0.95346435546875,0.0322651714086532,0.1617102378098095,0.2865188348102819,0.1179633284156879,0.0004414655981126,0.2997693075074796,0.5025151324836777,0.6111124352103796,1219605.mp3,ambient
351.75,161.4990234375,0.5494816255273253,0.3871358489990234,0.2126129865646362,0.369467567782355,0.6069250485361883,0.3767472376024176,0.0002876724506177,0.657594312213756,0.633869662987613,0.6497667425657464,498805.mp3,instrumentalrock
278.3321315192744,103.359375,0.585785022318424,0.4756416015625001,0.1910538226366043,0.5751009943656741,0.8676960402294156,0.3078174119523793,0.0025424417118384,0.3092863522819661,0.6012407238849657,0.6485312313721844,308005.mp3,chansonfrancaise
137.93013605442178,135.99917763157896,0.5698571519864285,0.4527685546875,0.1637524962425232,0.8660683237421386,1.0,0.4986227241280914,0.0071408386694014,0.299999999999927,0.7910505676979276,0.6007407851077228,1236105.mp3,electronic
571.6654875283447,135.99917763157896,0.5988832684013496,0.3112856903076172,0.2713090479373932,0.5835818590041102,1.0,0.2865865546551485,0.0048341538088398,0.9756585179040308,0.6183623921574017,0.6739987788259811,44305.mp3,dance
156.0,120.18531976744184,0.5452358322540641,0.4140887756347656,0.1202697083353996,0.2620559799639876,0.5153554573634623,0.2796646318773971,0.0001756426774524,0.2999999999999106,0.4050478010623099,0.6622875347882818,1173505.mp3,ambient
181.4533333333333,126.04801829268293,0.5615015341731777,0.5268200988769531,0.2116972953081131,0.747858333582107,1.0,0.4317391507888207,0.0048458113845774,0.8745542630232117,0.7233625058774056,0.6315385251354396,1115105.mp3,hiphop
234.69231292517009,129.19921875,0.5774014134322487,0.7181154174804688,0.1345176249742508,0.4528809488496693,0.756720902070864,0.3111143017440563,0.0012446986246489,0.3,0.5885483216330208,0.6307166806641261,351205.mp3,instrumentalpop
183.67857142857144,84.72079918032787,0.5835830402863434,0.7018313598632813,0.1634016036987304,0.6755011694826193,0.8575717691493482,0.673052950616732,0.0019849569543638,0.8224647096603845,0.6338903151948401,0.632046514292575,1352505.mp3,alternativerock
280.55510204081634,117.45383522727272,0.5666466300638111,0.665429458618164,0.1324230432510376,0.653617021952716,1.0,0.1761749525134082,0.0046251951012495,0.6866268122240577,0.5718834517305049,0.6332956052242726,116105.mp3,disco
214.5363492063492,93.9630681818182,0.5645113637807411,1.0,0.1082707121968269,0.6636932806430567,0.8568871331220216,0.2480439892877742,0.0029056681388971,0.6344193399090594,0.5509613914403863,0.6287851781027805,1192105.mp3,rap
619.1804081632653,97.50884433962264,0.581910381753397,1.0,0.1372570693492889,0.5682098992800148,0.917131512107928,0.2158899704199922,0.0086876876791791,0.5908853413678634,0.5604935259387788,0.6373138397779883,1391105.mp3,dance
193.13029478458049,114.84375,0.5788991231322469,0.5154682922363282,0.235340341925621,0.914175061609055,1.0,0.6239618201411952,0.0054592207524074,0.9022223533222896,0.7676659246318005,0.6311893381668635,1420505.mp3,chillout
204.1034013605442,114.84375,0.5516817761858375,0.7608183288574218,0.2404933273792266,0.5615955108034679,0.8613289070303641,0.2235145757407178,0.0032934779094397,0.7623001970484231,0.5108545876114239,0.6844066803342369,1215805.mp3,electronic
150.0,129.19921875,0.5767383602654775,0.5505719528198242,0.1251616477966308,0.2611565028164405,0.4697471585189021,0.2108740466661632,0.0003707257210302,0.2999999981232999,0.4268047779148299,0.659697237623821,1299805.mp3,ambient
36.11947845804988,120.18531976744184,0.5898984001841358,1.0,0.1316611468791961,0.5865087362571874,0.6175601160007684,0.1443946328923443,0.0002620858649949,0.2999926494935897,0.6054310633746416,0.6263118002015823,1366005.mp3,classical
651.3632653061225,120.18531976744184,0.5726514418848208,0.4499413757324218,0.1871187388896942,0.6739946705660622,0.9035333736653346,0.831222677049243,0.0017544729567096,0.6800475255782288,0.6207796760616392,0.643206810787962,391305.mp3,alternative
416.0,120.18531976744184,0.6389547219379141,0.3333294067382812,0.2583816647529602,0.3105808551430266,0.6479210369849394,0.287629806304761,0.0005630647450885,0.8844306000207275,0.3461594028196876,0.7237855187471282,76305.mp3,electronic
152.0065306122449,139.6748310810811,0.6055577420135805,0.25323095703125,0.2201633006334304,0.6155068047979144,0.8353126599719356,0.7273087648771547,0.0008506960008587,0.8839447743912789,0.6358690564991952,0.652084976928196,39105.mp3,metal
198.0,120.18531976744184,0.5390810092715728,0.3721724853515624,0.1245487779378891,0.4919972901148163,0.7584937428051786,0.1706198740087665,0.0027514301155809,0.5603156672276921,0.6093057213717086,0.6229764157832983,1370705.mp3,ambient
267.64408163265307,114.84375,0.5943866311155701,0.6899197387695313,0.074489951133728,0.7529960729616426,1.0,0.1629451962762372,0.0045332604237575,0.2999999999978899,0.7201020223911719,0.5827959779299077,136805.mp3,alternative
149.185306122449,139.6748310810811,0.6029906875627317,0.3984372253417969,0.3973698318004608,0.5697567487052716,0.8599032314311694,0.6031701622852804,0.0013158086847094,0.9510498141126896,0.5904700719795307,0.7249591250522598,279605.mp3,alternative
57.77777777777778,132.51201923076923,0.531304901135889,1.0,0.0820624604821205,0.6823014139891237,1.0,0.1995981514968856,0.0019281527556277,0.2999909334473872,0.6372420254670582,0.6020940806801517,1358805.mp3,ambient
285.3066666666667,129.19921875,0.5769493425343777,0.9932969512939454,0.0868209972977638,0.7673052400706202,0.9387705905629526,0.4261437610103466,0.0025407653689268,0.7025663475043247,0.7902247475176551,0.573210609523664,257205.mp3,club
255.3218820861678,129.19921875,0.5474581165392567,1.0,0.0873642489314079,0.7221267117524858,0.9424271998653796,0.3814234000834006,0.005315993452064,0.3,0.7209751541880078,0.5872560987777052,1196505.mp3,club
214.12571428571428,129.19921875,0.5922758106061808,0.3903881988525391,0.1321730762720108,0.5081016231358246,0.881650672976372,0.2653736293381151,0.0023294428511694,0.2999999999746899,0.6061237300188023,0.6263575614541634,1032505.mp3,experimental
277.2897505668934,99.38401442307692,0.5414576327812033,0.7368156204223633,0.089172177016735,0.4077932900353267,0.6815696371250943,0.2646204623158273,0.0007098856574604,0.2999999177683828,0.5290932949940326,0.626283324727218,366005.mp3,ethnicrock
225.46392290249432,129.19921875,0.5938257045556457,0.4823252410888675,0.2013382166624069,0.9918870164775914,1.0,1.0,0.004777961794702,0.9521831226396348,0.7983984375,0.6128020704984665,223905.mp3,electronic
664.7699546485261,123.046875,0.5948917923188416,0.8017208251953124,0.0761105641722679,0.3011289209210749,0.335470614151907,0.0497503214959497,0.0185505850373135,0.1828777677112449,0.3808712092477848,0.6512255612524595,1400805.mp3,darkambient
187.8726530612245,114.84375,0.5962725806572988,1.0,0.1605080664157867,0.4986081005745815,0.7631424312019812,0.355899521177749,0.0015810962541063,0.3,0.4919835806339747,0.6593861877828883,1312905.mp3,dancehall
60.05548752834467,129.19921875,0.5519135490148511,0.8578071746826171,0.081810362637043,0.3263284000653161,0.5107781100537432,0.3478662662134064,0.0001281260279213,0.2999999357762058,0.424851133462759,0.6444815038567837,1400905.mp3,classical
85.33337868480726,178.20581896551724,0.5020959906439649,0.5950762176513672,0.1044987365603447,0.1996733196504233,0.5508860072258622,0.100254486696683,0.0037209242477282,0.2999999999999999,0.4858625144359406,0.640447042274536,1166805.mp3,ambient
168.66124716553287,161.4990234375,0.5747281079501563,0.4430426330566406,0.1927544325590133,0.5114165990677213,0.6156670097984636,0.7221610749973139,0.0001949120974102,0.5084616081487886,0.7510109337573282,0.6191894089697791,96705.mp3,alternative
251.99975056689345,135.99917763157896,0.5640951512482021,0.4024427795410156,0.2026160955429077,1.0,1.0,1.0,0.0285947363073861,0.929470854830232,0.6313322368421053,0.6466753470270258,1081705.mp3,trance
200.0,143.5546875,0.5883019828235798,0.3676894531249999,0.1991424709558487,1.0,1.0,0.7742398135654892,0.0110741069888242,0.5499331316838179,0.7370245925727057,0.6242863710295644,1153405.mp3,trance
140.69551020408164,90.66611842105264,0.554231844957441,0.7713472290039064,0.1667279601097107,0.3216736372755583,0.5619065689412437,0.1627816832669523,0.0022094316046158,0.4419836851404962,0.4598364934101491,0.668054766957466,1060605.mp3,folk
312.0002494331066,105.46875,0.5867631492570435,0.4253768615722656,0.2235666811466217,0.4307887705537638,0.6646806465296777,0.5022052323671261,0.0003231041444236,0.2999999999954308,0.395875470940814,0.701308911024621,128405.mp3,easylistening
141.17732426303854,117.45383522727272,0.5363332763204554,0.9429730224609376,0.0333177559077739,0.2050598217802666,0.335388954106301,0.1746550849276275,0.0001605137840252,0.6012752242315205,0.4019445639855014,0.6316054793296983,1377105.mp3,classical
310.2040816326531,129.19921875,0.4845488578215621,0.4756452331542969,0.1616724282503128,0.6722811618181661,0.8778912996920082,0.2527396691310376,0.0018600226843226,0.3038944764572077,0.637593983507706,0.6306832774685713,175005.mp3,electronic
234.5621315192744,114.84375,0.5774579882675666,0.3288234558105468,0.2410822957754135,0.5747596650769264,0.7295273628615164,1.0,0.0004444808813039,0.939870924377756,0.6067410157575756,0.6654414233276338,1196905.mp3,heavymetal
110.26927437641724,120.18531976744184,0.5464291476953753,0.3111824951171875,0.1616045087575912,0.2536916739788326,0.4962324315763409,0.2601646559737865,0.0003646327508173,0.5113298093454022,0.3477796818818755,0.6886216867763578,1056405.mp3,chillout
338.84,107.666015625,0.594966535268612,0.716158447265625,0.2090556174516677,0.2359622511168047,0.4806422467144571,0.1223473332519935,0.0014168714437496,0.3011848737235945,0.3544116671293176,0.7043776888567369,8305.mp3,chillout
199.64,109.9567819148936,0.6038401364229797,0.3248719024658203,0.2415047138929367,0.727831688746488,0.904956867221272,0.9694571624711362,0.001700435117824,0.6863086487345793,0.7419620784156353,0.6385492813183301,1140605.mp3,blackmetal
262.0,120.18531976744184,0.5400917162741394,0.5175538024902344,0.0825670361518859,0.4075046930240281,0.6540824963271595,0.258436720140676,0.0013476546470726,0.299999999999968,0.5849684479495295,0.612730443424773,671505.mp3,poprock
106.68408163265306,120.18531976744184,0.5532609617491612,0.5574136352539064,0.0797856226563453,0.6337671692574592,0.9656538026633588,0.3432686642426816,0.0038638362502818,0.7469218648963358,0.5405851039547664,0.6206058033653311,128305.mp3,electronic
107.51963718820862,126.04801829268293,0.6089849838856275,0.2608583068847656,0.2945061028003692,0.5447538915051692,0.9943447834091934,0.3749976955551868,0.0022743341229148,0.6308933122692324,0.5914406126767537,0.6877340744727822,31505.mp3,pop
198.4261224489796,126.04801829268293,0.6126793096178211,0.5064592285156249,0.2296304851770401,0.3270572805619678,0.506968198044735,0.3001501201532024,0.0003449666945581,0.8311316679475436,0.5420483819167365,0.6742572982803872,218905.mp3,electronic
109.06122448979592,117.45383522727272,0.4689776506857577,1.0,0.0670354068279266,0.2305123420683995,0.4287680939281223,0.1073762702711123,0.0013044170356978,0.3932537990167266,0.3899124339839173,0.6461502596612702,1217505.mp3,easylistening
344.24,114.84375,0.6116138357462617,0.70447998046875,0.2691533863544464,0.6562920146538206,0.9890197011639452,0.4443894048734423,0.0028187357014215,0.6668024669948579,0.5756077050120605,0.6817736780851886,891905.mp3,drumnbass
271.27916099773245,132.51201923076923,0.5873548702691271,0.7797480773925781,0.1843378990888595,0.7295799339248175,1.0,0.1833649079846813,0.0073254120834853,0.6687351165861107,0.6395621718710607,0.6384492092977773,1295505.mp3,70s
427.24473922902496,107.666015625,0.5459406823317845,0.3554351348876953,0.1265667676925659,0.3747204270496475,0.701696622666775,0.1615106044538706,0.0020651178625443,0.7017303960829686,0.4178595554291917,0.6619921252834854,1066205.mp3,easylistening
151.0,97.50884433962264,0.4933080750685407,0.5632490844726561,0.134138599038124,0.4219778244690933,0.7272992553527718,0.1106349864144447,0.0023810389492068,0.6361065578305334,0.5342349659216821,0.6414429024693883,1054105.mp3,ethnicrock
265.0,120.18531976744184,0.605415333505152,0.6907260513305664,0.098179891705513,0.8553499084935687,1.0,0.3048647990203725,0.0041607360159108,0.8870931407023734,0.6903706395348838,0.5972706331070079,1053505.mp3,club
259.05632653061224,166.70866935483872,0.5725514718580891,0.4854891357421875,0.1764537692070007,0.4403612124827444,0.6690266618909282,0.3450092581054877,0.0007066688245991,0.2999999999999994,0.5954929512913522,0.6444247666562498,23105.mp3,reggae
360.2808163265306,114.84375,0.5442809476434022,0.9239156188964844,0.0812636539340019,0.3133852139144636,0.5544029613572399,0.2116076277573912,0.0004029184895585,0.297710430372496,0.4624770432371384,0.636759506768813,1143805.mp3,ethno
127.016875,117.1875,0.5590184742933761,0.8219902114868164,0.1814929693937301,0.2502402351809477,0.593529538315756,0.1290716632393062,0.0015801966247332,0.2999998956944912,0.3799465372623796,0.6893481615292669,1115705.mp3,indie
270.9751927437642,135.99917763157896,0.5820310424139954,0.574785369873047,0.2663499712944031,0.4807047326860624,0.7328965068051574,0.3578356009781178,0.0007151461134726,0.5079490440040227,0.4864968063499026,0.6985866283960046,934005.mp3,rock
206.57632653061225,123.046875,0.5667043233360742,0.3739068603515625,0.3008234798908233,0.7433730210768577,0.996407006513034,0.6670297195272729,0.0026790712850224,0.8882860621397473,0.7281565460027483,0.6626651435601468,397905.mp3,easylistening
234.42666666666668,109.9567819148936,0.5316697384054374,0.7831377487182618,0.0132195949554443,0.3584286472256504,0.5339936572577473,0.1770363051292953,0.0007307950086412,0.2997871808084242,0.4446168430551269,0.6158356855729346,153605.mp3,classical
224.0533333333333,161.4990234375,0.5843289657911037,0.7381774597167968,0.237706109881401,0.5321261285026355,0.7799150542244029,0.501300585522566,0.0005417544061378,0.2999999932962937,0.6288496571135144,0.6598042681346015,347205.mp3,rock
290.0,120.18531976744184,0.5400593813352992,0.2371577148437499,0.2118936777114868,0.5549533467106994,0.793338573192811,0.5676963771519296,0.0007048870421123,0.6599070046756241,0.5431830797094961,0.667645108034236,1315105.mp3,atmospheric
145.0,132.51201923076923,0.5504064582891289,0.9830184326171876,0.0284467935562133,0.2188387322919425,0.3442062494422364,0.1578363178347556,0.0002794507953372,0.2999359297644722,0.4566737074174612,0.6189061041967446,843405.mp3,newage
92.5668253968254,114.84375,0.4442243834602418,0.4059803314208984,0.0577318035066127,0.5801669499938652,0.93078735231394,0.3030214049318823,0.0043160957249862,0.2997291333467378,0.6463303531487863,0.5915173786326233,1208105.mp3,newage
228.2521541950113,99.38401442307692,0.4952171204395486,0.3029568481445313,0.1621628701686859,0.5122280683688496,0.836111286513718,0.2213568771158949,0.0041997244682492,0.8710029206882819,0.5434604913474248,0.649686534991242,1129605.mp3,classical
195.4838775510204,123.046875,0.5783166577184087,0.4763872528076173,0.1709567904472351,0.8684349741644346,1.0,0.7414778998722402,0.0058202554129652,0.2999999999998318,0.78609375,0.6043256945610046,1121505.mp3,dance
132.42666666666668,123.046875,0.5526231043300448,1.0,0.1082459241151809,0.2862859321393776,0.4896969170602565,0.1453407941636179,0.0001853028898366,0.4504256834409555,0.5270899489439353,0.6335505428926781,39905.mp3,newage
73.38462585034014,97.50884433962264,0.5831145008359409,0.3973936462402344,0.2708218693733215,0.8403558929721654,1.0,0.9249007373794668,0.0051809569368457,0.487145920484669,0.6307409968978815,0.6713476735948195,1083305.mp3,rock
134.41857142857145,99.38401442307692,0.537199705536501,0.5531154861450196,0.0753552243113517,0.2122218221968851,0.2635617893636207,0.2710257890279715,3.5401660538597874e-05,0.7045910806205138,0.466025702502993,0.633922740251488,903605.mp3,classical
396.84179138322,143.5546875,0.5744607520285141,0.5794897994995117,0.0746847689151763,0.3120767403111805,0.5278977547580606,0.2419253608017912,0.0002905937128467,0.2996638134332628,0.4917233493217686,0.6285418469451098,1121105.mp3,classical
131.38666666666666,117.45383522727272,0.5997962793808951,0.2667676086425781,0.2972747981548309,0.543292717551906,0.8362469189705042,0.7621898417446664,0.000627042359902,0.5791679465669749,0.5293075658726094,0.7011574141612172,429405.mp3,guitarrock
197.66666666666663,132.51201923076923,0.5555458519562236,0.7008827590942383,0.0502431541681289,0.2771263634509815,0.2976065506562532,0.2089968570307105,6.464378099516944e-05,0.4067006980360836,0.4913503003818941,0.6198174754241477,326505.mp3,classical
192.0261224489796,126.04801829268293,0.5744848262678088,0.6202124786376954,0.2460423111915588,0.4030277493104705,0.6787169771333954,0.2622591205355826,0.0013280311527919,0.7213886714389655,0.4629140474468408,0.695992422539593,706905.mp3,house
129.8,101.33272058823528,0.5249587736779103,0.7046502685546875,0.0486552342772483,0.2179734716049127,0.4495397399596738,0.1641050475436334,0.0003260462307577,0.2996883443702198,0.3663612402388203,0.6442436362920454,965305.mp3,classical
358.28570833333333,140.625,0.5940849296464168,0.3604783477783203,0.3921356201171875,0.8986409883195905,1.0,0.513934605973032,0.0056846724740302,0.9014230226123324,0.6634564149021286,0.7084775402617618,796005.mp3,drumnbass
221.1265306122449,112.34714673913044,0.531804030607496,0.4878004608154297,0.0255291257053613,0.425611996984412,0.6857316598176483,0.1973254862490348,0.001308459783165,0.7555930049349863,0.5732422679185043,0.5945420316702292,296705.mp3,folk
268.0,120.18531976744184,0.5678277171974273,0.3714974517822266,0.2001282125711441,0.3019972949179573,0.675046316694724,0.2653112070022104,0.0003238697205927,0.7821523341729637,0.4204376139504543,0.687958633735521,1334105.mp3,ambient
189.3774603174603,126.04801829268293,0.5931166541893382,0.563177215576172,0.1405591368675232,0.6754621613091792,0.996969713908015,0.3441605162741181,0.001978803652807,0.8079622973506375,0.6009720274245538,0.6304068837873976,1132205.mp3,easylistening
192.2083673469388,139.6748310810811,0.6042387592470269,0.3683185577392578,0.4305586516857147,0.5739616727705856,0.8763862111665509,0.587403284639273,0.0004803872690923,0.5532437946880926,0.6909213013811737,0.7168168543306226,259405.mp3,alternative
204.2674829931973,129.19921875,0.53621691979643,0.484231475830078,0.1188207268714904,0.2348810445746082,0.4510849173184081,0.1566021389114147,0.0007780690994568,0.7620851665148578,0.4178012100993212,0.6592152196538723,914905.mp3,atmospheric
105.806462585034,93.9630681818182,0.56729633321811,1.0,0.1249486207962036,0.5501364499909326,0.875812457857818,0.144242842691758,0.0083042093941632,0.2999999999999977,0.7711156302863001,0.5907583774293733,1075205.mp3,chillout
367.16514739229024,129.19921875,0.5902924251040835,0.6244420166015626,0.3202211260795593,0.3594364414779293,0.6681163235753111,0.2898828882676179,0.0007642311059628,0.6953118937990272,0.4537344191639487,0.7245327215558516,1033705.mp3,house
192.64,101.33272058823528,0.5070923307294212,0.6582799682617186,0.1152795329689979,0.3637382734934093,0.6233822455051744,0.2786655554134641,0.0002239651882066,0.2999994877814774,0.4249329582141693,0.6565140402260053,1051205.mp3,folk
223.37727891156464,107.666015625,0.5298088758322119,0.4235082244873047,0.096371978521347,0.3434779293271571,0.6491419079989527,0.2330331190635849,0.0005071930767214,0.6667560594996673,0.3563495639617525,0.6634239994753344,201905.mp3,folk
378.0,120.18531976744184,0.5604032620726762,0.3558654479980468,0.1938849240541458,0.6556855722614123,0.8608206778267408,0.7055819866224093,0.0013135919740163,0.7972548926924479,0.6224926033429654,0.6453000519908995,1098805.mp3,rock
273.3061224489796,90.66611842105264,0.5383364332515541,0.6105662536621094,0.1635497063398361,0.5852087000645256,0.9378101368436124,0.2191970210768757,0.0026776633603376,0.2999999999999773,0.4939731184632024,0.6600832705897005,19205.mp3,ambient
260.62650793650795,101.33272058823528,0.5303153738632089,0.915274658203125,0.0962470024824142,0.5045508708485132,0.5747562116370102,0.3545106577619297,0.000432229525196,0.2999999824738993,0.6368188468785985,0.6072851515179494,23005.mp3,electronic
281.19351473922904,161.4990234375,0.5477091062829098,0.4692608947753911,0.0806448683142662,0.6512595137103521,0.9406634231062072,0.2026053855914281,0.0035838668259249,0.8927000710613268,0.5927864940365094,0.610474853785834,506005.mp3,ambiant
202.74666666666667,99.38401442307692,0.5093687539899727,0.6218374938964844,0.1375406831502914,0.2503068798848487,0.5069872535749024,0.0883115649754756,0.0037026996704919,0.6596539923029885,0.3511622058897721,0.6792822047561505,1166105.mp3,chillout
371.25002267573694,129.19921875,0.5814675836756227,1.0,0.1744592040777206,0.7269392339142207,0.9282102193892244,0.2059385671256093,0.0070224618347126,0.5626645626511018,0.6401412106875647,0.6347770713304666,235905.mp3,electronic
47.98492063492064,120.18531976744184,0.5742564866296528,0.9895936431884764,0.1137638092041015,0.6586869004887435,0.9626554218286228,0.6410492406810862,0.0051365258823336,0.4890461674167786,0.6530774850005625,0.6103394743133641,1167305.mp3,electronic
196.85750566893424,135.99917763157896,0.5740386898330849,0.1906391906738281,0.3087440431118011,0.6017039262917974,0.9006541950832058,0.8992577632782697,0.0012234405616673,0.2999983565352173,0.6012174147841788,0.6909043725634126,1357105.mp3,indie
77.91546485260771,135.99917763157896,0.5320145039734079,0.3831221160888672,0.1042748689651489,0.1116020108923925,0.2294539377683357,0.1246722288438617,0.0005235454943656,0.2872846878722142,0.3839842647204634,0.6607420998833609,1357405.mp3,classical
154.92,109.9567819148936,0.5223373710041344,1.0,0.0390343926846981,0.1968850152638473,0.3968880207816086,0.1007742586418669,0.0006006615403547,0.2999999973522184,0.3641284126135248,0.6412266988437864,1374305.mp3,classical
306.2073469387755,120.18531976744184,0.5848073705746482,0.540202362060547,0.2138726264238357,0.5029966883490065,0.8038083628514204,0.3767072477170269,0.0013297983479736,0.9543626247223094,0.5924765947974908,0.6584988265530827,1413905.mp3,electronic
225.3912925170068,114.84375,0.5806916289280155,0.6371686096191407,0.2060055881738662,0.4667707319726462,0.8896329361626646,0.1337556251837371,0.0060393981715265,0.6491462929634474,0.4659578717744533,0.6809704373877012,1127605.mp3,easylistening
255.34963718820865,126.04801829268293,0.5695622563624367,0.8667044372558594,0.2244177013635635,0.8864773863850564,1.0,0.5132779006247824,0.0050419672087486,0.7773689013221174,0.7020960365853659,0.6403711651738097,1095105.mp3,ambient
308.5139229024944,129.19921875,0.5711751062875832,0.6087191314697266,0.0815184861421585,0.2688244004775162,0.4171646001328913,0.2087385983365365,0.0001672956187286,0.4098373596082847,0.5841605333765101,0.612514548335875,988505.mp3,classical
216.0053333333333,119.6808510638298,0.5472920352087198,0.5171540069580078,0.0240101441740989,0.6015870777209585,0.9083406695283804,0.1122965321796815,0.0017617960474052,0.7305904351506977,0.5951019038870377,0.589623271125268,1068405.mp3,ambient
127.3043537414966,114.84375,0.5764063236889174,0.6069510650634765,0.1471016556024551,0.5789844263015871,0.938131606556785,0.3035560023665165,0.0029120652373233,0.4561738492947962,0.6202649831028452,0.6289035993963148,1087105.mp3,country
231.0791836734694,129.19921875,0.5808963392146401,0.3475628967285156,0.2366596907377243,0.6193186391937519,0.8890162881942426,0.704231775939142,0.0015856758839305,0.4542191414812152,0.6842328968990208,0.6483509092857765,275105.mp3,folk
244.19739229024944,139.6748310810811,0.5693491888649971,0.5919844512939454,0.1554271131753921,0.4362318478248032,0.7427065450838167,0.3320222543292277,0.0010776752909925,0.5917603721553663,0.527699811766932,0.6504137983897548,926205.mp3,folk
117.97333333333331,120.18531976744184,0.6279619259976454,0.2545585784912109,0.3360084891319275,0.6606383320394313,0.8676278009322702,1.0,0.0018674621736422,0.64896936777432,0.6217935918987074,0.6966043377077524,110805.mp3,hardcore
1648.518775510204,120.18531976744184,0.5667004161637286,0.2397751617431642,0.1754185110330581,0.5097292491607083,0.8645228456307507,0.3991511029820986,0.0005619292115656,0.6838522018641463,0.6194503443910173,0.6392605950936975,1364105.mp3,electronic
152.16666666666666,95.703125,0.5924448153161865,0.6511286621093751,0.1156944707036018,0.5666806854093825,0.7674863253591108,0.3236475761415888,0.0013605434503137,0.4944109622646808,0.5131434895220259,0.6390213115488915,1028805.mp3,chillout
155.8726530612245,161.4990234375,0.5423714467783878,0.2565479278564453,0.1864918768405914,0.62375777404576,0.8691434112677199,0.9077388975885886,0.0007420581739948,0.7090861680322758,0.7558050596084719,0.6159760637409186,381705.mp3,reggae
320.0,109.9567819148936,0.5567975088854293,0.6889009094238281,0.1495455801486969,0.5145123388554856,0.8626162775985013,0.3176594993465081,0.0014867672855476,0.5326560203467046,0.580791108870909,0.6376781870793491,266105.mp3,downtempo
133.22448979591837,129.19921875,0.5597868138522922,0.3923470306396484,0.1572127044200897,0.5446362961096579,0.8926610290209369,0.2852829659352711,0.0034206746527755,0.8790998474681191,0.5371977736777717,0.6491570188556779,283205.mp3,dance
306.03714285714284,123.046875,0.5465898926301984,0.835767387390137,0.0826956927776336,0.6286724398597613,0.8651048291352935,0.1412585587919612,0.0017750153148147,0.2999999999999128,0.6784000309626642,0.5940904432074152,677105.mp3,ambiant
140.14666666666668,123.046875,0.4506487800194925,0.3894759521484374,0.059621937572956,0.2301880405181983,0.3570298688655668,0.1597395302978874,0.0001502898272761,0.2866555606409894,0.5198734745202884,0.6174892026222065,1171005.mp3,ambient
104.93068027210884,92.28515625,0.5810132499529321,0.6810009384155273,0.0706282258033752,0.2908776558854048,0.5576881810530028,0.1573804910432374,0.0006095557460025,0.299999999999507,0.4755913894153101,0.6303078834061531,1195905.mp3,celtic
239.99972789115645,117.45383522727272,0.5985206416014638,0.299751449584961,0.2563889324665069,0.5297929483875615,0.7422170821628937,0.8255255134788191,0.0005606445284335,0.5310187085564353,0.5450730585437201,0.6832854039791986,429205.mp3,grunge
136.05857142857144,112.34714673913044,0.5492477798918506,0.8545369033813478,0.0132668064907193,0.1773631759119354,0.3500901434270758,0.0771243652709564,0.0017755320284537,0.2996462975803923,0.3731628971565434,0.6301434709053503,1187705.mp3,ambient
200.9520181405896,172.265625,0.5559611718055124,0.5177903137207032,0.2150566279888153,0.3868936517349102,0.6783585780694236,0.2124508749853805,0.0012083137208475,0.2999999999999991,0.6560282408050662,0.6462147379149602,429005.mp3,pop
152.01780045351475,147.65625,0.6079468595005838,0.4930715789794923,0.2103883028030395,0.5880810200323282,1.0,0.3433331967350527,0.0028292401090423,0.9037221845776778,0.5801218008019571,0.6597154288487028,1135705.mp3,electronic
283.1333333333333,114.84375,0.5630726483170856,0.638494155883789,0.0078417425975203,0.1612843458416483,0.39965047943104,0.0706252975273725,0.0010567843997453,0.261878763131376,0.4575830659687768,0.611306414141352,1169705.mp3,classical
268.88,117.45383522727272,0.6168748598989466,0.6974909744262695,0.1258915513753891,0.2047047024130483,0.4214320738719655,0.3027770756982181,0.0001448805228924,0.2950649338625863,0.3726516957619408,0.670790619342752,134105.mp3,alternative
263.81333333333333,129.19921875,0.5498157774539874,0.2080695495605468,0.1867673099040985,0.6065744691056064,0.7994116031777903,0.965981819216159,0.0005006431408495,0.2999917941362902,0.6204980971159799,0.6431366121422795,400405.mp3,popfolk
194.5077551020408,132.51201923076923,0.5848626251193249,0.5889550704956055,0.107867881655693,0.3211775727695136,0.606188354410829,0.2153803824059489,0.0010494295854243,0.5686409037026624,0.4271862832495254,0.6533951807461444,866705.mp3,classical
223.7126530612245,120.18531976744184,0.5209687466669969,0.59167724609375,0.0620556510984897,0.2864100534442779,0.4529983391765188,0.1466715607477818,0.0005364613431595,0.2988488987560491,0.5269591151267523,0.6169482113701058,477305.mp3,orchestral
204.0,90.66611842105264,0.5864396096459734,0.6885382995605468,0.2259638905525207,0.536820553832932,0.7996975288890701,0.4680919755930999,0.0013141392843673,0.3745629947695562,0.5600609070554031,0.6693348191878268,1210705.mp3,electronic
452.5110884353742,129.19921875,0.5502031608308108,0.7605965270996091,0.1067845448851585,0.2019648688230972,0.3974755812203036,0.1798547861559381,0.0004528862637733,0.2901380050165828,0.3460201148191346,0.6692384131948301,1395105.mp3,ambient
207.4062585034013,126.04801829268293,0.5768865168180397,0.6266239013671875,0.1913524717092514,0.198766558763652,0.6179482018364238,0.1295185435481559,0.0009343851900978,0.2999999981024959,0.408628385098947,0.6871612127955411,1268905.mp3,avantgarde
185.00024943310652,161.4990234375,0.5659554880518005,0.3589513244628906,0.0830422714352607,0.5746846526230659,0.887564110886194,0.3215079553368486,0.0018264564074329,0.4847844662228122,0.715162025080186,0.5868628127006567,1270605.mp3,improvisation
212.6862358276644,139.6748310810811,0.5714143283022107,1.0,0.3223539888858795,0.8450558192832154,1.0,0.7673756523591436,0.0104115217641747,0.2999999868214683,0.6760261513133632,0.680842205736244,1248105.mp3,8bit
37.81702947845805,92.28515625,0.5064545331595445,0.6119054718017578,0.1019015312194824,0.8476616268897474,1.0,0.363416131398883,0.0210930603124161,0.8104577198694359,0.692907766638314,0.5981029979113509,74605.mp3,pop
247.74666666666667,109.9567819148936,0.5806851892210917,0.4929227294921876,0.0785793736577034,0.3804188451149363,0.570273423551632,0.4788655222072371,0.0001752659926462,0.2999999996232756,0.549574923055452,0.6183735899056828,80705.mp3,chillout
234.64,135.99917763157896,0.5654565010200052,0.2855091857910156,0.2337996214628219,0.8331297695951877,1.0,0.8692737956027325,0.0058976955550571,0.6341916311187643,0.8119936297269399,0.6217691377812279,686505.mp3,pop
182.0,92.28515625,0.5424385998468065,0.776680679321289,0.0662564784288406,0.1261851539217355,0.217452906653473,0.1301773454042507,0.0002499522720649,0.2999999852153552,0.2194016184423207,0.6799720085459185,1210605.mp3,atmospheric
223.68256235827664,107.666015625,0.5874025449784932,0.7878553466796875,0.1620861589908599,0.7775267242339986,0.8909243246939158,0.646005871279972,0.0019356971169098,0.6258591411982548,0.6509421059835658,0.6281625960399964,213405.mp3,electronic
174.54546485260772,109.9567819148936,0.5801966363305942,0.5815821533203125,0.1640205383300781,0.7502957239579805,1.0,0.2572436672155215,0.007845609457014,0.9117822728611048,0.5878747292930103,0.6414724479402261,1164205.mp3,electronic
138.76825396825396,132.51201923076923,0.6107341359256047,0.1767005004882812,0.1868997663259506,0.7296292644479165,0.9568239437130568,1.0,0.0013453114105205,0.8348326867277798,0.7707270622410488,0.6131385034291325,1323005.mp3,alternative
663.5066666666667,126.04801829268293,0.5932237938253673,0.4860711364746093,0.2226253747940063,0.4555630843990327,0.6791462543698307,0.541966242024625,0.0008318624841257,0.2999877224358981,0.5215239085162702,0.6758403532225883,1352705.mp3,alternative
176.3004081632653,129.19921875,0.5632146230852035,0.529501953125,0.1447959393262863,0.8869438789247666,1.0,0.981071140620533,0.0024322158604098,0.7121592338909513,0.7983984375,0.592446850657463,1291605.mp3,electronic
122.5,120.18531976744184,0.5142863455422138,0.9019849472045898,0.1250846087932586,0.5135228579697005,0.8979157540554059,0.183635976996616,0.0022862573186516,0.5626950694890503,0.6111868557390697,0.6227930880177592,1119405.mp3,classical
209.97333333333333,135.99917763157896,0.5724091409482559,0.2012966156005859,0.1062913537025451,0.5245036298570503,0.6765931282794293,0.7243586873555343,0.0004053094614961,0.7930116030768308,0.5801792772241307,0.6222290318880901,1393405.mp3,alternative
217.76834467120185,139.6748310810811,0.5839223700955604,0.6135278930664063,0.231709286570549,0.5125077076996252,0.7272907814557168,0.2959156288438884,0.0006809269600888,0.3,0.5799602668845416,0.6674232897884893,146605.mp3,dance
246.66666666666663,178.20581896551724,0.5902845030436128,0.541042938232422,0.2099070250988006,0.6591567638955118,0.8853158979583867,0.6210382642255377,0.0014267176178972,0.8702189035118606,0.7320278997119676,0.6291609490931748,387705.mp3,easylistening
190.9028571428572,139.6748310810811,0.5688969373980104,0.4805035247802733,0.1916910409927368,0.876631332088051,1.0,0.6533808758180016,0.003600852610742,0.9545326234372064,0.7742939166204752,0.6141499914332902,1391905.mp3,dance
149.56850340136054,120.18531976744184,0.5228500794448274,0.3644763793945313,0.1707588136196136,0.3322988457312343,0.6972052927009182,0.1203677374039905,0.0053825975895265,0.7130365251901181,0.3331007419817878,0.6948530245067033,727905.mp3,easylistening
207.9869387755102,156.60511363636363,0.5539307246950576,0.1994550781249999,0.1813535094261169,0.6542921145271098,0.8144236000467928,1.0,0.0003344215565941,0.8801431791200731,0.5503008400180782,0.6552270953897864,230905.mp3,blues
188.6038775510204,87.5926906779661,0.5540039687654613,0.3898928527832032,0.1300694942474365,0.3707504689604172,0.6386515265971833,0.2316384028106209,0.0006022708395718,0.2999999999999757,0.3991477057174585,0.6669954767855855,588705.mp3,atmospheric
208.5616326530612,139.6748310810811,0.5395595102845853,0.2578611450195312,0.2211092561483383,0.1344574824469215,0.5329831527852619,0.0766441522472558,0.0038652750801943,0.7186838392023568,0.2241992285679854,0.7347594864998047,389705.mp3,experimental
205.5140136054422,139.6748310810811,0.5612162719753491,0.7308254241943359,0.2704927325248718,0.6694598706801169,0.9544746814618928,0.2267515590080768,0.0040080640083077,0.3,0.6404621252599679,0.6692849586569602,132205.mp3,dance
181.6266666666667,156.60511363636363,0.5380855937786593,0.2782643737792969,0.125762864947319,0.3380683824859044,0.5067249286939974,0.3012096126713904,0.0001806844546921,0.7003758297201774,0.4621424591945641,0.652846139542122,167505.mp3,instrumentalpop
161.14358276643992,139.6748310810811,0.5248030627327849,0.8792230377197265,0.3025503158569336,0.5947819361817741,0.8400754330218373,0.2688869754691783,0.0029582395492648,0.8195684247035702,0.5816791829286072,0.6925822771227745,1230805.mp3,experimental
132.04897959183674,120.18531976744184,0.5218563612125312,0.3604730224609376,0.0606346428394317,0.3941463995479827,0.6814309640501793,0.1823272590032037,0.0013868824827391,0.8267065754288517,0.5536128110655404,0.6111059092090874,374605.mp3,pop
189.5585208333333,148.02631578947367,0.5205377788463945,0.2390145263671874,0.2009158730506897,0.1831140225268335,0.3899983084772822,0.1994900171824135,0.0002153738783978,0.4903431980843553,0.5208315442765459,0.6681634054429392,1148305.mp3,classical
120.0,92.28515625,0.5581539153092778,0.4555001068115234,0.2346504628658294,0.5115963644524765,0.7874592803295986,0.40741287850185,0.0013798449389996,0.8931140682801499,0.4667555265995258,0.6911230613117935,1086705.mp3,funk
248.15419501133783,129.19921875,0.5890301715641333,0.592043212890625,0.1812731027603149,0.3371678894554892,0.5951022825248129,0.4342316930537726,0.0002482481150187,0.4640082458275131,0.4101883820579793,0.6832206405821175,682405.mp3,choir
415.0,97.50884433962264,0.5670064715493148,0.3300962066650391,0.1760091036558151,0.762565895132252,1.0,0.3652895155930802,0.0063228568675071,0.7075766477516927,0.5747623029360676,0.64841081672888,1410605.mp3,classical
115.392,125.0,0.5122151783263487,0.8043804168701172,0.1252925097942352,0.2290607066827958,0.6188444170902461,0.2532545499223362,4.808816960634032e-05,0.2535201360683749,0.5233959053300375,0.6404261224599171,156205.mp3,ambient
96.3134693877551,120.18531976744184,0.5800705269292205,0.1494383239746093,0.3011529147624969,0.4964213067013748,0.873877104779846,0.4130053860808618,0.0015176395784388,0.7792562791974724,0.478564410565941,0.7127021672013106,1400605.mp3,experimental
323.17333333333335,120.18531976744184,0.5879151895539887,0.7046880722045898,0.1356920301914215,0.4106672889799924,0.6467785957084029,0.2191051069154174,0.0007578858918063,0.7588173386772443,0.4680899876232142,0.6552311333442689,20805.mp3,alternative
326.33122448979594,161.4990234375,0.5621499130957079,0.5863262329101563,0.1491042077541351,0.3459886978608647,0.645165526994859,0.2537926881332283,0.0004662838006366,0.299999114464517,0.5363773867824391,0.6464020374350008,1078705.mp3,alternative
143.63315192743764,105.46875,0.5849057323487221,0.1739563903808593,0.2002826780080795,0.4964833178952533,0.6800784495152483,0.7592955769518899,0.0002735224816941,0.5547858461713097,0.6019284955999449,0.6517160649629197,1124505.mp3,bluesrock
96.0,86.1328125,0.5519030812042807,0.4049448547363281,0.0443030074238777,0.4805120593640032,0.652077707612825,0.4718345628250091,0.0002451112122287,0.967564993138258,0.559546943029113,0.6040396940667734,1332905.mp3,blues
165.50918367346938,139.6748310810811,0.531193512363985,0.2743495178222656,0.1631027162075042,0.5389541651457401,0.8135745009067007,0.5000872546604254,0.0007223157063072,0.7079378923821444,0.6832448962446129,0.622067998585779,1234305.mp3,orchestral
30.666666666666668,120.18531976744184,0.5522876352943595,0.8013888549804687,0.2947407364845276,0.3331399601268591,0.7076641081684818,0.2956887797492661,0.0006242833226079,0.2999999999999993,0.423522414909142,0.7214021821526015,1341605.mp3,electronic
315.0,160.71428571428572,0.5677522560317065,0.4853240509033203,0.2276659905910492,0.6819242800136034,0.8094119839962883,0.4706380511590569,0.0007756757520035,0.9500121646707412,0.8026701525406849,0.6214257261046406,10805.mp3,electronic
297.2154195011338,105.46875,0.4968160967131467,0.5261276245117188,0.1414595544338226,0.8295689553576807,1.0,0.4309239063641759,0.0056604907253049,0.3,0.7387672295515801,0.60317199368586,1072505.mp3,ambient
292.00666666666666,95.703125,0.5597405705096792,0.4308166961669921,0.2402767539024353,0.6501132942063413,0.91425219522804,0.6235390290448706,0.0017403301890758,0.8548826131060696,0.5406529741136679,0.6783690365821431,810905.mp3,indie
210.08,123.046875,0.5592467961479324,0.969551300048828,0.1059440821409225,0.7697438201647925,0.9371591663945702,0.3161091529124741,0.0031067576778986,0.3,0.6878360461402586,0.6005726603426804,288505.mp3,disco
240.9659183673469,120.18531976744184,0.533555787748746,0.6407123184204102,0.0847028195858001,0.2113724261876213,0.4643214459039134,0.1326962758931887,0.0008725263211667,0.6297309590438438,0.3315137353750628,0.6641902679758755,26405.mp3,easylistening
206.52,123.046875,0.6122161831524326,0.5399373474121092,0.0561363622546196,0.2637738902988795,0.3874779307248909,0.4739478630943485,1.8268329162263867e-05,0.2943920313399245,0.549165578925825,0.6103759746264981,1390505.mp3,ambient
202.0,105.46875,0.5756690626927086,0.2619021911621093,0.2839468717575073,0.5104585340545387,0.7249601812483579,0.6584521958789333,0.0004412965511028,0.5585487728655997,0.5936048798999213,0.6834998978527184,1119005.mp3,rock
113.441179138322,151.99908088235293,0.5655307181900557,0.6678295135498047,0.127199113368988,0.6650342283073364,0.9891681266826778,0.5901415692421353,0.0022127379746873,0.3609954460437152,0.751961114212242,0.5953994579703873,1417805.mp3,ambient
76.83325,108.17307692307692,0.5578625298238649,1.0,0.1592643409967422,0.4014729987957143,0.6970918574054735,0.0619628661583673,0.0103806480986667,0.3836518283395909,0.4715229842814787,0.6630305659025315,1110005.mp3,electronic
347.8303401360544,161.4990234375,0.5749526547763679,0.3736759490966797,0.2153677940368652,0.618859589233837,0.989677895714403,0.3622493405841935,0.0054659994192198,0.5038456255904837,0.7172879634800213,0.6340748131572672,1274505.mp3,90s
233.79591836734693,114.84375,0.5481792549967468,0.4632561340332031,0.117676205933094,0.5442107190977695,0.8156021467049803,0.2185420597874665,0.0018041001761669,0.3211583447713119,0.5441812314398262,0.6335271878479486,312405.mp3,electronic
170.35519274376418,147.65625,0.5923628503816789,0.6505889816284178,0.1500411480665207,0.9412882095807876,1.0,0.4804489107995891,0.0107108230437801,0.2999999999999999,0.6450176886792454,0.6250112755680983,718305.mp3,acidjazz
537.8089795918368,132.51201923076923,0.5303578514793593,0.4796700897216798,0.1626280099153518,0.6304810827957565,0.8985516275496658,0.3436109607620555,0.0021086187151603,0.2999999999876455,0.6499252839511244,0.6285610267793017,1146205.mp3,ambient
90.0,92.28515625,0.5428244041592267,0.4483301620483398,0.0891123488545417,0.1616883445774602,0.3097156570557874,0.1897807646807118,6.844250905404118e-05,0.2999842325884401,0.3236791790719966,0.6673446097732357,1116405.mp3,classical
274.2857142857143,97.50884433962264,0.5760942557864905,0.6338032531738281,0.0963299050927162,0.2099651794642274,0.5272300095637584,0.159327983019947,0.000963163553598,0.2999999999997995,0.3274432323601671,0.6691901193613444,1161205.mp3,electronic
130.0,97.50884433962264,0.5631590311972052,0.5188106079101563,0.177540436387062,0.4603553860482341,0.7897019883807984,0.460495123258073,0.0012016421947386,0.4863505497118789,0.5375001580759707,0.6564145254841482,1031105.mp3,orchestral
256.8359183673469,99.38401442307692,0.5853164486280533,0.5141575317382812,0.2341723889112472,0.6943542711023695,1.0,0.4390424709743639,0.0029463198083309,0.6259555811071194,0.6434264867671832,0.6556167626546123,1036705.mp3,hiphop
292.6902267573696,139.6748310810811,0.5922571512745838,0.4382014465332031,0.2153527289628982,0.9425834891862744,1.0,0.7469873293790651,0.0053498530392844,0.2999999972033159,0.7293496621621622,0.6316570499942109,1125105.mp3,trance
69.0,126.04801829268293,0.5255435485181662,0.3887179946899414,0.0460501946508884,0.30386782729881,0.431333901275572,0.3075928175163313,0.0001321644439738,0.6534948591089906,0.4618257666539421,0.6242129167435315,1170405.mp3,classical
99.72,140.625,0.6012319695452772,0.6850475158691407,0.2275960892438888,0.5839984475144964,0.7737567378215359,0.5181584570150974,0.0005639258602554,0.5672278479582481,0.6157260490309933,0.6587893823216013,887205.mp3,electronic
173.56,103.359375,0.5582478854751078,0.4110839996337891,0.2040639966726303,0.4954330026676694,0.8946780458511231,0.2190253691165674,0.0025363795383213,0.5106744721535162,0.4502692499537558,0.6834091888113958,1194605.mp3,bossanova
79.31936507936508,120.18531976744184,0.5690187873439598,1.0,0.0663017928600311,0.2670432388840231,0.4491052914198362,0.0983926640085953,0.0004724483674284,0.2578438563626633,0.5557811773304013,0.6127124099635309,1336205.mp3,soundtrack
254.5,120.18531976744184,0.5433460347127289,0.5266722106933593,0.1568032056093216,0.4869594344199909,0.6935296058770763,0.4192567323237212,0.0006070843563715,0.3,0.6017320796142667,0.6361027380965025,1276505.mp3,funk
69.15709750566893,132.51201923076923,0.5782979860283992,1.0,0.0772093832492828,0.3029841000282331,0.5427743326387628,0.3007349418802229,0.000287043241718,0.2999886917573466,0.5428933913878157,0.6192166996921787,1162605.mp3,pop
119.7384807256236,112.34714673913044,0.5917315080346821,0.3589065093994141,0.2504191696643829,0.6345646120072722,0.8014794339039002,0.9159773360386309,0.0006058753023635,0.2999974166156925,0.7997740588411252,0.6301960893109528,1131105.mp3,alternative
279.8414375,119.6808510638298,0.5485121105145814,0.9317442321777344,0.0571097321808338,0.3200248750844821,0.5197311400622847,0.1367757577560529,0.0006847288898084,0.2910069385667092,0.4226223406642814,0.6360350354522439,729305.mp3,classical
276.7241458333333,117.1875,0.5828691517438538,1.0,0.1650684624910354,0.4842505570385683,0.7355836289383482,0.23592021157077,0.001025601464657,0.6931260322596744,0.4952642618673783,0.6603717941232972,958805.mp3,downtempo
507.3502040816326,117.45383522727272,0.5370880420572934,1.0,0.0948067083954811,0.2747811596275255,0.4316322347257524,0.1407835017022939,0.0011638419187164,0.2884922249341801,0.5143439187781889,0.6312616312667355,1104905.mp3,ambient
211.80081632653065,107.666015625,0.5936216362432993,0.905291015625,0.0961729660630226,0.2580490278654243,0.466402509563333,0.1931043149501874,0.0006201618346653,0.2999997325050032,0.4838278667216181,0.6378566944383646,1024405.mp3,classical
395.0533333333333,120.18531976744184,0.5370431293748603,0.2860770263671874,0.1000035181641578,0.5566583569854363,0.8470252911045674,0.4563588952569907,0.0015865556340886,0.2999999605598625,0.6295757824704841,0.610086110045,1027705.mp3,ambient
131.831,140.625,0.6140162380519296,0.3605330047607422,0.1439369767904281,0.1771590292320171,0.4260722512101355,0.2334237114215802,0.0002635182481464,0.6858504265647918,0.4013463694894363,0.6715480377466669,1012005.mp3,ambiant
240.0,120.18531976744184,0.574151425182249,0.4849644622802734,0.2297157496213913,0.7938269504257233,0.955170802147964,0.8757662066752246,0.0019504741740728,0.314458836465689,0.6888273771413146,0.6449321944354379,1066805.mp3,indie
285.24743764172337,129.19921875,0.5723425105517583,0.7472732467651367,0.0986988320946693,0.1056212972493442,0.3399348285306593,0.1225255864280254,0.0005079900610003,0.2999999916371661,0.4494674300306918,0.6456380935479425,933505.mp3,ambient
513.7778004535147,135.99917763157896,0.5863829299711846,0.7420168914794928,0.1122035831212997,0.5970052502090264,0.9156951660027948,0.1273667420996531,0.0060015796196438,0.2999999999999997,0.5848101784119143,0.623431254241285,1402705.mp3,dance
319.79102040816326,120.18531976744184,0.5862218600637709,0.4562155151367188,0.1158541068434715,1.0,1.0,1.0,0.0345564343095615,0.7774458251613643,0.6903706395348838,0.603633350556673,1146605.mp3,fusion
138.69333333333333,120.18531976744184,0.5405000223104821,1.0,0.0281488373875617,0.1494248889154045,0.257232303297383,0.1417108489323781,0.0002587275171447,0.2999975816509027,0.4636259531935917,0.6174083908208039,1028905.mp3,classical
162.8734693877551,117.45383522727272,0.5980314021265989,0.8768400115966799,0.0673221349716186,0.0780730710778301,0.3499529768888632,0.0428335729647124,0.0034045271070236,0.2933133767303253,0.3254072643682802,0.6591545157161267,1044305.mp3,ambient
264.0,120.18531976744184,0.5784241839265585,0.6084947204589843,0.2007737755775451,0.6178628034435885,1.0,0.1986880322629083,0.0037399061435293,0.2999999999999996,0.5198167146674387,0.6683152162744286,114405.mp3,electronic
284.14522916666664,114.79591836734694,0.5355201786512034,0.8879636840820312,0.1465153843164444,0.2434339318774908,0.5307985795983152,0.1623121793739053,0.0006877944227338,0.2999430928863884,0.3889318326526571,0.6749591718233885,1137205.mp3,ambient
233.0,103.359375,0.5396687484287106,0.3344725646972656,0.2458553910255432,0.5078028332552134,0.7514574879741305,0.4477158680600708,0.0008088521539776,0.8647743854346596,0.5049764375168031,0.6875126532658349,1354105.mp3,country
264.7733333333333,123.046875,0.5615263873042731,0.5422588348388672,0.2067362666130066,0.5778810439681816,0.8194364872079054,0.5846897371894003,0.0016114529571928,0.3399642737814852,0.5688226021385638,0.6606605355529697,451205.mp3,pop
228.9398866213152,129.19921875,0.5845651434860835,0.3953348236083984,0.1362012028694152,0.6480674205702495,0.8812655467795176,0.5269400880621382,0.0015197008225427,0.2999999999999849,0.7148412204759802,0.6060641889377935,1086305.mp3,dance
357.7071041666667,156.25,0.5253389059742515,0.2536023712158203,0.208774596452713,0.5899062062052777,0.8417754867886313,0.4379754992087135,0.0010869308614018,0.5746051308302057,0.4600860795034129,0.6831416388222941,1165005.mp3,alternative
255.2816326530612,120.18531976744184,0.5717405279810328,0.2169797973632812,0.2912560999393463,0.3134129149994624,0.4661582791482966,0.4981774701097777,6.31817293073119e-05,0.4942693179941601,0.3846514375694368,0.7279219084642773,82805.mp3,alternative
153.45333333333335,112.34714673913044,0.5938569978710064,0.2286665039062499,0.157865822315216,0.4870995039315082,0.6108421066199028,1.0,3.2682285059223306e-05,0.8798630698772274,0.5826697819586298,0.6402977396417519,7205.mp3,punk
184.0378231292517,120.18531976744184,0.5285528761627101,0.6765233688354493,0.0542220100760459,0.2443235093629743,0.421874681055395,0.1396182985296923,0.0006057791627883,0.2711172550350119,0.5462983085008496,0.6102602619272066,702505.mp3,soundtrack
243.9333106575964,123.046875,0.5754049037420502,0.3611322021484375,0.2149286270141601,0.5857662152045052,0.803093850517965,0.5162199591154923,0.0005760419980919,0.4653745684158258,0.5748626133800373,0.6624017830490901,1373105.mp3,electronik
206.9812471655329,151.99908088235293,0.5929782368329285,0.936098861694336,0.0709863826632499,0.4786222476244025,0.6740350038471832,0.1377797052594712,0.0016097007276162,0.7351201172538311,0.5774860139059703,0.6100578949775759,259505.mp3,classical
294.85716553287983,139.6748310810811,0.5834315017491178,0.5250923461914063,0.1287837326526641,0.3377347282043843,0.7346800938821985,0.17110893643094,0.0006799468387479,0.3975676037670149,0.3775005766400239,0.6708620284269543,186605.mp3,easylistening
289.6666666666667,166.70866935483872,0.5480002573570812,0.4945493011474609,0.2478296756744384,0.3246548434941851,0.5835898855582854,0.3581328510679896,0.0003227131715403,0.3097389883309391,0.5307102219905383,0.6830766388446902,37705.mp3,electronic
187.50666666666663,120.18531976744184,0.540005869561627,0.1842747497558593,0.2524640262126922,0.1396320773759405,0.3130523796402343,0.2350931981860218,7.558719300329877e-05,0.4635386138796786,0.5591231632398739,0.6790624167885945,1062505.mp3,ambient
418.3266439909297,139.6748310810811,0.5722918089615343,0.5494345855712891,0.1788705140352249,0.9056233089556542,1.0,0.2622259888229433,0.0149781227314295,0.8143146345796861,0.7767490040232162,0.6090435842480377,950105.mp3,90s
184.68571428571428,129.19921875,0.5737163860833456,0.7972247619628906,0.1245206519961357,0.8660855621142614,1.0,0.1785955218113911,0.0053072462529211,0.9688643902690236,0.6948495597733844,0.605857522763932,434005.mp3,electronic
221.68,120.18531976744184,0.5754932726331689,0.567676887512207,0.1216970086097717,0.1881457651237116,0.3581844609475981,0.2656921980343716,0.000118552184581,0.2941223864169172,0.4858710167534628,0.6466367197488253,202205.mp3,electronic
115.34034013605442,129.19921875,0.5528844446524603,0.6057694396972656,0.0691435933113098,0.2419230182467212,0.5454171792835361,0.1248584089263137,0.0004219213309281,0.6786968800140606,0.4223900005984191,0.6404136934723877,1412805.mp3,blues
154.561179138322,120.18531976744184,0.6507288367111772,0.4395214233398439,0.1660059094429016,0.3706030588677565,0.7297941284902718,0.2746396791692697,0.0007005641823531,0.6375203449915806,0.3553903975164499,0.6886840478961546,558405.mp3,gothic
219.5911111111111,123.046875,0.5710161781736429,0.6118884887695314,0.1733323633670807,0.1386629967960796,0.2444964901761925,0.177892110404054,0.0001077433042795,0.2708239717756356,0.4296484379959403,0.6764699632129609,123505.mp3,ambient
340.8,132.51201923076923,0.5475781917842314,0.6001755676269533,0.2708260715007782,0.6991967629283137,0.972210934458694,0.4467252431338825,0.0021162337688594,0.7572002628489047,0.6330247174409342,0.6708924422520932,1147905.mp3,ambient
100.51020408163264,97.50884433962264,0.544679377303338,0.954697151184082,0.0251018609851598,0.2355524419694429,0.4007332578857867,0.1637695857208052,0.0002409825261238,0.2999755961472207,0.3609971196326199,0.6368372460281336,1193305.mp3,chillout
215.38829931972788,161.4990234375,0.6208096031697325,0.3511946411132813,0.180166020989418,0.316765121507207,0.4936840648408283,0.4592851330335111,0.0001012468241641,0.4739716812270961,0.5344856539914126,0.657962636757908,365605.mp3,ambient
208.145328798186,161.4990234375,0.5746652524954157,0.3919283752441406,0.0735908076167106,0.7465272160081047,0.9357127212240972,0.6848740764723728,0.0012305485202665,0.5254190835730569,0.7596298508770261,0.5745667205666106,695805.mp3,instrumentalrock
204.0,139.6748310810811,0.5345484555971919,0.8797747802734375,0.129809021949768,0.3276238801563937,0.5279597730136285,0.1209710015379234,0.0016562276907817,0.2999999999964095,0.486223476552359,0.6494865525914447,34405.mp3,ambient
196.6621315192744,129.19921875,0.5766825131756934,0.9938372039794922,0.230600818991661,0.6437165184864134,1.0,0.2532032712298788,0.0085889988180798,0.3,0.5432797513010602,0.674360344576786,217705.mp3,dance
181.23660416666667,98.6842105263158,0.5565557519986013,0.4005413818359375,0.0954206213355064,0.614003101427188,0.766928807972522,0.2870248381137216,0.0010810738621574,0.2999999999999999,0.6562439145506503,0.6031026407706522,108305.mp3,easylistening
123.28798185941044,135.99917763157896,0.5499028699056954,1.0,0.0499867983162403,0.2588845896369936,0.4299762843177576,0.1148458959165862,0.000656755335637,0.2998825704968992,0.4547464602112481,0.6270459553515969,233805.mp3,classical
261.5018594104308,89.10290948275862,0.5502814799507938,0.4632190856933593,0.2154349833726883,0.7495060739592314,0.9950243801558736,0.4625338392435602,0.0039312892958653,0.3819735756037834,0.6761824820233414,0.6423200976094995,1133505.mp3,club
153.50158333333334,114.79591836734694,0.5445990973516335,0.7688524627685547,0.1296561807394027,0.1599468458783703,0.2930362275197897,0.0779762419262716,0.0023790742114492,0.2999999999995397,0.4608714569667074,0.6545019336728435,1115605.mp3,ambient
223.7143083900227,139.6748310810811,0.5759486659454688,0.3167957458496095,0.2754162847995758,0.4254509495569443,0.6921393290144805,0.3914111407849937,0.0004450584248244,0.726396573802905,0.6060286598491409,0.6779441305580192,316305.mp3,rnb
154.38961451247167,126.04801829268293,0.5033780222412998,0.2162764587402343,0.3181268870830536,0.3065915912546884,0.5891073388111793,0.2276672186979031,0.0003208361253479,0.9334434200840256,0.4470608077364106,0.7251135178026172,1302905.mp3,atmospheric
349.7142857142857,139.6748310810811,0.5913403881283992,0.6160840225219726,0.1282147765159607,0.7433303875514674,0.9901665015253056,0.7185314679652341,0.0040234594994098,0.3162673886533151,0.7540778246353986,0.5953417546186661,11005.mp3,electronic
193.33160997732423,112.34714673913044,0.5442387603354046,0.3437686767578125,0.1659259647130966,0.3307889367800556,0.5140475244589706,0.3594152082756641,0.0002005137293231,0.8922407682683815,0.5209744242422113,0.6555384624482725,710605.mp3,alternative
157.74562358276643,123.046875,0.5860864638268735,0.6574766998291015,0.0564636625349521,0.1817144303815375,0.3147052073679121,0.1057719508605153,0.0005623486542008,0.2983838204774902,0.3995978199608503,0.6404073545204126,1400505.mp3,ambient
147.69231292517006,129.19921875,0.568447600859939,0.552377197265625,0.2279438078403473,0.6105833094090073,0.9151252083111858,0.3689966679575615,0.0039431771045143,0.8413394064033055,0.565045714727468,0.6690506278770314,1297205.mp3,dance
156.45024943310656,90.66611842105264,0.5708943776875327,0.46289794921875,0.1983292251825332,0.7794946101617668,1.0,0.393096308523192,0.0061968918448493,0.7300589765869039,0.5727567888983529,0.6568471632860414,1289105.mp3,chillout
330.1104535147392,129.19921875,0.5353199107874309,0.3035485229492187,0.2039816230535507,0.6352800387585217,0.972559536706153,0.3274487602440911,0.003800778220015,0.61273628879919,0.5872341798951941,0.6559865483202394,242605.mp3,metal
196.6,143.5546875,0.5784799422747309,0.1644583587646484,0.3068361282348633,0.6135379699789748,0.946837849440655,0.7274641578351535,0.0022698816790091,0.7341128583575376,0.5971594745943658,0.6910291112456777,1357005.mp3,indie
426.4663492063492,129.19921875,0.5815123908496214,0.6838702087402345,0.1721018999814987,0.6962857856601863,0.9296277175587362,0.4605596217397396,0.0021937585418195,0.7474754669543471,0.7155182519526422,0.6188530336028111,1097205.mp3,electrohouse
251.100589569161,135.99917763157896,0.4740505383983956,0.8313522338867189,0.0819128304719924,0.3341265086954785,0.6286479837587696,0.175123056330198,0.0031608637737031,0.6091369092548417,0.5711129723152308,0.6152660245068711,1251905.mp3,pop
499.3466666666667,126.04801829268293,0.5972617178717434,0.6824452209472657,0.1092247366905212,0.6510585034082493,0.9473378664269562,0.1958544921293531,0.0053093056235577,0.800810729526324,0.6616393516826212,0.6069930348720635,373005.mp3,easylistening
158.17142857142858,147.65625,0.5773347546921568,0.2825313568115234,0.2643349170684814,0.5592006120512696,0.9268678781860205,0.3916993684029617,0.0012147562707603,0.4305065273622086,0.59956421539813,0.6752477270650273,1374705.mp3,grunge
253.1526530612245,109.9567819148936,0.5904197557860265,0.2175390625,0.2734540402889251,0.5293842468701352,0.7577627586593633,0.6775756287716511,0.0010166369692937,0.3554809626086174,0.5066580341364171,0.6971118476767296,398305.mp3,alternative
202.0134240362812,129.19921875,0.5735000659598494,0.337933837890625,0.2869676351547241,0.8590272623704943,1.0,0.7142842724978973,0.0060487082766951,0.539729591447055,0.6972951463721263,0.6638493193812754,1336605.mp3,90s
193.3791156462585,123.046875,0.5790189609127327,0.5249210815429687,0.2755797207355499,0.6975704535847472,0.961561370627478,0.4840874048411493,0.0037256127043075,0.4412318193696116,0.6749515422624293,0.6642183910123121,1420705.mp3,dance
130.7849433106576,123.046875,0.6152649883667263,1.0,0.1050029620528221,0.2192566384224858,0.3713895838621429,0.0832606930596602,0.0016575284471946,0.2993160638904023,0.5439169704411742,0.6290176722507811,1369905.mp3,ethno
214.5,120.18531976744184,0.5903887726715025,0.4650140380859375,0.1494213044643402,0.5754354377121682,0.8404232831443349,0.7236826680888588,0.0009609776976634,0.7990785663212574,0.552616295516563,0.6432684105038499,347605.mp3,pop
227.5862358276644,114.84375,0.576023267361462,0.4528021240234374,0.2090664505958557,0.570205918071037,0.9369334076513626,0.3728652782115231,0.0022981308055795,0.6518359534323195,0.525216331915989,0.6702206558313103,89805.mp3,folk
284.55020408163267,132.51201923076923,0.5591842191840715,0.6329156341552735,0.1546372175216674,0.7994862703212635,0.976257489557588,0.799957807166811,0.0030717508097085,0.6229550482687682,0.6942671077885904,0.6168159767500822,817705.mp3,trance
204.27526077097505,93.9630681818182,0.5223723676779084,1.0,0.0961807072162628,0.6709122099316885,0.8187958530643125,0.4473931757220385,0.003384717086022,0.2999999999931424,0.6622211179279738,0.6021808310122598,1338405.mp3,hiphop
185.14385487528344,143.5546875,0.5835193435826669,0.6180950622558593,0.2073977589607238,0.763802206801367,1.0,0.4620020280594101,0.0037020019771243,0.6340670696591011,0.685504067839741,0.6375623796579124,1027605.mp3,electronic
384.17333333333335,97.50884433962264,0.5391838486034262,0.5230406036376956,0.1560282707214355,0.4383292691811928,0.5693308713942876,0.3818809013112796,0.0002862181555979,0.2999999999999985,0.4837926139660061,0.6594116546665155,635305.mp3,ambient
317.68380952380954,132.51201923076923,0.5729700536223172,0.4072523803710937,0.2503160238265991,0.5671605998135507,0.83371501574245,0.6485380471404479,0.001250378936676,0.2999999521966371,0.6660296151617467,0.6569078455452263,902705.mp3,powerpop
132.5859410430839,109.9567819148936,0.4894097073102952,0.9312559509277344,0.1303717792034149,0.6660720256009375,1.0,0.0893997151161424,0.0090171226756798,0.4886066173849624,0.5516187459917763,0.6366100913148741,80805.mp3,downtempo
192.0,112.34714673913044,0.5542974065143227,0.4454561462402344,0.0922696962952613,0.1916251155846431,0.4021972019817391,0.1698108421403478,0.0002641307493588,0.7538169622757305,0.5805283604280873,0.6171114185806766,1209905.mp3,electronic
138.75,129.19921875,0.4885720804024336,0.7314712524414062,0.1174379512667656,0.7697095874898436,1.0,0.4073438083556636,0.0082182178396796,0.3,0.5978760038579294,0.6227024616844498,764605.mp3,dance
302.9351473922903,147.65625,0.6127175516001301,0.3857290954589843,0.3607619702816009,0.6830639946002501,1.0,0.4439620756150841,0.0034071593389367,0.9367778044234544,0.5809080940516069,0.713692690491055,321105.mp3,techno
178.07673469387754,120.18531976744184,0.5643546471302809,0.5478382263183597,0.0726825222373008,0.4548117700700972,0.6995179046325046,0.2554941254478064,0.002549706658579,0.4872568923516034,0.5778512357252354,0.6105954608603812,438205.mp3,electronic
343.4318367346939,129.19921875,0.6065326164783384,0.3140403747558594,0.3090286254882812,0.490411731949301,0.9154668190431235,0.2959135766943349,0.0012237990440288,0.4052898878224071,0.5058463472566197,0.7100810357244574,1294105.mp3,powerpop
180.5933106575964,129.19921875,0.5701526496289878,0.735584716796875,0.2001796811819076,0.5377318370116175,0.7118457046857849,0.3861598379419124,0.00080701711646,0.3,0.5820099467296014,0.6556626958795664,768505.mp3,electronic
209.28,126.04801829268293,0.6112612599486207,0.5000827026367187,0.2601871192455292,0.7279210995885638,1.0,0.3710502174366024,0.0025604330159486,0.7004158756901895,0.6224936171278247,0.6691686395028256,1147705.mp3,chillout
194.66666666666663,120.18531976744184,0.5767894719459317,0.2712730865478516,0.1333531886339187,0.4302829817935799,0.7388122280755355,0.2107152415751256,0.0009003304293831,0.6173262116161253,0.4853197922359326,0.6509431894610243,341805.mp3,easylistening
180.9524036281179,126.04801829268293,0.617276943491827,0.5591927719116211,0.1186357662081718,0.8670325541361057,1.0,0.6960640099150895,0.0064174852548344,0.6479643441587684,0.7745367210337489,0.587801531628192,1121405.mp3,pop
409.1308616780045,172.265625,0.5534065363893026,0.4082858581542969,0.1397968679666519,0.4428136842413823,0.6671305262783568,0.4367553500733645,0.0003156358197041,0.6090610013335107,0.6096083076416452,0.6284052109396657,225605.mp3,instrumentalpop
230.4,126.04801829268293,0.598547412975976,0.4048832702636719,0.2998239696025848,0.4093617695435035,0.6503122952682919,0.3740895136453128,0.0010305208886348,0.3,0.545914155911809,0.6987537978745688,1349705.mp3,minimal
258.0,161.4990234375,0.5837961248013416,0.6371490478515625,0.1836487650871276,0.4159537970112283,0.8233293321903398,0.1259053737997219,0.0091294888203526,0.9597185255674578,0.6137512411976672,0.6433633071918325,993605.mp3,jazz
291.34367346938774,79.50721153846153,0.5442502150086581,0.2952044677734375,0.1392893195152282,0.2976203083161542,0.562527578723749,0.2548254195034478,0.0004494949149282,0.928815756406292,0.4327830203417556,0.6635875509571311,81205.mp3,electronic
120.0,99.38401442307692,0.5905867630302166,0.6983720779418945,0.1634277105331421,0.5071680305155752,0.8384099708820465,0.3683483727252133,0.0012953308870602,0.9221108664316506,0.4623864199889795,0.6663566917941353,1317805.mp3,funk
1044.5733333333333,120.18531976744184,0.5110816769247024,0.5661954650878906,0.0509862937033176,0.3303525941118096,0.5929620356268192,0.1550133332682731,0.0005774280412114,0.6587872702320687,0.4716424787629927,0.6240265699805958,229605.mp3,alternative
187.9356689342404,120.18531976744184,0.5676110607458319,0.4224935150146484,0.174455851316452,0.479027440549245,0.8147812912277591,0.4372672922429743,0.0008990633089104,0.4995161440960466,0.4964641789446499,0.6635112706849928,992505.mp3,easylistening
182.20183673469387,103.359375,0.579237617590062,0.2239152908325195,0.0440561287105083,0.3086003730723578,0.6596987718551778,0.4893173404781071,0.0001157229042213,0.7591241924907846,0.4936602693305974,0.6171281524696636,371805.mp3,easylistening
188.7586167800453,97.50884433962264,0.520465278115293,0.6059583129882813,0.135215163230896,0.4298425437165756,0.866778310153084,0.0906874841551171,0.0099637854157012,0.3976817675228328,0.4044718238818685,0.6677830939867488,1397805.mp3,folk
255.04,101.33272058823528,0.5908495437345967,0.3793275299072264,0.302738755941391,0.8299069269925405,1.0,0.7358616968361963,0.0071422443988554,0.8465955904216813,0.6172210234438595,0.6855417474501289,1105.mp3,rock
205.23138321995464,132.51201923076923,0.6065387987048432,0.8980255584716796,0.2711897790431976,0.475270378583391,0.8914455743042318,0.1536199051321885,0.0027568881279539,0.9372624506242122,0.4952544767548577,0.6985774251045797,311105.mp3,electronic
218.38367346938776,172.265625,0.5765869594475754,0.6130079650878906,0.2688225507736206,0.5802805640268971,0.9572859885058926,0.3614683157623134,0.0022936125262743,0.7263969972535436,0.6366981071900745,0.6694364968404886,1239105.mp3,reggaeton
508.16,129.19921875,0.6154958214733195,0.6863339843749999,0.2414554953575134,0.6689063117712487,1.0,0.3020180878984938,0.0034913270432825,0.5779168613751116,0.5553974319809661,0.6758444919325116,182505.mp3,house
214.2,99.38401442307692,0.5652026541054843,0.3841213531494142,0.2587634623050689,0.2914586199154159,0.5815824676471872,0.1739631171921475,0.0043450615157112,0.3,0.3558413241535986,0.7219865815991051,1247405.mp3,electrodance
232.0,120.18531976744184,0.5441969001343985,0.6371825561523436,0.1527981907129287,0.4933119115172175,0.7477013303876637,0.2400044916227574,0.0015578596113401,0.7406954534503903,0.6041212324963829,0.6341831021573778,581705.mp3,pop
152.0,99.38401442307692,0.5678975124865426,0.744181884765625,0.1783148199319839,0.3023879538131179,0.5490858426571482,0.2829227310068869,0.0003380893088654,0.2999999999996026,0.4778494859802169,0.6686234379794708,1265905.mp3,blues
276.8504081632653,126.04801829268293,0.5916943245323157,0.8465642547607422,0.1400223821401596,0.2068761816795394,0.5196130077636636,0.0844852028156279,0.0039838013644317,0.2999999999984586,0.4690615528494175,0.6565957470005739,1031905.mp3,chillout
276.5061224489796,123.046875,0.6156767783749353,0.31013427734375,0.2877306342124939,0.532105036089343,0.8051275021243951,0.4562846583246032,0.0013803377084185,0.9121388089734886,0.4784720876649544,0.707888610783507,191405.mp3,industrial
231.272925170068,109.9567819148936,0.576205825436715,0.5982890319824219,0.1358247101306915,0.3088785319425298,0.5735524034183744,0.3269073817187647,0.0003923939802889,0.3724953509535751,0.4844034779231355,0.6520162000624218,1300205.mp3,ambient
54.81251700680272,117.45383522727272,0.5598901959449645,1.0,0.0236320998519659,0.1275597628257229,0.3279520190237431,0.0965826799309924,0.0006018629451474,0.7357608766066353,0.3118121548768034,0.646145124971347,966305.mp3,soundtrack
240.8571428571429,139.6748310810811,0.5480447258874912,0.4324904632568359,0.2118610590696334,0.497077830899598,0.8325793611449335,0.3312643283571561,0.0017409643131093,0.4636267793105655,0.5510675455624932,0.6660564721525694,1337505.mp3,easylistening
141.86736961451248,126.04801829268293,0.5958951977870439,1.0,0.2244325876235962,0.4226921501259015,0.7140797041641176,0.1450281425891182,0.002057593337918,0.7919216996334885,0.4835710221272749,0.6840815271190397,235305.mp3,electronic
132.26086167800457,135.99917763157896,0.5188296638728485,0.6566295471191407,0.1131262108683586,0.3055688902314305,0.6592079330750957,0.0979527437686384,0.004213608457659,0.8190029931146134,0.4414944162525085,0.6524265526621075,1105605.mp3,gipsy
104.0,120.18531976744184,0.5031196567661702,0.9130404510498048,0.0238838195800781,0.2889677243346241,0.5125457892818572,0.1069892560948382,0.0017506141320745,0.2874889811723904,0.4280722374317235,0.6229837275624834,1338305.mp3,classical
223.7374829931973,105.46875,0.5670663376959355,0.7123428039550782,0.1510354131460189,0.6686777922199922,0.9447281106856452,0.3536729641891686,0.0029447837940712,0.8253721886974295,0.6387994723454195,0.6266128542634829,1420605.mp3,dub
268.9044897959184,99.38401442307692,0.5475521965658416,0.5516339492797853,0.0776837170124054,0.3963039114898756,0.6560475275313462,0.3215740247377432,0.0005990995049337,0.7339342327159557,0.5232565021313678,0.6233148376981924,1113505.mp3,ambient
261.50031746031743,105.46875,0.562652296778275,0.6393295211791993,0.1639900207519531,0.3562656822283344,0.6197806062271244,0.1678056143907203,0.000737702065603,0.3,0.4173444604395423,0.6755675153827947,378305.mp3,easylistening
233.42800453514732,114.84375,0.5743028169243989,0.5113177490234375,0.1848806738853454,0.2353193502452989,0.4160676850151453,0.2725484202021966,0.0001102206350108,0.299999999996104,0.3980891071823333,0.6869392211622576,1168805.mp3,dub
159.96226757369615,126.04801829268293,0.5816732022587714,0.4933603820800782,0.1167473122477531,0.5694887040673363,0.7634768336014156,0.7241960636458096,0.0006384011364418,0.2999999999999999,0.6697530550254527,0.6080784214041005,1415105.mp3,dance
85.33353741496599,123.046875,0.5989516245162605,0.2946112060546875,0.1843576729297638,0.2300775172352272,0.4599548249489729,0.4271925837201509,4.6933262833847466e-05,0.9140515914544316,0.3469758828323159,0.6969735856882519,976705.mp3,classical
333.7503628117914,107.666015625,0.5813303655744249,0.5586040344238282,0.1776544600725174,0.4871568925134187,0.8541905238070415,0.1845299657991883,0.0017916953726839,0.3,0.5607538341774424,0.6518048387906178,1326605.mp3,ambient
217.7733333333333,123.046875,0.5740014826348361,0.3288189544677733,0.1666801273822784,0.3415315685094211,0.5901774880511926,0.3480125552934813,0.0003861781637157,0.3503696917206025,0.4545934143878574,0.6690861629800487,36705.mp3,celtic
177.99995464852609,99.38401442307692,0.5238315242927296,0.3348445892333984,0.0807250440120697,0.2950214656018166,0.5294744296820696,0.2889047616017511,0.0002734511220706,0.5744764564481905,0.3857782375494712,0.6519053683344508,329405.mp3,classical
461.8514058956916,123.046875,0.5764675355492404,0.7256643676757812,0.058769267052412,0.1828317592186117,0.3215235879638684,0.210093309650826,9.513240153642136e-05,0.6865107530302577,0.3345263838718584,0.6542516593644967,259905.mp3,classical
218.9738095238096,147.65625,0.5837154994988412,0.3968911743164062,0.1915252357721328,1.0,1.0,1.0,0.0113486034861116,0.2999999916393789,0.7453125,0.6198865848779678,1079805.mp3,dance
147.87498866213153,112.34714673913044,0.6017254920213693,0.4250128479003907,0.2774204909801483,0.5786690161388326,0.8140311761892989,0.772976368061553,0.0008206362507472,0.8637497426070533,0.4879880143941005,0.7022737738740333,1179405.mp3,alternative
249.7333333333333,117.45383522727272,0.5518518367655465,0.4501441955566406,0.1646026968955993,0.3306527925984336,0.6173182843971273,0.3187372087564955,0.000816254052907,0.3205202702259715,0.4273281766384154,0.6737913355547327,270105.mp3,flamenco
287.4897732426304,109.9567819148936,0.5753452711302363,0.9658382263183592,0.1761499792337417,0.4989616090046962,0.751235904436726,0.443239569656933,0.0008660242952667,0.2999999996582956,0.443838128382398,0.6746463668476674,1070605.mp3,funk
213.0138775510204,90.66611842105264,0.5643987765154834,0.5196634368896484,0.2969821989536285,0.2455672766398252,0.4699775972114977,0.1920733036630562,0.0008056913619174,0.6867574232077438,0.3281906578626186,0.7412754600507826,1287605.mp3,classical
259.08351473922903,89.10290948275862,0.5668584581752896,0.4750850677490234,0.2057236433029174,0.3677276121125786,0.7214508083855913,0.1975450185582694,0.003414024912274,0.5270181364287471,0.3767944509101343,0.6987016214070234,1063105.mp3,folk
48.35265306122449,120.18531976744184,0.5882716083960439,0.4469168701171874,0.1459173411130905,0.4065607097016767,0.812353519080778,0.2371340731414517,0.0012634492988022,0.554464534672892,0.4162400077421613,0.6692822412522803,94005.mp3,experimental
369.3798866213152,129.19921875,0.5861627671353704,0.6917024993896485,0.2618762254714966,0.2754952738684998,0.5565069357194596,0.1317028707752504,0.0014382103167778,0.5071005866226835,0.4179571216793452,0.7106840168338697,1203505.mp3,ambient
288.25104308390024,135.99917763157896,0.5144456195440564,0.4343928070068359,0.0495843142271041,0.1914612487066485,0.3815162156766035,0.1925589519307469,0.0001877863765997,0.2999998755290759,0.3215641877431914,0.6535375155731192,1048305.mp3,ambient
425.0,139.6748310810811,0.5721111842725315,0.4551350708007812,0.1874741017818451,0.3679392989464226,0.6427281313735795,0.271144463240737,0.000649902701208,0.2999999999997231,0.5792071145724368,0.6516492537269769,897105.mp3,ambient
154.0514739229025,97.50884433962264,0.5425997096284908,0.7282343444824219,0.1451154351234436,0.2534346043419906,0.5034078076886683,0.0912502826136106,0.0051260653589952,0.7125137253048417,0.3568121911853473,0.6808791184073703,1109905.mp3,electronic
315.4808163265306,139.6748310810811,0.5692036148597903,0.7923360443115235,0.1283440142869949,0.4356615126461612,0.7831114207095936,0.0939509969177854,0.0082854234200576,0.2999999981628209,0.584961224520913,0.6292116002391356,395005.mp3,electronic
230.0,139.6748310810811,0.5301950259521857,0.8030401611328125,0.0733919516205787,0.4120792364141954,0.7513014026059569,0.1880793006102793,0.0010146254201302,0.4008330442704596,0.5017813214531069,0.6260648382927869,345905.mp3,bebop
58.64374149659864,135.99917763157896,0.5817787171625102,0.6513971099853515,0.2474471032619476,0.6190761193477131,0.9733770533179644,0.1895206921190352,0.00653889837255,0.9323031929969904,0.6582485976767884,0.6574312376389435,1149205.mp3,dance
213.94285714285715,120.18531976744184,0.5923449524600879,0.2952683105468749,0.1357032507658004,0.7281869422898879,0.961291377188074,0.6949215668627274,0.0017754209528066,0.7046659979758327,0.6548543850243299,0.6178822932708221,230805.mp3,blues
210.9090476190476,135.99917763157896,0.5437865991227853,0.3166746215820312,0.2417968958616256,0.2457522266323318,0.5215218198702204,0.2661067306440114,0.0004434166674511,0.764725294573809,0.5171026297716014,0.6836263565558649,316605.mp3,folk
186.1533333333333,143.5546875,0.5686919024545904,0.5101124267578125,0.1942490041255951,0.4276943522908406,0.8147190115605618,0.1890774786505505,0.0022667008938671,0.6786443046985859,0.5038882534907281,0.6691519907870686,1328105.mp3,jazz
141.15410430839003,120.18531976744184,0.5448241216481955,0.661272918701172,0.1761321574449539,0.6390704727173805,1.0,0.2637383931204227,0.0050267169341596,0.6182364859855785,0.6286688407699901,0.6376738085261854,1064505.mp3,ambient
31.962312925170068,120.18531976744184,0.551539139988581,0.3244522705078127,0.2664776444435119,0.3040867878073567,0.6060146585984865,0.2522379864321519,0.000746971527025,0.5897212949380572,0.5025255177684949,0.6954268484459654,1202105.mp3,easylistening
214.27374149659863,120.18531976744184,0.5151431635737186,0.4207021484375,0.243569016456604,0.2074045308711639,0.4002161252746359,0.2389720603062887,0.0003288427022231,0.7634923922438759,0.4728528494691343,0.6931142760305505,846405.mp3,jazz
368.2586394557823,95.703125,0.5410254555239451,0.3951078643798829,0.1790408045053482,0.6567184423412414,1.0,0.5287140528404023,0.0048424186710965,0.8144204778801755,0.5250046150186332,0.6594537666181988,1337405.mp3,folk
468.0,119.6808510638298,0.595255443085049,0.7540770721435547,0.0524679198861122,0.2615183035541776,0.3911317483405744,0.0556216076792913,0.000965109155857,0.2995332699345041,0.4254637357308429,0.6337957040128318,725505.mp3,ambient
337.7142857142857,139.6748310810811,0.5518675696665158,0.5428225402832032,0.1971485614776611,0.6607669215213615,0.9283336717005296,0.3402597075920912,0.0019918093085783,0.2999999976630021,0.6335839644769108,0.6442566892365759,953705.mp3,electronic
278.0,147.65625,0.5380527469802883,0.6473244628906251,0.1285133063793182,0.5353723953177051,0.8279350299858664,0.2670634431547907,0.0026709414939529,0.6190989251319329,0.5792980150436673,0.6304051872878211,1319505.mp3,jazz
159.44197278911565,126.04801829268293,0.6350145075189434,0.712727081298828,0.1867662221193313,0.4989843776836115,0.7563137823845424,0.6146629159607454,0.0008109394239214,0.2999999999999956,0.5260694563257313,0.6620219486978131,1405005.mp3,electronic
271.0233106575964,120.18531976744184,0.5726676689109464,0.645751129150391,0.1427256613969802,0.6381600601547117,0.9208221353432614,0.2067801639250061,0.0025132470077323,0.4167374964878929,0.5882938904110001,0.633722460020713,1172905.mp3,acidjazz
277.2636734693877,107.666015625,0.5773021564231824,0.2369259948730469,0.2589628398418426,0.3548780845285831,0.6431455429621677,0.2370627128095248,0.0014102174268271,0.4684037628652523,0.4931980150030528,0.6945870193424528,434205.mp3,alternative
163.47603174603174,114.84375,0.5554546031307437,1.0,0.0646454989910125,0.6551193510941874,0.913298289012586,0.2676732701564641,0.0028525985801826,0.2999999999998458,0.6784070781595279,0.587590964004859,1235605.mp3,jazz
362.6666666666667,120.18531976744184,0.5747409170271442,0.4330157165527343,0.0853443369269371,0.1352301413269512,0.2993134778770182,0.0749760688592224,0.0032489508781414,0.2999991674418336,0.3871875785314844,0.6532864455874005,267305.mp3,industrial
214.1833333333333,120.18531976744184,0.570941946846335,0.4102440185546875,0.2558784186840057,0.7139036235387978,0.9518357680472794,0.6612211118587961,0.0020366245236838,0.3674702644451897,0.6527077959939195,0.6615746715274582,1100505.mp3,hiphop
512.0098639455782,129.19921875,0.5534259668749218,0.4225688171386719,0.1250355690717697,0.418538110027096,0.698889401145773,0.3473280015220051,0.000503778499885,0.4723132839211944,0.5906867623625596,0.6268754523933252,1178805.mp3,electronic
226.48,140.625,0.5076517861482477,0.6749232177734374,0.1583500206470489,0.2204192529737016,0.4331692855250942,0.1286775187725503,0.004394106809355,0.3,0.3706775411809876,0.68287049919674,940505.mp3,ambient
180.65936507936507,90.66611842105264,0.5577037718001235,0.334034423828125,0.155024453997612,0.4364055132498703,0.7153463855590145,0.413995589348606,0.0009359605541828,0.7049525923541888,0.5128075814203977,0.6532472871550608,49405.mp3,alternative
202.10526077097504,95.703125,0.5878652476658042,1.0,0.0816600397229194,0.1343394894280585,0.2305005051906113,0.1405580277080344,0.0002406395130489,0.2999916113813154,0.3152237246447559,0.6663528693712999,317905.mp3,classical
204.56489795918367,114.84375,0.5486889566495612,0.3462200164794922,0.356588065624237,0.7931206033210921,1.0,0.4062888624345948,0.0077777096181699,0.934107759671576,0.7111698336303582,0.6861377368986538,1078405.mp3,reggae
185.00024943310652,120.18531976744184,0.5297610872324123,0.8181338195800781,0.1399912983179092,0.2494937550360575,0.5347317440187279,0.1328718038984594,0.0009909061637607,0.8868652342849259,0.49080529377868,0.6522358086387114,1193205.mp3,jazz
190.24,114.84375,0.5557115822649188,0.5756946563720703,0.1603768914937973,0.4530433011988453,0.668654797234036,0.3212617552759196,0.0007486551789663,0.5672953216243397,0.4911436335087006,0.6595069542360269,1160605.mp3,funk
289.6195918367347,120.18531976744184,0.6105986670165235,0.5118254089355468,0.2458436042070388,0.3877986929621695,0.6880207143766167,0.2966057415725284,0.0010521119868075,0.521718803523495,0.4490711946803407,0.6986894585784659,210605.mp3,electronic
453.6163265306122,135.99917763157896,0.5737708217933751,0.5772133026123046,0.1908469349145889,0.8011408883741685,1.0,0.5843202542897665,0.0028340415313255,0.2999999999999992,0.671758408618182,0.6343532148456157,18505.mp3,electronic
206.5673469387755,123.046875,0.5307858230730045,0.4314426574707032,0.0901354104280471,0.1765293313863188,0.2521091608974292,0.1797209919494238,4.602384099746558e-05,0.2738090304208879,0.333669958247018,0.6657147561046934,390005.mp3,chillout
221.44,117.45383522727272,0.5441888646182642,1.0,0.0551513731479644,0.4594691798709978,0.8025277507293364,0.1090950009846119,0.0023797912798753,0.2999940975322169,0.5781967761168267,0.6042151391099019,1211605.mp3,pop
171.0,107.666015625,0.5709708895780865,0.4498026733398437,0.0999568924307823,0.2804025608418261,0.4945015014641351,0.2750783670508984,0.0002215912912403,0.6907475316716414,0.4876351079802474,0.6384574596790321,1069105.mp3,classical
75.70192743764173,129.19921875,0.539465553553875,0.72541015625,0.1540875136852264,0.8815178877301916,1.0,0.3384352990899944,0.0042503351246782,0.3,0.7083984374999999,0.6137918174266815,1165505.mp3,electronic
159.75,161.4990234375,0.5468935919518596,0.5789465866088866,0.1226732656359672,0.5030489709187919,0.7369491114835061,0.334134288145207,0.0007803132436213,0.2999999999999943,0.6951136945147633,0.6051396367259956,354105.mp3,easylistening
246.9355102040816,126.04801829268293,0.5733267206452035,0.5931198425292968,0.2206823676824569,0.6317611930929343,0.946109461428802,0.3984904881488871,0.0027891364724585,0.941171248471645,0.6504654805890885,0.6493525562478668,1051505.mp3,house
290.3225850340136,123.046875,0.5358151602021652,0.4263184204101562,0.0687532722949981,0.3381695477799898,0.5819434554729926,0.3325203577144741,0.0002064692242261,0.518136415182753,0.4696927245379714,0.630812633118605,1036105.mp3,ambient
220.0,123.046875,0.5407483347457083,0.5194681701660155,0.1934355646371841,0.3467346737982862,0.4371085539224866,0.3773524679837827,8.848399198750027e-05,0.2999999330012486,0.6551702542427774,0.6386027524208308,1092305.mp3,electronic
254.7360090702948,114.84375,0.5931532914451129,0.6847351379394531,0.1761105209589004,0.471480675240147,0.6541456149453571,0.2178999624286645,0.0006167428783952,0.2999999999999996,0.5067619862292556,0.662047390299353,1393905.mp3,electronic
43.37326530612245,120.18531976744184,0.5448299194408498,0.7125193405151368,0.1673187315464019,0.4500793983399669,0.7014821695824778,0.2559643808429519,0.0032029847158948,0.491177927433345,0.5710481631863904,0.6460251107194267,1349105.mp3,ambient
115.28433106575964,123.046875,0.5327015068226103,0.734419013977051,0.0704446509480476,0.3065545487817834,0.5167591127748116,0.2560916660526122,0.0001394515789389,0.2994647646259628,0.4477018464742562,0.6358197050464459,1023305.mp3,classical
226.2871655328798,139.6748310810811,0.5811149187559194,0.53688720703125,0.1190671324729919,0.7562983195774698,0.8792428599745211,0.7798070654248177,0.0015247527638212,0.3,0.7184242420565297,0.5991793192789712,1247105.mp3,experimental
205.3521315192744,112.34714673913044,0.5905637104586328,0.4232475128173829,0.1994500607252121,1.0,1.0,0.7251982879394602,0.0126333331081213,0.6572994678479487,0.6746942934782609,0.6368631631654241,1104505.mp3,dance
60.313968253968255,129.19921875,0.5498164992213227,0.3211077880859375,0.0679418072104454,0.0944903267434289,0.3126214555417921,0.1562224225013612,0.0028349249285347,0.2424004710160376,0.2267276970991559,0.6791135111759292,1137405.mp3,ambient
279.7975510204081,107.666015625,0.5300709181940055,0.4360576934814454,0.1325530111789703,0.1853878605527132,0.4185294013171343,0.1917127821070741,0.0003180815314545,0.3559692965154957,0.3500786900474106,0.6777033460149473,946805.mp3,easylistening
228.0052154195012,120.18531976744184,0.6034922834751169,1.0,0.0780540257692337,0.75974065145476,1.0,0.0945751298747266,0.0089106762526735,0.9299948204790642,0.6209995232792194,0.6038995446210802,1404705.mp3,deephouse
253.04349206349207,92.28515625,0.5285314375609749,0.5162563323974609,0.173805370926857,0.6105344852874522,0.7676473780102088,0.5485367644096701,0.0012262402597513,0.8215085685835606,0.6335061760624119,0.6358686983211861,1337805.mp3,choir
234.90241666666665,90.7258064516129,0.4999242295535749,0.9037299499511718,0.1889371126890182,0.1528751169769373,0.3237482681805421,0.1114048173583493,0.001423668728635,0.3,0.3933144624092319,0.6893544680862002,1112005.mp3,alternative
214.0,95.703125,0.575325975086329,0.5836366577148436,0.2072026580572128,0.5862023874031146,0.8948691807127142,0.4966691498412841,0.0012897887612951,0.5278282130488473,0.5206168202171596,0.6704695928571647,32305.mp3,electronic
417.6,99.38401442307692,0.5777424163867578,0.7757558975219727,0.163906455039978,0.612627950740047,0.9486007608275372,0.4913347844070601,0.0015371559585841,0.3,0.5994390364609682,0.6391185165221984,950505.mp3,electropop
264.0979591836735,90.66611842105264,0.6011758548106325,0.6735346374511718,0.2173274159431457,0.6092690406109996,0.8787752845347713,0.3642286429897884,0.00255101908207,0.8235048577496391,0.5844801967404373,0.6613418303914451,1381005.mp3,dance
196.3673469387755,135.99917763157896,0.5896804145744518,0.7959482727050782,0.1989063322544098,0.8899015395447252,1.0,0.6976324995601855,0.0040890060669265,0.3,0.8119983552631578,0.6092066085589559,1208605.mp3,electrojazz
216.57124716553287,114.84375,0.6018131023934152,0.5273722686767578,0.2141916751861572,0.2798555037790035,0.5577275503308274,0.353696192799818,0.0002275834390349,0.2999997641984284,0.4949662547911109,0.6781157521087945,1220705.mp3,orchestral
298.37041666666664,106.13207547169812,0.5560725496383945,0.6757906951904296,0.114870898425579,0.3235075995227699,0.4954770516142532,0.2257790395442295,0.0001304950898897,0.2999999999999786,0.4645359490164024,0.648446333629928,400705.mp3,easylistening
261.3333333333333,90.66611842105264,0.587958184815081,0.5449731140136719,0.1297423094511032,0.5463389885953402,0.9334736688890608,0.2211959996099294,0.0040140757768997,0.3,0.5464980573333437,0.6374076199357285,369905.mp3,chillout
803.717641723356,120.18531976744184,0.6132683481545108,0.3974915466308593,0.0708094611763954,0.5240287551251362,0.69977836016145,0.1638827653245403,0.0007958134312284,0.4389382287081098,0.652133568941213,0.5950646922352597,167205.mp3,electronic
480.0522448979592,120.18531976744184,0.6093548179556045,0.5388660583496097,0.2612805664539337,0.224698527710639,0.4792274085672829,0.1781559585892601,0.0012105319304253,0.3,0.3800140467805681,0.7180581945673025,35105.mp3,dance
377.48761904761903,129.19921875,0.559896920102501,0.7685649871826175,0.1566990315914154,0.5249587730947392,0.7933332450612475,0.3384825765219054,0.0015710570242411,0.2999999859365275,0.5860107251390682,0.6392095063450959,1366605.mp3,experimental
259.9866666666667,120.18531976744184,0.5835406726141465,0.781593376159668,0.1717577576637268,0.376455994275149,0.6966373264065259,0.3514183895076425,0.0006094055520262,0.2999999999999999,0.4677602486885375,0.6682807430212341,91905.mp3,electronic
318.840589569161,126.04801829268293,0.5795113015010491,0.5855953063964844,0.1435835659503936,0.5678867001406137,0.7911644554462891,0.5967784593550702,0.0012002101212503,0.6763389941198598,0.5670368897533707,0.6382827057914675,40305.mp3,fusion
251.7333333333333,103.359375,0.6013798708185593,0.6688795471191402,0.1937986612319946,0.6488459002859327,0.9357591587273564,0.6993490460662112,0.0019674741525456,0.2999999999999997,0.5599065677852452,0.6577862044864691,12305.mp3,blues
280.33,126.04801829268293,0.5693714722365648,0.5508859252929688,0.2963434755802154,0.7238340729650536,1.0,0.3841054317939849,0.0062766538061375,0.684035081545841,0.6890665479491962,0.6688703416190384,1029505.mp3,electrohouse
193.09868480725623,126.04801829268293,0.5300685966427858,0.7359106140136719,0.1267150491476059,0.4746000741459374,0.7604412109951514,0.3431169010181054,0.0007978585322195,0.4322783550059875,0.4527064122386947,0.6550761352453992,1298305.mp3,pop
234.7439909297052,90.66611842105264,0.5477053470419664,0.3034705963134765,0.2148220837116241,0.6149654691935182,0.9092666496679735,0.3875069359002195,0.0018913104965242,0.9573349992029494,0.6642798752838155,0.6444799750794216,1074805.mp3,dancehall
66.89507936507937,117.45383522727272,0.5606390102630826,0.6292363433837891,0.1124810948967933,0.4225923290950814,0.7054160760883676,0.3139221645600697,0.001062398753905,0.7103007411148029,0.4673364115707317,0.6470259118486993,1396105.mp3,folk
276.8979591836735,147.65625,0.5793063768406663,0.3809130859375,0.2413659989833831,0.5806397106233535,0.7596509091325178,0.7172005877955723,0.0005500704635693,0.4012244116475997,0.7352715090622783,0.6398374578215623,316205.mp3,instrumentalrock
157.49333333333334,114.84375,0.5427059653372757,0.4349463653564453,0.1776652038097381,0.6348616462895333,0.8605947167874908,0.513926854438823,0.0018811298079925,0.6136724191927949,0.5842482665729362,0.6471098200569185,1333705.mp3,country
138.90927437641724,178.20581896551724,0.5718381724815877,0.8198867797851562,0.1093663051724433,0.3091505774147794,0.5866858744210152,0.1595490913538471,0.0004448415035738,0.6071239952788248,0.5582572040068499,0.6277204290607097,181805.mp3,pop
30.726598639455784,83.35433467741936,0.5723844571893485,0.4397579956054687,0.1764332056045532,0.4916001202015654,0.882185197875164,0.2531222645056069,0.0028328914732211,0.8908652901448151,0.4114327130291439,0.6812294114118103,1250205.mp3,dance
255.0608163265306,129.19921875,0.5721106845679451,0.8747306137084963,0.1390441954135894,0.7419277953238953,0.7615811324810177,0.7992608546021738,0.0012242398225065,0.7553026688856022,0.7838803863309738,0.5932798330826975,1209805.mp3,minimaltechno
181.62163265306123,147.65625,0.6090216613190111,0.504968292236328,0.1502448618412017,0.3438175651712103,0.651021847228915,0.1608714632275446,0.0021644519861904,0.2999999999999926,0.4851466235383919,0.6570588255551543,891605.mp3,electronic
198.6884126984127,90.66611842105264,0.5676037621195562,0.2278370513916015,0.3353370428085327,0.4591063554121574,0.7711769679046148,0.4536950207646285,0.0008478890460076,0.7182002568235781,0.423052752268418,0.7361107849573882,1257405.mp3,blues
227.0260090702948,99.38401442307692,0.5751504986993254,0.5901458740234375,0.2237043976783752,0.7828731834402854,1.0,0.4994316218795018,0.0051937698033407,0.7430911531158035,0.6066779496902447,0.6591979932261662,1288105.mp3,funk
274.05201814058955,109.9567819148936,0.5923294001410017,0.4152549438476562,0.1658682823181152,0.4540186757280789,0.7311035549462598,0.2839966728834837,0.0008175872078451,0.3167333578895276,0.4664522744770156,0.6664221267391184,368605.mp3,electronic
174.47183673469388,139.6748310810811,0.6196707375860673,0.1862075195312499,0.156546339392662,0.4294107937136507,0.6989019906734709,0.61920577523582,0.0002148008463047,0.7143177203869155,0.5102967552205988,0.6542973311372386,32205.mp3,alternative
147.6239455782313,105.46875,0.5153844888202201,0.5255052947998047,0.1406553089618683,0.4064042451628145,0.6665081416390715,0.2683870522253508,0.0004549485451866,0.2999990291525375,0.4575741586680235,0.6591210794926678,1381605.mp3,60s
304.4785260770975,151.99908088235293,0.5468448408611634,0.3531526947021484,0.2026470452547073,0.5410736087789819,0.7596445075254903,0.5019637931451381,0.000953610618109,0.4976140251173407,0.702655678947917,0.6324218005021113,1027905.mp3,alternative
98.59829166666668,119.6808510638298,0.5471200626626068,0.7963415451049808,0.118020124733448,0.2743087711141018,0.5338182464996083,0.0829690451815812,0.0033022967939304,0.3,0.403762114697401,0.6617348219645611,1110505.mp3,ambient
300.2409977324263,151.99908088235293,0.5641570840815113,0.7737263488769531,0.1008992046117782,0.3722405330721112,0.6774846865841522,0.0699863529318561,0.0039723577771833,0.6791388992002927,0.5030604405172471,0.6357116255567907,1225505.mp3,hiphop
179.46428571428572,166.70866935483872,0.6009619339146063,0.6333832855224609,0.3474001288414001,0.5277912254711192,0.8922938789884309,0.1209795859117861,0.0080436481931919,0.687846137086155,0.5886977363125782,0.7073244991203884,1236305.mp3,fusion
320.8,132.51201923076923,0.533063850856485,0.2591949157714844,0.1754396557807922,0.6032974271217699,0.8594481879973247,0.3399812165463867,0.0019878136557606,0.8864886742039959,0.597731797167681,0.6436119166475489,359905.mp3,dance
124.06401360544216,147.65625,0.5790566644601391,0.6151763916015625,0.2125430107116699,0.5072717437115125,0.6740437469297376,0.9183294303465211,0.0003563238453232,0.2999959887593164,0.608965571156696,0.6547223696248621,1236405.mp3,pop
209.31492063492064,120.18531976744184,0.5995095143895599,0.9002311401367187,0.0108446786180138,1.0,1.0,0.026729564428042,0.0272051355144815,0.2999999982457231,0.8532102272727271,0.5332620388479395,311905.mp3,alternative
201.83716553287985,105.46875,0.5411999136668699,1.0,0.1265327930450439,0.252697532649719,0.4753022527526523,0.1760657140652511,0.0004582041179368,0.2999924437051415,0.3825132416431603,0.6690491571675838,683805.mp3,classical
887.1619047619048,143.5546875,0.5667273852619998,1.0,0.0846135839819908,0.2176037746154402,0.4176968744160678,0.0896906900599877,0.0010104693096148,0.6989925047041265,0.4410824198272379,0.6422444062680691,1232305.mp3,electronic
448.4190929705216,123.046875,0.6045059900973848,0.8743654098510742,0.1339166909456253,0.95316062464849,1.0,0.707555014448239,0.0067202145836165,0.5857186201986202,0.78609375,0.5909912587404251,108505.mp3,electronic
399.529433106576,112.34714673913044,0.5881092099400484,0.4573949584960937,0.2754412591457367,0.7239044762425604,1.0,0.3963015961778482,0.0050235674024853,0.2999999999999962,0.5240560976300832,0.6943476337664486,155905.mp3,breakbeat
62.01575963718821,120.18531976744184,0.52315462521666,0.5196111526489258,0.109209693968296,0.3318458634564427,0.4821257803298547,0.4008117905963784,9.392112089967188e-05,0.3426540820272298,0.5617711409895971,0.6269612616306671,1306705.mp3,alternative
193.11689342403628,84.72079918032787,0.5647218368619946,0.4854702758789064,0.1152637898921966,0.2946921588553056,0.580471918691258,0.1402029929882081,0.0007633197407434,0.299999998934672,0.4443358425727988,0.6526277958466311,181605.mp3,pop
300.6706802721088,99.38401442307692,0.5441566985101811,0.3134262847900391,0.1506470739841461,0.2966744595275811,0.5565818709687005,0.4013213187194039,4.85355612934236e-05,0.5866161929100127,0.4096828677969926,0.6722963730748941,1330505.mp3,classical
233.41333333333333,132.51201923076923,0.5414630109116338,0.6937371520996095,0.0821331962943077,0.3060586357205137,0.5687446796274914,0.1860345381867148,0.0003448146050254,0.8546410595017127,0.4488256512206033,0.6398028204218301,75205.mp3,blues
196.98666666666668,135.99917763157896,0.5040571727967988,0.3098162384033204,0.1599223464727401,0.3455190947806057,0.6100661832328101,0.3178603051942825,0.0007419947684126,0.3695183631315203,0.4864824479609794,0.6602755551379906,80505.mp3,pop
222.1221088435374,172.265625,0.6089418323006147,0.4575982666015625,0.1611533015966415,0.3452117689070819,0.567168657109311,0.3109285068703925,0.0002589153064145,0.7527686848631863,0.550574627600209,0.6479002630547491,155505.mp3,electronic
203.07555555555555,161.4990234375,0.6001124005015188,0.7139037628173829,0.2346770018339157,0.4623953706934325,0.7607452874487223,0.2202227638558114,0.0020066112858891,0.3868456008875722,0.6416792428205683,0.6561478720960959,1072905.mp3,drumnbass
219.7590476190476,109.9567819148936,0.6183413824428665,0.8862894287109374,0.2337784618139267,0.7653599625412011,1.0,0.2811515174161726,0.0054383832838178,0.7135048851248992,0.6032088235792774,0.6635184815371581,1265805.mp3,acid
154.34242630385486,117.45383522727272,0.5954028277961212,0.3774624023437499,0.2210167646408081,0.6264746375961497,0.8566923623490954,0.5376509483464024,0.0019228883981072,0.8840071827895181,0.5778381910550647,0.663998397059678,1368805.mp3,alternative
202.8834375,112.5,0.5631785151877515,0.4668228149414062,0.0715619698166847,0.1534084080728442,0.2618769078707301,0.2150275497813071,5.791183760665458e-05,0.8176570617938346,0.3554395789351712,0.6546743933469722,1122005.mp3,classical
262.5098866213152,123.046875,0.5812345075949243,0.786505126953125,0.1622328460216522,0.2855177439386551,0.5564751532405701,0.1733932653111856,0.0003165913564185,0.2999789840484545,0.5954232550403565,0.6393191735597235,1049705.mp3,ambient
367.4666666666666,135.99917763157896,0.612219406522592,0.736876220703125,0.2880961000919342,0.7429037284345776,0.9979867089069434,0.2694229982330154,0.0057490843754592,0.9720598884264132,0.6564893342897512,0.672416729175146,769505.mp3,atmospheric
211.35902494331063,172.265625,0.5177485817543708,0.533049087524414,0.0636374354362487,0.155697540699983,0.2313268746029332,0.1634962252396487,0.0002113408295788,0.7925382636898703,0.4267966617936807,0.6375501443983135,1241405.mp3,classical
82.0,120.18531976744184,0.5370581405173842,0.5352622680664062,0.0792853683233261,0.2733984696512792,0.5403088447063805,0.1951461239092073,0.0005569610273663,0.2999999919584519,0.4052630072397182,0.6474901311484538,1369705.mp3,chillout
217.94666666666663,107.666015625,0.5846651924703483,0.3849483642578124,0.1890509724617004,0.43438668860426,0.6660715507605854,0.4414497728315055,0.0004568246505626,0.2999999999724183,0.4681639415089859,0.674425561784415,319805.mp3,blues
259.9342403628118,161.4990234375,0.5622989801630801,0.3830722961425781,0.2052234411239624,0.3460672057733778,0.7300901588008295,0.182315793143192,0.0029337608630122,0.4890029185733139,0.5029030722368982,0.6732998243572468,1404005.mp3,chansonfrancaise
196.0,120.18531976744184,0.5616073496254429,0.7180620117187501,0.1701628714799881,0.3757855404818615,0.5700043020968745,0.3380421639316789,0.003031423889379,0.2999999999999969,0.4561523559612485,0.670028162540546,1248605.mp3,downtempo
184.456462585034,123.046875,0.5563795386502599,0.5769014587402344,0.0463960990309715,0.7250389967303204,0.9025400611547468,0.4485683319824134,0.0022173176891084,0.3162490458656233,0.6646107722621055,0.5837804411987286,1266905.mp3,asian
298.99755102040814,139.6748310810811,0.5803322789534924,0.680845947265625,0.2135362178087234,0.640564067425455,0.7677637763424043,0.4214060993603646,0.0013753591599225,0.8890354902332278,0.6615807548319919,0.644556887444742,81505.mp3,electronic
214.0,151.99908088235293,0.5261240716682309,0.5151223144531251,0.1619471460580825,0.4599614416551761,0.7870497026640131,0.2569178025095501,0.0026883198208006,0.7727252453173323,0.6285744677313128,0.6325860790346471,1176205.mp3,folk
258.0,120.18531976744184,0.5483704720570687,0.5274281921386719,0.0999330282211303,0.4120517635232197,0.7260628752747842,0.2032027903413624,0.0015222723141142,0.2999999999999263,0.55186837094802,0.6256022159700029,1341305.mp3,chillout
361.1167346938776,139.6748310810811,0.5671592346860892,0.5432693176269532,0.1682664602994918,0.5183703833351306,0.7538003927943662,0.5277788450605934,0.0007572922913751,0.7264801505599082,0.6667497284086599,0.6272259800260851,1009005.mp3,rock
221.1473242630385,139.6748310810811,0.615954661799324,0.5212606506347656,0.2113755196332931,0.971998083380238,1.0,1.0,0.0050483876149278,0.299999999897963,0.8193496621621621,0.6122252546355531,1368402.mp3,dubstep
206.7215192743764,129.19921875,0.5414309938160781,0.6706641006469727,0.13645800948143,0.4141505823078193,0.7145595538782076,0.2749232240160209,0.0005292870504766,0.9868174382537231,0.4895636427829528,0.6512121548567242,1271902.mp3,electropop
174.36301587301588,84.72079918032787,0.5649175921755606,0.5309058227539062,0.2095604687929153,0.3322597713006083,0.5899118428238643,0.4008922032092682,0.0002889605813467,0.2999999998725611,0.3740415161550135,0.7006334655344468,718502.mp3,easylistening
248.0,129.19921875,0.5991821355746108,0.3458497619628906,0.1761798560619354,0.586948327017038,0.909653347559766,0.5699516214299825,0.002278585810826,0.5715806399869936,0.5579684054136154,0.6518310670995736,694402.mp3,hardcore
478.4933333333333,129.19921875,0.5618343932248377,0.3969970550537109,0.1794493496417999,0.3872910290199949,0.6976449378802906,0.2092902364458205,0.0015989064314336,0.6280512961116054,0.4753516940619696,0.669531427058654,1126702.mp3,jazz
215.5,151.99908088235293,0.5601413026222526,0.8755869522094727,0.1466768085956573,0.6093761911144353,0.7919911157187494,0.2204919045203812,0.0024217550197905,0.3,0.6631989178048168,0.6201638675334733,659902.mp3,experimental
202.29018140589568,139.6748310810811,0.5308874221595532,0.1762251892089844,0.0944350808858871,0.6260561178711322,0.9599232380984172,0.4320897444511635,0.0026794647779843,0.5996020968494276,0.5886639330354778,0.6162638425118238,784902.mp3,soundtrack
31.46619047619048,147.65625,0.5757080671695068,0.6099858856201172,0.1723951548337936,0.6289216345748037,0.9854322819446492,0.505022896780056,0.0020994511397358,0.402050065592929,0.5317642035798624,0.6557094150241932,1386702.mp3,alternative
230.62585034013603,120.18531976744184,0.553369319470606,0.5021395263671875,0.1584881544113159,0.3438945772590119,0.7202310422974206,0.2536953705806879,0.0005809782299798,0.4684711105668077,0.4350821708368,0.6700393014207138,361002.mp3,easylistening
202.0,120.18531976744184,0.5421952810015674,0.6377031097412109,0.0678417012095451,0.1349267907279466,0.2696185479392529,0.1504686980889005,0.0003901244372718,0.3902166615247309,0.3601217160245604,0.6523986692305241,1221302.mp3,classical
510.3031065759637,120.18531976744184,0.5998935856694599,0.8888445434570313,0.0171994213014841,1.0,1.0,0.0775233975209115,0.0413389041662952,0.3,0.6903706395348838,0.5681176637615575,311902.mp3,alternative
285.97523809523807,120.18531976744184,0.5613519694104807,0.4928985443115234,0.1252160519361496,0.4438622690905469,0.8069151936893324,0.3395521589999921,0.0010677414825906,0.3414830990964494,0.480410770319923,0.6489956246330293,1242002.mp3,ambient
270.0,120.18531976744184,0.5570088103438622,0.4495014190673828,0.2060631215572357,0.5405445948757495,0.8249006415041898,0.461777920410783,0.0023021029073332,0.7322386799082073,0.5376418415219527,0.6666543554562143,1403902.mp3,blues
473.2342857142857,139.6748310810811,0.5883496279003835,0.2552420654296875,0.2501140832901001,0.4096022389443083,0.6996271787563131,0.3551429415967286,0.0010739768142631,0.8125874124009054,0.5849996177816601,0.6730411464281041,1391102.mp3,dance
258.9866893424036,105.46875,0.562271944422677,0.4477868957519531,0.2433803379535675,0.6958897120891469,0.9941655332095488,0.5667805927655835,0.0028049737902672,0.2999998005461693,0.6567034024765185,0.6562762411679806,174902.mp3,newwave
284.7463038548753,86.1328125,0.5641226657473563,0.2884982299804688,0.2139902114868164,0.5057389032729213,0.937872393399784,0.2294285938741476,0.0035104283499971,0.6883859692284219,0.5066337364111484,0.6757097288530243,1135602.mp3,ambient
138.68054421768707,178.20581896551724,0.5317675170109544,0.9897239685058594,0.0720324516296386,0.2726903884391045,0.5799158457175663,0.0781831361218593,0.0053494836659737,0.5510810408354312,0.5190047071264112,0.6221307411613877,1400402.mp3,jazz
248.24163265306123,120.18531976744184,0.5482845552318741,0.3940258026123047,0.2311415523290634,0.5145288708627239,0.8642844235463433,0.2310466291455544,0.0024374469414856,0.8255594497474805,0.5955720491380168,0.6640965490108595,1036002.mp3,pop
122.0667573696145,87.5926906779661,0.5858511507953457,0.6779636383056641,0.160985454916954,0.2985562570778443,0.543313047776643,0.1917874889230155,0.001096681684829,0.2999999999999999,0.3488778097410961,0.6881792018218842,81202.mp3,electronic
200.57396825396825,139.6748310810811,0.5925376395852272,0.4264438171386719,0.1282859593629837,0.5437375191593615,0.7925316665592554,0.2400687788784469,0.0054553819221267,0.7756259400024035,0.5619254062839178,0.6337978641138906,1247102.mp3,experimental
224.4,151.99908088235293,0.5709786739751632,0.7475606842041015,0.1352398544549942,0.8747380361351532,1.0,0.191025238205199,0.0171625414536446,0.6789613303823248,0.8171223473310829,0.5852618781375812,1100002.mp3,chanson
371.5898639455783,120.18531976744184,0.5562083046513271,0.2754978637695312,0.1508011817932129,0.3670937226955725,0.6907604886530871,0.2076189126311546,0.0008218950416104,0.299999986343641,0.4417808354573944,0.6659322583540778,1178802.mp3,electronic
192.76,107.666015625,0.5929042225366474,0.5825213775634766,0.1401793509721756,0.6225151506927775,0.8740989277671277,0.5860862641632499,0.0019811994979268,0.3194957530375689,0.5503331462134431,0.6403979371072945,5702.mp3,funk
967.8715646258504,126.04801829268293,0.4776280111963212,0.613492431640625,0.0473270714282989,0.175712134384622,0.2566256429731106,0.0553056957770115,0.0012236870070087,0.2824141782303786,0.4568085370950339,0.6256760382951808,433602.mp3,easylistening
223.95,129.19921875,0.5318708893460558,0.5535448989868165,0.1188467964529991,0.1446788610276452,0.2791589275144176,0.1559384996649344,0.0003715247589809,0.2959015328433904,0.2677341145059086,0.689238023821898,1049702.mp3,ambient
237.0,161.4990234375,0.5317946842360559,0.5471629180908204,0.0980801656842231,0.3666106768983088,0.5959718128450207,0.270324765165943,0.0006728932913298,0.3,0.3774891797782319,0.659811023690674,1173502.mp3,ambient
37.32208616780046,112.34714673913044,0.6231593351575124,0.6105147094726563,0.0212120115756988,0.1436055599669208,0.4685248060206236,0.1284785494822288,0.0002788902053485,0.9117900025262524,0.3605212416724173,0.6355320758327682,1125402.mp3,ambient
316.50065759637187,114.84375,0.557899111948801,0.4009195556640625,0.1162545755505561,0.8530445313829487,1.0,0.6993230996061703,0.0078731381039685,0.765816176127214,0.6568392044099847,0.6104838063162032,1379102.mp3,poprock
333.7866666666667,132.51201923076923,0.5883718536839929,0.3436372222900391,0.2263934910297393,0.5889181668617183,0.8718817598195038,0.5109823117709438,0.0016203948105427,0.784981977880725,0.5707569429487072,0.6673502681809648,629702.mp3,alternative
102.0,123.046875,0.4736328452923074,0.6842248916625977,0.0831026658415794,0.4045856637064774,0.6578942532779779,0.1961751789154586,0.0007741669639475,0.2949232888981427,0.5652799204657363,0.6168609756098213,1345302.mp3,baroque
290.4152380952381,114.84375,0.5846307756320088,0.2789049377441406,0.230565533041954,0.4186489552522948,0.7575375406028548,0.2766993462459109,0.0028476158081398,0.9119105392072038,0.5439404453266656,0.6742155028297703,49402.mp3,alternative
233.5063945578232,139.6748310810811,0.5378924807315557,0.2208482360839843,0.2539511024951935,0.2636907989066875,0.5271364408049416,0.2929169703371075,0.0004174823414287,0.2999999999998827,0.5337780411292508,0.6846667886724196,1375002.mp3,chillout
269.9504761904762,135.99917763157896,0.5736438263510464,0.2800465545654297,0.0697277709841728,0.6270873766056956,0.7615844807099323,1.0,0.0006698624867163,0.8764489782518552,0.6502721636273376,0.5950475648288347,1393402.mp3,alternative
1114.1051247165533,126.04801829268293,0.533995858200519,0.9562818603515626,0.022666672244668,0.1649420872696082,0.3273544854495216,0.0678623296518286,0.0017250019736568,0.27420039155456,0.5248816069865315,0.6031836806107742,1150102.mp3,electronic
202.46278911564625,105.46875,0.5853237206997332,0.2191326293945312,0.1933926939964294,0.8447193320502101,1.0,1.0,0.0038315731044643,0.6294959628531784,0.7467187499999999,0.6202776198387147,941402.mp3,indie
380.0,120.18531976744184,0.5148119032010626,0.5634344482421875,0.0696410834789276,0.2722551156310779,0.5211197627870365,0.1668270029680224,0.0009842861477888,0.2999931543237248,0.4177445310843385,0.6415218838355463,1395102.mp3,ambient
364.0685714285714,151.99908088235293,0.6155680873726233,0.7179495239257812,0.1266711950302124,0.7164882880964439,1.0,0.4561670162764958,0.0049949901468931,0.3,0.654380839296805,0.6147254623515155,218902.mp3,electronic
281.07691609977326,129.19921875,0.5948038552705377,0.8358443984985352,0.2760173380374908,0.5052737505112669,0.8056611687463883,0.2605184312066169,0.0017572305403899,0.6361710029906221,0.5198381124780852,0.6953986191978797,322102.mp3,electronic
191.43371882086169,120.18531976744184,0.5082449858199343,0.6171753540039062,0.0232975054532289,0.2500261987569597,0.4993386930635302,0.1597147544038967,0.0004242631938176,0.5112904136025306,0.4266222693546229,0.6230626480922379,1266902.mp3,asian
156.1380045351474,120.18531976744184,0.5353633962916378,0.5272355346679689,0.0987864136695861,0.195802567335055,0.4796971442637082,0.1350097658906546,0.0010558970774455,0.4958051948096869,0.3850337149246999,0.6585563659361111,1231702.mp3,classical
496.43850340136055,120.18531976744184,0.5697982453755215,0.4480165557861328,0.1232015118002891,0.2772974165177946,0.4870177028264985,0.2012359396746446,0.0001855486208012,0.3267135447071677,0.4192028664572463,0.6605119709566548,136302.mp3,alternative
209.0,120.18531976744184,0.548379476112371,0.4787750701904296,0.1033481061458587,0.6487219975914806,0.9962171186170116,0.3536038001197699,0.002667067455164,0.6009412483494376,0.5812807050052736,0.6209491772114545,3102.mp3,pop
256.36126984126986,147.65625,0.5562490246286138,0.5978728942871093,0.2311232984066009,0.6815120963694374,1.0,0.2879316781574663,0.0072824819033998,0.3,0.7047864541768173,0.6422470965910129,950102.mp3,90s
227.65714285714284,139.6748310810811,0.5822283994996695,0.567651092529297,0.0642635375261306,0.2872007146037915,0.5551394050885867,0.1678437850215617,0.0009960656511972,0.4304682547170551,0.44566807263587,0.634001258982233,759302.mp3,soundtrack
180.6900453514739,87.5926906779661,0.5471605960980819,0.550922218322754,0.1375859975814819,0.71826139729185,1.0,0.0978032482714958,0.0135743107608326,0.7705877733635862,0.4984394916015366,0.6498430608090262,1399902.mp3,latin
322.76897959183674,114.84375,0.5711874910405883,0.5395510406494141,0.1764866709709167,0.4232516875213787,0.7858942183720716,0.2868533760512053,0.0009361069522838,0.2999999999999976,0.4555475126921567,0.6724256990110987,1106002.mp3,ambient
145.31,129.19921875,0.6045754939400766,0.7801411819458007,0.0852451547980308,1.0,1.0,1.0,0.0085004732708669,0.2999999999999214,0.7083984374999999,0.5890085682272911,945202.mp3,dance
143.38063492063492,123.046875,0.5873017477162432,0.6587187042236329,0.2341005206108093,0.7313544266544608,1.0,0.3340843290214279,0.006872752083494,0.828430395005515,0.6072310029186759,0.6628299868361562,1353302.mp3,chillout
221.53845804988663,129.19921875,0.5829420033683278,0.7890035095214845,0.2064164876937866,0.6533644101437408,0.9625407736991286,0.2562593786508036,0.0025102451082179,0.5383951152962394,0.6965537321574371,0.6349991891382758,1138702.mp3,hiphop
378.80308390022674,139.6748310810811,0.5876725374159155,0.6143903503417968,0.1446572393178939,0.3728309711017007,0.7095532185898004,0.2013887518426489,0.000913358762559,0.2999999999999602,0.4885570232677027,0.6543652015009014,372602.mp3,chillout
194.62945578231293,132.51201923076923,0.5669330515745983,0.3651522064208984,0.2257737517356872,0.7412909801779297,1.0,0.7290113541793972,0.0034720660894418,0.625804593560968,0.7468999349764337,0.6318985636295608,1336602.mp3,90s
191.7910204081633,151.99908088235293,0.5621002646797142,0.5104923553466797,0.1996329128742218,0.8466365303864958,1.0,0.456729463178409,0.0075389380414147,0.7538022261134252,0.7245485363107107,0.6269581413725777,1393202.mp3,latin
292.01562358276647,120.18531976744184,0.6009234929019622,1.0,0.0713674873113632,0.705813953687542,0.8354631673433652,0.2765723528105555,0.0048051104211884,0.3,0.6293667887477286,0.599818937682545,1404702.mp3,deephouse
198.97768707483,139.6748310810811,0.4979230018036517,0.4860050964355468,0.1658936291933059,0.6990030013589092,0.951388332318716,0.4030559314870236,0.0030805834719709,0.3586316655922423,0.6512381653061663,0.6294740734483569,950502.mp3,electropop
220.75,90.66611842105264,0.578227377078233,0.8302402801513671,0.2253879457712173,0.3641048669512148,0.641496837712918,0.2034169944097674,0.0014704934009586,0.4702877137835712,0.3881226499450872,0.7035151304886208,1208802.mp3,funk
75.28163265306122,126.04801829268293,0.5060621194761961,0.8465507507324217,0.0819441899657249,0.1630788574927357,0.2877824750283632,0.1288113282058032,0.0002992137320607,0.299330341782502,0.4986738859432038,0.6297651311990202,1195902.mp3,classical
159.54666666666665,120.18531976744184,0.4957142023851923,0.3240655517578126,0.2937842011451721,0.6495892767972006,0.9211047285648932,0.3960387816058907,0.003345121873658,0.6631308089798051,0.585832717838819,0.6885957688444981,1159702.mp3,celtic
279.84979591836736,129.19921875,0.6298735079781919,0.2633888854980469,0.3604049682617187,0.4482031727002938,0.6745703075738714,0.4679294347392758,0.0003435494476038,0.8401640608177291,0.4167102987885354,0.7464037288165116,1297002.mp3,breakcore
319.09092970521544,109.9567819148936,0.5600139546836893,0.6744417114257815,0.1149646863341331,0.4942468466334266,0.7536336158047555,0.2387977477737302,0.0015118520435016,0.3,0.4388321503635595,0.6536208570075761,1385202.mp3,electronic
36.013401360544215,120.18531976744184,0.5832736788085444,0.786108528137207,0.203090101480484,0.0990611120567981,0.225385946347303,0.1008884905096633,0.0014168109097638,0.7357608766066353,0.2052310687338965,0.7320662227861949,1406402.mp3,ambient
126.54546485260772,109.9567819148936,0.5955002160780993,0.6256055450439453,0.153806671500206,0.6806012176669988,1.0,0.2565262922353994,0.0054969023382136,0.4609887407347792,0.5589059697373626,0.6435892077926016,1087102.mp3,easylistening
38.42714583333333,130.8139534883721,0.5301950505120967,1.0,0.1826391071081161,0.39880461106921,0.6967538626638645,0.2576051122709395,0.0019991413079929,0.3,0.4788907596295588,0.66997192663301,1110002.mp3,electronic
295.86285714285714,126.04801829268293,0.576280808962459,0.6187516326904298,0.2230709344148636,0.2188101301561063,0.4690086179017265,0.1506724448817239,0.0006737362703116,0.2999999999999983,0.3888759111576289,0.7025303541578252,1209402.mp3,chillout
120.0,120.18531976744184,0.5647710402826316,0.291330337524414,0.1679505407810211,0.3865419814269139,0.8311271152862744,0.1543697613833723,0.0071426558177572,0.7753109456175814,0.4341997270694373,0.6736222492672802,1317802.mp3,chillout
188.82666666666665,114.84375,0.6009716264338039,0.34372509765625,0.3381742537021637,0.6093196416965013,0.8922861922073493,0.7438141153006981,0.0022273168452762,0.8798514766504368,0.5568116508368213,0.7103804011654147,604302.mp3,alternative
136.55154195011335,156.60511363636363,0.5393466371974502,0.4461705322265625,0.2189454436302185,0.4410367474911542,0.6315740088406508,0.3557118625088648,0.0004601944033646,0.3,0.3718026088564213,0.7044598379355944,1248602.mp3,downtempo
237.0,147.65625,0.5480758930117887,0.6562160720825196,0.1393704712390899,0.173392066873589,0.3341386556453796,0.1845634392466194,0.0003079905093218,0.2999988534327874,0.3882609124918789,0.6725211871476966,1182602.mp3,newage
199.02666666666667,139.6748310810811,0.5772902141275613,0.4533738708496094,0.0654519647359848,0.6672249516069548,0.8209050067527838,0.6346699143360797,0.0008453486487996,0.5168269303615566,0.661169726771595,0.5913287619506356,604402.mp3,pop
356.0,120.18531976744184,0.5679028083422379,0.6345497589111327,0.1466129869222641,0.6883626188957757,0.9669588358507726,0.6349115193473875,0.0029633525865528,0.7386799266221082,0.6038802130744584,0.6320046326771234,1300202.mp3,ambient
239.2933333333333,123.046875,0.5515075804036018,0.6041139068603516,0.0425685569643974,0.1473172925514335,0.224328622881797,0.1579728597596474,0.0001714323433009,0.6232839051531731,0.344272809003244,0.6464701187065343,1028902.mp3,classical
95.948820861678,90.66611842105264,0.5082611500105582,1.0,0.1129073724150657,0.2637912716484307,0.389987412519461,0.1975707140011509,0.0003241512818244,0.299999990931832,0.3704284260866388,0.6665609688520959,26402.mp3,easylistening
227.30666666666667,103.359375,0.5401945584671766,0.2623065185546875,0.1528695374727249,0.5720061690626862,0.8239442819068011,0.5920419962154573,0.0006865367096196,0.6835188522971136,0.6132161196668411,0.6323898095568128,209102.mp3,folk
229.53333333333333,120.18531976744184,0.5901185720474325,0.2237750244140625,0.2575186491012573,0.5325855910037964,0.7726434803240494,0.6068725936361584,0.0006064103573017,0.6119115283000636,0.6166543066766073,0.6693758523411313,1417802.mp3,grunge
983.5336961451248,120.18531976744184,0.5995480049062265,0.5300299835205079,0.0613305531442165,0.1877654141772748,0.5306405936397125,0.1153477297624891,0.0016067118441134,0.2997276018171294,0.3073293536650328,0.6606131283989114,1118602.mp3,ambient
109.55755102040816,105.46875,0.5100788778296174,0.3984567260742187,0.0896758437156677,0.8515354487741102,1.0,0.4858251252852679,0.0053078091087156,0.6761280363605056,0.6332817053221362,0.6056269626732131,1374702.mp3,minimal
198.1701133786848,147.65625,0.5452833887508218,0.3117652282714844,0.1713974326848983,0.2466023741345671,0.4047493579748947,0.4898719544345833,4.883803269293236e-05,0.8515135434678832,0.4652814791120295,0.6686467799441576,975402.mp3,classical
198.46485260770976,107.666015625,0.5933226923142983,0.5387163085937501,0.1499053686857223,0.718913849781157,0.9086435136441604,0.5269713723168236,0.0020171047827994,0.3839571323802853,0.7194474643692803,0.610076439853004,36602.mp3,dance
317.5384807256236,129.19921875,0.5467632706605264,0.5356719970703125,0.2642273306846618,0.919156432488194,1.0,0.5506380914417898,0.0053090463864481,0.4094789163359423,0.7814258733684326,0.6388366643727917,1371702.mp3,ambient
311.04,126.04801829268293,0.5604824112735256,0.2583250427246094,0.0449448078870773,0.5576856408658845,0.9691991701013049,0.3713376625386574,0.0009642531956719,0.299999999988649,0.637251852712404,0.5887297602968671,1053402.mp3,ambient
186.23997732426304,126.04801829268293,0.5802216405767042,0.5393512268066406,0.2525636255741119,0.5633452481986007,0.8687563268129792,0.2963774968755797,0.0032919304349732,0.9877319939141028,0.620316734154278,0.6668595583758247,1170202.mp3,techhouse
211.2261224489796,109.9567819148936,0.5895853606887198,0.4107136535644531,0.1117950230836868,0.2692676609506864,0.5221911923462826,0.2269657378337002,0.0007929122694716,0.5442677525406875,0.4833358035391253,0.6435790476023022,32202.mp3,pop
163.72895691609978,117.45383522727272,0.5394852585005641,0.3562689819335937,0.2119424492120742,0.3381598135913296,0.6214729596591141,0.3302172345271634,0.0010089401778908,0.3,0.529745513153413,0.6703501790856641,588702.mp3,electronic
198.4522448979592,114.84375,0.6149525171557152,0.3628246307373047,0.3493777513504028,0.379959824441435,0.6211915001726016,0.3464801513582001,0.000429047194742,0.7695174103288394,0.5221208001747966,0.7213518304511858,1032802.mp3,dubstep
82.0,120.18531976744184,0.6302203638009723,0.8982210388183595,0.057959072291851,0.3064864693669062,0.7679190633828057,0.0551061353739687,0.0099890400236473,0.3,0.3910190403786632,0.6426614579493337,1370402.mp3,grunge
222.37886621315192,95.703125,0.5794279275375773,0.9502538146972658,0.1448026895523071,0.336681797729675,0.5992800190030144,0.2186875998752156,0.0004252120091099,0.2999967496215078,0.4086624126110927,0.670396485716612,1075402.mp3,atmospheric
154.8,147.65625,0.5281351661464146,0.5141205749511719,0.0354406088590621,0.2639985481678905,0.4029725480778961,0.32057641020388,0.0001805835757128,0.291160880916699,0.5839476781164814,0.5959690835659661,1170402.mp3,classical
213.90222222222224,114.84375,0.6294485564026748,0.4019923706054688,0.0965346321463584,0.2474582925803117,0.497568050854641,0.288726743224013,0.0002194609506426,0.2999978668689614,0.3990984499259463,0.6549327775874998,1103302.mp3,orchestral
442.8571428571428,126.04801829268293,0.6049583761473589,0.447331298828125,0.3872908055782318,0.4479578342962726,0.7476232261529091,0.2638753920374437,0.0009915308177266,0.9467516031052814,0.4786319881876815,0.7436982923706272,1413402.mp3,electronic
253.1909523809524,90.66611842105264,0.5656060343754885,0.4639750061035155,0.1672804206609726,0.4496301684582691,0.7947076105830186,0.3267449441884029,0.0009200820855687,0.3186009622892086,0.4240241960121312,0.6754161122355239,1056402.mp3,chillout
135.7902947845805,93.9630681818182,0.5908998605163465,0.4923259887695312,0.2484424412250518,0.6152905116808606,0.8778874428207113,0.4954136666270484,0.0011506996833463,0.891901804526543,0.5300065373773798,0.6834379713655427,75002.mp3,reggae
220.03629166666667,127.8409090909091,0.5804986993971997,0.5427995300292969,0.2044326812028885,0.5447833735519358,0.7798715413187705,0.4160025727456848,0.0009925881808471,0.2999999999344788,0.5556177714424329,0.6624722109445533,1152202.mp3,dubstep
319.84,132.51201923076923,0.5753852469581899,0.5698376922607422,0.0702735558152198,0.7614276959519948,0.9414632638340984,0.4982970476552201,0.0024688746396857,0.6141564511339503,0.6914193622099641,0.5870146076514863,1160602.mp3,funk
32.001179138321994,120.18531976744184,0.5672826419540533,0.3295547485351562,0.2029468119144439,0.3713042657433354,0.7479035327475959,0.2512115502003769,0.0019174416445959,0.909438042784766,0.5232029401020197,0.6684202642687959,1202102.mp3,easylistening
701.4661224489796,139.6748310810811,0.6002192813620333,0.4402418670654296,0.2748958468437195,0.7228457776787461,0.848981974258005,1.0,0.0005617281788086,0.2999999999999863,0.7035307933836115,0.6582563461870168,422702.mp3,electronic
180.6280272108844,156.60511363636363,0.5874115086045446,0.3197262268066406,0.1274439394474029,0.5633340348868802,0.8309227502562517,0.8242557440678205,0.0009605327678417,0.4680431311950976,0.617851459819886,0.6223095262370878,1046002.mp3,alternative
174.75918367346938,120.18531976744184,0.6087384390284029,0.2739188842773437,0.2163975685834884,0.6657126859409088,0.90144677537775,0.7333046001688344,0.0016381401663239,0.4144306282819074,0.8305617796115141,0.6117907687677531,39102.mp3,metal
98.37124716553288,99.38401442307692,0.5466593788204308,0.8156822509765624,0.2105295807123184,0.4519854897639602,0.769134777371797,0.3264377808418707,0.0012845751080752,0.783409781496151,0.5366406257648968,0.6684625239034553,1279602.mp3,folk
287.8533333333333,109.9567819148936,0.5726672964710112,0.268091064453125,0.2009602040052414,0.3746911834156063,0.5941355776705205,0.4366481269071786,0.0001330473536752,0.2999996487251689,0.4547970372291635,0.6813862659960542,319802.mp3,folk
213.0,120.18531976744184,0.6104455015280148,0.2435218811035156,0.1159432008862495,1.0,1.0,1.0,0.0063512394197981,0.7120811461662773,0.6903706395348838,0.603665424412073,236302.mp3,alternative
317.92433106575965,120.18531976744184,0.565660704629215,0.7432102432250978,0.2133806645870208,0.7123443616560966,1.0,0.3377501906044477,0.0084738214536701,0.2999999999587053,0.6786331873464757,0.6410904017820324,913702.mp3,80s
383.72,120.18531976744184,0.4613223638490784,0.5625495910644531,0.0491445995867252,0.3854438406860486,0.6892483602151288,0.1394746183097666,0.0020752292706445,0.5922780563620543,0.512448129432654,0.6152024299646903,1380002.mp3,ambient
104.94115646258504,120.18531976744184,0.566138767905229,0.7599227142333983,0.0786841511726379,0.1554297937474714,0.3309594626561019,0.1000213168411139,0.0012950295031203,0.2999992463941998,0.362789685631891,0.6557683572957714,702502.mp3,soundtrack
1112.5531292517007,114.84375,0.5201905223129373,0.8706144409179689,0.0269323717802763,0.1405730778618611,0.2765741337907886,0.0795896000659718,0.0011284939329927,0.2908098917099425,0.3556357713307864,0.6385684995747422,937102.mp3,classical
290.38666666666666,99.38401442307692,0.5525539325481024,0.6203007278442383,0.0827674120664596,0.3806538391334688,0.7139998631787171,0.2402768622280817,0.000743097211521,0.2999999999954573,0.4939331175351463,0.6310096448368963,80702.mp3,chillout
281.5070068027211,139.6748310810811,0.5958583178620689,0.2159841003417969,0.2629291415214538,0.6385761828205319,0.7951086193437977,1.0,0.0005358710662467,0.934007604848103,0.648911566584353,0.6648721776308528,1196902.mp3,heavymetal
487.68,132.51201923076923,0.5577969835396622,1.0,0.1448507755994796,0.265930736848135,0.4819621793761107,0.2602391296016945,0.0003517007811691,0.2999716600188649,0.3769046657673244,0.6767653460623478,4402.mp3,alternative
153.55303854875282,103.359375,0.4976899295114174,1.0,0.0516081824898719,0.2349683900406728,0.3751941660525456,0.0853064732068763,0.0005106136560812,0.2997844543867642,0.4960775925814293,0.619363427180068,390002.mp3,easylistening
198.20895691609977,93.9630681818182,0.5322175033893941,0.9967054748535156,0.0551244653761386,0.6200357653585384,0.9813615630288174,0.228805430911452,0.0107328725513429,0.29999999999983,0.5111515347004303,0.617614500595324,1105602.mp3,gipsy
92.8081179138322,99.38401442307692,0.5284343350393613,0.5261440124511719,0.1157553866505622,0.5022704314783741,0.8297454003274848,0.2759142527627428,0.0009589284821745,0.312447663691414,0.4690075928312715,0.6478704206279481,1088002.mp3,jazz
60.04297052154195,178.20581896551724,0.4935492038015053,1.0,0.1376453638076782,0.2012648284023148,0.3568632297366351,0.0980948069341482,0.0004664528107553,0.5468485073492437,0.5245262441639604,0.6446470821379721,1109902.mp3,electronic
172.8522448979592,132.51201923076923,0.5970785039849403,0.4293239746093749,0.2192651033401489,0.6140410904979506,0.8130253215166323,0.4925744820615645,0.0015128755013072,0.9288369533785944,0.5881857473393004,0.6612982877345934,279602.mp3,alternative
202.6133333333333,95.703125,0.6114576736107293,0.3342953643798828,0.2630459666252136,0.4206791793244029,0.6812200897803955,0.2624078308167908,0.0021612161182817,0.2999999999999219,0.4242601032484741,0.7098445273353821,1236302.mp3,groove
116.68566893424035,120.18531976744184,0.5966281638436493,0.6113841247558593,0.2089021801948547,0.7323580795382457,1.0,0.3078785996296934,0.0046745145598115,0.2999999999984791,0.6134614846918062,0.6525124879317865,1371802.mp3,70s
100.60045351473924,132.51201923076923,0.54989726031526,0.8889416885375977,0.0576542653143405,0.197951419142929,0.3502437386476116,0.2251918064991866,9.164022654421082e-05,0.299989194951179,0.5934270324989217,0.6020701290133782,238202.mp3,classical
135.61743764172334,139.6748310810811,0.5366654307885339,0.4873951263427735,0.1095784157514572,0.309314778524222,0.531964015383908,0.3174180832717418,0.0002854740558954,0.7823117816095086,0.4906054688833992,0.6413271358938448,159202.mp3,alternative
238.6428117913832,129.19921875,0.5872393897939183,0.6153376159667969,0.2312445640563964,0.5992004241525901,0.802789128892021,0.3867712443118107,0.0007952131789843,0.3664466039676216,0.6126184687388285,0.6607243493125371,1211802.mp3,downtempo
192.2339455782313,161.4990234375,0.5718913316045691,0.4869715881347659,0.1853353828191757,0.4934076611743215,0.854307342810141,0.3055170442995648,0.0021555892431421,0.8036719592219097,0.5824871036749519,0.6502233170799129,938302.mp3,hiphop
202.1034693877551,120.18531976744184,0.5150680246438556,0.6322892456054688,0.0983925983309745,0.6936665647331679,0.9578228420310108,0.3282673511477762,0.0051106503943603,0.8999902969655484,0.7250490917435772,0.5904115170504354,1306402.mp3,chansonfrancaise
297.401179138322,120.18531976744184,0.564531382389341,0.4300277709960939,0.2705270946025848,0.6596653469500522,0.9015255305886034,0.6836934695614669,0.0010189789702416,0.3257602325749303,0.697222595807276,0.6579452348954753,1312102.mp3,indie
300.0304761904762,84.72079918032787,0.5861575522987683,0.3190163574218749,0.1036559715867042,0.1565355185634517,0.3807898000334719,0.1755735147414547,0.000399763127826,0.4403401558635985,0.2938562025932844,0.6785449092525567,1391302.mp3,ambient
537.6,117.45383522727272,0.5805116077365031,0.4816248321533203,0.1726173609495163,0.6761013240784893,0.9636545101890694,0.5378763537991705,0.0021589443361171,0.2999999999989639,0.5893090149429947,0.6442804469532268,264302.mp3,electronic
46.17197278911565,129.19921875,0.5737116686027015,0.6746718139648437,0.2281738817691803,0.5853233887308342,0.896808835552945,0.4348442569162931,0.0025955783329708,0.4984802965387737,0.553051227651655,0.6715323519065739,1349102.mp3,downtempo
79.99403628117913,120.18531976744184,0.5412759275765211,0.4464590454101562,0.1618913859128952,0.6267462985514921,0.9975735047145956,0.5194580417724073,0.0033559284019334,0.9230558466136444,0.5314767979142312,0.6519855393457961,1164202.mp3,electronic
343.02666666666664,143.5546875,0.5927645705187632,0.659584732055664,0.2027082592248916,0.5259484084492351,0.6766948486777714,0.5521581064994973,0.0004422072056688,0.2999999998799182,0.6884977988859838,0.6352754135437643,6702.mp3,electronic
202.44,107.666015625,0.610611486561528,0.169364044189453,0.3079783022403717,0.5328653600611772,0.629012013956779,1.0,0.0001114996330821,0.3749171601937196,0.6560863573455404,0.6796549173374258,12102.mp3,metal
249.04,132.51201923076923,0.5827690159576713,0.6989151000976562,0.250823050737381,0.5921383418733497,0.8723840103119416,0.7166190444245591,0.0012448638711828,0.5921088332906173,0.6840226615184499,0.6534917659617672,347202.mp3,rock
436.06204081632654,123.046875,0.5419082764307674,0.4227896881103515,0.1097134798765182,0.2245241518628242,0.4511289931826734,0.1856045611574326,0.0002652066105534,0.2906926380730658,0.4954303881720426,0.6404107751211381,1375802.mp3,atmospheric
147.75256235827663,109.9567819148936,0.5460963866997666,1.0,0.1279344707727432,0.2095608130941071,0.418153580252384,0.1130674751392756,0.0003504309436454,0.4100038218104473,0.4727058496591009,0.6515152395463674,1110302.mp3,ambient
217.00024943310652,120.18531976744184,0.5610401166513582,0.6517945861816407,0.2172040194272995,0.3725006696704422,0.5379526837841092,0.3281101769339881,0.0001367753142418,0.2877127201930741,0.6379095898243595,0.6506115290289559,1342002.mp3,chilloutlounge
302.0142916666667,104.16666666666669,0.6041707918260324,0.2376822509765625,0.1204743385314941,0.5404108014797879,0.7508977011734406,0.7963947853083109,0.0002815523215361,0.6293540798195645,0.6168164189036229,0.6200074780906133,1030902.mp3,rock
158.64666666666668,132.51201923076923,0.5349256194654973,0.4182813720703126,0.181715041399002,0.3806611888510832,0.6415117285319256,0.214189356822218,0.000750962862684,0.2999999999999598,0.415010782151131,0.6824152584734146,1324902.mp3,easylistening
150.09390022675737,126.04801829268293,0.5518372054712233,0.3002521057128906,0.273494690656662,0.4602475079725518,0.6761394605990115,0.4901376938589558,0.0004570268424332,0.8692640978368305,0.6068530937451834,0.6770874698873616,973502.mp3,hardrock
419.6310204081632,129.19921875,0.5897954920622649,0.6133958740234376,0.1989159733057022,0.7271299191869036,0.9398087195476884,0.5711051354807364,0.0019352548599396,0.7140963177035593,0.5741769099997277,0.6567743683901073,1051502.mp3,house
341.4987755102041,129.19921875,0.5767963495083888,0.42503955078125,0.2506746649742126,0.8629654566532726,1.0,0.71784563210242,0.0037354205602263,0.787214737838257,0.6726351683346081,0.6557158457237949,1197002.mp3,electronic
217.39102040816329,90.66611842105264,0.5663404619329127,0.6214188232421874,0.2174233943223953,0.5991643830820177,0.8663159874373918,0.666654596372399,0.0014597190971485,0.29999999999997,0.5053109995017953,0.6772102220557032,82802.mp3,alternative
90.82757369614512,123.046875,0.5790154334701807,1.0,0.0608579255640506,0.358806989746367,0.5396356588280884,0.277074916454686,0.0002085907069175,0.2918023014052535,0.5810818159757022,0.6056924900079178,1193602.mp3,classical
253.12501133786847,112.34714673913044,0.495916916459302,0.7474237365722657,0.1392938941717147,0.1537748613880371,0.387978338596877,0.1646571348986434,0.0004894690474163,0.2999872207214387,0.3471642896123178,0.6807129439793538,1127402.mp3,classical
256.78229166666665,127.8409090909091,0.5822001272925927,0.6610126800537109,0.1780261248350143,0.528582145205862,0.858703031745853,0.3077330669460221,0.0010944758503327,0.3,0.6121741780143752,0.64165456933773,1076602.mp3,chillout
148.42022675736962,105.46875,0.609084342149829,0.7670908584594727,0.1830991357564926,0.350948011699763,0.6363226611142764,0.153789798223389,0.0013372303679091,0.8119412671296748,0.4887256227329038,0.6681705643257566,1420602.mp3,house
211.95176870748296,120.18531976744184,0.6261970050522981,0.41230615234375,0.3175975084304809,0.6812461615639371,1.0,0.3824380090763716,0.0050180475486313,0.8511671169726908,0.6456637815889288,0.6852023467171873,155502.mp3,electronic
513.7529931972789,129.19921875,0.5770510545805025,0.8499642944335938,0.1007725745439529,0.5328065487643148,0.8491300744972313,0.3508317023013397,0.0012176550016937,0.7272747142107239,0.5420820244280903,0.6278617219502051,1151702.mp3,dance
405.4798412698413,129.19921875,0.5841531902905717,0.3408995819091797,0.1782317161560058,0.5884869947301372,1.0,0.4900169417430302,0.0033498364164134,0.6800383907409938,0.5189421912384482,0.6603749795684725,1179202.mp3,electronic
330.02521541950114,92.28515625,0.5624276300686144,0.7087651367187501,0.0783889815211296,0.7594133424742489,0.923124503442524,0.4574225637426459,0.0023992788849244,0.9185769381896496,0.6992124135308463,0.5883775506414375,28102.mp3,dub
174.741768707483,109.9567819148936,0.5414727497083454,0.4577567749023437,0.207790121436119,0.4459155666457081,0.6766525568842146,0.3969251310902691,0.0009224261260849,0.8637084398988051,0.4637695767832352,0.6820505283603558,1064502.mp3,ambient
203.58439909297053,109.9567819148936,0.5827003756204137,0.3271510314941406,0.1061034351587295,0.5111773898855184,0.8532669696809588,0.246735913298914,0.0028092346031999,0.2999999999999999,0.4717947897226996,0.6438382787126027,1404902.mp3,african
212.58666666666667,86.1328125,0.5717703117705881,0.7596052551269531,0.0871331840753555,0.6780518098197134,0.9783387732796984,0.3259189797948987,0.0022585495688039,0.5485632112056146,0.6218767104931294,0.6069926041685021,350002.mp3,alternative
376.80002267573695,99.38401442307692,0.540359021664559,0.553258758544922,0.1835100054740905,0.4667944817227096,0.6580263771256416,0.4191343360976362,0.0007411907803533,0.2999997534422245,0.5727540472124344,0.6515127925281857,1094402.mp3,instrumentalrock
258.8586621315193,139.6748310810811,0.5432615331707473,0.4379365234375001,0.2325706630945205,0.4802508061149053,0.781872877926336,0.2153449496104146,0.0026776745962838,0.2999999999998232,0.5401808632367916,0.6756892660666691,1366702.mp3,experimental
325.7187074829932,90.66611842105264,0.5807363387342945,0.4243245697021484,0.0436700619757175,0.1734284256155857,0.3828200014515602,0.1461269099431798,0.000366879932943,0.371615276072937,0.4098045049426975,0.6337603213227188,318602.mp3,easylistening
1835.6767346938773,139.6748310810811,0.578566125068407,0.4043317871093749,0.2123654782772064,0.6543540006142456,0.8488050436520153,0.7754712938400183,0.0009614301686838,0.3101316824934166,0.6544027020689758,0.6455710317659991,268702.mp3,alternative
72.43333333333334,114.84375,0.5535811085520397,0.7890543212890623,0.1218332573771476,0.3009050112133509,0.557756817986325,0.2403879608598939,0.0004179887666867,0.2999999999999919,0.5128769618011739,0.6412845802955384,1277702.mp3,classical
126.44115646258504,99.38401442307692,0.523310287138807,0.5655876922607422,0.0267256703227758,0.2263960165522506,0.3916411375454329,0.1099887801742768,0.0005376737930032,0.4404952511029549,0.3727120060410983,0.6350788401079797,1193302.mp3,chillout
330.0115419501134,129.19921875,0.566219533741863,0.2225965270996094,0.2683793306350708,0.4634410080104543,0.7405592085649054,0.4082666838277881,0.0010978411291858,0.4384247590606644,0.4970001761450937,0.6972165237996066,934002.mp3,rock
229.6453514739229,105.46875,0.5447765307444989,0.9928560638427736,0.0286803003400564,0.1569767087497632,0.3121392967632458,0.1588427426663428,0.0001882285967644,0.2998398417209517,0.3436301429658392,0.6415988795292524,1377102.mp3,classical
147.69231292517006,129.19921875,0.5927573301280875,0.5834832916259766,0.2030592113733291,0.8590763053326047,1.0,0.4412314369960238,0.0092964567295597,0.9385204527384904,0.7703880427360085,0.6190237075471968,1297202.mp3,dance
310.43265306122447,101.33272058823528,0.582050530190967,0.3447575073242187,0.1637704521417617,0.4962283097741077,0.8568334011705037,0.4127963265496001,0.000977529859302,0.6417639756381067,0.5614476926219109,0.6466678242466521,298402.mp3,gothic
247.8581405895692,89.10290948275862,0.5524891513843833,0.5325785675048829,0.078831598162651,0.9696113290199508,1.0,0.749800813198539,0.0125137447586109,0.8498926677108545,0.6282058189655173,0.6027382115454509,409702.mp3,electronic
323.8160090702948,126.04801829268293,0.5715805985694207,0.3484011688232421,0.2806452214717865,0.5418787124679687,0.8758916718467872,0.4473682461620256,0.001920545484829,0.6124603935055175,0.5402862108347616,0.6929750375628908,1226702.mp3,poprock
387.6,161.4990234375,0.6115364483646926,0.4985672760009765,0.1048075556755065,0.371013025258719,0.6659881656761146,0.3341108365855119,0.000975756475132,0.2999999999999904,0.6225921887311493,0.6132122822969525,1107102.mp3,experimental
336.82566893424035,120.18531976744184,0.5744534974486166,1.0,0.2269395887851715,0.5868348738893777,0.9537616615130547,0.1911989319810473,0.0061346686651101,0.7044660967105032,0.5340109954008068,0.6748960528825003,1072902.mp3,dance
246.9877551020408,161.4990234375,0.5601936346595848,0.6469160614013673,0.0492678917944431,0.4772932194780606,0.794698348538708,0.2643148512899061,0.0011330239678646,0.2999999997036472,0.5105767965424944,0.6156210817375006,1365202.mp3,gothic
180.4908616780045,147.65625,0.5253684949881259,0.4428303222656249,0.2497832030057907,0.5400846815716387,0.8843180950666566,0.2837586107899414,0.0021983895434097,0.722665580477561,0.582559984151191,0.6734099562518464,98602.mp3,alternative
176.09945833333333,148.02631578947367,0.562734865385285,0.4468641357421875,0.2390220910310745,0.3064150863206942,0.6154444826100582,0.2710833050183924,0.0006696279491706,0.299999999999643,0.5572819378729308,0.6745915651966007,1115702.mp3,indie
407.5442176870748,112.34714673913044,0.5190504537563287,0.4372859191894531,0.1215488538146019,0.2234942993677934,0.4522884863051519,0.1791541686034756,0.0004912843130225,0.4272639114376861,0.4700377987748712,0.6497500276182824,1066202.mp3,easylistening
345.0002494331066,139.6748310810811,0.5422258228279382,0.3467726898193359,0.19196517765522,0.5451267800335309,0.8212206631075963,0.6048156696400724,0.0014099581562302,0.5611367787683206,0.5796661272123574,0.6531742385134077,1054102.mp3,electronic
213.9861224489796,84.72079918032787,0.534702306051732,0.651971206665039,0.2180494219064712,0.5536566710099013,0.8515763445318295,0.2548277650745257,0.0017408939172635,0.9173698380034824,0.5514215649785553,0.6682134788906187,1179602.mp3,hiphop
213.6919274376417,129.19921875,0.55066543674208,0.5280363464355469,0.1718369126319885,0.496494280575935,0.7884097255455387,0.3434283094325021,0.0013879801742465,0.5252453796834355,0.6214283276788908,0.6375756230117376,1356502.mp3,indie
127.66666666666669,120.18531976744184,0.547046800269347,0.8321304321289061,0.1340852677822113,0.1481263090425338,0.3369349902412866,0.1094737589187294,0.0004896696232291,0.2999999725225593,0.3932492160873709,0.6696208531841219,1385302.mp3,ambient
147.0,107.666015625,0.5655614082462371,0.739213668823242,0.1861999332904815,0.4861379406844674,0.8338334774720425,0.1340064953326835,0.0045136907762485,0.3,0.5631823938990035,0.6543954972047726,1320002.mp3,downtempo
74.55884353741497,101.33272058823528,0.5381121135964304,0.2595878753662111,0.1550183296203613,0.5585760741461522,0.8278791838538769,0.6466209903456867,0.0009599034745246,0.4049205441421916,0.6040278934174621,0.6350010199798376,1398502.mp3,popfolk
247.84,161.4990234375,0.5632931508729704,0.4463229904174804,0.0607474334537982,0.5133789131221562,0.806404434226425,0.3405007380596572,0.0014412166754257,0.8933883878503502,0.6965387939570662,0.5825613172519541,61202.mp3,electronic
216.26253968253968,107.666015625,0.5249792486175149,0.8067476272583007,0.121287927031517,0.2525603115945243,0.5186821153054904,0.1139129660568669,0.0015017001503616,0.3253415158947099,0.3754555753185097,0.6685725386676442,683802.mp3,indie
288.0,105.46875,0.5755025707035685,0.2139614868164062,0.1120320186018943,0.5106529171459628,0.7386888938272093,0.7813066138884873,0.0002025026286671,0.2999999999995997,0.6020583140281967,0.6199198638910426,1073702.mp3,ambient
312.9418594104308,139.6748310810811,0.5646045690189851,0.4618331604003906,0.1690234243869781,0.3187118024458739,0.6067323785349176,0.3335003687265587,0.0003731342680587,0.2999999535356736,0.4687649064111747,0.6670954514970773,1372502.mp3,folk
187.63637188208617,109.9567819148936,0.5531681055184827,0.4022073974609375,0.2035857588052749,0.6188659239441102,0.8377673404959208,0.6889023032044452,0.0010527077571507,0.2999999999990017,0.5721935811974508,0.6588521569304089,1066802.mp3,rock
323.001179138322,123.046875,0.5606617721804089,0.3639875183105469,0.2018144428730011,0.4085874192560687,0.8318350593288307,0.3564973148114056,0.00138276727207,0.7688433519485446,0.4921268161974027,0.6742278361947999,1388002.mp3,electropop
322.0095691609977,161.4990234375,0.583968649995023,0.5309644317626954,0.2237815707921981,0.6067595745931122,0.9758030850600607,0.2928800818870606,0.0061164143107513,0.7683812515679549,0.6200694294388571,0.6565474795974199,1326602.mp3,ambient
301.6533333333333,90.66611842105264,0.5750138391612362,0.4723126220703124,0.1807496845722198,0.4995336708189699,0.654617456763351,0.4182885057115205,0.0005026892710827,0.2999999999958136,0.5587853515602796,0.6533128161339432,492102.mp3,electronic
158.12501133786847,97.50884433962264,0.5643766736105919,0.2930818939208984,0.2793193757534027,0.5175870553597226,0.7688019747084012,0.6473324737652663,0.0010255427809494,0.3984202908507617,0.4787572159185885,0.7048035320875072,1086702.mp3,funk
172.49759637188208,99.38401442307692,0.562449260018551,0.3028991241455078,0.2069715708494186,0.49265052544542,0.8076141288114935,0.5239985685628832,0.0009253223939571,0.9306696486810208,0.4614300765901022,0.6822237501877703,1363602.mp3,alternative
390.26938775510206,161.4990234375,0.5482582571627079,0.4291771697998047,0.1946571320295334,0.2823523744482373,0.6193284713896045,0.1565954365517001,0.0007082070610972,0.2998628669017926,0.5840020510653554,0.653276157317561,1095102.mp3,ambient
228.809433106576,151.99908088235293,0.5793698876453821,0.4068442382812501,0.2216625958681106,0.6609336073313935,0.9008286579590378,0.6600307646995491,0.0018959567387873,0.8807275764013069,0.744821784118636,0.6308341776887927,1325602.mp3,electronic
280.72,112.34714673913044,0.4885362384388085,0.343267707824707,0.0686927586793899,0.1998543017659521,0.2919551961268659,0.1854191127519215,0.0001123716492652,0.5456514639575457,0.385086853682466,0.6477120223880871,1390502.mp3,ambient
166.8118820861678,95.703125,0.5607258987786267,0.5789096450805664,0.098640963435173,0.5088808107025732,0.996317755469985,0.1489787603889402,0.0048439133157412,0.7634073260380347,0.6066333843119184,0.6141840699742787,1174902.mp3,singersongwriter
199.49179138321995,143.5546875,0.5604683861442188,0.6599095764160157,0.323509931564331,0.4690377252233772,0.8208593546147603,0.1638848947413992,0.0015246690089508,0.8716731200954009,0.6106798609274179,0.6943276031776756,262802.mp3,dub
93.68043083900228,120.18531976744184,0.5722374890721544,0.4623157958984374,0.1130083799362182,0.1656673602139665,0.2763690300837358,0.1494058864247088,0.0003234435187762,0.2771008082840808,0.2966473516041429,0.6813535464562099,1380602.mp3,ambient
315.2690476190476,120.18531976744184,0.5594108038373083,0.4423944854736328,0.1832533627748489,0.5566985855893112,0.8984900419532393,0.3991154988880865,0.0017715059180422,0.7198598090327558,0.6275098514863248,0.6404692403016806,1189102.mp3,popfolk
75.00301587301587,126.04801829268293,0.5453276867059453,0.4837167358398437,0.0823966264724731,0.3157861965291623,0.5164934155644988,0.2724157326699408,0.0002086150570769,0.7044460059124938,0.5542459827827393,0.6188135889735425,1349402.mp3,soundtrack
179.6,161.4990234375,0.517232392712263,0.6894887619018556,0.0432570315897464,0.1945500071790233,0.2995898795181999,0.1508474309048197,0.0001673475748209,0.2999932910961602,0.4842572560065367,0.6187210801710015,1219602.mp3,ambient
79.27467120181406,126.04801829268293,0.5791808188110721,0.5465799560546875,0.1781565397977829,0.7201820834364793,1.0,0.3118101068256252,0.0131340725001683,0.875427155057126,0.6821048687821633,0.6277153805707693,1245902.mp3,acidjazz
351.63428571428574,120.18531976744184,0.5797277896953104,0.3800364837646484,0.2789306342601776,0.2357123038993237,0.4348881903123914,0.1921569195882133,0.000500815816724,0.3,0.394594442932704,0.7214961397471231,87602.mp3,electronic
228.1360544217687,89.10290948275862,0.5569021213834968,0.692822265625,0.0649079456925392,0.1687914728238105,0.3034223094793694,0.2034052757198479,0.0001640637087962,0.299990219364625,0.3234906006873214,0.6586687403118499,1336202.mp3,soundtrack
126.8242403628118,99.38401442307692,0.5352364966131397,0.3907348175048828,0.0881274938583374,0.0999330064729919,0.2467786019669919,0.1219570245867233,0.0008152999315183,0.2977019179896564,0.3918485498082776,0.653356187827346,1357402.mp3,classical
210.21,109.9567819148936,0.5534430266775754,0.4845724487304687,0.1314677447080612,0.7788506160180814,0.9725218102726988,0.4619177580265806,0.0022640142041872,0.8672047571390179,0.8117109772468156,0.5849861926455389,1377202.mp3,dancemusic
201.82784580498867,120.18531976744184,0.5976153441528564,0.6778670349121094,0.1822368800640106,0.4495427907266571,0.7565550280742992,0.2390673204402449,0.001266548289507,0.7451094159557974,0.4931291217650093,0.666979452470042,1079402.mp3,alternative
226.97795918367348,109.9567819148936,0.4917725526903124,0.5769590759277343,0.0841739103198051,0.4702377165398413,0.7865375856557166,0.3589883119945209,0.0005737756482671,0.9174422009815184,0.4799718081628192,0.634308246082566,477402.mp3,experimental
50.40555555555556,132.51201923076923,0.5208831628051251,0.5306141281127931,0.0379823520779609,0.3113370988688184,0.6526470816702036,0.212389479951916,0.0004658713174723,0.746224256544139,0.4565883501000927,0.6223559767280474,1162602.mp3,pop
165.50918367346938,139.6748310810811,0.531193512363985,0.2743495178222656,0.1631027162075042,0.5389541651457401,0.8135745009067007,0.5000872546604254,0.0007223157063072,0.7079378923821444,0.6832448962446129,0.622067998585779,1083302.mp3,classical
238.0,99.38401442307692,0.5429438812666605,0.7427810287475586,0.061444241553545,0.1442193257026704,0.2254714805999781,0.1427195716835217,0.0001592165454372,0.299881490605432,0.3292858461712117,0.656262757725034,1117702.mp3,classical
316.19938775510207,126.04801829268293,0.5874732324977039,0.3755775451660156,0.3072691857814789,0.7273677057315645,0.9541655238522992,0.624619853923609,0.0015561181673446,0.4918834488428873,0.5892516017913881,0.6927665865230548,1234502.mp3,club
275.47891156462583,114.84375,0.5905284353946679,0.5529247436523437,0.1445507258176803,0.7086458989776085,0.9659423838273666,0.3173724980675296,0.0036274958299285,0.9604717269546386,0.5980974552447603,0.6324187702454129,1384802.mp3,dance
164.11766439909297,135.99917763157896,0.5929420346539054,0.2158567810058593,0.2428897321224212,0.5412287568977405,0.9189408324091798,0.5665051692961751,0.0007094676655424,0.7107526195372117,0.6588431993448723,0.6556716636950971,1079302.mp3,blues
358.94104308390024,109.9567819148936,0.5581273904703139,0.5358694763183594,0.2138110548257827,0.2824586750979022,0.5961178547114876,0.184291695231213,0.0008735780707781,0.2999999999999999,0.3778987023296566,0.7013922392713504,1066302.mp3,80s
95.9998125,100.44642857142856,0.5323263550052607,0.6656440582275391,0.1791395097970962,0.2908267422110592,0.5909742236811646,0.0920829268292683,0.0021550827707551,0.3,0.4695283621400664,0.6705845510989414,1112002.mp3,alternative
299.1495918367347,123.046875,0.5166329612530365,0.3856555786132811,0.1915918439626693,0.2009702550313875,0.4282269011033237,0.1719506988992349,0.0003745143750513,0.2999999999107005,0.3816128196204812,0.6926504999024647,1228102.mp3,chillout
248.05877551020407,120.18531976744184,0.5560396519125859,0.582207244873047,0.0749457702040672,0.1718183927611876,0.2968268677056494,0.1379460234439476,0.0007189043165594,0.7373332675087416,0.3782085383464658,0.651338769604171,438202.mp3,instrumentalpop
406.0167120181406,109.9567819148936,0.5816428096562665,0.7242619628906252,0.1639423370361328,0.2937316683152948,0.5491702874812489,0.1596051754295422,0.0012767332362266,0.2999999999995464,0.3917380959863874,0.6806716221357304,958302.mp3,ambient
119.32,107.666015625,0.6070616774626507,0.9309112701416016,0.0906076580286026,0.6189493123406355,0.7439539041316849,0.1387291823881461,0.0012086235089429,0.887130515790558,0.5322987238227173,0.6261590121257534,3902.mp3,alternative
261.09378684807257,129.19921875,0.5487139100277434,0.7436292724609375,0.2680549323558807,0.4109322761997391,0.6280616630830367,0.2941767736855633,0.000572143829679,0.6179057383010351,0.4937315676214586,0.6977534621238254,1409402.mp3,electronic
279.92,132.51201923076923,0.5771185912393335,0.3320648193359375,0.1659288704395294,0.5368696631162752,0.7680405451833584,0.609648465278979,0.0010969285396162,0.6383199131757159,0.663210739525332,0.6270922454531642,12302.mp3,blues
39.476462585034014,126.04801829268293,0.5033291786771827,0.5786524963378906,0.0830820947885513,0.2160695134465933,0.6765088937861002,0.0853149360661498,0.0020892854712483,0.2999999999527408,0.3913287729134388,0.6516437995411908,1379502.mp3,ambient
531.2783673469388,120.18531976744184,0.5754076235065316,0.5254554748535156,0.0848811119794845,0.6840066590561369,0.9527867285081578,0.3465081832916622,0.0025760485033739,0.6063671389625294,0.6051983148824389,0.6095175373361267,1397902.mp3,pop
120.18428571428572,139.6748310810811,0.5870782273433581,0.4609938049316406,0.1597566306591034,0.8202756756825651,0.979631781258984,1.0,0.0026902690010821,0.6492397625809652,0.7293496621621622,0.6116424546048448,80802.mp3,drumnbass
236.54975056689344,126.04801829268293,0.5794831286398443,0.1166509399414062,0.1752898842096328,0.267167221337414,0.5368570778176576,0.2364890019452342,0.0005641147678143,0.8231745323417802,0.5165808047692906,0.6597881973616097,1032702.mp3,ambient
200.3618820861678,126.04801829268293,0.5696559082717283,0.8573544006347658,0.0897247865796089,0.5785497175755305,0.9714063978003952,0.1586962850738717,0.0038974562475771,0.4656059110229813,0.5412228196485612,0.624056359238947,1095702.mp3,americana
561.6,99.38401442307692,0.5200665613164075,0.5929522552490234,0.0830668732523918,0.3152143004266461,0.4725714239534255,0.1972956088686845,0.0001546897514787,0.2999927911548442,0.5087137764974167,0.6281613190713777,1193402.mp3,ambient
253.50666666666663,126.04801829268293,0.6208210774218647,0.5607255554199219,0.1428798139095306,0.4186314181863923,0.7764669725658694,0.247872834745933,0.0009598434238481,0.2999999991213712,0.4686055477282956,0.6577156234617719,1171002.mp3,darkambient
62.20532879818594,126.04801829268293,0.5261225579939041,1.0,0.0411351323127746,0.3136387151316806,0.4795749968922069,0.1951028323273154,0.0003275919061338,0.2797492006333842,0.4873350371839093,0.617341640195817,1338302.mp3,classical
272.71836734693875,126.04801829268293,0.5341278732826944,0.7109538269042969,0.275999903678894,0.4293435151707704,0.7360940928965819,0.2743834431660906,0.00117195208396,0.9454486151422,0.4989848292599707,0.6995629994724077,240502.mp3,electronic
144.8289342403628,101.33272058823528,0.5519976734486998,0.4373780670166015,0.0482497401535511,0.2459749535095668,0.4653922248981547,0.1959845544748032,0.0002260426556433,0.4043377452705193,0.3718310777195375,0.6430036909113709,373202.mp3,ambient
312.0,101.33272058823528,0.5820608354913389,0.5843830108642578,0.2386128157377243,0.3367589196509554,0.5624019158281951,0.2718091835975292,0.0002064657587378,0.4971837939890448,0.5049003790075531,0.6849205378640701,336202.mp3,classical
251.0425170068027,120.18531976744184,0.6070032631204265,0.8696383666992188,0.1836625337600708,0.3222197114838875,0.60025719531508,0.3805399174095334,0.0004547406808689,0.2999334277502876,0.517235661800844,0.6626713797934567,1029002.mp3,classical
237.75702947845804,107.666015625,0.5476787321028725,1.0,0.1227289140224456,0.3465860923315861,0.5971201045151565,0.141958865655359,0.0014727063242241,0.2999999999990245,0.5124831814051413,0.6416857727670522,653702.mp3,breakbeat
122.28571428571428,105.46875,0.5180162126509318,0.5005022277832032,0.0445650331676006,0.2086821285605238,0.2821022250646965,0.1116009382822395,0.0004036729457438,0.4914621131529549,0.3908328760829772,0.6378768367237407,646802.mp3,ambient
454.5567346938776,139.6748310810811,0.5952078437871937,0.3313335571289063,0.179588571190834,0.611898121485843,1.0,0.4577574032578882,0.0021398385053139,0.6576249636977736,0.5782702048123756,0.6489978446662252,18502.mp3,electronic
125.44,139.6748310810811,0.605525310032043,0.3568155822753906,0.3421735465526581,0.3769823651943965,0.6125949002693702,0.6035715172514983,0.0001316257831145,0.8216689777925092,0.6016377178869529,0.7028549331815663,1295902.mp3,easylistening
259.7355102040816,87.5926906779661,0.5832054805562178,0.5356990051269536,0.0800466239452362,0.6433036408730264,0.9958454654164955,0.1449204798681278,0.0057930699572757,0.303871536757912,0.5142378065817876,0.6259692233039276,250002.mp3,easylistening
196.64172335600907,135.99917763157896,0.5221363488844093,0.4498116302490234,0.0944890603423118,0.3340786485074488,0.5655877195340977,0.3272675957365312,0.000274644559726,0.5491882225016433,0.4114928238969944,0.6517174969438334,768502.mp3,electronic
236.27755102040817,161.4990234375,0.5351198015837553,0.4449217376708985,0.0676886215806007,0.2978042364050421,0.6282768984062606,0.1487665861328424,0.0024776007412443,0.3,0.3265778951167154,0.6590523247456732,1294202.mp3,flamenco
332.0,120.18531976744184,0.6031030392427599,1.0,0.1240061074495315,0.7853111372815822,1.0,0.3849540758582045,0.0035535374510823,0.3861254380869351,0.6585737994956437,0.6129274387827026,1381902.mp3,dance
197.54666666666665,135.99917763157896,0.5498865511220745,0.3243531036376953,0.1376358270645141,0.4327837358212385,0.6743543772069516,0.4964859472290068,0.0003228032972064,0.4244316130875655,0.6518221051875321,0.6191844767057187,1195702.mp3,choral
179.65,135.99917763157896,0.6012670298982737,0.3330440826416015,0.1530264317989349,0.5477759881242651,0.8318526273323922,0.6232947792835819,0.000677566800946,0.4237753919107149,0.66660942437885,0.6217676305718466,1281102.mp3,classical
190.2010657596372,129.19921875,0.5613053675110409,0.4531129760742188,0.2845125496387481,0.6369472262325928,0.9806400521002178,0.3234593265178211,0.0034140548663898,0.3947370989635551,0.5806697753749095,0.6862905627949675,1249602.mp3,chanson
209.9354421768708,139.6748310810811,0.588587821541289,0.46096728515625,0.2020792514085769,0.7117161173457233,1.0,0.6088696700714726,0.0029284039553913,0.2999999999876616,0.7492065532160901,0.6229072198638698,220602.mp3,rock
203.24,117.45383522727272,0.5778721651688841,0.2394662475585937,0.2178743183612823,0.5958186985790757,0.7876356384778702,0.8765240071000048,0.0004202087647997,0.2999993684789173,0.6651998240351078,0.6453947898030401,400402.mp3,rock
209.05795918367343,161.4990234375,0.5946403941757799,0.3570645751953125,0.2734139561653137,0.2864072450917966,0.533691835970552,0.3876313682890258,0.0001686352651993,0.5806885991720867,0.5972987282921987,0.6789692785610733,1231902.mp3,80s
288.5543764172336,126.04801829268293,0.5879794489690501,0.5297271423339844,0.1427435427904129,0.3932340022993226,0.7016630648490493,0.1541726403383527,0.0014155338134976,0.4630938968668722,0.4762762336246906,0.6561324286796106,38402.mp3,alternative
158.91673469387754,132.51201923076923,0.6103710652787034,0.2499984283447266,0.3121026158332824,0.5888269974572329,0.8174616382921824,0.8562197972944077,0.0008628118809743,0.7801363217641408,0.5926879229533306,0.6938193571093155,429202.mp3,grunge
181.29839002267573,161.4990234375,0.6091562451552708,0.3633483123779297,0.1567795872688293,0.1844925912538667,0.3360194354250171,0.314906537385046,0.0001029237258914,0.299999999416811,0.4576768402403045,0.6649052833687177,1167902.mp3,orchestral
191.1563492063492,156.60511363636363,0.6209586130566578,1.0,0.1944040209054947,0.4326314654283092,0.7292906548436533,0.1746631805826105,0.0064318691105149,0.3,0.6241125752954589,0.6451629324668864,1121402.mp3,hiphop
171.42854875283447,139.6748310810811,0.6120411433203998,0.7953839492797852,0.2874222695827484,0.8202123347537791,1.0,0.4705615735555974,0.0059774246016036,0.450452624745743,0.7537732984930913,0.6527173573511711,1027602.mp3,ambient
70.0,123.046875,0.6249185030687849,0.4027667770385742,0.037073615938425,0.1776463232856013,0.3822618069731603,0.0771500222464911,0.0012258286881239,0.2857974934609198,0.2577738061530753,0.661791740507218,893402.mp3,classical
390.6351020408163,139.6748310810811,0.6031993179758748,0.7731165771484375,0.2887445390224457,0.5248836861040169,0.8953563257464361,0.247503093451596,0.0016601874894349,0.6500570011086702,0.5430443009307884,0.6953391738619228,236702.mp3,electronic
240.16,129.19921875,0.5419404987932521,1.0,0.1653768122196197,0.32171184148073,0.6218265940710399,0.2157228996634934,0.0009384624623859,0.2999999793556951,0.4458754739361208,0.670360557611839,37702.mp3,electronic
125.5,143.5546875,0.6477903796821958,0.411168701171875,0.2103095948696136,0.3949118304369383,0.7233958101128443,0.3809932086369892,0.0007545586161843,0.5756343729359803,0.4928497017986425,0.6771415137933324,1161202.mp3,soundtrack
660.924081632653,123.046875,0.572194521960933,0.604760482788086,0.2087258696556091,0.8449471071685075,1.0,0.3482253149892376,0.0078270159198533,0.9257998829947508,0.6452574963111298,0.6460898138137933,1414102.mp3,electronic
133.9343537414966,139.6748310810811,0.5619523752294453,0.933988510131836,0.2138639539480209,0.5554190723947728,1.0,0.2287731730572051,0.0042272029228519,0.4305771810154168,0.6492077886507044,0.6471494656911466,926202.mp3,folk
419.50396825396825,139.6748310810811,0.5742830213322618,0.685860626220703,0.1275574713945388,0.4718413075035823,0.8560528431628187,0.2524639316797773,0.0015421965048561,0.4705749641402443,0.6187701767248626,0.6221666543570615,181802.mp3,pop
223.9919954648526,90.66611842105264,0.5498300854914305,0.5128365478515625,0.1719376742839813,0.3825310358272133,0.7042681998252106,0.1205553603167419,0.0020590113730083,0.2999999999999999,0.6522473947433887,0.6314480837935555,1154902.mp3,ambient
178.0,120.18531976744184,0.547726649067685,0.457935562133789,0.271792858839035,0.5578816887105102,0.9284011426165126,0.340541383237991,0.0025236813492831,0.4312053316165659,0.52814527481664,0.6922163742187246,441102.mp3,electronic
132.35292517006803,135.99917763157896,0.5100817796236424,0.7871868896484375,0.0762015655636787,0.2672966012747521,0.3655652461487371,0.2103123662815575,0.0001430022130914,0.2999986650757794,0.4727828091728547,0.6328760017683535,34402.mp3,ambient
122.60099773242632,120.18531976744184,0.567382083746291,0.2154599685668945,0.055022656917572,0.3778283042009362,0.7456435206334223,0.3262911123429416,0.0004847589379794,0.2997909006720196,0.6595288743953283,0.5879023816112603,1347802.mp3,ambient
264.61333333333334,147.65625,0.528733472011611,0.7398506393432619,0.1615674942731857,0.6119603913695078,0.9364381117771844,0.288352138961895,0.0037424964298086,0.2999999999479282,0.7037317968897401,0.6174179385603988,171702.mp3,pop
337.8354875283447,135.99917763157896,0.5715878125574932,0.4592316589355469,0.2506369948387146,0.6406065990616339,0.9166878203546224,0.4763507923748951,0.0017204668390466,0.8558796116697824,0.6135552670221057,0.6675182647375161,82602.mp3,dance
254.18231292517007,109.9567819148936,0.5302457783327015,0.4551821365356444,0.0490243211388587,0.3165814424223365,0.5598587526224083,0.248516243452377,0.0003015890247737,0.8375261876604219,0.501345092306706,0.6173797371486479,408502.mp3,ambiant
84.84829166666667,98.6842105263158,0.5611490883385479,1.0,0.1291582435369491,0.3562812024109798,0.6741679351813935,0.141854026459812,0.0027165797009447,0.7115116020423755,0.3926257453433086,0.6679718186046399,1110502.mp3,ambient
257.1428571428572,97.50884433962264,0.6138403255114593,0.398947509765625,0.3374025523662567,0.4106590183674644,0.6914204735776066,0.441176554796836,0.0004418480447534,0.8471449260331052,0.4264300465065848,0.7361789095505354,1337802.mp3,hiphop
315.6009750566893,151.99908088235293,0.6018947243270913,0.6268584747314452,0.1057198792695999,0.7471431134229275,0.98728280436025,0.5166005110610259,0.0043160364528383,0.8918644128870616,0.5436891245836121,0.6293213316203335,1378202.mp3,acidhouse
307.2522448979592,117.45383522727272,0.5219028788498541,0.326371826171875,0.2439445257186889,0.2663649112360834,0.5370704232423225,0.3230562224382871,0.0001654523127475,0.7272730440608843,0.4080181955666081,0.7062163901454064,1080502.mp3,indie
186.76,120.18531976744184,0.4640204409810695,0.3011726379394531,0.0747015997767448,0.4343423353639147,0.7168539458817551,0.2274349686991617,0.0005480187535448,0.2967438168005825,0.4762909647431155,0.631634382971005,1135202.mp3,ambient
185.2342857142857,139.6748310810811,0.5528393522395314,0.5517171325683594,0.0923589617013931,0.4426706087604627,0.7918708441670582,0.1830758765124473,0.0012966845204718,0.9058626542987444,0.421911567071458,0.6488669127982098,389702.mp3,electronic
383.9738775510204,120.18531976744184,0.5520681827134245,0.318834259033203,0.1279277056455612,0.5772261707048852,0.8493389555856152,0.6109068409645182,0.0007595831335235,0.2999999999970802,0.5583249710513222,0.6343889798221376,1223702.mp3,ambient
264.0,123.046875,0.5824903468111653,0.4953031997680664,0.0845332816243171,0.2579025721036631,0.5245377921288268,0.2986667953750777,0.0001752966165923,0.3687168329796116,0.6752613506858762,0.5953797112475789,1375902.mp3,ambient
235.903537414966,99.38401442307692,0.5224464993668961,0.5637161712646485,0.1273681372404098,0.581399500017231,0.8360870440177404,0.4954369118494334,0.0022637508053823,0.2999999396051696,0.5262448877333357,0.6406035518598804,38002.mp3,chanson
77.91995464852607,109.9567819148936,0.5165516846032837,0.6725628967285157,0.1120819896459579,0.2399402527878787,0.4621428738778881,0.2242485246664147,0.0005808652119147,0.4980652992386692,0.4716836068501283,0.6460127949025193,486802.mp3,easylistening
238.6818820861678,129.19921875,0.5131584716144537,0.6815367431640625,0.1376746892929077,0.3765238665368993,0.7179104495049837,0.2371231399458311,0.0010732126054145,0.6309924953238125,0.474728670954717,0.6546171539545034,1298302.mp3,alternative
230.84408163265303,151.99908088235293,0.6101969779142558,0.7934742126464847,0.0920281857252121,0.4523505310886479,0.8339344578091181,0.0655742329903685,0.0023949600402591,0.6974934045618648,0.53044065507172,0.6270420158467322,394602.mp3,easylistening
286.1595238095238,129.19921875,0.5683251943144152,0.7114920349121092,0.1112118065357208,0.4560311589777289,0.7636920894722726,0.3105200243823275,0.0008218361004455,0.299989096188313,0.5165745389482215,0.6367213425632152,1168602.mp3,pop
310.81795918367345,123.046875,0.552771454885784,0.4684550170898438,0.1429989039897918,0.9698305276981012,1.0,0.4493575377259823,0.0091178120918743,0.2999999992053135,0.69609375,0.612260855436325,19202.mp3,ambient
46.86666666666667,166.70866935483872,0.6199968784940367,1.0,0.1531884223222732,0.6472500128762702,1.0,0.6776947383048266,0.0026031798137506,0.3539984584893702,0.4983884820554559,0.6554701356249272,1277802.mp3,garage
253.6544217687075,120.18531976744184,0.530685930295119,0.4424625701904297,0.1597048193216323,0.7208985993563803,1.0,0.5829074045958328,0.0044164942327697,0.7224499993146904,0.6414065210227567,0.6292124307512363,74602.mp3,folk
113.25897959183672,120.18531976744184,0.5421581795308494,1.0,0.0186709910631179,0.2508340911656562,0.5055891462880376,0.1828548285482854,0.0002591672882475,0.2861205160808512,0.4905929929979769,0.6086029581831272,966302.mp3,soundtrack
224.52,112.34714673913044,0.5176626624850683,0.8080038604736329,0.095739908516407,0.3619210426332062,0.7042884443987114,0.1478828955516402,0.0024265146244052,0.7923358587395899,0.4285824911420953,0.6487498688374875,75202.mp3,blues
155.77333333333334,139.6748310810811,0.5273330534732441,0.5348558807373047,0.1056880578398704,0.288010326378335,0.6024092324076471,0.1868727482922466,0.001084377249715,0.2999998437009247,0.4756380665774427,0.6429200875068648,170002.mp3,folk
239.89884353741496,129.19921875,0.5748880042123761,0.7085098266601563,0.2332259118556976,0.4873807322344859,0.7642155280926328,0.1882441951597216,0.0009831521150107,0.6664992736388083,0.6032399490919403,0.6633133384496631,434202.mp3,electronic
134.14585034013606,109.9567819148936,0.5612260890855121,1.0,0.0582111962139606,0.4537611217218585,0.8497065537032475,0.0880412871631961,0.0033902659008796,0.4142838344090148,0.4726566183569632,0.6264247069656331,113802.mp3,ambient
167.90732426303856,107.666015625,0.6092441280203793,0.6167982788085937,0.171553298830986,0.5399471422497155,0.7221356115688565,0.5704652578573078,0.0007004829448794,0.9109580866366024,0.5122901509927511,0.6593011573806048,133102.mp3,electronic
271.3781179138322,87.5926906779661,0.5800938754568966,0.3402477722167969,0.2100225836038589,0.6785302309402262,0.9953707453834668,0.4983003521586018,0.0041854295703702,0.8921173089680334,0.5135924210428604,0.6728896458888172,1250702.mp3,blues
193.7142857142857,139.6748310810811,0.5939710031731915,0.3226364135742187,0.202226921916008,0.7574340579871705,1.0,0.6218231729242859,0.0037267143036935,0.2999999999999985,0.7424713122029738,0.6243074294491682,1104502.mp3,dance
343.1153741496599,109.9567819148936,0.5771881132204371,0.7401414947509767,0.1925223767757415,0.9021488722869382,1.0,0.3349362968489264,0.0080007958266714,0.9273491930670286,0.6699135638297873,0.6353253428733096,1297502.mp3,chillout
270.8169387755102,123.046875,0.6259792849257049,1.0,0.0930564254522323,0.827891311216179,0.9337737725491988,0.3677819171126936,0.0054766626506535,0.3,0.78609375,0.5762815631628037,45102.mp3,electronic
194.9919274376417,114.84375,0.5868689165106344,0.2187175750732422,0.1557791829109192,0.5032002602558008,0.8305209323482791,0.3584448097398335,0.0017539429683461,0.8489692257193406,0.4784344464828892,0.6603936165513531,1194702.mp3,easylistening
262.0865079365079,139.6748310810811,0.5934493507693075,0.3025420532226562,0.400669515132904,0.6187238135518114,0.8462614144194397,0.6269268292682927,0.0010055159500387,0.7290887706701081,0.5975776030224296,0.7247255048433595,454902.mp3,electronic
277.3580725623583,139.6748310810811,0.5629137794982773,0.3823366699218751,0.1754013001918792,0.3933995083298231,0.6782053899351693,0.3633443935109087,0.0004286813879727,0.2999999999995231,0.5060592984927343,0.6619326083705296,1178102.mp3,electronic
51.2,105.46875,0.5746785531707989,0.6415918731689453,0.0653995424509048,0.3448974055936692,0.7166121877001335,0.2222304549048664,0.0009486247213932,0.570354230043345,0.4930253885781951,0.6249387575666867,1085602.mp3,flamenco
354.8937868480726,143.5546875,0.5395304026863784,0.3385993652343749,0.1098726093769073,0.361934038754666,0.6223588843250526,0.2361694335645309,0.0004294824462813,0.2998347474394631,0.4529446580333948,0.6489652077690077,730802.mp3,ethnicrock
196.66666666666663,90.66611842105264,0.5879229730218645,0.3518989715576172,0.3197816014289856,0.6296857582258126,0.9353215121482634,0.6344101131684281,0.0009786506871139,0.6782948323758922,0.6017981878175371,0.6947617389509273,1417902.mp3,60s
301.8245804988662,123.046875,0.5330771394188223,0.3962118606567382,0.020591776818037,0.2831558851950154,0.3717001463448507,0.4189112108060845,3.0889870452576814e-05,0.4121876246132464,0.6241191234449314,0.5825892149655071,243702.mp3,baroque
163.38462585034014,129.19921875,0.5981474498956977,0.9888574676513672,0.2472014278173446,0.5883456022558384,0.983397474626561,0.2238533223106692,0.0038200917045705,0.3147869068575358,0.6248077630577421,0.6640309614026956,1083602.mp3,electronic
98.43938775510205,90.66611842105264,0.5773377275348622,0.6692927856445311,0.2295077592134475,0.6085657871969914,0.8251684318051984,0.3591162096312554,0.0013329126165033,0.7371655732953563,0.5207402023935644,0.6784747528381282,1264202.mp3,90s
142.0132426303855,143.5546875,0.556799130951395,0.8056493225097657,0.1542135775089264,0.9041938714453194,1.0,0.1401283613097718,0.010199984175574,0.5592846224367314,0.7918436459014552,0.5971481587229225,1031402.mp3,latin
136.11537414965986,107.666015625,0.3931339875278393,0.714819320678711,0.0660851523280143,0.1747558418986873,0.2506240275527446,0.0643299183524884,0.0033474463911599,0.2650867159044058,0.5581310913382113,0.612164436570443,168802.mp3,electronic
206.8413378684808,126.04801829268293,0.5218135417530811,0.4118429565429687,0.1261647790670395,0.5593088713030265,0.7863547364552473,0.401660058922098,0.0029991049772823,0.6208977271206948,0.649516705347079,0.6155159793947185,1067302.mp3,electronic
264.4675056689342,126.04801829268293,0.5879570812460273,0.2927348785400391,0.1667696386575698,0.6169922254423712,0.954359433963378,0.2525165421101094,0.0015896379987681,0.3865543322211763,0.5802777192766215,0.6439815260614009,1205702.mp3,pop
210.53548752834467,114.84375,0.5537168951750198,0.5275541687011718,0.1071608364582061,0.1591341857550884,0.2607244382240514,0.205078980814622,0.0001745623174938,0.2997588410722825,0.4548206464720371,0.6476137718305468,1150402.mp3,minimalism
208.065306122449,120.18531976744184,0.5612276999450511,0.8091930847167969,0.2030528783798217,0.5662151503409604,0.8223090621394381,0.3393444764712127,0.0019677346043271,0.6245411477372689,0.6411479852818802,0.6448694391603598,412702.mp3,easylistening
261.7824263038549,90.66611842105264,0.5167714627200288,0.3988981323242187,0.1498104184865951,0.6305828650873536,0.9849873443412576,0.2999101144499405,0.0045980192355511,0.5101656536862107,0.592508529927217,0.635430044669731,1036802.mp3,pop
390.0,120.18531976744184,0.523109074288741,0.3487133255004883,0.0729210823774337,0.4751555650762256,0.8234428026450559,0.1789864311479504,0.0031116608870165,0.2999999951234475,0.4911350802279101,0.6280245736102941,1194002.mp3,70s
232.26785416666667,93.75,0.5920804320923386,1.0,0.1596933454275131,0.571648736843214,0.8921198079894307,0.2098448056486443,0.0014942384336831,0.3,0.4821972091522528,0.6610501625234542,108302.mp3,easylistening
202.40963718820865,109.9567819148936,0.5061148686833787,0.6410154571533204,0.1256700009107589,0.5970640314607073,0.9237243834350468,0.2349009211916036,0.0046189569639962,0.5738045532895868,0.6004739104890564,0.625146418230062,1418302.mp3,folk
79.20002267573696,99.38401442307692,0.5712150379109033,0.2850009460449219,0.1098883301019668,0.7583191657429432,1.0,0.3560725343401191,0.0056988201943741,0.7624943750142821,0.5954816222278,0.620463474391148,1395702.mp3,pop
242.0,120.18531976744184,0.5636365830682664,0.3698245239257812,0.2441411912441253,0.5665807376635994,0.7942690645584417,0.2970065933808774,0.0009894942040514,0.2999999999999996,0.674417713267766,0.6530072861943319,1007902.mp3,blues
358.6207029478458,114.84375,0.608347184391443,0.5895938568115234,0.3280849456787109,0.9066081070561848,1.0,0.8430777976928361,0.0054565994798609,0.6043657102083535,0.659000877610068,0.6863104049223223,1337902.mp3,drumnbass
600.156125,140.625,0.5943400938857469,0.7958983764648437,0.1813134253025055,0.5764743929572154,0.910754942028523,0.2009820253894354,0.0016633494533304,0.2999999999986908,0.6573146348517628,0.6338099061385494,1129102.mp3,club
211.28,120.18531976744184,0.52028010244212,0.466334747314453,0.2079164087772369,0.4107256344924039,0.7011787783499258,0.2445443933531593,0.0009348515295103,0.7216418050957076,0.4709465774762165,0.680660591664562,1194602.mp3,ethno
113.16666666666669,90.66611842105264,0.6021862462424739,1.0,0.0928936898708343,0.6713340102721989,0.7535110444918077,0.3195742466246984,0.0023712956834077,0.3,0.5884486572202186,0.6157519969094567,1028802.mp3,chillout
112.19068027210884,120.18531976744184,0.5006061467590295,0.8378059692382811,0.1047947034239769,0.2654388882452077,0.4236213419579769,0.2347535737360684,0.0001352653991819,0.5067191059232146,0.5369766000520528,0.6303307732222211,1162102.mp3,classical
58.693333333333335,105.46875,0.5210753474403101,0.7387466812133789,0.0109135387465357,0.4258080877753954,0.595265069194902,0.2429974529175671,0.0003323245018742,0.3337984150541555,0.5606980909707476,0.5917892557546034,153602.mp3,classical
442.6666666666667,99.38401442307692,0.567908244508278,0.5338728027343751,0.1554918587207794,0.4908066453403839,0.6302771826095367,0.4360304460659545,0.0002924691588531,0.2999999999999796,0.5165092372615562,0.6526752216871694,1275302.mp3,ambient
212.44829931972788,156.60511363636363,0.5922102864327088,0.892602264404297,0.0359153971076011,0.6827087752754962,0.8141490251637407,0.1062886283270177,0.0042036738189601,0.4275848092453045,0.7338874210916013,0.5661520587404161,270102.mp3,alternative
140.26444444444445,126.04801829268293,0.5752712377603864,0.5828208312988281,0.2380990982055664,0.5664408288353133,0.8634225407302308,0.4728537917724815,0.0014651527937893,0.5950786967637276,0.5603269786683872,0.6736502796203265,31502.mp3,pop
205.0,126.04801829268293,0.5798330099457542,0.6003534240722658,0.2059423178434372,0.7727293986147309,1.0,0.4770133899096381,0.0076440380916369,0.3853804063142905,0.650147770866413,0.6441096802503548,998102.mp3,dance
167.45333333333335,123.046875,0.5526330961035888,0.3779932098388672,0.1813019067049026,0.4910641226345709,0.7258313399581819,0.5404836789632456,0.0007048165956491,0.3001301207160615,0.6185703216840172,0.6415546220769615,1333702.mp3,country
112.08,99.38401442307692,0.5724734608590041,0.8032458496093752,0.1163384169340133,0.6167315992159199,0.8711544111511306,0.2079229132875542,0.0027604913965402,0.7183537933681495,0.5402723676262059,0.6338273565710036,195302.mp3,electronic
258.4201814058957,105.46875,0.5870217858638112,0.3107189636230469,0.2501426339149475,0.5274345070575631,0.843478612022587,0.3914588672819654,0.0015774671080415,0.5686629695814369,0.4942067394659946,0.6912100003161822,1149702.mp3,bluesrock
147.3107029478458,123.046875,0.5389811467867534,0.5059709777832032,0.0887080281972885,0.4619877825175185,0.8284121508801908,0.1713321890094935,0.0030963896874537,0.299999999990066,0.5845475597193395,0.615025378207156,1269902.mp3,folk
363.32,114.84375,0.6214345603772495,0.580787567138672,0.2236408442258834,1.0,1.0,0.5052591706974141,0.0150480669589143,0.2999999999919372,0.6796875,0.644573203921318,182102.mp3,alternative
213.38666666666663,156.60511363636363,0.6003167728268574,1.0,0.2606144547462463,0.5917233240512217,0.8005337722509723,0.3532668064439077,0.0016554722294636,0.2999999999999996,0.6725139202618656,0.6593184196562756,1311302.mp3,hiphop
202.0,120.18531976744184,0.6114166418188838,0.6277744140625002,0.1828616112470626,0.6686334181748314,1.0,0.2552849266638536,0.0033824582976305,0.6546093843395464,0.5899342890129269,0.6478433222463572,245502.mp3,electronic
254.56326530612245,87.5926906779661,0.5655507348121169,0.4766148071289063,0.1785821318626403,0.462442347763895,0.8138629614389213,0.3273720894275573,0.0025976703397693,0.4042368139413613,0.507171421861575,0.6628552830982356,415602.mp3,dub
478.3775056689343,129.19921875,0.5593842460927348,0.3432880249023436,0.2099749445915222,0.5408993742074057,0.8168581127693264,0.5564520052918039,0.0007316050232245,0.2999999999999999,0.5411615993688033,0.6673586601791873,822302.mp3,trance
142.58666666666667,105.46875,0.5704421252544037,0.3998616943359374,0.3019612431526184,0.4955699148864797,0.772053371249788,0.5748205782008968,0.0007213893789374,0.6762336467031363,0.4821352641494819,0.7122789947050463,1354102.mp3,country
159.0084126984127,86.1328125,0.5380127397912909,0.3207660675048828,0.199448212981224,0.4341883927217613,0.7344873744695954,0.3977714696831547,0.0010096062402795,0.6394435928132569,0.4045389137652826,0.6908935739201841,1347102.mp3,pop
227.66185941043085,95.703125,0.5827310138160635,0.4637676544189453,0.1823661625385284,0.6860566976448392,0.9605347782045592,0.4687108369298889,0.0027503219746109,0.7823496385663473,0.547473107991016,0.6561571969156671,1343402.mp3,club
370.775283446712,178.20581896551724,0.572726093577024,0.9060725784301756,0.1269190311431884,0.612790928182074,0.9806057590754724,0.1816437753555892,0.0036598383335306,0.2999999999999995,0.682800576608567,0.6091307358898345,518602.mp3,easylistening
391.6799773242631,126.04801829268293,0.5726008886526344,0.8808871154785156,0.1524197310209274,0.4657185273272397,0.7435134422885772,0.1709137467223147,0.003094735297901,0.575563264152233,0.499254854381399,0.6550201322912541,1087502.mp3,dance
201.0633560090703,129.19921875,0.5339549197842149,0.5778982238769531,0.0764079913496971,0.3228499529362849,0.6773396304543918,0.1569349325920073,0.0009401666321405,0.2999999563735997,0.3466237014150707,0.6581821366028768,1217502.mp3,easylistening
703.8331292517007,129.19921875,0.5946223339433097,0.3065150909423828,0.1797194927930832,0.396415045141846,0.6446220315352732,0.3407991844170223,0.0004977448440271,0.299999971259707,0.4780989173911292,0.6690792339272842,880702.mp3,christian
280.0,120.18531976744184,0.5817997843967773,0.7154847335815426,0.1835468262434005,0.9260608478652304,1.0,0.2818761010398063,0.0088433735394032,0.2999999999999899,0.8936287141940953,0.5873511146088052,263202.mp3,electronic
326.04861678004534,126.04801829268293,0.5827709683352269,0.3438765716552734,0.144619271159172,0.5041394738265205,0.8903217381192544,0.3536185867484654,0.0014426930420421,0.4427230518337766,0.5183801419851842,0.6483869092202651,1168502.mp3,70s
74.98666666666666,135.99917763157896,0.5153558342584136,0.4628405303955078,0.0531778372824192,0.1783934858267889,0.2531679818789779,0.1761255801132094,9.183353798758486e-05,0.3685439349175237,0.5315663195233484,0.6128307575170012,1374302.mp3,classical
138.99755102040817,139.6748310810811,0.5652232640450721,0.4056783752441407,0.2968560457229614,0.5630144227709665,0.9475484586183246,0.2986235289564121,0.0036655403263806,0.9457998404590218,0.5441748768919038,0.6980332010818854,338502.mp3,dub
198.00004535147391,139.6748310810811,0.5630723941733622,0.3094158325195312,0.0985953509807586,0.6465165021926847,0.9724474172702487,0.3592477708418245,0.002576015092317,0.5996285573475134,0.700238627200219,0.5954466009130294,1398802.mp3,ambient
141.36419501133787,156.60511363636363,0.5804828982922832,0.3727850036621093,0.1595545560121536,0.530045178128479,0.9356562048236636,0.395651538185744,0.0018975594147555,0.4186999179483969,0.5838651692806209,0.6406666063082511,1357302.mp3,middleeastern
298.75274376417235,161.4990234375,0.5799394368243911,0.4338511962890624,0.3212742209434509,0.8036559303028663,1.0,0.5064947448137677,0.0050552924993069,0.9143924993789788,0.6945366825155199,0.6767513830365384,130602.mp3,hardcore
227.06666666666663,114.84375,0.5849263712025361,0.2822282409667969,0.2415363490581512,0.3940086858097068,0.6408544748609921,0.63779577441955,0.0002994085199494,0.5388348171370927,0.5730378973222754,0.6723455061964794,7202.mp3,punk
289.8779138321996,107.666015625,0.5160779856697424,0.3721463012695312,0.0796605050563812,0.2122132895605926,0.3436246192434172,0.2292876337390071,0.0001204368425321,0.2999975172762474,0.3259694836223838,0.6634838850958205,1123202.mp3,classical
299.54133786848075,112.34714673913044,0.5683852041103329,0.4604605102539063,0.1781987398862838,0.2908836795986804,0.531674221597672,0.1948912927368101,0.0004423836892167,0.2999999999999879,0.3523184806019017,0.6936878502386818,1283302.mp3,chillout
139.28489795918367,99.38401442307692,0.5525710199568272,0.8837980499267579,0.0764185860753059,0.2434814745977352,0.5066013069950863,0.174958428030688,0.0008899458181397,0.5472261646630041,0.4478429647932622,0.6379420980284577,387402.mp3,ambient
97.84610416666666,130.8139534883721,0.5237224164184668,0.4234621887207032,0.068011462688446,0.5191244040638026,0.8126342421314355,0.5091791755066013,0.0008856616478254,0.3,0.5619433688562767,0.6120954527965853,1162702.mp3,easylistening
90.0,126.04801829268293,0.545286465004102,0.296762924194336,0.1077932342886924,0.1593055159904805,0.2911676431520206,0.2859819023886833,1.87673275382667e-05,0.856121758347266,0.3931821207397197,0.6601691401959853,1116402.mp3,classical
273.0625170068027,120.18531976744184,0.5925656060401456,0.6768011016845702,0.1762158423662185,0.2825190384102601,0.6066028923742681,0.2141766218682595,0.0008640213174802,0.2999999999629797,0.5024211896216111,0.6629534653275165,373302.mp3,ambient
97.45453514739228,109.9567819148936,0.5265684943050641,0.2728229675292968,0.2035645544528961,0.251744687240112,0.472783250355629,0.3529673586193872,7.529830849452273e-05,0.4598199327754853,0.5157822767123796,0.6701267842605667,36702.mp3,celtic
124.07614512471656,139.6748310810811,0.6123666236540514,0.4984308166503906,0.1491530239582061,0.6358614451493094,0.89270254835192,0.5037265408207974,0.0014890921752784,0.7758139109051976,0.6175375963700548,0.6301875693509432,1061502.mp3,electronic
280.7273696145125,99.38401442307692,0.5587546190200743,0.3111209106445313,0.2073455601930618,0.5694399236659096,0.8266918420891815,0.4596606750186608,0.0012079735986189,0.4302866510520161,0.5147378419457371,0.6716968332803548,1027902.mp3,fusion
176.07333333333332,120.18531976744184,0.5789832208582533,0.9843626022338868,0.1765468269586563,0.617131456218726,0.912994531191906,0.1921239100298163,0.0028579650846408,0.5695701317497109,0.6618025077353518,0.6311963561580458,718302.mp3,dance
210.5,109.9567819148936,0.6157620381130403,0.6579501342773437,0.2412886321544647,0.416766179507698,0.6396030347818533,0.232839591536393,0.0014767320062131,0.8760358655240308,0.5270715491264348,0.6814495977503203,1247402.mp3,dancehouse
268.61340136054423,151.99908088235293,0.6073297752010602,0.6244975280761719,0.2710607349872589,0.7091184268821138,1.0,0.3560735259857245,0.0041070822417493,0.2999999999999481,0.7313377593143175,0.6513143127325497,321102.mp3,hardstyle
150.0,126.04801829268293,0.5179038338563855,0.4988192901611329,0.0722234100103378,0.2086107365102871,0.3811019320364551,0.1637502831684663,0.0003536277948305,0.3323068337642001,0.4114572939037271,0.6437089688229761,1299802.mp3,ambient
181.36816326530607,117.45383522727272,0.5993654230041707,1.0,0.1369282007217407,0.1456345594413666,0.3786493312373111,0.0776487817368251,0.0008144146496369,0.2980850485558377,0.3445134968649795,0.6803914528868308,1044302.mp3,ambient
182.1733333333333,123.046875,0.5190878998020547,0.4979300384521483,0.1208860501646995,0.3426528789185618,0.6649845390447973,0.1636869493854255,0.0008724557614359,0.2999980555155517,0.4363712575008867,0.6562447265591145,1051202.mp3,indie
306.5,120.18531976744184,0.6107141393133726,0.5474523468017581,0.2395006567239761,0.3571166272310541,0.6701798788205294,0.2825408351810791,0.0005081396833752,0.2999999999999257,0.3191316315231221,0.722393910116007,704402.mp3,ambient
324.00002267573694,120.18531976744184,0.5150717539400205,0.3491334228515624,0.2188701778650283,0.4169907581469656,0.6175240934532183,0.5719136395893126,0.0001820567107716,0.6985735397127157,0.4314337628123961,0.6925065114689309,956102.mp3,pop
259.49333333333334,99.38401442307692,0.5031276086352859,0.9336234283447266,0.0723150223493576,0.6403373174187361,0.9564624627161386,0.1133858800446534,0.0110958122651554,0.3,0.5150090842701412,0.6230315911917405,1184702.mp3,ambiente
230.0604081632653,151.99908088235293,0.5834594900940243,0.35973876953125,0.2005936503410339,0.7424060868062292,1.0,0.4327486042321061,0.0041282561226189,0.2999999999999992,0.7591287039705275,0.6203879733286667,1050502.mp3,ambient
218.04408163265308,120.18531976744184,0.5209486775839764,0.400396728515625,0.0953722819685936,0.5747357725294512,0.8081926250188851,0.4651548464262662,0.0007721949618739,0.7324701923157833,0.649919402831242,0.6043501409424453,374602.mp3,pop
327.66632653061225,123.046875,0.5364778017154281,0.3312738342285156,0.2183371186256408,0.3687688605728992,0.5770952181737184,0.4039523204997135,0.0001887255575197,0.836326647127323,0.5516060063662522,0.6682801614319802,1314302.mp3,atmospheric
410.6396371882086,129.19921875,0.5950588643712523,0.7762789916992189,0.0958022400736808,0.9683452326563272,1.0,0.4002259045491218,0.0122600421299035,0.6585521975673494,0.7083984374999999,0.5928091189265251,1097202.mp3,electrohouse
209.25,156.60511363636363,0.5601779694916764,0.1773234252929687,0.2070367634296417,0.193186947805368,0.3654865076951202,0.2607756054258279,0.0001129776936673,0.2993424927556608,0.5592424638293935,0.6626847420687924,1378002.mp3,chillout
216.0859637188209,117.45383522727272,0.5658774152925274,1.0,0.236612468957901,0.3438478884836997,0.6379253575886361,0.1000674849600266,0.0022902787909016,0.7073875655333854,0.4259978627710326,0.6999809162706379,1225502.mp3,hiphop
229.7730612244898,99.38401442307692,0.5612975857203812,0.33827294921875,0.1009468808770179,0.4196594004109312,0.7303732108173144,0.2911282213064652,0.0006818559505231,0.7615017170529723,0.4392042839831176,0.6485000203191029,81802.mp3,electronic
293.1526530612245,107.666015625,0.5879335682570629,0.6490655517578126,0.152255430817604,0.6597445899377399,1.0,0.21869889721827,0.0034289340837456,0.2999999999999937,0.6299164120346014,0.6288286726874172,18402.mp3,electronic
378.6736054421769,90.66611842105264,0.5402780810068494,0.6677752685546875,0.2024358063936233,0.5645543856248079,0.8060919322991936,0.3301094670817328,0.0032826846378204,0.3098282608357117,0.4756648396330146,0.6777439223751015,606902.mp3,ambient
163.03655328798186,105.46875,0.590263498031911,0.627094482421875,0.2606314718723297,0.628146658227645,0.8452708115747535,0.3422960488951183,0.0034666954746644,0.8361561401230098,0.5506002950133664,0.6837072708713654,1281202.mp3,gangstarap
231.02693877551025,99.38401442307692,0.5531410885652142,0.2357091064453126,0.1191179901361465,0.4950331637594506,1.0,0.1560318666503248,0.0043948377014979,0.922020414613975,0.4300525250309914,0.6568719714428145,306102.mp3,electronic
314.7471201814059,143.5546875,0.5460814778706302,0.372476806640625,0.1253560483455658,0.7220126188527258,1.0,0.2530757473116393,0.009463849720557,0.8741157603278329,0.6290896371372898,0.6193102499769457,1337402.mp3,ethno
206.3,105.46875,0.5328430758134088,0.7546894683837891,0.1268205195665359,0.5829216602196174,0.9810766864328332,0.1602492553906968,0.0084377074876411,0.6572028578288485,0.4890224693423269,0.6478508931754875,1138302.mp3,world
150.86004535147393,139.6748310810811,0.5560085357211344,0.5170296173095704,0.1127594113349914,0.2985540482462014,0.5120729640618559,0.3421447273341529,0.0001425663614299,0.2998653790243366,0.4844387381425275,0.6437056404520913,1307202.mp3,medieval
175.22666666666666,120.18531976744184,0.575432602665672,0.4455253601074219,0.3018904626369476,0.5889536140567322,0.9864994176279216,0.2353240801340631,0.0031074131261336,0.8420304349661324,0.6207540699241082,0.6845297525644796,661602.mp3,60s
117.1754648526077,156.60511363636363,0.5705913268435148,0.37985791015625,0.1698341220617294,0.5449073893551172,0.790089161475909,0.4772967499812717,0.001013527569784,0.5643155906349338,0.6213537379239509,0.6368695363574324,362402.mp3,latin
110.30147392290247,107.666015625,0.5379988004678626,0.3471821594238281,0.2350470870733261,0.7236584443469226,1.0,0.8526994591070003,0.0082597231245928,0.6534124386785772,0.5550687605677064,0.673603199232856,1167302.mp3,electronic
268.55,143.5546875,0.5303961701416251,0.6477351379394531,0.1134199202060699,1.0,1.0,0.2725241493044388,0.0041253075668379,0.2999999999998743,0.827109375,0.5754092962741852,259402.mp3,alternative
152.52897959183673,103.359375,0.5590466684431772,0.3166803741455078,0.1843732595443725,0.2694583756006348,0.599227079816919,0.2056592494681226,0.0012215071298481,0.7036657513033391,0.3548800726164777,0.6953983589126785,142202.mp3,pop
318.79208616780045,123.046875,0.5688816602285623,0.5182074279785156,0.1682931333780288,0.16277547905163,0.4186708318745828,0.1532574952101536,0.0006322207273496,0.2999999981282868,0.4269510287484699,0.6751953222663964,1268902.mp3,ambient
207.63283446712012,132.51201923076923,0.542992476824048,0.5131496582031251,0.0895828083157539,0.3712373495824514,0.6013342051423564,0.3104700082505437,0.0003120573389361,0.2998174298298114,0.5056200708005396,0.6311257968335635,1143802.mp3,african
131.61056689342405,161.4990234375,0.5295412089993204,0.5451745986938477,0.073021575808525,0.2150047704795131,0.271577741248487,0.2342784481126392,6.029620116859243e-05,0.7805987203143752,0.4229053909426993,0.6417066891025291,903602.mp3,classical
229.64244897959185,90.66611842105264,0.5580667411335083,0.9513883209228516,0.1057448834180831,0.526833290215954,0.6822986121186158,0.2939581740610126,0.001127561024578,0.3816532503647567,0.4934810690649511,0.6393719442175196,1031802.mp3,asian
183.6773242630385,112.34714673913044,0.5609429321204014,0.5858613586425782,0.0834231376647949,0.2642691440738415,0.4687048080952921,0.2398127835649129,0.0002780620352459,0.2954442936322448,0.5099586016614859,0.6280406092270291,824302.mp3,orchestral
192.43537414965985,109.9567819148936,0.5335424254058057,0.4658696746826172,0.0742520168423652,0.5213175151579843,0.8377621133352505,0.2831334165175628,0.0009885049932621,0.4640332999910747,0.5901364021013659,0.6087034456429783,1235602.mp3,jazz
84.53224489795919,120.18531976744184,0.5098593691214695,0.4976429443359375,0.1400706768035888,0.2606200052062947,0.5281622390101123,0.1117791279533229,0.0016618862654817,0.78772902521571,0.4921280026103519,0.6519998431272216,1060602.mp3,folk
280.2319501133787,132.51201923076923,0.570818070220305,0.589962417602539,0.2703223824501037,0.4186575915392419,0.7577853476087276,0.1921983149734554,0.0012289591627245,0.529152976363646,0.5764183461358925,0.6820323884548588,1203202.mp3,alternative
208.3787755102041,147.65625,0.5699542771355541,0.7765722656249997,0.0780377984046936,0.391333074756974,0.6367311050616034,0.168539316681818,0.0011123298238513,0.2999999996843012,0.5222652857062082,0.623640550284448,1219702.mp3,electronic
194.544,95.33898305084746,0.570104127436868,0.580337677001953,0.2081629037857055,0.5309100455707761,0.7825434347215633,0.3657450732081749,0.0009527270578862,0.2999999999970849,0.5597716198438873,0.6629843213940765,96702.mp3,ambient
276.1142857142857,132.51201923076923,0.5685960356409012,0.4839872131347655,0.1888504475355148,0.4371855341467158,0.6585207510550163,0.2911979554980345,0.0006865398523425,0.9633754037836152,0.5223565717690621,0.6635148467589729,23102.mp3,reggae
302.44,147.65625,0.5872062224035324,0.3676908874511719,0.1382004022598266,0.843675332326306,0.9950800327007466,1.0,0.0026439933846777,0.6925057016968827,0.8353124999999999,0.5826896448135377,139602.mp3,hardrock
105.9001133786848,129.19921875,0.5446350977731237,0.5495594482421875,0.1672396510839462,0.3588802862711756,0.6790284532469151,0.250357484719333,0.0011865558173997,0.7465572572250644,0.546355442271861,0.6509351859358484,21502.mp3,blues
149.53333333333333,129.19921875,0.6009455684566203,0.3302507019042969,0.230765700340271,0.7221097842171936,1.0,0.5409918951673989,0.0025769930363146,0.3847820506769714,0.6422221610921477,0.654631219904068,1115102.mp3,hiphop
284.38002267573694,120.18531976744184,0.5551895334363781,0.5926545715332031,0.098839670419693,0.3067690455768291,0.6925860956725732,0.1478856312139361,0.0011077608189883,0.6782545260063315,0.5038796938970436,0.6348063425716808,1069802.mp3,jazz
68.0330612244898,120.18531976744184,0.6157122124133863,0.2585445556640625,0.1814209371805191,0.3388190644306711,0.5905504039750077,0.571489220011654,0.000126142505116,0.4939399485641262,0.4469829021762546,0.6759149569497359,818602.mp3,soundtrack
89.37519274376417,129.19921875,0.5396828588029372,0.5454094543457031,0.0938291847705841,0.1530195393888599,0.2804054585105305,0.1656610456220161,9.058011793207656e-05,0.2999934642156472,0.3993178069799594,0.6539149451214185,1384402.mp3,ambient
224.57142857142856,139.6748310810811,0.5581435883498408,0.3545162353515624,0.217278316617012,0.5372762094559299,0.8129279834113784,0.4172006511462519,0.0009289716442137,0.2999999999983941,0.5612294943463638,0.6659742951128516,1257402.mp3,poprock
111.80252083333332,144.23076923076923,0.5135265890426179,0.6033763961791992,0.0925194472074508,0.1657819368869907,0.3453711633874222,0.1082599206072198,0.0005613353225202,0.2860144050858626,0.4163393444426373,0.6500391321061548,1110702.mp3,ambient
198.4,101.33272058823528,0.5549507034641734,0.2753572387695313,0.1885255277156829,0.4318419938615252,0.7013876089040388,0.4315713003229862,0.0005980623826016,0.8634163485187247,0.4666906619229976,0.6745310575930464,213202.mp3,gothic
168.0,99.38401442307692,0.5360267650406799,0.5382930755615234,0.1021820977330207,0.4110732478059808,0.6159806740256567,0.2877971249479615,0.000350903415375,0.7936463802854699,0.4705262063045249,0.6426803139229825,1071502.mp3,classical
182.0,120.18531976744184,0.5438777955525236,0.4067413024902343,0.1038675308227539,0.144744890193064,0.2072451145917816,0.198069254788357,4.7557777576800697e-05,0.5671961359371873,0.3765853049253708,0.6620752501111172,1329502.mp3,classical
167.66666666666666,132.51201923076923,0.5951193781390949,0.6802317199707031,0.1056244298815727,0.256243352128469,0.4031130820076106,0.1759400934266924,0.0006716115848373,0.2999991039955885,0.4360299926262897,0.6508187962321083,1365302.mp3,ambient
150.8734693877551,123.046875,0.521152977749588,1.0,0.0669984892010688,0.1899674996315615,0.3444283129830093,0.1075997117311893,0.0007420502480008,0.2741331068068827,0.4290594412066991,0.6383075678710449,950302.mp3,classical
66.97673469387755,129.19921875,0.5099932831028273,1.0,0.0376379303634166,0.4884756288029757,0.7004533301114296,0.1607050298272093,0.0005956798557849,0.7923601454490696,0.5510777978303805,0.6033340953647539,1266502.mp3,classical
175.72571428571428,87.5926906779661,0.5634442610138175,0.725491714477539,0.2340544015169143,0.7224106211329219,0.965911976784566,0.293023578095189,0.0062680161391786,0.935717903501768,0.5639700638631651,0.6714655717734561,1367202.mp3,hiphop
185.1715873015873,107.666015625,0.5303058168436056,1.0,0.0555634759366512,0.12748044526829,0.3927241024463164,0.0599388332441318,0.0076576415137735,0.6861335451206123,0.3082995661564142,0.6583429381059116,1227102.mp3,jazz
124.45022916666667,108.17307692307692,0.5406683571960722,0.4368271636962892,0.1597114205360412,0.5601624970738351,0.870524450809004,0.2579717718671873,0.0012984397216512,0.2999999999999964,0.4994516443620414,0.6576057825205666,47402.mp3,90s
213.23253968253968,132.51201923076923,0.5917913927278127,0.2671152038574219,0.3705240786075592,0.6482007651955755,0.8829102816520386,1.0,0.0009593294851922,0.8996243184449869,0.7136807880579223,0.6906525106871368,242902.mp3,folk
276.6839909297052,107.666015625,0.5859173840430465,0.8261569061279297,0.1859647184610366,0.5127697113462082,0.8226350105886386,0.2606530264698417,0.0010992105986599,0.6214990464687249,0.5864743154377815,0.6496524355584169,326902.mp3,instrumentalpop
211.25333333333333,126.04801829268293,0.5684471042439652,0.2192180633544921,0.1723596453666687,0.2631934328564485,0.5772072393203633,0.253737621240798,0.0002737205917611,0.6401242510767524,0.3896264800168054,0.6841241763286396,1062502.mp3,ambient
359.60160997732424,129.19921875,0.5680551872767674,0.5740286407470704,0.1550453901290893,0.3829057221080786,0.6731772040769234,0.271114089393622,0.0013617969081767,0.2999999976168011,0.3916058689774135,0.6774951666509895,614902.mp3,atmospheric
139.41177083333332,85.22727272727273,0.5554466963979174,0.5350524139404297,0.1942849606275558,0.4423805721154969,0.6937120506585246,0.2528337096683897,0.0007766688250857,0.2999999999860168,0.5094159674141772,0.6680593923430846,1086302.mp3,country
531.3733333333333,126.04801829268293,0.5958385005100084,0.6438419647216798,0.1516915708780288,0.7627774368084405,1.0,0.2330547516185467,0.005854815917456,0.9322803019881788,0.6235619059799643,0.6298965843200975,373002.mp3,easylistening
208.05079365079365,147.65625,0.5421119736552191,0.3782902526855469,0.1855562627315521,0.5630584959729721,0.8569481222128313,0.2935237444556801,0.0018771857458385,0.2999999999989728,0.590743251982055,0.6486516041869478,172302.mp3,funk
184.76408163265307,129.19921875,0.6150133166856799,0.2106967163085937,0.5888738632202148,0.533156057438862,0.8406319897214581,0.7873746963671333,0.0007683017699182,0.5888767083536061,0.5466192305472743,0.8026707446498225,1294102.mp3,dubstep
239.03997732426305,126.04801829268293,0.5404732261410086,0.2622870330810547,0.2112489938735962,0.5034967258230852,0.8425495720996643,0.4762728769589784,0.0013504861376174,0.9539264346373432,0.6155520519866204,0.6529392273971705,1371002.mp3,pop
238.14401360544213,129.19921875,0.6128859556447332,0.6919473571777343,0.2612048387527466,0.4538933831650851,0.7090897944458436,0.2158179286662949,0.0009325456359737,0.9337422016623762,0.5852059475255373,0.6769925524458813,370002.mp3,electronic
115.02285416666666,152.02702702702703,0.5542074664268203,0.6316205673217774,0.1227285712957382,0.5941039921715142,0.7901061862491583,0.296402529492654,0.0007039266731093,0.4727441659132332,0.5854554666210462,0.6270911923422565,1157602.mp3,hiphop
437.23755102040815,107.666015625,0.5694157375073796,0.5782917785644531,0.1146524474024772,0.5523750946741663,0.8096268287274989,0.1727858475578993,0.0031486656477612,0.8019821007451775,0.5192287803938344,0.637429124986125,152602.mp3,blues
392.25002267573694,120.18531976744184,0.5514267263647457,0.4821058654785156,0.2739627063274383,0.4863381044730382,0.6821030246788164,0.4323860510848049,0.0004475089065995,0.4321512416381461,0.5226177390008316,0.6941030264777115,1075802.mp3,electronic
443.5100907029478,112.34714673913044,0.5341923473519016,0.5916828155517578,0.0494231469929218,0.0893924046572036,0.218987007299975,0.0628337529154197,0.0081597334378828,0.2999988263153134,0.5183076702393483,0.6141307988695822,1412102.mp3,ambient
280.0,117.45383522727272,0.5863358477463099,0.2935755767822265,0.2894343435764313,0.6150743563373441,0.9375876274206864,0.5110133307983714,0.0021310684172516,0.2999999996068239,0.6271565423541025,0.6787650552166948,1315102.mp3,atmospheric
260.57142857142856,139.6748310810811,0.5942352565320703,0.672607437133789,0.3553161025047302,0.4767036496637305,0.7944974450414783,0.304010632424984,0.0008896342232794,0.93960960155504,0.6164505541801042,0.704623686065682,335602.mp3,dance
248.9480045351474,135.99917763157896,0.5626589694650161,0.6442677307128907,0.2170379012823104,0.4352245452686555,0.7712625750847678,0.2322313382160077,0.0014771951348924,0.8431804263861742,0.5173850481722166,0.6746566348271884,1208602.mp3,acidjazz
193.85333333333327,129.19921875,0.5489587902189206,0.5825020904541014,0.2056236267089843,0.4325474858065508,0.6772224891585616,0.3512560289095524,0.0006040194586218,0.5211731320616133,0.5935851708362945,0.6553074714479754,1294002.mp3,folk
205.0786394557823,107.666015625,0.5735467867390294,1.0,0.0549688972532749,0.3237404826903919,0.6624675309359973,0.1696265869536702,0.0008039646960014,0.5294381992365516,0.4063614857040867,0.6385165058703617,1209202.mp3,ambient
258.970589569161,135.99917763157896,0.5804584136423058,0.6592491912841797,0.2072711288928985,0.4214934249519009,0.7669548501233933,0.1287137005683694,0.0048817537548629,0.3,0.4739057070488557,0.6798364649916723,837502.mp3,hardtrance
286.9634693877551,114.84375,0.5632258466892532,0.531097427368164,0.1009515076875686,0.4880202212745038,0.7154965349067743,0.3925732955593908,0.0005429021860846,0.9303189878945112,0.5021168979395954,0.6359191631796056,1074702.mp3,folk
215.88979591836733,120.18531976744184,0.5711889850904892,0.4237377166748047,0.1238669157028198,0.2069713308099224,0.3865881658544833,0.1695292457334123,0.0002736209969067,0.2999913561317771,0.5015472764620534,0.6442826343606044,1048302.mp3,ambient
270.55126984126986,132.51201923076923,0.5996036378345984,0.2074211730957031,0.2763126194477081,0.6543950179200034,0.8970924167483387,0.6683988093742934,0.0019356439521307,0.678664360780607,0.742341834035508,0.6510041761940734,842402.mp3,alternative
124.17392290249433,114.84375,0.5909246685734333,0.4150152587890625,0.2250329405069351,0.3896528973024005,0.6321663071818594,0.4986692084572304,0.0002812543267108,0.47000665313484,0.5394804763941304,0.6731157633036705,1189902.mp3,garage
228.5191836734694,126.04801829268293,0.5327287225098587,0.7997398834228516,0.0639601349830627,0.547013594552418,0.8572418099069092,0.1462522489480127,0.0018987295355192,0.2999999960397631,0.6547027615290993,0.5920850962880827,128302.mp3,celtic
282.0595238095238,126.04801829268293,0.5768316624405883,0.6697629089355468,0.2699783444404602,0.6812860487078507,0.8865411938282811,0.5710887013788846,0.0031999669675507,0.5172846921071101,0.5988429803068851,0.6774236079371887,1210702.mp3,electronic
149.683537414966,105.46875,0.4736190073047295,1.0,0.0610860176384449,0.1991121254432653,0.2788911063041845,0.1318942212923254,0.0003956656185266,0.5241962449479383,0.4617361069638567,0.6296437449570689,1157302.mp3,jazz
181.0053514739229,117.45383522727272,0.5833495213045039,0.2945420837402344,0.2522189915180206,0.7154015442694053,0.9103494388938091,1.0,0.0012794869758073,0.6506337143573359,0.6361114099188887,0.6635765549627096,810902.mp3,indie
406.0210430839002,123.046875,0.5504837920276177,0.8461772918701171,0.2429943680763244,0.5820707429568278,0.9098812179958916,0.1370417588426141,0.0055128450918272,0.3,0.5302172255049481,0.6814345274064872,860802.mp3,ambient
188.626875,102.27272727272728,0.559256208823755,0.385773193359375,0.1678826510906219,0.5887299704522403,0.7998859192088787,0.5540185147384159,0.0007882377862748,0.44360159740393,0.6254034160675568,0.6353570711791126,476802.mp3,atmospheric
227.19641723356008,90.66611842105264,0.5847580155886356,0.4785023040771484,0.1099814251065254,0.6588469166944745,0.911851410130929,0.1775230878522377,0.0020647696931612,0.6707318122079775,0.5314565075333529,0.6333020115316785,1251302.mp3,avantgarde
121.41177083333334,170.45454545454547,0.6187675992515569,0.4015730895996094,0.1706971824169159,0.2069083818038587,0.4200040424208291,0.213741073016458,0.0002603532033254,0.2999999999983994,0.4730488631587904,0.6668412130383315,1012002.mp3,ambiant
320.1044897959184,120.18531976744184,0.5546485160638257,0.5505410919189453,0.0352485217154026,0.272911802339344,0.5743477957919965,0.2101267457618722,0.0006586716916334,0.9430560019017306,0.5063972626860914,0.6114100152803267,1348602.mp3,ambient
226.18412698412692,129.19921875,0.5782698189045539,0.3937041625976561,0.2401530146598816,0.4652046711438313,0.8303681086348478,0.2845921563619701,0.0018535954273381,0.6265373579784514,0.5034779026405671,0.685759504749444,347602.mp3,easylistening
220.89142857142852,112.34714673913044,0.5753837199752918,0.5535869140625,0.3487966060638428,0.4499167504578905,0.6434859307897696,0.4540066939535218,0.0005238111850459,0.905635561688499,0.4565999450666863,0.7342467891696463,311402.mp3,hiphop
275.46120181405894,135.99917763157896,0.5819397325600468,0.3842462768554688,0.1034295856952667,0.4060511842919445,0.6657615571711809,0.5133240200779805,0.0002698553011454,0.8781223881733897,0.5108462630364222,0.6350653982430116,26902.mp3,instrumentalpop
304.0,90.66611842105264,0.5611565815982298,0.4408255767822266,0.0993296355009079,0.5789139738591322,0.8525624301363338,0.4918131307721326,0.0008702725656228,0.4797471741335364,0.7674742384704786,0.5822638210862311,442602.mp3,chillout
175.72571428571428,139.6748310810811,0.5187891009421278,0.3818624877929688,0.184784933924675,0.5135848151167969,0.7671673715963544,0.3685376166658072,0.0006231954717317,0.2999999989488738,0.6574089441365583,0.6350407873855712,1012602.mp3,hiphop
164.0,120.18531976744184,0.5533291133608158,0.5338784790039063,0.2643032371997833,0.5843520583559663,0.8749624146050029,0.4248312228273068,0.0021123011344592,0.8752582644466795,0.549528774159625,0.6852434105599969,1420502.mp3,chillout
106.1755328798186,161.4990234375,0.5653489355002733,0.3693970489501953,0.2282888889312744,0.3296355652306842,0.6049037935569025,0.4283237240856992,0.0002590731863557,0.6864576148345551,0.449108833498141,0.6923622333156305,1265902.mp3,blues
537.8089795918368,132.51201923076923,0.5093018884973898,0.5734323577880861,0.1346338838338852,0.8801902133290552,1.0,0.4179458153704238,0.0051192219845633,0.6885129774055329,0.8050240384615384,0.587463390487891,1146202.mp3,ambient
114.0,120.18531976744184,0.5382429719073731,0.613173812866211,0.1316948682069778,0.2443142937087351,0.4854965065803217,0.1860603050022353,0.0007691909143005,0.8392625779528524,0.3203958448598467,0.6833309835825426,1394302.mp3,flamenco
210.0195238095238,129.19921875,0.5996130611324302,0.7092727813720703,0.2842643857002258,1.0,1.0,0.4599309684639135,0.0192654800318483,0.8876286306454126,0.6869706372650635,0.6649410513990687,1180402.mp3,dance
603.4284807256236,139.6748310810811,0.5245271018180666,0.6696857604980468,0.0896540656685829,0.3881636124768113,0.7029318290131255,0.166315231290841,0.001433800589752,0.4344930946827308,0.4642434856733479,0.6394267665060203,243202.mp3,easylistening
348.0816326530612,126.04801829268293,0.5772763505825281,0.3080399932861328,0.210310012102127,0.7109820799414207,1.0,0.3148886079615249,0.0058659847984246,0.9133805314675154,0.6680146857086204,0.6421086672150417,1414202.mp3,dance
153.9644217687075,129.19921875,0.5902241442071758,0.3413798065185546,0.2217201292514801,0.843405864217524,1.0,0.5303592512625473,0.005301722098071,0.8310177154820533,0.6917318101059418,0.6414728845093445,1166202.mp3,metal
82.0,120.18531976744184,0.5363969519488787,0.5296953582763672,0.0694282278418541,0.1614581154646428,0.2848999000180072,0.1732028468521978,0.0001066232511825,0.2999913094216559,0.4828333819777902,0.6284274856275095,1400502.mp3,classical
107.76784580498868,97.50884433962264,0.5597617607255643,1.0,0.2128773629665374,0.4540847894215107,0.6732783286662479,0.3407902722784633,0.0009505931712401,0.2999999974818894,0.528126888801778,0.6710104729075979,1294702.mp3,alternative
204.276462585034,129.19921875,0.5964604456532085,0.7606289978027344,0.2111978828907013,0.7865837203644225,0.9466094524617432,0.4869931175015075,0.001630481841268,0.4293918437428106,0.6829819919161979,0.6394348394574129,221402.mp3,chillout
105.06448979591836,123.046875,0.5542465044957794,0.5845923156738282,0.0481007657945156,0.4246947107549635,0.7360453368443817,0.2810020212909311,0.0009352481723549,0.2990684554837759,0.5225684894981332,0.612802577786399,1226202.mp3,ambient
189.68,120.18531976744184,0.5756097033229981,0.661492286682129,0.1731696724891662,0.4674182189543202,0.7564164384345159,0.4683768798760334,0.0009679230465713,0.2999999999999974,0.569205585080172,0.6484999650800655,147202.mp3,electronic
233.6656875,125.0,0.5236191542598063,1.0,0.0411042794585228,0.3201995375923115,0.4764827374851561,0.1143401095762909,0.0009913039003023,0.2608096988449879,0.4729641386305876,0.6202047128789507,729302.mp3,classical
60.37408163265306,132.51201923076923,0.6181960908861792,0.9090468597412108,0.0494607836008071,0.606075780972928,0.8244750391830101,0.3910261159908273,0.0008369418866506,0.6764947785018494,0.59598323557941,0.5986092349804086,1346602.mp3,darkambient
46.27954648526077,112.34714673913044,0.6305864508386356,1.0,0.0464047528803348,0.7010823419854185,0.940025854594548,0.2176365872010864,0.0016077614920466,0.2999997641154902,0.6499648789746155,0.5867127352419974,1330502.mp3,classical
230.24326530612245,139.6748310810811,0.6059894635715057,0.6729859008789063,0.5886520743370056,0.5387606729248737,0.7656245386843961,0.7556555554462362,0.0006863528853685,0.6967555594830157,0.6591239530392308,0.7800899561534759,1299902.mp3,industrial
164.21417233560092,161.4990234375,0.5813638712770335,0.2395286254882813,0.1442280411720276,0.4867470565500359,0.8724989736220762,0.5683649311572649,0.0007400476892167,0.778327948971206,0.5178619413457506,0.6483497065527798,1158502.mp3,blues
200.86160997732424,114.84375,0.5322762375026677,0.6871532440185547,0.0474809855222702,0.1887377389883942,0.2974385849490328,0.1846832482543656,7.778852968182051e-05,0.2999697278541296,0.4804728465441045,0.6209985854791964,816202.mp3,newage
220.5167120181406,90.66611842105264,0.5358123504662164,0.6429635391235351,0.0823236256837844,0.2802874225847807,0.5754300219480701,0.103929353813913,0.0028772615430681,0.2999999999999997,0.4412411195593492,0.6413882813342926,399202.mp3,easylistening
104.56922902494333,99.38401442307692,0.5932813766328898,0.998411636352539,0.164698839187622,0.2478425585975942,0.4907561210590695,0.226333989552841,0.0003397356188432,0.2999999999999996,0.3597556405728256,0.6873404539929788,379702.mp3,easylistening
262.0001814058957,161.4990234375,0.5612571417002695,0.6650340270996097,0.0733523070812225,0.5396565971763178,0.8704334650534298,0.1384644316598702,0.0031219990262173,0.2999999999964194,0.6972042002569068,0.5869659904978587,152802.mp3,alternative
84.70587301587301,112.34714673913044,0.5307090207468796,1.0,0.1340881884098053,0.1393875005506359,0.3705573730476812,0.0950657894736842,0.0009401192921781,0.2966154169544732,0.4716010166665552,0.6539515444942188,288302.mp3,alternative
204.707074829932,143.5546875,0.515857440045993,0.3695296936035156,0.177793800830841,0.389488929399813,0.7472343173978847,0.2530410340401045,0.0008470368761402,0.299999995832631,0.4966944873408788,0.664666870830927,535702.mp3,ambient
214.36081632653065,101.33272058823528,0.5912427854472894,0.3007635498046875,0.0798081308603286,0.3447149026885708,0.6082318178809147,0.3387987699201082,0.0002440176227036,0.4512971000673862,0.4062139683880955,0.6474881334320992,255702.mp3,electronic
160.44,139.6748310810811,0.6046486452570785,0.4204910736083984,0.2317213714122772,0.4611069405848801,0.7280493521883565,0.7680304260350852,0.0003802513640634,0.2999999999599678,0.4560252925934309,0.6922146351897336,172102.mp3,rock
91.92154195011338,93.9630681818182,0.5721348645189668,1.0,0.2184774726629257,0.6937741850762346,0.7698293230317532,0.3164743498912635,0.0007656206384342,0.2999999999985571,0.701369682632695,0.6383779536321142,1070602.mp3,experimental
88.94195011337868,90.66611842105264,0.5297536650215919,0.5423042297363281,0.1939767599105835,0.5438286884088195,0.882268680827321,0.2379132826702239,0.0050208756677563,0.6660600906221108,0.5382543562015221,0.6621807623275057,1361402.mp3,ambient
141.0,132.51201923076923,0.5516997187377898,0.7354908294677734,0.1034801825881004,0.3480406354299319,0.5849353668715443,0.2599250921286488,0.0007822075034562,0.6838472967259477,0.4644339277893796,0.6443660801738402,1166102.mp3,chillout
106.0,120.18531976744184,0.5508639880811783,0.5653701782226562,0.0961121916770935,0.6956619068313659,1.0,0.3519962817632776,0.0045005138934321,0.7631584078405567,0.685094903786532,0.5975814082464472,1405302.mp3,electronic
590.2652380952381,120.18531976744184,0.5585196314520966,0.5037981719970702,0.2707849740982055,0.6200155612111166,0.8744524412616059,0.5320332431128095,0.001835493083141,0.5154647039801218,0.5777757526209917,0.6819274401511557,173802.mp3,easylistening
645.9277097505669,120.18531976744184,0.5767966298875689,0.5154207229614258,0.0408706739544868,0.4029089682108658,0.648889514818712,0.2973855320909956,0.0003929134363367,0.9621687990802776,0.4951859355230017,0.615676255519015,342302.mp3,alternative
136.58666666666667,107.666015625,0.5680528261070786,0.5566251220703125,0.0648036152124404,0.1645872959334936,0.2623642605929085,0.2180597680179946,9.022808092918732e-05,0.2999150629289582,0.5403316246367945,0.6152629765491198,326502.mp3,classical
259.14666666666665,117.45383522727272,0.5429521254653328,0.9097687072753906,0.0504353232681751,0.1965246065593225,0.3930572214303836,0.1105421535355036,0.0009030160752683,0.2899514753491651,0.6593739159250649,0.5862819331915301,1263902.mp3,chillout
280.81333333333333,135.99917763157896,0.5912490306379736,0.3511783447265624,0.3642235398292541,0.7648326545072544,1.0,0.8705957802094971,0.0045961901720811,0.3653428656226125,0.6781163447204452,0.6954972053944424,1102.mp3,rock
259.0573922902494,129.19921875,0.57732433704692,0.3459524688720703,0.108029767870903,0.1846563191127937,0.46460681347924,0.1895618413027368,0.0003519654505385,0.6682860885323401,0.3025826521290768,0.6783741860077097,933502.mp3,ambient
222.8,99.38401442307692,0.5458568667645556,0.7659906005859375,0.0729618147015571,0.3280173570286886,0.5309178678034101,0.1272212203128753,0.0009767053567307,0.829132268471311,0.4034572977252842,0.6455747937475038,353702.mp3,electronic
204.0614512471656,103.359375,0.554542101668114,0.743375274658203,0.2501340508460998,0.575317234444825,0.9018276205596426,0.2829998182214285,0.003621485523623,0.737010765942471,0.5708649766717399,0.675875262970248,362502.mp3,electronic
333.8187755102041,129.19921875,0.5774764031301318,0.3624230651855468,0.2720255851745605,0.816947608938781,1.0,0.6694405589066845,0.0040620695317163,0.2999999440264648,0.6714582228376169,0.6636375660953184,1196502.mp3,dubstep
141.0,109.9567819148936,0.6118064153090892,0.9682286682128908,0.1409925073385238,0.7832483071787919,0.9854867871016292,0.3668770647360652,0.006681241457352,0.398076692815041,0.6108641364046417,0.6285844753609403,565802.mp3,funk
124.28448979591836,135.99917763157896,0.5179315286484535,1.0,0.0614936798810958,0.2483306617801709,0.4389781433998665,0.1605203859605153,0.0005178551583324,0.3226246560622504,0.4815398891259093,0.6258297469320127,1329202.mp3,classical
231.03360544217688,139.6748310810811,0.5414784964096846,0.9413748779296875,0.0923198163509368,0.360263598936349,0.5796718568855805,0.1196450545409976,0.0015277395345452,0.7363957853326734,0.4617812066317512,0.640878892559987,1115302.mp3,poprock
271.85054421768706,120.18531976744184,0.5582224038817843,0.2559487152099609,0.2852361500263214,0.5207458529363774,0.8972083623923905,0.4543407884540068,0.0013464347511768,0.8792743859567966,0.519586987850226,0.6987676164394305,1289102.mp3,electropop
282.04408163265305,107.666015625,0.5282078979957309,0.5716460723876954,0.1050368994474411,0.3434243424023993,0.5398561019149374,0.1334497928827152,0.0005726975935688,0.2999995094002415,0.4593985396471038,0.6459335758716581,349402.mp3,soundtrack
152.04,90.66611842105264,0.5685346573708787,0.6195684814453125,0.2002575397491455,0.7612631649278848,1.0,0.3533061668429757,0.0078191732490899,0.9380153221413434,0.6533738234028028,0.6414179496291318,953502.mp3,hiphop
105.0,107.666015625,0.5617144195640142,0.4699282989501953,0.1237863972783088,0.4058918410156648,0.5776085133889545,0.3666120106579217,0.000202145283211,0.2999984744555836,0.5856580035146416,0.6274315023172629,1136902.mp3,dubstep
217.96426303854875,139.6748310810811,0.530936029967082,1.0,0.1603416204452514,0.4148330843905384,0.6401105337493904,0.0904387749534254,0.0032276381288905,0.3,0.5336219196904989,0.6509985994221907,146602.mp3,dance
565.6533333333333,139.6748310810811,0.580919936409269,0.7098829040527344,0.1883688271045684,0.3774462129530127,0.6693888877909492,0.1555557112978461,0.0008029060925429,0.2999999999899388,0.4909815634657144,0.6696164650645018,20802.mp3,easylistening
346.64489795918365,129.19921875,0.5678139224091483,0.3632866821289062,0.1958364993333816,0.802147648453261,1.0,0.4813755842696078,0.0056655716916856,0.6320374732023668,0.7558203255827584,0.6193370746434657,23002.mp3,dance
951.231201814059,120.18531976744184,0.5490647640837513,0.7069132995605468,0.0734869986772537,0.3262017672289438,0.6697509129797148,0.0904058729723542,0.0021405291926921,0.299999996591396,0.4259035941116997,0.6412746007014714,25802.mp3,easylistening
248.79,112.5,0.5408540640344577,0.3433421020507813,0.1950609982013702,0.7031543211958996,1.0,0.5471422372101534,0.0012792458842643,0.6760369167880782,0.6834678993638195,0.6335283794797294,1056202.mp3,eurodance
123.89419501133789,129.19921875,0.6011490190544768,0.2654284973144531,0.2860847115516662,0.3994193231012896,0.6411600093212257,0.6049452407942371,0.0002714121344929,0.8535739244089928,0.5853705142834782,0.6859163933019042,1317902.mp3,alternative
165.23557823129252,129.19921875,0.5977578831196919,0.6346579895019532,0.2216183096170425,0.392133909855396,0.6571300305762521,0.3566884241876916,0.0004657849555972,0.9148157037455787,0.5702153869128408,0.6657395140795671,1165502.mp3,electronic
261.5379591836735,151.99908088235293,0.5790277015499328,0.839309341430664,0.2554952502250671,0.7433613556413885,1.0,0.7741594200388027,0.0051703250639109,0.2999999999964308,0.8000968493134142,0.6319589202183413,395902.mp3,instrumentalrock
272.1226303854875,123.046875,0.5733706562803031,0.3911845703125,0.0595132447779178,0.1302826075744371,0.3611992793388294,0.1331393685113095,0.0010680176751987,0.2797413202692709,0.394744172788272,0.6424759335623961,25002.mp3,ambient
424.971179138322,129.19921875,0.5692050153488484,0.608592254638672,0.1601298153400421,0.7341906689693642,1.0,0.3546073866377391,0.005387217438257,0.6992284960362938,0.7280063884545037,0.6120454558315144,1209802.mp3,minimaltechno
116.02666666666669,93.9630681818182,0.525656820630332,0.5831627044677736,0.0272453110665082,0.1997327956993091,0.3473257857240392,0.105490123342298,0.0003804899082625,0.3614008922784913,0.3517926153559359,0.6394497889127557,259802.mp3,classical
123.0831746031746,120.18531976744184,0.5196946568143304,0.5005466766357423,0.0361554659903049,0.2091421790409276,0.3159846213923534,0.195011985773508,9.311218747850828e-05,0.281451540705749,0.5179211743878965,0.6094317328789305,243802.mp3,baroque
148.37498866213153,123.046875,0.5642221106884012,0.2472009887695312,0.2623507976531982,0.7416226470527749,1.0,1.0,0.0020949901953567,0.3491870641523175,0.6414079297111592,0.6661647012129195,1179402.mp3,alternative
290.2465306122449,120.18531976744184,0.6350479063060279,0.3760812454223633,0.0684655457735061,0.113166223047215,0.216835105170566,0.1627006829268292,0.0003255856161294,0.2981294147258415,0.4019344073243037,0.6442607150136015,543402.mp3,ambient
267.7868934240363,123.046875,0.5326659426855436,0.7368963623046875,0.2922745943069458,0.5859926083568089,0.9389558950403424,0.1992889967918147,0.0119213009636373,0.3,0.5115791458950203,0.7029030247714965,1341602.mp3,chilloutlounge
645.0266666666666,101.33272058823528,0.5575681501488763,0.6096207580566406,0.1400326043367386,0.2324452367252196,0.3453918125014654,0.243082640949164,7.536336777756528e-05,0.5998241072135706,0.4712098134123761,0.6561697748787506,1095602.mp3,classical
205.95746031746032,139.6748310810811,0.5910621143620356,0.7609395675659181,0.1890054196119308,0.9438324802726458,1.0,0.6175455770341244,0.0095005386302902,0.2999999999997229,0.6024501639848314,0.6475519182633288,1153402.mp3,trance
165.0416326530612,161.4990234375,0.5834714717983097,0.3023758697509766,0.166147381067276,0.2156444362042446,0.3678866717939051,0.3901800787844682,6.302800178652508e-05,0.9275036964519912,0.4797219114699905,0.6638686748902213,1381402.mp3,chillout
293.248231292517,109.9567819148936,0.574230104524915,0.4901217956542968,0.183448240160942,1.0,1.0,0.4105590955747239,0.0232176754996292,0.7774659047835581,0.7599135638297871,0.6140586536919816,1121102.mp3,jazz
252.63020408163263,109.9567819148936,0.5320422012965809,0.5765951309204103,0.091970071196556,0.5207546161233904,0.7799173550395662,0.2193469781205165,0.0019908430584044,0.7622859410826132,0.5179278942737782,0.6295236467760045,296702.mp3,folk
533.7947708333334,130.8139534883721,0.5684712957488828,0.6213841781616212,0.0944859236478805,0.3150344339849018,0.6374340169252531,0.1025857245623851,0.0015641752731169,0.2999999999999957,0.4449713128824992,0.6450206699367371,1137202.mp3,ambient
105.28034013605442,97.50884433962264,0.5336080452941132,0.8460506134033201,0.0874053090810775,0.4727042597833205,0.9409065354733712,0.0611291749702148,0.0154438143359431,0.2999999985308867,0.4259025478347457,0.6462854017022388,1397802.mp3,folk
192.92,130.8139534883721,0.5857028317621724,0.475586944580078,0.2863221764564514,0.4594694901188375,0.7149578461288113,0.416512061620865,0.0004581516836373,0.9033204848951006,0.5133246277607246,0.7004110579721775,887202.mp3,electronic
407.7540136054422,107.666015625,0.6095188231061193,0.6608448333740234,0.1911645829677581,0.7867241909696158,1.0,0.21053345759242,0.0081702891704022,0.9328541137081396,0.6795690412898956,0.6329054416104138,1332602.mp3,drumnbass
339.87519274376416,103.359375,0.5761000927437282,0.3830855102539063,0.2347305864095688,0.5674593057400314,0.9435092366893688,0.3610687550769615,0.002621234927321,0.5753213656569804,0.6029036657380511,0.6639222779598345,1165402.mp3,alternative
284.89845804988664,103.359375,0.5843309705159268,0.5978217010498049,0.1203747391700744,0.6042864694301447,0.9976375178160504,0.2553425964577494,0.0041395629283514,0.6626421230149024,0.5977587305528296,0.6237831599906609,1274502.mp3,acidjazz
276.0,63.802083333333336,0.5436002574501952,1.0,0.0777629092335701,0.201275816293371,0.3227871307595413,0.0539195418454836,0.0053070215322096,0.3,0.3787586964193515,0.6522429080402149,1114502.mp3,ambient
147.00052154195012,120.18531976744184,0.4881877973986287,0.7686780319213866,0.046899102628231,0.4917483481163758,0.7314412371199563,0.242469690373732,0.0006861638753024,0.4809404971561286,0.6635079896398789,0.5841820790181874,1231502.mp3,classical
151.8120634920635,147.65625,0.478624388936264,0.4881612854003906,0.1920371055603027,0.151393028993911,0.3150216548438295,0.1273261376798214,0.0006382652607691,0.8421766722673738,0.3206967838253678,0.7049940012366354,1375202.mp3,classical
312.55510204081634,90.66611842105264,0.5162318044282473,1.0,0.1635698527097702,0.861855245645282,1.0,0.1909688512976059,0.0126382593256087,0.3,0.6313322368421053,0.6326186996070963,604202.mp3,hiphop
254.4933333333333,120.18531976744184,0.5625491685484469,0.8961608123779297,0.1658035218715667,0.3799180007668027,0.6874585502639929,0.1026061433462288,0.0028416746357579,0.3,0.5417126424351743,0.6513467393867292,1053502.mp3,club
192.86666666666667,109.9567819148936,0.5165722208850883,0.4500768432617188,0.2121642082929611,0.6259266136432873,0.897679315831311,0.5202919253655307,0.0015990052438595,0.5939282347781418,0.5757929380578907,0.6612205273738879,1306202.mp3,alternative
181.0,123.046875,0.5702155630947479,0.3687379455566406,0.2556658089160919,0.7177929266431969,1.0,0.4838933030469423,0.0028889140216572,0.7242038783848708,0.6983613090171267,0.6523674294063677,1420702.mp3,club
300.0,107.666015625,0.5138746356018749,0.4037776870727539,0.0655131787061691,0.3149714512995205,0.4816515403574047,0.3201925545571245,0.0002195812022058,0.8539644900952621,0.4762578967475775,0.6283331649847054,1081002.mp3,pop
129.01333333333332,129.19921875,0.5086672220603881,0.5229482116699219,0.1378078162670135,0.4014662436618691,0.6260389459505673,0.3780626074055215,0.0005439345280815,0.2999984609165327,0.5090969251609976,0.6477914288239254,80502.mp3,pop
202.95430839002267,132.51201923076923,0.6113769365854665,0.8941844177246093,0.0979521423578262,0.6082420452868444,0.8556264430573366,0.3137895145110929,0.0019896541205693,0.7075791229125062,0.5969936169666383,0.6158640478554898,1132202.mp3,easylistening
150.0995918367347,120.18531976744184,0.5968559635303035,0.6129748229980467,0.1468259543180465,0.4748645533496683,0.7715421965353866,0.1139076645619886,0.0034540074630929,0.5684237909965889,0.5779700508197445,0.6372633333905479,179402.mp3,alternative
146.7941723356009,101.33272058823528,0.5670952650020537,0.4728380355834962,0.1103065758943557,0.200550318517532,0.4848788921845322,0.1870031867038063,0.0002081517780938,0.2999997414474848,0.3437027156957222,0.6709698241828237,203502.mp3,easylistening
189.70702947845805,80.74951171875,0.5846367330280962,0.8357191467285157,0.0911554396152496,0.2906110574209205,0.5108513248267725,0.1387003512039893,0.0010269262618795,0.3,0.3465325636211678,0.6635094455372563,891602.mp3,electronic
64.67843537414966,114.84375,0.5688641747809737,0.8720600128173828,0.0972224995493888,0.2572328958388172,0.4736248324158159,0.2232186716051328,0.0002625359512739,0.2999999947454179,0.4017417525003612,0.6546517493377078,1042002.mp3,classical
254.4,139.6748310810811,0.5692254147020752,0.6034435729980469,0.2604430317878723,0.891357460720353,1.0,0.557564782237518,0.0104992624031365,0.2999999999997427,0.7974129746792753,0.634276896507779,365702.mp3,electronic
225.2950113378685,129.19921875,0.5667105283164015,0.2103334808349609,0.2438225597143173,0.6615175661234344,0.966988717500758,0.8167013973551052,0.0028786294630011,0.8636962431677302,0.6895298012784882,0.6498701612414566,1236402.mp3,indie
341.5368707482993,129.19921875,0.6034278874403627,0.9099667358398438,0.1556431055068969,0.9290767893051908,1.0,0.2396350997978672,0.0057331363702211,0.550171695694589,0.7983984375,0.596351830482483,1295802.mp3,acidhouse
64.54839002267573,97.50884433962264,0.5255565515833602,0.3103478698730469,0.2094582468271255,0.1544459488016702,0.2499163158423875,0.2473442709247236,3.857365686931592e-05,0.5242928711925672,0.3336627232605081,0.7086724242056636,1366002.mp3,classical
793.3920861678005,139.6748310810811,0.5720721138813238,0.4277535247802734,0.1189288571476936,0.4018068966887774,0.653565547181019,0.3584120965445073,0.0002845509929159,0.6576952308199786,0.61454508276332,0.6199053720205057,1089302.mp3,newage
195.08244897959185,129.19921875,0.5654757460973922,0.4477708740234375,0.240523099899292,0.7431874410332437,1.0,0.4085354242021354,0.0039867065692021,0.2999999998128326,0.6590195095345249,0.6547844140568401,1110802.mp3,club
175.67603174603175,132.51201923076923,0.5740579841362108,0.538922866821289,0.2531171441078186,0.578932874989339,0.7929622678025487,0.5482147347246669,0.0010988165126876,0.3841021409052104,0.5874691994091772,0.6736283319969792,1124802.mp3,rock
334.64,84.72079918032787,0.5321924920649832,0.4609546813964843,0.1159538030624389,0.2413562183484843,0.3957333009080636,0.3288753274710099,7.914703870580376e-05,0.3549903449823978,0.4325208458412451,0.655239199934229,47002.mp3,easylistening
134.4,147.65625,0.5706905041311077,0.7745468292236327,0.0939126759767532,0.5504888069606667,0.8880756744938806,0.258583777338162,0.0022935565305583,0.3,0.5359052375441502,0.6266275158428012,1075202.mp3,chillout
345.3619954648526,161.4990234375,0.58765285483829,0.6590509338378904,0.1143520027399063,0.3318839035802329,0.6110612981641004,0.2378030742792301,0.0005515278078444,0.2999999999824865,0.6143072894707607,0.6183052630922141,506002.mp3,ambiant
128.36984126984126,97.50884433962264,0.522407548300948,0.8800858459472656,0.0924833789467811,0.2289170462996654,0.449324774520449,0.2066740636656615,0.0001683529676887,0.2999635705447158,0.4573700764411925,0.6418200011326027,1151402.mp3,classical
128.5973015873016,120.18531976744184,0.566857655229606,0.3444277954101561,0.2159744352102279,0.6412805546367294,0.7788806636996969,0.7781445623429784,0.0006084118573924,0.5444645500254169,0.6186048682003855,0.654029823035605,1131102.mp3,alternative
357.9651020408163,120.18531976744184,0.5259868337816493,0.4446276550292968,0.0855667665600776,0.3205493287617131,0.5614202863762955,0.1948757784856738,0.0005833549153158,0.5198112300833584,0.3229365176314179,0.6662167324353444,1030102.mp3,indie
288.2524716553288,120.18531976744184,0.5998596928896859,0.4656359252929687,0.2046397030353546,0.5687600805622552,0.7874858469136717,0.6594519562885335,0.0006199158475795,0.479591084350328,0.5522028605172391,0.6632297209892799,1257002.mp3,electronic
323.0753968253968,129.19921875,0.5756724776845663,0.3842225036621093,0.2365870326757431,0.8354280090602321,0.9706840164945216,0.5289911547239664,0.0042850846379708,0.700703276849201,0.6990764065756612,0.6453560504481353,1278602.mp3,dancehall
406.1740589569161,99.38401442307692,0.5204748005633184,0.8816234283447266,0.0478329621255397,0.6093670780374232,0.8588504138712425,0.2370328747163418,0.0027476824947475,0.2999999999836012,0.5382267938089182,0.6095745076034107,1258202.mp3,ambient
175.74113378684808,120.18531976744184,0.5582670446602844,0.5932080383300782,0.2597281634807586,0.4820938900566591,0.8377266501705546,0.3099533076186885,0.0018942188425435,0.8500769195890534,0.5948440951214491,0.6745333198287833,1193202.mp3,jazz
34.290181405895694,139.6748310810811,0.565042425803352,1.0,0.2170121520757675,0.9903536744384088,1.0,0.2317139224201991,0.0154453638380971,0.2999999999999999,0.7293496621621622,0.6322544423148438,424402.mp3,electronic
225.1031292517007,143.5546875,0.6087910323440027,0.2498147583007812,0.2479667216539383,0.6575960572384194,0.9492036642478756,0.8362189272519369,0.0019644233568267,0.850074593137254,0.6330875567015539,0.662650508455107,25402.mp3,electronic
141.87501133786847,129.19921875,0.5305624526630308,0.2179937744140625,0.1297610700130462,0.1611057614974716,0.2185655333924954,0.2553465546111152,1.845246106759888e-05,0.2994043249117744,0.4105539883706448,0.6646031875305677,1396502.mp3,chillout
231.2727437641724,109.9567819148936,0.5947908994698806,0.8339730834960938,0.2009051442146301,0.6225675172596716,0.9475197353809136,0.3093125161460942,0.0026767911862382,0.6948449081555534,0.5425250414172567,0.6638208436338155,260302.mp3,experimental
248.99,99.38401442307692,0.6047155639292825,0.4817654113769531,0.3031483292579651,0.6257751331942897,0.9612771253947822,0.403671444184018,0.0022304874594137,0.2999999999999966,0.5299263154843542,0.7031481354359965,1378102.mp3,90s
1104.0,161.4990234375,0.6059491868610936,0.7805133056640625,0.1066240295767784,0.4858433545586454,0.7773614557508225,0.2812494629662831,0.0012759133325336,0.2999999999993512,0.682374262298479,0.6019097981879444,202002.mp3,ambient
358.28,139.6748310810811,0.5759090908157283,0.4133724365234375,0.199169710278511,0.6439676912092168,0.9074453855882292,0.6429827861467208,0.0022280264193261,0.9125510091773796,0.7066772857603997,0.6303656385481841,1055002.mp3,dance
397.2302721088436,123.046875,0.5482922743663106,0.6404458923339844,0.1569094508886337,0.4552746129196505,0.7069822020185981,0.3494482166215787,0.0011109050214416,0.2999999999960666,0.5995320533285536,0.6365809916541973,1240602.mp3,ambient
248.3722448979592,112.34714673913044,0.577338529811136,0.4118650360107421,0.1468337923288345,0.4490901509279023,0.6199522265305497,0.4241264361788238,0.0004417422069934,0.2999899346066839,0.5718978430591289,0.6384805966265547,373102.mp3,rock
293.9418594104308,139.6748310810811,0.5519288364612607,0.6710991668701172,0.1624127626419067,0.7408089527656306,1.0,0.1548363852847423,0.0064357272687986,0.2999999999309634,0.6338657447614257,0.6316954455988013,767202.mp3,electrorock
296.4897959183673,147.65625,0.5554930191222394,0.6796237869262695,0.1007852330803871,0.3856496523295879,0.7661552788860456,0.2142924269715717,0.0011796011714421,0.6182480675094856,0.6059671412873097,0.6150892556514775,986802.mp3,folk
89.9969387755102,123.046875,0.573093030625496,0.2469492797851562,0.1324760615825653,0.2591493551957585,0.3980540899733232,0.4291606886657101,3.548998298272963e-05,0.3900406549908405,0.5665602834825696,0.6343793254732095,1394402.mp3,choral
221.570612244898,129.19921875,0.6150907718812713,0.6622943115234377,0.226850688457489,0.6900067676681291,0.9896740997871036,0.1575227640146456,0.0050508185685177,0.9675283505709432,0.5914644019150673,0.6633733674616825,434102.mp3,electronic
249.12,99.38401442307692,0.5638441073474405,0.5436884155273437,0.1997742056846618,0.8049676923669881,1.0,0.8691851808069763,0.0037840949055343,0.6641300646796366,0.642621055325206,0.6433945029814371,1319502.mp3,dancepop
190.6266666666667,112.34714673913044,0.4948356448254007,0.4093218231201171,0.1244207397103309,0.2770942037230341,0.5878581730165499,0.1305727696741035,0.0011117970053919,0.2999999968302148,0.3931622695574664,0.6661590123842259,1045702.mp3,folk
368.64,114.84375,0.6038136763881022,0.8229132232666015,0.141342207789421,0.4009499722440843,0.7335282286549594,0.1433201241595762,0.0014220892237082,0.2999999999998347,0.4539855087504835,0.6600860930540948,210602.mp3,easylistening
175.89333333333337,112.34714673913044,0.5889112739808227,0.2472097778320312,0.2986192107200622,0.7060904811585541,1.0,0.8892698059051081,0.0022761229282087,0.7790128586678629,0.8015493695786506,0.6471930419434924,429402.mp3,guitarrock
237.0,139.6748310810811,0.5646398211545278,0.2278057861328125,0.2775490581989288,0.4999615635748242,0.7524479028423194,0.644339489637671,0.0005354370570133,0.4976443182912041,0.5623205788286223,0.6874535451858899,1119002.mp3,rock
165.92979591836735,117.45383522727272,0.5263095356218371,0.3258609008789062,0.2362362593412399,0.5185240563223975,0.7682136431816307,0.3893957983867252,0.0011107694211951,0.5800154372504414,0.5170021117809995,0.6816446310066465,1359902.mp3,chanson
298.9724943310658,107.666015625,0.5962170798110269,0.290268783569336,0.1875897943973541,0.5329163247181117,0.8531175758580118,0.4658733586403897,0.0010422929377597,0.9063140277502352,0.5101650806892747,0.6654993098451926,1169102.mp3,70s
177.52249433106576,120.18531976744184,0.537344587091227,0.6993608856201172,0.1729647368192672,0.3770926173792046,0.6892252828246371,0.2521767148218863,0.0008885461949305,0.9296988674173864,0.3810364008138229,0.6860600250921716,338002.mp3,folk
233.32408163265305,123.046875,0.5899523745650532,0.4863243255615234,0.0927976742386818,0.1670402903281932,0.2980487407737781,0.1623110839258862,0.0003073806408051,0.3,0.4072895456532778,0.6519492535952699,579302.mp3,ambient
225.3583673469388,129.19921875,0.543257476091699,0.6617100524902344,0.3244349956512451,0.6229527113302508,0.9758356462293648,0.2404419922824749,0.0061096237263582,0.9049331651442674,0.6428666669760599,0.6882232650392363,1074802.mp3,dancehall
146.89006802721087,120.18531976744184,0.5433189672219711,0.6350631408691406,0.1951199024915695,0.3551751757695698,0.5577432972488618,0.3872715041068059,0.0002003138843342,0.645203265967246,0.4640438685667806,0.6774343911836089,992502.mp3,ethno
226.3669387755102,107.666015625,0.6032875073000479,0.5005959014892578,0.1461246609687805,0.6171298847518214,0.8806180884100062,0.3362426165035063,0.0021872040822128,0.3404829216875982,0.5501629981971358,0.6425722783093338,40302.mp3,fusion
305.08408163265307,139.6748310810811,0.6251883347056142,0.2229994659423828,0.6806191802024841,0.6686461157545793,0.9860224771390348,0.8128474342814819,0.0015652532584426,0.5489055813751776,0.6216538588623376,0.8206921331004268,1345602.mp3,electropop
271.840566893424,105.46875,0.5493378527416538,0.4484948120117187,0.1397701352834701,0.5265124541730631,0.8798382896169448,0.2526018864288579,0.0035469324969448,0.5061896682929931,0.4993404189330165,0.6504491649154459,876302.mp3,jazz
